brand,product_code,window,month,snapshot_timestamp,snapshot_url,page_title,price,currency,method
gucci,457095X5L899234,A_2018_2020,201801,20180101194338,https://web.archive.org/web/20180101194338/https://www.gucci.com/us/en/pr/gifts/gifts-for-women/womens-ready-to-wear/gucci-logo-cotton-t-shirt-p-457095X5L899234,Gucci logo cotton T-shirt - Gucci Women's Ready to Wear 457095X5L899234,590.0,USD,jsonld_offer_price
gucci,457095X5L899234,A_2018_2020,201802,20180222024954,https://web.archive.org/web/20180222024954/https://www.gucci.com/us/en/pr/women/womens-ready-to-wear/womens-sweatshirts-t-shirts/womens-t-shirts/gucci-logo-cotton-t-shirt-p-457095X5L899234?gclid=EAIaIQobChMIqf3Npe7t1QIVgrXACh1pqAZ5EAQYBiABEgL57_D_BwE&utm_source=oGj7akNVsTg&utm_medium=affiliates&utm_campaign=1&utm_content=10&utm_term=oGj7akNVsTg&siteID=oGj7akNVsTg-Xz4huwXqMf8ejn9sO3vYWQ,Gucci logo cotton T-shirt - Gucci Women's T-shirts 457095X5L899234,590.0,USD,jsonld_offer_price
gucci,457095X5L899234,A_2018_2020,201803,20180301111244,https://web.archive.org/web/20180301111244/https://www.gucci.com/us/en/pr/women/womens-ready-to-wear/womens-sweatshirts-t-shirts/womens-t-shirts/gucci-logo-cotton-t-shirt-p-457095X5L899234,Gucci logo cotton T-shirt - Gucci Women's T-shirts 457095X5L899234,590.0,USD,jsonld_offer_price
gucci,457095X5L899234,A_2018_2020,201907,20190718112436,https://web.archive.org/web/20190718112436/https://www.gucci.com/us/en/pr/women/womens-ready-to-wear/womens-sweatshirts-t-shirts/oversize-t-shirt-with-gucci-logo-p-457095X5L899234?position=25&listName=ProductGridComponent&categoryPath=Women/Womens-Ready-to-Wear/Womens-Sweatshirts-T-shirts,Oversize T-shirt with Gucci logo | GUCCI®,590.0,USD,jsonld_offer_price
gucci,457095X5L899234,A_2018_2020,201908,20190819121611,https://web.archive.org/web/20190819121611/https://www.gucci.com/us/en/pr/women/womens-ready-to-wear/womens-sweatshirts-t-shirts/oversize-t-shirt-with-gucci-logo-p-457095X5L899234,White RTW Oversize T-shirt with Gucci logo | GUCCI® US,590.0,USD,jsonld_offer_price
gucci,457095X5L899234,A_2018_2020,201910,20191014134114,https://web.archive.org/web/20191014134114/https://www.gucci.com/us/en/pr/women/ready-to-wear-for-women/sweatshirts-and-t-shirts-for-women/oversize-t-shirt-with-gucci-logo-p-457095X5L899234?position=47&amp;listName=ProductGrid&amp;categoryPath=Women/Womens-Ready-to-Wear/Womens-Sweatshirts-T-shirts,white cotton jersey Oversize T-shirt with Gucci logo | GUCCI® US,590.0,USD,jsonld_offer_price
gucci,457095X5L899234,A_2018_2020,201912,20191220035816,https://web.archive.org/web/20191220035816/https://www.gucci.com/us/en/pr/women/ready-to-wear-for-women/sweatshirts-and-t-shirts-for-women/oversize-t-shirt-with-gucci-logo-p-457095X5L899234,,,,fetch_failed
gucci,457095X5L899234,B_2024_2026,202407,20240719124202,https://web.archive.org/web/20240719124202/https://www.gucci.com/us/en/pr/women/ready-to-wear-for-women/t-shirts-and-sweatshirts-for-women/t-shirts-for-women/oversize-t-shirt-with-gucci-logo-p-457095X5L899234,White Cotton Jersey Oversize T-Shirt With Gucci Logo | GUCCI® US,590.0,USD,jsonld_offer_price
gucci,457095X5L899234,B_2024_2026,202408,20240814132837,https://web.archive.org/web/20240814132837/https://www.gucci.com/us/en/pr/women/ready-to-wear-for-women/t-shirts-and-sweatshirts-for-women/t-shirts-for-women/oversize-t-shirt-with-gucci-logo-p-457095X5L899234,White Cotton Jersey Oversize T-Shirt With Gucci Logo | GUCCI® US,590.0,USD,jsonld_offer_price
gucci,457095X5L899234,B_2024_2026,202412,20241214111930,https://web.archive.org/web/20241214111930/https://www.gucci.com/us/en/pr/women/ready-to-wear-for-women/t-shirts-and-sweatshirts-for-women/t-shirts-for-women/oversize-t-shirt-with-gucci-logo-p-457095X5L899234?position=2&listName=SearchResultGridComponent,,,,no_price_found
gucci,457095X5L899234,B_2024_2026,202505,20250529232143,https://web.archive.org/web/20250529232143/https://www.gucci.com/us/en/pr/women/ready-to-wear-for-women/t-shirts-and-sweatshirts-for-women/t-shirts-for-women/oversize-t-shirt-with-gucci-logo-p-457095X5L899234?utm_medium=organic&utm_source=google&utm_campaign=free_pla&utm_content=pla&utm_term=457095X5L899234_XXXS,White Cotton Jersey Oversize T-Shirt With Gucci Logo | GUCCI® US,620.0,USD,jsonld_offer_price
gucci,457095X5L899234,B_2024_2026,202506,20250616062020,https://web.archive.org/web/20250616062020/https://www.gucci.com/us/en/pr/women/ready-to-wear-for-women/t-shirts-and-sweatshirts-for-women/t-shirts-for-women/oversize-t-shirt-with-gucci-logo-p-457095X5L899234,White Cotton Jersey Oversize T-Shirt With Gucci Logo | GUCCI® US,620.0,USD,jsonld_offer_price
gucci,457095X5L899234,B_2024_2026,202507,20250703121541,https://web.archive.org/web/20250703121541/https://www.gucci.com/us/en/pr/women/ready-to-wear-for-women/t-shirts-and-sweatshirts-for-women/t-shirts-for-women/oversize-t-shirt-with-gucci-logo-p-457095X5L899234,,,,no_price_found
gucci,457095X5L899234,B_2024_2026,202508,20250811184554,https://web.archive.org/web/20250811184554/https://www.gucci.com/us/en/pr/women/ready-to-wear-for-women/t-shirts-and-sweatshirts-for-women/t-shirts-for-women/oversize-t-shirt-with-gucci-logo-p-457095X5L899234,Oversize T-shirt with Gucci logo in white cotton jersey | GUCCI® US,650.0,USD,jsonld_offer_price+usd_from_us_site_url
gucci,457095X5L899234,B_2024_2026,202601,20260121084806,https://web.archive.org/web/20260121084806/https://www.gucci.com/us/en/pr/women/ready-to-wear-for-women/t-shirts-and-sweatshirts-for-women/t-shirts-for-women/oversize-t-shirt-with-gucci-logo-p-457095X5L899234?utm_source=polyvore_us&utm_medium=affiliates&utm_campaign=457095X5L899234&utm_term=RTW,Women's Gucci Logo Oversized T-Shirt in White | GUCCI® US,650.0,USD,jsonld_offer_price+usd_from_us_site_url
gucci,423513BLM001000,A_2018_2020,201802,20180222010551,https://web.archive.org/web/20180222010551/https://www.gucci.com/us/en/pr/women/womens-shoes/womens-moccasins-loafers/princetown-leather-slipper-p-423513BLM001000?position=18&listName=ProductGridComponent&categoryPath=Women/Womens-Shoes/Womens-Moccasins-Loafers&utm_source=oGj7akNVsTg&utm_medium=affiliates&utm_campaign=1&utm_content=10&utm_term=oGj7akNVsTg&siteID=oGj7akNVsTg-ou5ZLwhUoKDtbmL99ByJGw,Princetown leather slipper - Gucci Women's Moccasins & Loafers 423513BLM001000,680.0,USD,jsonld_offer_price
gucci,423513BLM001000,A_2018_2020,201901,20190113163134,https://web.archive.org/web/20190113163134/https://www.gucci.com/us/en/pr/gifts/gifts-for-women/womens-shoes/princetown-leather-slipper-p-423513BLM001000,Princetown leather slipper in Black leather | Gucci Women's Shoes,695.0,USD,jsonld_offer_price
gucci,423513BLM001000,A_2018_2020,201904,20190406015852,https://web.archive.org/web/20190406015852/https://www.gucci.com/us/en/pr/women/womens-shoes/womens-slippers-mules/princetown-leather-slipper-p-423513BLM001000?position=7&listName=undefined&categoryPath=Women/Womens-Shoes/Womens-Moccasins-Loafers&ranMID=37490&ranEAID=QFGLnEolOWg&ranSiteID=QFGLnEolOWg-h9Yce2gZ8Q2pJhGfuaUw9A&utm_source=QFGLnEolOWg&utm_medium=affiliates&utm_campaign=1&utm_content=15&utm_term=QFGLnEolOWg&siteID=QFGLnEolOWg-h9Yce2gZ8Q2pJhGfuaUw9A,Princetown leather slipper in Black leather | Gucci Women's Slippers & Mules,695.0,USD,jsonld_offer_price
gucci,423513BLM001000,A_2018_2020,201906,20190609143345,https://web.archive.org/web/20190609143345/https://www.gucci.com/us/en/pr/women/womens-shoes/womens-slippers-mules/princetown-leather-slipper-p-423513BLM001000?position=64&listName=PGUS4Cols&categoryPath=Women/Womens-Shoes/Womens-Moccasins-Loafers,Princetown leather slipper | GUCCI®,695.0,USD,jsonld_offer_price
gucci,423513BLM001000,A_2018_2020,201907,20190718154957,https://web.archive.org/web/20190718154957/https://www.gucci.com/us/en/pr/women/womens-shoes/womens-slippers-mules/princetown-leather-slipper-p-423513BLM001000?position=17&listName=ProductGrid&categoryPath=Women/Womens-Shoes/Womens-Slippers-Mules,Princetown leather slipper | GUCCI®,695.0,USD,jsonld_offer_price
gucci,423513BLM001000,A_2018_2020,201908,20190823222403,https://web.archive.org/web/20190823222403/https://www.gucci.com/us/en/pr/women/womens-shoes/womens-slippers-mules/princetown-leather-slipper-p-423513BLM001000,Black Leather Princetown leather slipper | GUCCI® US,695.0,USD,jsonld_offer_price
gucci,423513BLM001000,A_2018_2020,201909,20190923111914,https://web.archive.org/web/20190923111914/https://www.gucci.com/us/en/pr/women/womens-shoes/womens-slippers-mules/princetown-leather-slipper-p-423513BLM001000?position=33&listName=PGUS4Cols&categoryPath=Women/Womens-Shoes/Womens-Moccasins-Loafers,black leather Princetown leather slipper | GUCCI® US,695.0,USD,jsonld_offer_price
gucci,423513BLM001000,A_2018_2020,201911,20191114010241,https://web.archive.org/web/20191114010241/https://www.gucci.com/us/en/pr/women/shoes-for-women/slippers-and-mules-for-women/princetown-leather-slipper-p-423513BLM001000?position=15,Black Leather Princetown Women's Slipper | GUCCI® US,695.0,USD,jsonld_offer_price
gucci,423513BLM001000,A_2018_2020,202001,20200101092702,https://web.archive.org/web/20200101092702/https://www.gucci.com/us/en/pr/women/shoes-for-women/slippers-and-mules-for-women/princetown-leather-slipper-p-423513BLM001000?position=31&amp;listName=SearchResultGridComponent&amp;categoryPath=Women/Womens-Shoes/Womens-Slippers-Mules,Black Leather Princetown Women's Slipper | GUCCI® US,695.0,USD,jsonld_offer_price
gucci,423513BLM001000,B_2024_2026,202406,20240619023303,https://web.archive.org/web/20240619023303/https://www.gucci.com/us/en/pr/women/shoes-for-women/-mules-for-women/womens-princetown-leather-slipper-p-423513BLM001000?ranMID=50221&ranEAID=TnL5HPStwNw&ranSiteID=TnL5HPStwNw-b4ao4c9t367Z80rftqeqnA,Black Leather Princetown Women's Slipper | GUCCI® US,950.0,USD,jsonld_offer_price
gucci,423513BLM001000,B_2024_2026,202407,20240722225803,https://web.archive.org/web/20240722225803/https://www.gucci.com/us/en/pr/women/shoes-for-women/-mules-for-women/womens-princetown-leather-slipper-p-423513BLM001000,Black Leather Princetown Women's Slipper | GUCCI® US,950.0,USD,jsonld_offer_price
gucci,423513BLM001000,B_2024_2026,202408,20240809055123,https://web.archive.org/web/20240809055123/https://www.gucci.com/us/en/pr/women/shoes-for-women/-mules-for-women/womens-princetown-leather-slipper-p-423513BLM001000,Black Leather Princetown Women's Slipper | GUCCI® US,950.0,USD,jsonld_offer_price
gucci,423513BLM001000,B_2024_2026,202409,20240915032334,https://web.archive.org/web/20240915032334/https://www.gucci.com/us/en/pr/women/shoes-for-women/-mules-for-women/womens-princetown-slipper-p-423513BLM001000?gad_source=1&gclid=CjwKCAjw_ZC2BhAQEiwAXSgCliP4pEq45KRlki9_Kxnh57AHUbwx8rigr1ppnTJIsIeRqpO-LzTFEBoCRdwQAvD_BwE&gclsrc=aw.ds,Black Leather Princetown Women's Slipper | GUCCI® US,950.0,USD,jsonld_offer_price
gucci,423513BLM001000,B_2024_2026,202410,20241016045741,https://web.archive.org/web/20241016045741/https://www.gucci.com/us/en/pr/women/shoes-for-women/-mules-for-women/womens-princetown-slipper-p-423513BLM001000?position=26&listName=ProductGridComponent&categoryPath=Women/Womens-Shoes/Womens-Moccasins-Loafers,Black Leather Princetown Women's Slipper | GUCCI® US,950.0,USD,jsonld_offer_price
gucci,423513BLM001000,B_2024_2026,202411,20241106055450,https://web.archive.org/web/20241106055450/https://www.gucci.com/us/en/pr/women/shoes-for-women/-mules-for-women/womens-princetown-slipper-p-423513BLM001000,Black Leather Princetown Women's Slipper | GUCCI® US,950.0,USD,jsonld_offer_price
gucci,423513BLM001000,B_2024_2026,202412,20241223185127,https://web.archive.org/web/20241223185127/https://www.gucci.com/us/en/pr/women/shoes-for-women/-mules-for-women/womens-princetown-slipper-p-423513BLM001000?dclid=CNGGluSyvYoDFe8JaAgdguE7LA,Black Leather Princetown Women's Slipper | GUCCI® US,990.0,USD,jsonld_offer_price
gucci,423513C9D009022,A_2018_2020,201803,20180329125924,https://web.archive.org/web/20180329125924/https://www.gucci.com/us/en/pr/gifts/gifts-for-women/princetown-leather-slipper-p-423513C9D009022,Princetown leather slipper - Gucci Gifts for Women 423513C9D009022,680.0,USD,jsonld_offer_price
gucci,423513C9D009022,A_2018_2020,201905,20190523041233,https://web.archive.org/web/20190523041233/https://www.gucci.com/us/en/pr/women/womens-shoes/womens-slippers-mules/princetown-leather-slipper-p-423513C9D009022?position=19&listName=undefined&categoryPath=Women/Womens-Shoes/Womens-Slippers-Mules,Princetown leather slipper | GUCCI®,695.0,USD,jsonld_offer_price
gucci,423513C9D009022,A_2018_2020,201907,20190720041051,https://web.archive.org/web/20190720041051/https://www.gucci.com/us/en/pr/women/womens-shoes/womens-slippers-mules/princetown-leather-slipper-p-423513C9D009022?position=18&listName=SearchResultGridComponent,Princetown leather slipper | GUCCI®,695.0,USD,jsonld_offer_price
gucci,423513C9D009022,A_2018_2020,201908,20190821192307,https://web.archive.org/web/20190821192307/https://www.gucci.com/us/en/pr/women/womens-shoes/womens-slippers-mules/princetown-leather-slipper-p-423513C9D009022?position=12&listName=ProductGrid&categoryPath=Women/Womens-Shoes/Womens-Slippers-Mules,White Leather Princetown leather slipper | GUCCI® US,695.0,USD,jsonld_offer_price
gucci,423513C9D009022,A_2018_2020,201909,20190922060807,https://web.archive.org/web/20190922060807/https://www.gucci.com/us/en/pr/women/womens-shoes/womens-slippers-mules/princetown-leather-slipper-p-423513C9D009022?position=17&listName=ProductGrid&categoryPath=Women/Womens-Shoes/Womens-Slippers-Mules,white leather Princetown leather slipper | GUCCI® US,695.0,USD,jsonld_offer_price
gucci,423513C9D009022,A_2018_2020,202003,20200315160354,https://web.archive.org/web/20200315160354/https://www.gucci.com/us/en/pr/women/shoes-for-women/slippers-and-mules-for-women/princetown-leather-slipper-p-423513C9D009022?position=2&listName=VariationOverlay,White Leather Princetown Slipper | GUCCI® US,695.0,USD,jsonld_offer_price
gucci,423513C9D009022,B_2024_2026,202406,20240620190104,https://web.archive.org/web/20240620190104/https://www.gucci.com/us/en/pr/women/shoes-for-women/-mules-for-women/princetown-leather-slipper-p-423513C9D009022?gclid=Cj0KCQjwkIGKBhCxARIsAINMioIdpstykPUm8lKOKT-Y7QpfbHmAh9ZgMa_rYWiaPGp9w55lmwrFJcgaAkm1EALw_wcB,White Leather Princetown Slipper | GUCCI® US,950.0,USD,jsonld_offer_price
gucci,423513C9D009022,B_2024_2026,202408,20240807034139,https://web.archive.org/web/20240807034139/https://www.gucci.com/us/en/pr/women/shoes-for-women/-mules-for-women/princetown-leather-slipper-p-423513C9D009022,White Leather Princetown Slipper | GUCCI® US,950.0,USD,jsonld_offer_price
gucci,423513C9D009022,B_2024_2026,202507,20250718223702,https://web.archive.org/web/20250718223702/https://www.gucci.com/us/en/pr/women/shoes-for-women/mules-for-women/womens-princetown-slipper-p-423513C9D009022,Women's Princetown slipper in white leather | GUCCI® US,990.0,USD,jsonld_offer_price+usd_from_us_site_url
gucci,423513C9D009022,B_2024_2026,202508,20250816120509,https://web.archive.org/web/20250816120509/https://www.gucci.com/us/en/pr/women/shoes-for-women/mules-for-women/womens-princetown-slipper-p-423513C9D009022,,,,no_price_found
gucci,423513C9D009022,B_2024_2026,202601,20260116013727,https://web.archive.org/web/20260116013727/https://www.gucci.com/us/en/pr/women/shoes-for-women/mules-for-women/womens-princetown-slipper-p-423513C9D009022,,,,no_price_found
gucci,423513C9D009022,B_2024_2026,202603,20260304002152,https://web.archive.org/web/20260304002152/https://www.gucci.com/us/en/pr/women/shoes-for-women/mules-for-women/womens-princetown-slipper-p-423513C9D009022,,,,no_price_found
gucci,423513C9D009022,B_2024_2026,202604,20260420203525,https://web.archive.org/web/20260420203525/https://www.gucci.com/us/en/pr/women/shoes-for-women/mules-for-women/womens-princetown-slipper-p-423513C9D009022?sizeCode=807731283,,,,no_price_found
gucci,423513C9D009022,B_2024_2026,202605,20260521165503,https://web.archive.org/web/20260521165503/https://www.gucci.com/us/en/pr/women/shoes-for-women/mules-for-women/womens-princetown-slipper-p-423513C9D009022?srsltid=AfmBOoorWcitzWWIowB9krATDgDTPeApDpfmhtIxr88DmYy8mTS2w6RB,White Leather Princetown Slipper | GUCCI® US,990.0,USD,jsonld_offer_price+usd_from_us_site_url
gucci,406831DJ20T1000,A_2018_2020,201810,20181007075131,https://web.archive.org/web/20181007075131/https://www.gucci.com/us/en/pr/men/mens-accessories/mens-belts/leather-belt-with-double-g-buckle-p-406831DJ20T1000,Leather belt with Double G buckle - Gucci Men's Belts 406831DJ20T1000,450.0,USD,jsonld_offer_price
gucci,406831DJ20T1000,A_2018_2020,201908,20190818104659,https://web.archive.org/web/20190818104659/https://www.gucci.com/us/en/pr/men/mens-accessories/mens-belts/mens-casual/leather-belt-with-double-g-buckle-p-406831DJ20T1000?position=17&listName=ProductGridComponent&categoryPath=Women/Womens-Accessories/Womens-Belts,Black Leather Leather belt with Double G buckle | GUCCI® US,450.0,USD,jsonld_offer_price
gucci,406831DJ20T1000,A_2018_2020,201909,20190923065416,https://web.archive.org/web/20190923065416/https://www.gucci.com/us/en/pr/men/mens-accessories/mens-belts/mens-casual/leather-belt-with-double-g-buckle-p-406831DJ20T1000?position=18&listName=ProductGridComponent&categoryPath=Women/Womens-Accessories/Womens-Belts,black leather Leather belt with Double G buckle | GUCCI® US,450.0,USD,jsonld_offer_price
gucci,406831DJ20T1000,A_2018_2020,201910,20191022035959,https://web.archive.org/web/20191022035959/https://www.gucci.com/us/en/pr/men/accessories-for-men/belts-for-men/casual-belts-for-men/leather-belt-with-double-g-buckle-p-406831DJ20T1000?position=43&listName=ProductGridComponent&categoryPath=Women/Womens-Accessories/Womens-Belts,black leather Leather belt with Double G buckle | GUCCI® US,450.0,USD,jsonld_offer_price
gucci,406831DJ20T1000,A_2018_2020,201911,20191117030644,https://web.archive.org/web/20191117030644/https://www.gucci.com/us/en/pr/men/accessories-for-men/belts-for-men/casual-belts-for-men/leather-belt-with-double-g-buckle-p-406831DJ20T1000?position=16&listName=PGUS4Cols&categoryPath=Women/Womens-Accessories/Womens-Belts,Black Textured Leather Belt With Brass Double G Buckle | GUCCI® US,450.0,USD,jsonld_offer_price
gucci,406831DJ20T1000,A_2018_2020,201912,20191207200611,https://web.archive.org/web/20191207200611/https://www.gucci.com/us/en/pr/men/accessories-for-men/belts-for-men/casual-belts-for-men/leather-belt-with-double-g-buckle-p-406831DJ20T1000?position=39&listName=ProductGrid&categoryPath=Gifts/Gifts-for-Men,Black Textured Leather Belt With Brass Double G Buckle | GUCCI® US,450.0,USD,jsonld_offer_price
gucci,406831DJ20T1000,B_2024_2026,202406,20240621073213,https://web.archive.org/web/20240621073213/https://www.gucci.com/us/en/pr/men/accessories-for-men/belts-for-men/casual-belts-for-men/gg-marmont-wide-belt-p-406831DJ20T1000,Black Textured Leather Belt With Brass Double G Buckle | GUCCI® US,540.0,USD,jsonld_offer_price
gucci,406831DJ20T1000,B_2024_2026,202407,20240716090540,https://web.archive.org/web/20240716090540/https://www.gucci.com/us/en/pr/men/accessories-for-men/belts-for-men/casual-belts-for-men/gg-marmont-wide-belt-p-406831DJ20T1000?position=41&listName=PGUS4Cols&categoryPath=Men/Mens-Accessories/Mens-Belts,Black Textured Leather Belt With Brass Double G Buckle | GUCCI® US,540.0,USD,jsonld_offer_price
gucci,406831DJ20T1000,B_2024_2026,202409,20240915153911,https://web.archive.org/web/20240915153911/https://www.gucci.com/us/en/pr/men/accessories-for-men/belts-for-men/casual-belts-for-men/gg-marmont-wide-belt-p-406831DJ20T1000,Black Textured Leather Belt With Brass Double G Buckle | GUCCI® US,540.0,USD,jsonld_offer_price
gucci,406831DJ20T1000,B_2024_2026,202412,20241215215059,https://web.archive.org/web/20241215215059/https://www.gucci.com/us/en/pr/men/accessories-for-men/belts-for-men/casual-belts-for-men/gg-marmont-wide-belt-p-406831DJ20T1000?position=17&listName=ProductGridComponent&categoryPath=Women/Womens-Accessories/Womens-Belts,Black Textured Leather Belt With Brass Double G Buckle | GUCCI® US,550.0,USD,jsonld_offer_price
gucci,406831DJ20T1000,B_2024_2026,202504,20250429160005,https://web.archive.org/web/20250429160005/https://www.gucci.com/us/en/pr/men/accessories-for-men/belts-for-men/casual-belts-for-men/gg-marmont-wide-belt-p-406831DJ20T1000,,,,no_price_found
gucci,406831DJ20T1000,B_2024_2026,202507,20250702162712,https://web.archive.org/web/20250702162712/https://www.gucci.com/us/en/pr/men/accessories-for-men/belts-for-men/casual-belts-for-men/gg-marmont-wide-belt-p-406831DJ20T1000,,,,no_price_found
gucci,406831DJ20T1000,B_2024_2026,202508,20250823153231,https://web.archive.org/web/20250823153231/https://www.gucci.com/us/en/pr/men/accessories-for-men/belts-for-men/casual-belts-for-men/gg-marmont-wide-belt-p-406831DJ20T1000?position=106&listName=ProductGridComponent&categoryPath=Men%2FMens-Accessories%2FMens-Belts,GG Marmont wide belt in black | GUCCI® US,570.0,USD,jsonld_offer_price+usd_from_us_site_url
gucci,406831DJ20T1000,B_2024_2026,202509,20250906234538,https://web.archive.org/web/20250906234538/https://www.gucci.com/us/en/pr/men/accessories-for-men/belts-for-men/casual-belts-for-men/gg-marmont-wide-belt-p-406831DJ20T1000,GG Marmont wide belt in black | GUCCI® US,570.0,USD,jsonld_offer_price+usd_from_us_site_url
gucci,406831DJ20T1000,B_2024_2026,202510,20251012043303,https://web.archive.org/web/20251012043303/https://www.gucci.com/us/en/pr/men/accessories-for-men/belts-for-men/casual-belts-for-men/gg-marmont-wide-belt-p-406831DJ20T1000?position=18&listName=ProductGridComponent&categoryPath=Women%2FWomens-Accessories%2FWomens-Belts,,,,no_price_found
gucci,406831DJ20T1000,B_2024_2026,202601,20260115154140,https://web.archive.org/web/20260115154140/https://www.gucci.com/us/en/pr/men/accessories-for-men/belts-for-men/casual-belts-for-men/gg-marmont-wide-belt-p-406831DJ20T1000?position=28&listName=PGUS4Cols&categoryPath=Women%2FWomens-Accessories%2FWomens-Belts,,,,fetch_failed
gucci,406831DJ20T1000,B_2024_2026,202602,20260212032639,https://web.archive.org/web/20260212032639/https://www.gucci.com/us/en/pr/men/accessories-for-men/belts-for-men/casual-belts-for-men/gg-marmont-wide-belt-p-406831DJ20T1000,Black Textured Leather Belt With Brass Double G Buckle | GUCCI® US,570.0,USD,jsonld_offer_price+usd_from_us_site_url
gucci,563057999990099,A_2018_2020,201907,20190718152105,https://web.archive.org/web/20190718152105/https://www.gucci.com/us/en/pr/fragrances/fragrances-for-men/gucci-guilty/gucci-guilty-pour-homme-90ml-eau-de-toilette-p-563057999990099?listName=RunwayModule&position=ioqnuaVNvZ&categoryPath=Fragrances/Fragrances-for-Men/Gucci-Guilty,"Gucci Guilty Pour Homme, 90ml eau de toilette | GUCCI®",92.0,USD,jsonld_offer_price
gucci,563057999990099,A_2018_2020,201908,20190819080348,https://web.archive.org/web/20190819080348/https://www.gucci.com/us/en/pr/fragrances/fragrances-for-men/gucci-guilty/gucci-guilty-pour-homme-90ml-eau-de-toilette-p-563057999990099?listName=RunwayModule&position=SoVkvagBTe&categoryPath=Fragrances/Fragrances-for-Men/Gucci-Guilty,"Undefined Undefined Gucci Guilty Pour Homme, 90ml eau de toilette | GUCCI® US",92.0,USD,jsonld_offer_price
gucci,563057999990099,A_2018_2020,201909,20190916161900,https://web.archive.org/web/20190916161900/https://www.gucci.com/us/en/pr/fragrances/fragrances-for-men/gucci-guilty/gucci-guilty-pour-homme-90ml-eau-de-toilette-p-563057999990099?listName=RunwayModule&position=2&categoryPath=Fragrances/Fragrances-for-Men/Gucci-Guilty,"eau de toilette Gucci Guilty Pour Homme, 90ml eau de toilette | GUCCI® US",92.0,USD,jsonld_offer_price
gucci,563057999990099,A_2018_2020,201910,20191015175012,https://web.archive.org/web/20191015175012/https://www.gucci.com/us/en/pr/beauty/fragrances/fragrances-for-men/gucci-guilty/gucci-guilty-pour-homme-90ml-eau-de-toilette-p-563057999990099?listName=RunwayModule&position=eVKzQbBezl&categoryPath=Fragrances/Fragrances-for-Men/Gucci-Guilty,"eau de toilette Gucci Guilty Pour Homme, 90ml eau de toilette | GUCCI® US",95.0,USD,jsonld_offer_price
gucci,563057999990099,A_2018_2020,201911,20191118163100,https://web.archive.org/web/20191118163100/https://www.gucci.com/us/en/pr/beauty/fragrances/fragrances-for-men/gucci-guilty/gucci-guilty-pour-homme-90ml-eau-de-toilette-p-563057999990099?position=22&listName=ProductGrid&categoryPath=Beauty/Fragrances/Fragrances-for-Men,Gucci Guilty Pour Homme 90ml Eau De Toilette | GUCCI® US,95.0,USD,jsonld_offer_price
gucci,563057999990099,A_2018_2020,201912,20191210150835,https://web.archive.org/web/20191210150835/https://www.gucci.com/us/en/pr/beauty/fragrances/fragrances-for-men/gucci-guilty/gucci-guilty-pour-homme-90ml-eau-de-toilette-p-563057999990099?position=21&listName=ProductGrid&categoryPath=Beauty/Fragrances/Fragrances-for-Men,Gucci Guilty Pour Homme 90ml Eau De Toilette | GUCCI® US,95.0,USD,jsonld_offer_price
gucci,563057999990099,B_2024_2026,202406,20240614144724,https://web.archive.org/web/20240614144724/https://www.gucci.com/us/en/pr/beauty/fragrances/fragrances-for-men/gucci-guilty-pour-homme-90ml-eau-de-toilette-p-563057999990099,Gucci Guilty Pour Homme 90ml Eau De Toilette | GUCCI® US,120.0,USD,jsonld_offer_price
gucci,563057999990099,B_2024_2026,202501,20250122083449,https://web.archive.org/web/20250122083449/https://www.gucci.com/us/en/pr/beauty/fragrances/fragrances-for-men/gucci-guilty-pour-homme-90ml-eau-de-toilette-p-563057999990099,Gucci Guilty Pour Homme 90ml Eau De Toilette | GUCCI® US,120.0,USD,jsonld_offer_price
gucci,563057999990099,B_2024_2026,202504,20250427123808,https://web.archive.org/web/20250427123808/https://www.gucci.com/us/en/pr/beauty/fragrances/fragrances-for-men/gucci-guilty-pour-homme-90ml-eau-de-toilette-p-563057999990099,,,,no_price_found
gucci,563057999990099,B_2024_2026,202506,20250622171410,https://web.archive.org/web/20250622171410/https://www.gucci.com/us/en/pr/beauty/fragrances/fragrances-for-men/gucci-guilty-pour-homme-90ml-eau-de-toilette-p-563057999990099,"Gucci Guilty Pour Homme, 90ml eau de toilette in eau de toilette | GUCCI® US",122.0,USD,jsonld_offer_price+usd_from_us_site_url
gucci,563057999990099,B_2024_2026,202507,20250702162333,https://web.archive.org/web/20250702162333/https://www.gucci.com/us/en/pr/beauty/fragrances/fragrances-for-men/gucci-guilty-pour-homme-90ml-eau-de-toilette-p-563057999990099,,,,no_price_found
gucci,563057999990099,B_2024_2026,202509,20250926053323,https://web.archive.org/web/20250926053323/https://www.gucci.com/us/en/pr/beauty/fragrances/fragrances-for-men/gucci-guilty-pour-homme-90ml-eau-de-toilette-p-563057999990099?srsltid=AfmBOor1k5beW4vXhm1jNlj28h4bh3MeC9qlViHHN0m0QGnzNadLJjFY&ranMID=37490&ranEAID=kXQk6*ivFEQ&ranSiteID=kXQk6.ivFEQ-fLOUcw5JGnHFfkdiCdU1vQ&siteID=kXQk6.ivFEQ-fLOUcw5JGnHFfkdiCdU1vQ,,,,fetch_failed
gucci,563057999990099,B_2024_2026,202510,20251007003953,https://web.archive.org/web/20251007003953/https://www.gucci.com/us/en/pr/beauty/fragrances/fragrances-for-men/gucci-guilty-pour-homme-90ml-eau-de-toilette-p-563057999990099?srsltid=AfmBOor1k5beW4vXhm1jNlj28h4bh3MeC9qlViHHN0m0QGnzNadLJjFY&ranMID=37490&ranEAID=kXQk6*ivFEQ&ranSiteID=kXQk6.ivFEQ-PprwFADiQ.wXon_UV02ZPw&siteID=kXQk6.ivFEQ-PprwFADiQ.wXon_UV02ZPw,"Gucci Guilty Pour Homme, 90ml eau de toilette in eau de toilette | GUCCI® US",137.0,USD,jsonld_offer_price+usd_from_us_site_url
gucci,528892DRW009522,A_2018_2020,201807,20180703140352,https://web.archive.org/web/20180703140352/https://www.gucci.com/us/en/pr/women/womens-shoes/womens-sneakers/rhyton-gucci-logo-leather-sneaker-p-528892DRW009522?position=4&listName=PGUS4Cols&categoryPath=Women/Womens-Shoes/Womens-Sneakers,Rhyton Gucci logo leather sneaker - Gucci Women's Sneakers 528892DRW009522,820.0,USD,jsonld_offer_price
gucci,528892DRW009522,A_2018_2020,201808,20180811143314,https://web.archive.org/web/20180811143314/https://www.gucci.com/us/en/pr/women/womens-shoes/womens-sneakers/rhyton-gucci-logo-leather-sneaker-p-528892DRW009522?position=4&listName=PGUS4Cols&categoryPath=Women/Womens-Shoes/Womens-Sneakers,Rhyton Gucci logo leather sneaker - Gucci Women's Sneakers 528892DRW009522,890.0,USD,jsonld_offer_price
gucci,528892DRW009522,A_2018_2020,201809,20180902025339,https://web.archive.org/web/20180902025339/https://www.gucci.com/us/en/pr/women/womens-shoes/womens-sneakers/rhyton-gucci-logo-leather-sneaker-p-528892DRW009522,Rhyton Gucci logo leather sneaker - Gucci Women's Sneakers 528892DRW009522,820.0,USD,jsonld_offer_price
gucci,528892DRW009522,A_2018_2020,201812,20181203124256,https://web.archive.org/web/20181203124256/https://www.gucci.com/us/en/pr/women/womens-shoes/womens-sneakers/rhyton-gucci-logo-leather-sneaker-p-528892DRW009522,Rhyton Gucci logo leather sneaker in Ivory leather with Gucci vintage logo | Gucci Women's Sneakers,890.0,USD,jsonld_offer_price
gucci,528892DRW009522,A_2018_2020,201907,20190721030209,https://web.archive.org/web/20190721030209/https://www.gucci.com/us/en/pr/women/womens-shoes/womens-sneakers/rhyton-gucci-logo-leather-sneaker-p-528892DRW009522?gclid=CjwKCAjw8O7bBRB0EiwAfbrTh0AQ9Wgm2qYOuogjxZ0wH3aPieQTiUkjJmM7aHKMCuq8H5-jaq_6JhoC9PoQAvD_BwE,Rhyton Gucci logo leather sneaker | GUCCI®,890.0,USD,jsonld_offer_price
gucci,528892DRW009522,B_2024_2026,202407,20240725044052,https://web.archive.org/web/20240725044052/https://www.gucci.com/us/en/pr/women/shoes-for-women/sneakers-for-women/womens-rhyton-gucci-logo-leather-sneaker-p-528892DRW009522,,,,no_price_found
gucci,528892DRW009522,B_2024_2026,202503,20250319071310,https://web.archive.org/web/20250319071310/https://www.gucci.com/us/en/pr/women/shoes-for-women/sneakers-for-women/womens-rhyton-sneaker-with-gucci-logo-p-528892DRW009522?gclid=CjwKCAjwndvlBRANEiwABrR32M543MtqgTKzyiuzQy_AajBHqlTsv3AWHexvusbMVHuPulxtka5ocBoCk1oQAvD_BwE,Women's Ivory Leather Rhyton Vintage Gucci Logo Sneaker | GUCCI® US,1150.0,USD,jsonld_offer_price
gucci,528892DRW009522,B_2024_2026,202601,20260129175322,https://web.archive.org/web/20260129175322/https://www.gucci.com/us/en/pr/women/shoes-for-women/sneakers-for-women/womens-rhyton-sneaker-with-gucci-logo-p-528892DRW009522?srsltid=AfmBOoqlWETEZrykJRJNpsjTV1lnR755HnCZHM1fEM5H0WFIeiK-z4XX&ranMID=37933&ranEAID=TnL5HPStwNw&ranSiteID=TnL5HPStwNw-EjfQmEwvF8HCZUqvDwGIYw&siteID=TnL5HPStwNw-EjfQmEwvF8HCZUqvDwGIYw&PublisherSID=2116208&PubName=Skimlinks.com,Women's Ivory Leather Rhyton Vintage Gucci Logo Sneaker | GUCCI® US,1190.0,USD,jsonld_offer_price+usd_from_us_site_url
gucci,528892DRW009522,B_2024_2026,202602,20260210222058,https://web.archive.org/web/20260210222058/https://www.gucci.com/us/en/pr/women/shoes-for-women/sneakers-for-women/womens-rhyton-sneaker-with-gucci-logo-p-528892DRW009522?gclid=CjwKCAjwndvlBRANEiwABrR32M543MtqgTKzyiuzQy_AajBHqlTsv3AWHexvusbMVHuPulxtka5ocBoCk1oQAvD_BwE,Women's Ivory Leather Rhyton Vintage Gucci Logo Sneaker | GUCCI® US,1190.0,USD,jsonld_offer_price+usd_from_us_site_url
gucci,528892DRW009522,B_2024_2026,202603,20260313115759,https://web.archive.org/web/20260313115759/https://www.gucci.com/us/en/pr/women/shoes-for-women/sneakers-for-women/womens-rhyton-sneaker-with-gucci-logo-p-528892DRW009522,Women's Ivory Leather Rhyton Vintage Gucci Logo Sneaker | GUCCI® US,1190.0,USD,jsonld_offer_price+usd_from_us_site_url
gucci,397749DKHH01063,A_2018_2020,201810,20181007045014,https://web.archive.org/web/20181007045014/https://www.gucci.com/us/en/pr/women/womens-shoes/womens-slippers-mules/princetown-leather-slipper-p-397749DKHH01063?position=44&listName=ProductGridComponent&categoryPath=Women/Womens-Shoes/Womens-Slides-Mules,Princetown leather slipper - Gucci Women's Slippers & Mules 397749DKHH01063,995.0,USD,jsonld_offer_price
gucci,397749DKHH01063,A_2018_2020,201907,20190723175317,https://web.archive.org/web/20190723175317/https://www.gucci.com/us/en/pr/women/womens-shoes/womens-slippers-mules/princetown-leather-slipper-p-397749DKHH01063?position=24&listName=ProductGrid&categoryPath=Women/Womens-Shoes/Womens-Slippers-Mules,Princetown leather slipper | GUCCI®,995.0,USD,jsonld_offer_price
gucci,397749DKHH01063,A_2018_2020,201908,20190821074313,https://web.archive.org/web/20190821074313/https://www.gucci.com/us/en/pr/women/womens-shoes/womens-slippers-mules/princetown-leather-slipper-p-397749DKHH01063?position=19&listName=ProductGrid&categoryPath=Women/Womens-Shoes/Womens-Slippers-Mules,Black Leather Princetown leather slipper | GUCCI® US,995.0,USD,jsonld_offer_price
gucci,397749DKHH01063,A_2018_2020,201909,20190919172737,https://web.archive.org/web/20190919172737/https://www.gucci.com/us/en/pr/women/womens-shoes/womens-slippers-mules/princetown-leather-slipper-p-397749DKHH01063?position=20&listName=ProductGrid&categoryPath=Women/Womens-Shoes/Womens-Slippers-Mules,black leather Princetown leather slipper | GUCCI® US,995.0,USD,jsonld_offer_price
gucci,397749DKHH01063,A_2018_2020,201910,20191017131215,https://web.archive.org/web/20191017131215/https://www.gucci.com/us/en/pr/women/shoes-for-women/slippers-and-mules-for-women/princetown-leather-slipper-p-397749DKHH01063?position=4&listName=SearchResultGridComponent,black leather Princetown leather slipper | GUCCI® US,995.0,USD,jsonld_offer_price
gucci,397749DKHH01063,B_2024_2026,202406,20240624235110,https://web.archive.org/web/20240624235110/https://www.gucci.com/us/en/pr/women/shoes-for-women/-mules-for-women/2015-re-edition-womens-princetown-p-397749DKHH01063?position=4&listName=ProductGrid&categoryPath=Women/Shoes-for-Women/Slippers-and-Mules-for-Women,Black Leather Princetown Women's Slipper With Lamb Wool | GUCCI® US,1090.0,USD,jsonld_offer_price
gucci,397749DKHH01063,B_2024_2026,202407,20240716095026,https://web.archive.org/web/20240716095026/https://www.gucci.com/us/en/pr/women/shoes-for-women/-mules-for-women/2015-re-edition-womens-princetown-p-397749DKHH01063,Black Leather Princetown Women's Slipper With Lamb Wool | GUCCI® US,1090.0,USD,jsonld_offer_price
gucci,397749DKHH01063,B_2024_2026,202408,20240807031539,https://web.archive.org/web/20240807031539/https://www.gucci.com/us/en/pr/women/shoes-for-women/-mules-for-women/2015-re-edition-womens-princetown-p-397749DKHH01063?position=39&listName=ProductGridComponent&categoryPath=Women/Womens-Shoes/Womens-Moccasins-Loafers,Black Leather Princetown Women's Slipper With Lamb Wool | GUCCI® US,1090.0,USD,jsonld_offer_price
gucci,397749DKHH01063,B_2024_2026,202411,20241106103530,https://web.archive.org/web/20241106103530/https://www.gucci.com/us/en/pr/women/shoes-for-women/-mules-for-women/2015-re-edition-womens-princetown-p-397749DKHH01063?utm_source=0c5b5rpoqTU&utm_medium=affiliates&utm_campaign=1&utm_content=10&utm_term=0c5b5rpoqTU&ranMID=37490&ranEAID=0c5b5rpoqTU&ranSiteID=0c5b5rpoqTU-EgdaQg4YeIq_TfFsNKD9PQ&siteID=0c5b5rpoqTU-EgdaQg4YeIq_TfFsNKD9PQ,Black Leather Princetown Women's Slipper With Lamb Wool | GUCCI® US,1090.0,USD,jsonld_offer_price
gucci,397749DKHH01063,B_2024_2026,202412,20241210122643,https://web.archive.org/web/20241210122643/https://www.gucci.com/us/en/pr/women/shoes-for-women/-mules-for-women/2015-re-edition-womens-princetown-p-397749DKHH01063?gclid=Cj0KCQiA1ZGcBhCoARIsAGQ0kkqfb_xSTJ8q3XdYRyGEl-7z3DQ1jnD66HdWY_Ccfq4fTqGMyxtiHwYaAhrkEALw_wcB&gclsrc=aw.ds,Black Leather Princetown Women's Slipper With Lamb Wool | GUCCI® US,1090.0,USD,jsonld_offer_price
gucci,397749DKHH01063,B_2024_2026,202502,20250216170834,https://web.archive.org/web/20250216170834/https://www.gucci.com/us/en/pr/women/shoes-for-women/-mules-for-women/2015-re-edition-womens-princetown-p-397749DKHH01063?ranMID=37490&ranEAID=0c5b5rpoqTU&ranSiteID=0c5b5rpoqTU-emUteoFUR4asaB7AZkjB6A&siteID=0c5b5rpoqTU-emUteoFUR4asaB7AZkjB6A,Black Leather Princetown Women's Slipper With Lamb Wool | GUCCI® US,1090.0,USD,jsonld_offer_price
gucci,397749DKHH01063,B_2024_2026,202503,20250330232635,https://web.archive.org/web/20250330232635/https://www.gucci.com/us/en/pr/women/shoes-for-women/mules-for-women/2015-re-edition-womens-princetown-p-397749DKHH01063,Black Leather Princetown Women's Slipper With Lamb Wool | GUCCI® US,1090.0,USD,jsonld_offer_price
gucci,397749DKHH01063,B_2024_2026,202504,20250426045845,https://web.archive.org/web/20250426045845/https://www.gucci.com/us/en/pr/women/shoes-for-women/mules-for-women/2015-re-edition-womens-princetown-p-397749DKHH01063?position=23&listName=ProductGridComponent&categoryPath=Women/Womens-Shoes/Womens-Moccasins-Loafers,Black Leather Princetown Women's Slipper With Lamb Wool | GUCCI® US,1090.0,USD,jsonld_offer_price
gucci,397749DKHH01063,B_2024_2026,202506,20250624064959,https://web.archive.org/web/20250624064959/https://www.gucci.com/us/en/pr/women/shoes-for-women/mules-for-women/2015-re-edition-womens-princetown-p-397749DKHH01063,Black Leather Princetown Women's Slipper With Lamb Wool | GUCCI® US,1130.0,USD,jsonld_offer_price
gucci,397749DKHH01063,B_2024_2026,202507,20250727115420,https://web.archive.org/web/20250727115420/https://www.gucci.com/us/en/pr/women/shoes-for-women/mules-for-women/2015-re-edition-womens-princetown-p-397749DKHH01063?ranMID=37490&ranEAID=kXQk6*ivFEQ&ranSiteID=kXQk6.ivFEQ-3dJb1pi2cdy3RMAchQElAg&siteID=kXQk6.ivFEQ-3dJb1pi2cdy3RMAchQElAg,2015 Re-Edition women's Princetown in black leather | GUCCI® US,1130.0,USD,jsonld_offer_price+usd_from_us_site_url
gucci,60220492TCG8563,A_2018_2020,201908,20190814004220,https://web.archive.org/web/20190814004220/https://www.gucci.com/us/en/pr/women/womens-handbags/womens-crossbody-bags/online-exclusive-preview-gucci-1955-horsebit-bag-p-60220492TCG8563,GG Beige GG Canvas Online Exclusive Preview Gucci 1955 Horsebit bag | GUCCI® US,2300.0,USD,jsonld_offer_price
gucci,60220492TCG8563,A_2018_2020,201909,20190923131349,https://web.archive.org/web/20190923131349/https://www.gucci.com/us/en/pr/women/womens-handbags/womens-crossbody-bags/online-exclusive-preview-gucci-1955-horsebit-bag-p-60220492TCG8563?position=1&listName=ProductGrid&categoryPath=Whats-New/New-In/This-Week-Women,GG Supreme/brown Online Exclusive Preview Gucci 1955 Horsebit bag | GUCCI® US,2300.0,USD,jsonld_offer_price
gucci,60220492TCG8563,A_2018_2020,201910,20191015155812,https://web.archive.org/web/20191015155812/https://www.gucci.com/us/en/pr/women/handbags/crossbody-bags-for-women/gucci-1955-horsebit-small-shoulder-bag-p-60220492TCG8563,GG Supreme/brown Gucci 1955 Horsebit small shoulder bag | GUCCI® US,2300.0,USD,jsonld_offer_price
gucci,60220492TCG8563,A_2018_2020,201911,20191117124652,https://web.archive.org/web/20191117124652/https://www.gucci.com/us/en/pr/women/handbags/crossbody-bags-for-women/gucci-1955-horsebit-shoulder-bag-p-60220492TCG8563,GG Supreme / Brown Online Exclusive Preview Gucci 1955 Horsebit Bag | GUCCI® US,2300.0,USD,jsonld_offer_price
gucci,60220492TCG8563,A_2018_2020,201912,20191211005949,https://web.archive.org/web/20191211005949/https://www.gucci.com/us/en/pr/women/handbags/crossbody-bags-for-women/gucci-1955-horsebit-shoulder-bag-p-60220492TCG8563?position=1&listName=ProductGrid&categoryPath=Women/Handbags/Crossbody-Bags-for-Women,GG Supreme / Brown Online Exclusive Preview Gucci 1955 Horsebit Bag | GUCCI® US,2300.0,USD,jsonld_offer_price
gucci,60220492TCG8563,B_2024_2026,202406,20240602024153,https://web.archive.org/web/20240602024153/https://www.gucci.com/us/en/pr/women/handbags/shoulder-bags-for-women/gucci-horsebit-1955-shoulder-bag-p-60220492TCG8563?ranMID=50221&ranEAID=TnL5HPStwNw&ranSiteID=TnL5HPStwNw-lo9IZewCIvc8nLCHMXJi2A,GG Supreme / Brown Gucci 1955 Horsebit Shoulder Bag | GUCCI® US,2980.0,USD,jsonld_offer_price
gucci,60220492TCG8563,B_2024_2026,202407,20240715074900,https://web.archive.org/web/20240715074900/https://www.gucci.com/us/en/pr/women/handbags/shoulder-bags-for-women/gucci-horsebit-1955-shoulder-bag-p-60220492TCG8563?position=13&listName=ProductGrid&categoryPath=Women/Handbags,GG Supreme / Brown Gucci 1955 Horsebit Shoulder Bag | GUCCI® US,3150.0,USD,jsonld_offer_price
gucci,60220492TCG8563,B_2024_2026,202409,20240914081147,https://web.archive.org/web/20240914081147/https://www.gucci.com/us/en/pr/women/handbags/shoulder-bags-for-women/gucci-horsebit-1955-small-shoulder-bag-p-60220492TCG8563,GG Supreme / Brown Gucci 1955 Horsebit Shoulder Bag | GUCCI® US,3150.0,USD,jsonld_offer_price
gucci,60220492TCG8563,B_2024_2026,202411,20241109105416,https://web.archive.org/web/20241109105416/https://www.gucci.com/us/en/pr/women/handbags/shoulder-bags-for-women/gucci-horsebit-1955-small-shoulder-bag-p-60220492TCG8563,GG Supreme / Brown Gucci 1955 Horsebit Shoulder Bag | GUCCI® US,3150.0,USD,jsonld_offer_price
gucci,60220492TCG8563,B_2024_2026,202412,20241225234302,https://web.archive.org/web/20241225234302/https://www.gucci.com/us/en/pr/women/handbags/shoulder-bags-for-women/gucci-horsebit-1955-small-shoulder-bag-p-60220492TCG8563??ranMID=37490&ranEAID=kXQk6*ivFEQ&ranSiteID=kXQk6.ivFEQ-sQOWJisN722s1Xd1jSPvgQ&siteID=kXQk6.ivFEQ-sQOWJisN722s1Xd1jSPvgQ,GG Supreme / Brown Gucci 1955 Horsebit Shoulder Bag | GUCCI® US,3150.0,USD,jsonld_offer_price
gucci,60220492TCG8563,B_2024_2026,202501,20250123113608,https://web.archive.org/web/20250123113608/https://www.gucci.com/us/en/pr/women/handbags/shoulder-bags-for-women/gucci-horsebit-1955-small-shoulder-bag-p-60220492TCG8563,,,,no_price_found
gucci,60220492TCG8563,B_2024_2026,202502,20250209235638,https://web.archive.org/web/20250209235638/https://www.gucci.com/us/en/pr/women/handbags/shoulder-bags-for-women/gucci-horsebit-1955-small-shoulder-bag-p-60220492TCG8563,GG Supreme / Brown Gucci 1955 Horsebit Shoulder Bag | GUCCI® US,3150.0,USD,jsonld_offer_price
gucci,60220492TCG8563,B_2024_2026,202504,20250410223344,https://web.archive.org/web/20250410223344/https://www.gucci.com/us/en/pr/women/handbags/shoulder-bags-for-women/gucci-horsebit-1955-medium-shoulder-bag-p-60220492TCG8563,,,,fetch_failed
gucci,60220492TCG8563,B_2024_2026,202505,20250514000824,https://web.archive.org/web/20250514000824/https://www.gucci.com/us/en/pr/women/handbags/shoulder-bags-for-women/gucci-horsebit-1955-medium-shoulder-bag-p-60220492TCG8563?ranMID=37490&ranEAID=uP3SXSR6DlQ&ranSiteID=uP3SXSR6DlQ-heEy3IVjfGe9fY5SR.30QA&siteID=uP3SXSR6DlQ-heEy3IVjfGe9fY5SR.30QA,GG Supreme / Brown Gucci 1955 Horsebit Shoulder Bag | GUCCI® US,3150.0,USD,jsonld_offer_price
gucci,60220492TCG8563,B_2024_2026,202507,20250722035307,https://web.archive.org/web/20250722035307/https://www.gucci.com/us/en/pr/women/handbags/shoulder-bags-for-women/gucci-horsebit-1955-medium-shoulder-bag-p-60220492TCG8563?ranMID=37490&ranEAID=0c5b5rpoqTU&ranSiteID=0c5b5rpoqTU-T_2BIYlQNkiFiEcVBpYe4w&siteID=0c5b5rpoqTU-T_2BIYlQNkiFiEcVBpYe4w,Gucci Horsebit 1955 medium shoulder bag in GG Supreme/brown | GUCCI® US,3290.0,USD,jsonld_offer_price+usd_from_us_site_url
gucci,60220492TCG8563,B_2024_2026,202508,20250817172513,https://web.archive.org/web/20250817172513/https://www.gucci.com/us/en/pr/women/handbags/shoulder-bags-for-women/gucci-horsebit-1955-medium-shoulder-bag-p-60220492TCG8563?utm_source=kXQk6*ivFEQ&utm_medium=affiliates&utm_campaign=1&utm_content=10&utm_term=kXQk6*ivFEQ&ranMID=37490&ranEAID=kXQk6*ivFEQ&ranSiteID=kXQk6.ivFEQ-_fp5EwO6v6Btw6rdeVQDMA&siteID=kXQk6.ivFEQ-_fp5EwO6v6Btw6rdeVQDMA,Gucci Horsebit 1955 medium shoulder bag in GG Supreme/brown | GUCCI® US,3290.0,USD,jsonld_offer_price+usd_from_us_site_url
gucci,60220492TCG8563,B_2024_2026,202510,20251008234643,https://web.archive.org/web/20251008234643/https://www.gucci.com/us/en/pr/women/handbags/shoulder-bags-for-women/gucci-horsebit-1955-medium-shoulder-bag-p-60220492TCG8563,GG Supreme / Brown Gucci 1955 Horsebit Shoulder Bag | GUCCI® US,3290.0,USD,jsonld_offer_price+usd_from_us_site_url
gucci,60220492TCG8563,B_2024_2026,202511,20251102132335,https://web.archive.org/web/20251102132335/https://www.gucci.com/us/en/pr/women/handbags/shoulder-bags-for-women/gucci-horsebit-1955-medium-shoulder-bag-p-60220492TCG8563,,,,no_price_found
gucci,60220492TCG8563,B_2024_2026,202512,20251212013520,https://web.archive.org/web/20251212013520/https://www.gucci.com/us/en/pr/women/handbags/shoulder-bags-for-women/gucci-horsebit-1955-medium-shoulder-bag-p-60220492TCG8563?ranMID=37490&ranEAID=kXQk6*ivFEQ&ranSiteID=kXQk6.ivFEQ-vRe0QHK8YhBmwttAqHSVxQ&siteID=kXQk6.ivFEQ-vRe0QHK8YhBmwttAqHSVxQ,GG Supreme / Brown Gucci 1955 Horsebit Shoulder Bag | GUCCI® US,3290.0,USD,jsonld_offer_price+usd_from_us_site_url
gucci,60220492TCG8563,B_2024_2026,202601,20260114061049,https://web.archive.org/web/20260114061049/https://www.gucci.com/us/en/pr/women/handbags/shoulder-bags-for-women/gucci-horsebit-1955-medium-shoulder-bag-p-60220492TCG8563?ranMID=37490&ranEAID=kXQk6*ivFEQ&ranSiteID=kXQk6.ivFEQ-4_2BtWKrXu.suaso4xeP2g&siteID=kXQk6.ivFEQ-4_2BtWKrXu.suaso4xeP2g,GG Supreme / Brown Gucci 1955 Horsebit Shoulder Bag | GUCCI® US,3290.0,USD,jsonld_offer_price+usd_from_us_site_url
gucci,60220492TCG8563,B_2024_2026,202602,20260215040211,https://web.archive.org/web/20260215040211/https://www.gucci.com/us/en/pr/women/handbags/shoulder-bags-for-women/gucci-horsebit-1955-medium-shoulder-bag-p-60220492TCG8563?gad_source=1&gclid=EAIaIQobChMIr5-k4ofFggMVFvPICh10agppEAQYAyABEgKcbvD_BwE&gclsrc=aw.ds,GG Supreme / Brown Gucci 1955 Horsebit Shoulder Bag | GUCCI® US,3290.0,USD,jsonld_offer_price+usd_from_us_site_url
gucci,60220492TCG8563,B_2024_2026,202604,20260419060127,https://web.archive.org/web/20260419060127/https://www.gucci.com/us/en/pr/women/handbags/shoulder-bags-for-women/gucci-horsebit-1955-medium-shoulder-bag-p-60220492TCG8563?utm_source=google&utm_source_platform=SA360&utm_medium=cpc&utm_campaign=US%7CEN%7CPMX%7CAll%7CBags%7CAll%7CNORAM&utm_id=17890656173&gclsrc=aw.ds&gad_source=1&gad_campaignid=17884376806&gbraid=0AAAAADurYgxdsfx28nyY2PKC9cj1yeG3c&gclid=Cj0KCQjwyr3OBhD0ARIsALlo-OkoOSyOCsytvoSURWTxBJbeI42DyhhBpMDi9S5IbOE0erN1Gca1Kc8aAhNaEALw_wcB,GG Supreme / Brown Gucci 1955 Horsebit Shoulder Bag | GUCCI® US,3290.0,USD,jsonld_offer_price+usd_from_us_site_url
gucci,400249KHNRN8642,A_2018_2020,201801,20180106081252,https://web.archive.org/web/20180106081252/https://www.gucci.com/us/en/pr/women/womens-handbags/womens-shoulder-bags/dionysus-small-gg-shoulder-bag-p-400249KHNRN8642,Dionysus small GG shoulder bag - Gucci Women's Shoulder Bags 400249KHNRN8642,2290.0,USD,jsonld_offer_price
gucci,400249KHNRN8642,A_2018_2020,201802,20180222005154,https://web.archive.org/web/20180222005154/https://www.gucci.com/us/en/pr/women/womens-handbags/womens-shoulder-bags/dionysus-small-gg-shoulder-bag-p-400249KHNRN8642?position=4&listName=SearchResultGridComponent&utm_source=oGj7akNVsTg&utm_medium=affiliates&utm_campaign=1&utm_content=10&utm_term=oGj7akNVsTg&siteID=oGj7akNVsTg-BhQdR35SOIvJypdA..pxzA,Dionysus small GG shoulder bag - Gucci Women's Shoulder Bags 400249KHNRN8642,2290.0,USD,jsonld_offer_price
gucci,400249KHNRN8642,A_2018_2020,201904,20190417105921,https://web.archive.org/web/20190417105921/https://www.gucci.com/us/en/pr/women/womens-handbags/womens-shoulder-bags/dionysus-small-gg-shoulder-bag-p-400249KHNRN8642?position=9&listName=Handbags_US&categoryPath=Women/Womens-Handbags,,,,fetch_failed
gucci,400249KHNRN8642,A_2018_2020,201906,20190626083233,https://web.archive.org/web/20190626083233/https://www.gucci.com/us/en/pr/women/womens-handbags/womens-shoulder-bags/dionysus-small-gg-shoulder-bag-p-400249KHNRN8642,Dionysus small GG shoulder bag | GUCCI®,2290.0,USD,jsonld_offer_price
gucci,400249KHNRN8642,A_2018_2020,201908,20190819074041,https://web.archive.org/web/20190819074041/https://www.gucci.com/us/en/pr/women/womens-handbags/womens-shoulder-bags/womens-chain-bags/dionysus-small-gg-shoulder-bag-p-400249KHNRN8642?position=17&listName=ProductGrid&categoryPath=Women/Womens-Handbags,GG Beige GG Canvas Dionysus small GG shoulder bag | GUCCI® US,2290.0,USD,jsonld_offer_price
gucci,400249KHNRN8642,B_2024_2026,202406,20240620174829,https://web.archive.org/web/20240620174829/https://www.gucci.com/us/en/pr/women/handbags/shoulder-bags-for-women/dionysus-gg-small-shoulder-bag-p-400249KHNRN8642,GG Supreme Dionysus Small Shoulder Bag With Beige Detail | GUCCI® US,3200.0,USD,jsonld_offer_price
gucci,400249KHNRN8642,B_2024_2026,202412,20241211002602,https://web.archive.org/web/20241211002602/https://www.gucci.com/us/en/pr/women/handbags/shoulder-bags-for-women/dionysus-small-shoulder-bag-p-400249KHNRN8642?ref=regiusmagazine.com,GG Supreme Dionysus Small Shoulder Bag With Beige Detail | GUCCI® US,3200.0,USD,jsonld_offer_price
gucci,400249KHNRN8642,B_2024_2026,202502,20250210045646,https://web.archive.org/web/20250210045646/https://www.gucci.com/us/en/pr/women/handbags/shoulder-bags-for-women/dionysus-small-shoulder-bag-p-400249KHNRN8642?ref=regiusmagazine.com,GG Supreme Dionysus Small Shoulder Bag With Beige Detail | GUCCI® US,3200.0,USD,jsonld_offer_price
gucci,400249KHNRN8642,B_2024_2026,202505,20250522001822,https://web.archive.org/web/20250522001822/https://www.gucci.com/us/en/pr/women/handbags/shoulder-bags-for-women/dionysus-medium-shoulder-bag-p-400249KHNRN8642,GG Supreme Dionysus Small Shoulder Bag With Beige Detail | GUCCI® US,3200.0,USD,jsonld_offer_price
gucci,414516AP00T1000,A_2018_2020,201905,20190513213654,https://web.archive.org/web/20190513213654/https://www.gucci.com/us/en/pr/men/mens-accessories/mens-belts/leather-belt-with-double-g-buckle-p-414516AP00T1000?utm_source=QFGLnEolOWg&utm_medium=affiliates&utm_campaign=110074464780510200530253402499&utm_content=15&utm_term=QFGLnEolOWg&siteID=QFGLnEolOWg-8sdJirC3BtdnqFnEFM.GZw,Leather belt with Double G buckle | GUCCI®,450.0,USD,jsonld_offer_price
gucci,414516AP00T1000,A_2018_2020,201909,20190919131457,https://web.archive.org/web/20190919131457/https://www.gucci.com/us/en/pr/men/mens-accessories/mens-belts/mens-casual/leather-belt-with-double-g-buckle-p-414516AP00T1000?position=21&listName=ProductGrid&categoryPath=Women/Womens-Accessories/Womens-Belts,black leather Leather belt with Double G buckle | GUCCI® US,450.0,USD,jsonld_offer_price
gucci,414516AP00T1000,A_2018_2020,201910,20191014105233,https://web.archive.org/web/20191014105233/https://www.gucci.com/us/en/pr/men/accessories-for-men/belts-for-men/casual-belts-for-men/leather-belt-with-double-g-buckle-p-414516AP00T1000?gclid=EAIaIQobChMIgsKhmO_61gIVQjuBCh0u3AZJEAQYASABEgKyHfD_BwE,black leather Leather belt with Double G buckle | GUCCI® US,450.0,USD,jsonld_offer_price
gucci,414516AP00T1000,A_2018_2020,201912,20191207195903,https://web.archive.org/web/20191207195903/https://www.gucci.com/us/en/pr/men/accessories-for-men/belts-for-men/casual-belts-for-men/leather-belt-with-double-g-buckle-p-414516AP00T1000?position=29&listName=ProductGrid&categoryPath=Gifts/Gifts-for-Men,Men's Slim Black Leather Belt With Gold Double G Buckle | GUCCI® US,450.0,USD,jsonld_offer_price
gucci,414516AP00T1000,B_2024_2026,202406,20240624234709,https://web.archive.org/web/20240624234709/https://www.gucci.com/us/en/pr/men/accessories-for-men/belts-for-men/casual-belts-for-men/gg-marmont-thin-belt-p-414516AP00T1000,Men's Slim Black Leather Belt With Gold Double G Buckle | GUCCI® US,520.0,USD,jsonld_offer_price
gucci,414516AP00T1000,B_2024_2026,202407,20240714142728,https://web.archive.org/web/20240714142728/https://www.gucci.com/us/en/pr/men/accessories-for-men/belts-for-men/casual-belts-for-men/gg-marmont-thin-belt-p-414516AP00T1000?position=4&listName=ProductGrid&categoryPath=Women/Accessories-for-Women/Belts-for-Women,Men's Slim Black Leather Belt With Gold Double G Buckle | GUCCI® US,520.0,USD,jsonld_offer_price
gucci,414516AP00T1000,B_2024_2026,202502,20250208013349,https://web.archive.org/web/20250208013349/https://www.gucci.com/us/en/pr/men/accessories-for-men/belts-for-men/casual-belts-for-men/gg-marmont-thin-belt-p-414516AP00T1000?gclid=Cj0KCQiA4bzSBRDOARIsAHJ1UO74gMP2i5Py1iGx4_CndksiIimOumIU--dkU9Fn_PfgLOpWkepUGaAaAhsiEALw_wcB,Men's Slim Black Leather Belt With Gold Double G Buckle | GUCCI® US,530.0,USD,jsonld_offer_price
gucci,414516AP00T1000,B_2024_2026,202503,20250321150409,https://web.archive.org/web/20250321150409/https://www.gucci.com/us/en/pr/men/accessories-for-men/belts-for-men/casual-belts-for-men/gg-marmont-thin-belt-p-414516AP00T1000?gclid=Cj0KCQiA4bzSBRDOARIsAHJ1UO74gMP2i5Py1iGx4_CndksiIimOumIU--dkU9Fn_PfgLOpWkepUGaAaAhsiEALw_wcB,Men's Slim Black Leather Belt With Gold Double G Buckle | GUCCI® US,530.0,USD,jsonld_offer_price
gucci,414516AP00T1000,B_2024_2026,202508,20250827121756,https://web.archive.org/web/20250827121756/https://www.gucci.com/us/en/pr/men/accessories-for-men/belts-for-men/casual-belts-for-men/gg-marmont-thin-belt-p-414516AP00T1000?position=4&listName=ProductGrid&categoryPath=Men%2FAccessories-for-Men%2FBelts-for-Men,GG Marmont thin belt in black leather | GUCCI® US,550.0,USD,jsonld_offer_price+usd_from_us_site_url
gucci,488668ZAT015176,A_2018_2020,201907,20190718151504,https://web.archive.org/web/20190718151504/https://www.gucci.com/us/en/pr/decor/wallpapers/heron-print-wallpaper-p-488668ZAT015176?gclid=EAIaIQobChMIqpL44Mzu4AIVj4jICh1MrQ_XEAQYAyABEgLjBvD_BwE,Heron print wallpaper | GUCCI®,390.0,USD,jsonld_offer_price
gucci,488668ZAT015176,A_2018_2020,201908,20190820052822,https://web.archive.org/web/20190820052822/https://www.gucci.com/us/en/pr/decor/wallpapers/heron-print-wallpaper-p-488668ZAT015176?gclid=EAIaIQobChMIqpL44Mzu4AIVj4jICh1MrQ_XEAQYAyABEgLjBvD_BwE,Undefined Undefined Heron print wallpaper | GUCCI® US,390.0,USD,jsonld_offer_price
gucci,488668ZAT015176,A_2018_2020,201910,20191024003412,https://web.archive.org/web/20191024003412/https://www.gucci.com/us/en/pr/decor/wallpapers/heron-print-wallpaper-p-488668ZAT015176,heron print Heron print wallpaper | GUCCI® US,390.0,USD,jsonld_offer_price
gucci,488668ZAT015176,A_2018_2020,201911,20191122102045,https://web.archive.org/web/20191122102045/https://www.gucci.com/us/en/pr/decor/wallpapers/heron-print-wallpaper-p-488668ZAT015176?position=15&listName=ProductGrid&categoryPath=Decor/Wallpapers,Heron Print Wallpaper | GUCCI® US,390.0,USD,jsonld_offer_price
gucci,488668ZAT015176,B_2024_2026,202407,20240725164459,https://web.archive.org/web/20240725164459/https://www.gucci.com/us/en/pr/decor-lifestyle/gucci-decor/wallpaper/heron-print-wallpaper-p-488668ZAT015176,Heron Print Wallpaper | GUCCI® US,570.0,USD,jsonld_offer_price
gucci,488668ZAT015176,B_2024_2026,202411,20241106062440,https://web.archive.org/web/20241106062440/https://www.gucci.com/us/en/pr/decor-lifestyle/gucci-decor/wallpaper/heron-print-wallpaper-p-488668ZAT015176,Heron Print Wallpaper | GUCCI® US,570.0,USD,jsonld_offer_price
gucci,488668ZAT015176,B_2024_2026,202502,20250206225259,https://web.archive.org/web/20250206225259/https://www.gucci.com/us/en/pr/decor-lifestyle/gucci-decor/wallpaper/heron-print-wallpaper-p-488668ZAT015176?srsltid=AfmBOopqb8npL0TnvDO2Z6KA247mPEnX-V5PXnjoW2dr56DVnDaN2ooI,,,,no_price_found
gucci,488668ZAT015176,B_2024_2026,202510,20251019094643,https://web.archive.org/web/20251019094643/https://www.gucci.com/us/en/pr/decor-lifestyle/gucci-decor/wallpaper/heron-print-wallpaper-p-488668ZAT015176?srsltid=AfmBOorM4_O1e6MXsreHe0If2TiJpavGhjNXaynZzWlJbClzn-RL7sIz&ranMID=37490&ranEAID=FFSlEqCCN*I&ranSiteID=FFSlEqCCN.I-k5ybA7Ib2GNWBuHT6M45Tw&siteID=FFSlEqCCN.I-k5ybA7Ib2GNWBuHT6M45Tw,Heron Print Wallpaper | GUCCI® US,600.0,USD,jsonld_offer_price+usd_from_us_site_url
gucci,488668ZAT015176,B_2024_2026,202511,20251116202919,https://web.archive.org/web/20251116202919/https://www.gucci.com/us/en/pr/decor-lifestyle/gucci-decor/wallpaper/heron-print-wallpaper-p-488668ZAT015176?ranMID=37490&ranEAID=FFSlEqCCN*I&ranSiteID=FFSlEqCCN.I-C8r3nT1MvWwHhlGgamW3ow&siteID=FFSlEqCCN.I-C8r3nT1MvWwHhlGgamW3ow,Heron Print Wallpaper | GUCCI® US,600.0,USD,jsonld_offer_price+usd_from_us_site_url
gucci,488668ZAT015176,B_2024_2026,202512,20251208131644,https://web.archive.org/web/20251208131644/https://www.gucci.com/us/en/pr/decor-lifestyle/gucci-decor/wallpaper/heron-print-wallpaper-p-488668ZAT015176?position=14&listName=ProductGrid&categoryPath=Decor%2FWallpapers,,,,no_price_found
gucci,488668ZAT015176,B_2024_2026,202601,20260114083532,https://web.archive.org/web/20260114083532/https://www.gucci.com/us/en/pr/decor-lifestyle/gucci-decor/wallpaper/heron-print-wallpaper-p-488668ZAT015176,Heron Print Wallpaper | GUCCI® US,600.0,USD,jsonld_offer_price+usd_from_us_site_url
gucci,409417AP00T1000,A_2018_2020,201908,20190819130326,https://web.archive.org/web/20190819130326/https://www.gucci.com/us/en/pr/women/womens-accessories/womens-belts/womens-skinny/leather-belt-with-double-g-buckle-p-409417AP00T1000?position=16&listName=PGUS4Cols&categoryPath=Women/Womens-Accessories/Womens-Belts,Black Leather Leather belt with Double G buckle | GUCCI® US,350.0,USD,jsonld_offer_price
gucci,409417AP00T1000,A_2018_2020,201909,20190919133611,https://web.archive.org/web/20190919133611/https://www.gucci.com/us/en/pr/women/womens-accessories/womens-belts/womens-skinny/leather-belt-with-double-g-buckle-p-409417AP00T1000?position=24&listName=ProductGrid&categoryPath=Women/Womens-Accessories/Womens-Belts,black leather Leather belt with Double G buckle | GUCCI® US,350.0,USD,jsonld_offer_price
gucci,409417AP00T1000,A_2018_2020,201910,20191005230027,https://web.archive.org/web/20191005230027/https://www.gucci.com/us/en/pr/women/accessories-for-women/belts-for-women/skinny-belts-for-women/leather-belt-with-double-g-buckle-p-409417AP00T1000?position=9&listName=PGUS4Cols&categoryPath=Women/Womens-Accessories/Womens-Belts,black leather Leather belt with Double G buckle | GUCCI® US,350.0,USD,jsonld_offer_price
gucci,409417AP00T1000,A_2018_2020,201912,20191207080722,https://web.archive.org/web/20191207080722/https://www.gucci.com/us/en/pr/women/accessories-for-women/belts-for-women/skinny-belts-for-women/leather-belt-with-double-g-buckle-p-409417AP00T1000?position=9&listName=PGUS4Cols&categoryPath=Women/Womens-Accessories/Womens-Belts,Women's Slim Black Leather Belt With Double G Buckle | GUCCI® US,350.0,USD,jsonld_offer_price
gucci,409417AP00T1000,B_2024_2026,202411,20241110202528,https://web.archive.org/web/20241110202528/https://www.gucci.com/us/en/pr/women/accessories-for-women/belts-for-women/gg-marmont-thin-belt-p-409417AP00T1000,Women's Slim Black Leather Belt With Double G Buckle | GUCCI® US,420.0,USD,jsonld_offer_price
gucci,409417AP00T1000,B_2024_2026,202504,20250422073846,https://web.archive.org/web/20250422073846/https://www.gucci.com/us/en/pr/women/accessories-for-women/belts-for-women/gg-marmont-thin-belt-p-409417AP00T1000?gclid=Cj0KCQjw9pDpBRCkARIsAOzRzis_RdvDTJcRTANQ4cB6vUJvfMPDSlc8IjWirwvhIa4jLpu317HICSAaAjibEALw_wcB,Women's Slim Black Leather Belt With Double G Buckle | GUCCI® US,420.0,USD,jsonld_offer_price
gucci,409417AP00T1000,B_2024_2026,202505,20250524031633,https://web.archive.org/web/20250524031633/https://www.gucci.com/us/en/pr/women/accessories-for-women/belts-for-women/gg-marmont-thin-belt-p-409417AP00T1000?gclid=Cj0KCQjw9pDpBRCkARIsAOzRzis_RdvDTJcRTANQ4cB6vUJvfMPDSlc8IjWirwvhIa4jLpu317HICSAaAjibEALw_wcB,Women's Slim Black Leather Belt With Double G Buckle | GUCCI® US,420.0,USD,jsonld_offer_price
gucci,409417AP00T1000,B_2024_2026,202507,20250722192306,https://web.archive.org/web/20250722192306/https://www.gucci.com/us/en/pr/women/accessories-for-women/belts-for-women/gg-marmont-thin-belt-p-409417AP00T1000?ranMID=37490&ranEAID=0c5b5rpoqTU&ranSiteID=0c5b5rpoqTU-YkI5M6n79_z1a_4znfT3Gg&siteID=0c5b5rpoqTU-YkI5M6n79_z1a_4znfT3Gg,GG Marmont thin belt in black leather | GUCCI® US,440.0,USD,jsonld_offer_price+usd_from_us_site_url
gucci,409417AP00T1000,B_2024_2026,202508,20250817131054,https://web.archive.org/web/20250817131054/https://www.gucci.com/us/en/pr/women/accessories-for-women/belts-for-women/gg-marmont-thin-belt-p-409417AP00T1000,GG Marmont thin belt in black leather | GUCCI® US,440.0,USD,jsonld_offer_price+usd_from_us_site_url
gucci,409417AP00T1000,B_2024_2026,202510,20251017151022,https://web.archive.org/web/20251017151022/https://www.gucci.com/us/en/pr/women/accessories-for-women/belts-for-women/gg-marmont-thin-belt-p-409417AP00T1000?ranMID=37490&ranEAID=kXQk6*ivFEQ&ranSiteID=kXQk6.ivFEQ-6KRiKClElUG1G_gfHMX_iQ&siteID=kXQk6.ivFEQ-6KRiKClElUG1G_gfHMX_iQ,Women's Slim Black Leather Belt With Double G Buckle | GUCCI® US,440.0,USD,jsonld_offer_price+usd_from_us_site_url
gucci,409417AP00T1000,B_2024_2026,202512,20251219171901,https://web.archive.org/web/20251219171901/https://www.gucci.com/us/en/pr/women/accessories-for-women/belts-for-women/gg-marmont-thin-belt-p-409417AP00T1000,,,,no_price_found
gucci,409417AP00T1000,B_2024_2026,202603,20260303073413,https://web.archive.org/web/20260303073413/https://www.gucci.com/us/en/pr/women/accessories-for-women/belts-for-women/gg-marmont-thin-belt-p-409417AP00T1000,,,,no_price_found
gucci,400593AP00T1000,A_2018_2020,201909,20190919123649,https://web.archive.org/web/20190919123649/https://www.gucci.com/us/en/pr/women/womens-accessories/womens-belts/womens-wide/leather-belt-with-double-g-buckle-p-400593AP00T1000?position=18&listName=ProductGrid&categoryPath=Women/Womens-Accessories/Womens-Belts,black leather Leather belt with Double G buckle | GUCCI® US,460.0,USD,jsonld_offer_price
gucci,400593AP00T1000,A_2018_2020,201910,20191018142646,https://web.archive.org/web/20191018142646/https://www.gucci.com/us/en/pr/women/accessories-for-women/belts-for-women/wide-belts-for-women/leather-belt-with-double-g-buckle-p-400593AP00T1000?rrec=true&position=5&listName=CrossSell&categoryPath=Women/Womens-Accessories/Womens-Belts&pl_pageType=Product%20Page&pl_persStrategy=Strategy1&pl_navCategory=Women/Womens-Accessories/Womens-Belts,black leather Leather belt with Double G buckle | GUCCI® US,460.0,USD,jsonld_offer_price
gucci,400593AP00T1000,A_2018_2020,201911,20191112105545,https://web.archive.org/web/20191112105545/https://www.gucci.com/us/en/pr/women/accessories-for-women/belts-for-women/wide-belts-for-women/leather-belt-with-double-g-buckle-p-400593AP00T1000?position=30&listName=ProductGrid&categoryPath=Women/Accessories-for-Women/Belts-for-Women,Black Leather belt with Double G buckle | GUCCI® US,460.0,USD,jsonld_offer_price
gucci,400593AP00T1000,A_2018_2020,201912,20191205180646,https://web.archive.org/web/20191205180646/https://www.gucci.com/us/en/pr/women/accessories-for-women/belts-for-women/wide-belts-for-women/leather-belt-with-double-g-buckle-p-400593AP00T1000?position=22&listName=PGUS4Cols&categoryPath=Women/Womens-Accessories/Womens-Belts,Black Leather Belt With Double G Buckle | GUCCI® US,460.0,USD,jsonld_offer_price
gucci,400593AP00T1000,B_2024_2026,202406,20240613193336,https://web.archive.org/web/20240613193336/https://www.gucci.com/us/en/pr/women/accessories-for-women/belts-for-women/gg-marmont-2015-re-edition-wide-belt-p-400593AP00T1000?position=22&listName=PGUS4Cols&categoryPath=Women/Womens-Accessories/Womens-Belts,Wide Black Leather Belt With Double G Buckle | GUCCI® US,540.0,USD,jsonld_offer_price
gucci,400593AP00T1000,B_2024_2026,202407,20240719070717,https://web.archive.org/web/20240719070717/https://www.gucci.com/us/en/pr/women/accessories-for-women/belts-for-women/gg-marmont-2015-re-edition-wide-belt-p-400593AP00T1000,Wide Black Leather Belt With Double G Buckle | GUCCI® US,540.0,USD,jsonld_offer_price
gucci,400593AP00T1000,B_2024_2026,202408,20240812065500,https://web.archive.org/web/20240812065500/https://www.gucci.com/us/en/pr/women/accessories-for-women/belts-for-women/gg-marmont-2015-re-edition-wide-belt-p-400593AP00T1000,Wide Black Leather Belt With Double G Buckle | GUCCI® US,540.0,USD,jsonld_offer_price
gucci,400593AP00T1000,B_2024_2026,202412,20241211162511,https://web.archive.org/web/20241211162511/https://www.gucci.com/us/en/pr/women/accessories-for-women/belts-for-women/gg-marmont-wide-belt-p-400593AP00T1000,Wide Black Leather Belt With Double G Buckle | GUCCI® US,550.0,USD,jsonld_offer_price
gucci,400593AP00T1000,B_2024_2026,202501,20250116063148,https://web.archive.org/web/20250116063148/https://www.gucci.com/us/en/pr/women/accessories-for-women/belts-for-women/gg-marmont-wide-belt-p-400593AP00T1000,Wide Black Leather Belt With Double G Buckle | GUCCI® US,550.0,USD,jsonld_offer_price
gucci,400593AP00T1000,B_2024_2026,202502,20250219230131,https://web.archive.org/web/20250219230131/https://www.gucci.com/us/en/pr/women/accessories-for-women/belts-for-women/gg-marmont-wide-belt-p-400593AP00T1000?ranMID=37490&ranEAID=0c5b5rpoqTU&ranSiteID=0c5b5rpoqTU-01R3Xj5Tf9ceRrdjrYZxgw&siteID=0c5b5rpoqTU-01R3Xj5Tf9ceRrdjrYZxgw,Wide Black Leather Belt With Double G Buckle | GUCCI® US,550.0,USD,jsonld_offer_price
gucci,400593AP00T1000,B_2024_2026,202504,20250419093821,https://web.archive.org/web/20250419093821/https://www.gucci.com/us/en/pr/women/accessories-for-women/belts-for-women/gg-marmont-wide-belt-p-400593AP00T1000,Wide Black Leather Belt With Double G Buckle | GUCCI® US,550.0,USD,jsonld_offer_price
gucci,400593AP00T1000,B_2024_2026,202506,20250620070415,https://web.archive.org/web/20250620070415/https://www.gucci.com/us/en/pr/women/accessories-for-women/belts-for-women/gg-marmont-wide-belt-p-400593AP00T1000,,,,no_price_found
gucci,400593AP00T1000,B_2024_2026,202507,20250706220925,https://web.archive.org/web/20250706220925/https://www.gucci.com/us/en/pr/women/accessories-for-women/belts-for-women/gg-marmont-wide-belt-p-400593AP00T1000,GG Marmont wide belt in black | GUCCI® US,570.0,USD,jsonld_offer_price+usd_from_us_site_url
gucci,400593AP00T1000,B_2024_2026,202508,20250823085746,https://web.archive.org/web/20250823085746/https://www.gucci.com/us/en/pr/women/accessories-for-women/belts-for-women/gg-marmont-wide-belt-p-400593AP00T1000,GG Marmont wide belt in black | GUCCI® US,570.0,USD,jsonld_offer_price+usd_from_us_site_url
gucci,400593AP00T1000,B_2024_2026,202512,20251215232448,https://web.archive.org/web/20251215232448/https://www.gucci.com/us/en/pr/women/accessories-for-women/belts-for-women/gg-marmont-wide-belt-p-400593AP00T1000,Wide Black Leather Women's Belt With Double G Buckle | GUCCI® US,570.0,USD,jsonld_offer_price+usd_from_us_site_url
gucci,400593AP00T1000,B_2024_2026,202601,20260114015545,https://web.archive.org/web/20260114015545/https://www.gucci.com/us/en/pr/women/accessories-for-women/belts-for-women/gg-marmont-wide-belt-p-400593AP00T1000,Wide Black Leather Women's Belt With Double G Buckle | GUCCI® US,570.0,USD,jsonld_offer_price+usd_from_us_site_url
gucci,400593AP00T1000,B_2024_2026,202602,20260209114108,https://web.archive.org/web/20260209114108/https://www.gucci.com/us/en/pr/women/accessories-for-women/belts-for-women/gg-marmont-wide-belt-p-400593AP00T1000?utm_source=google&utm_source_platform=SA360&utm_medium=cpc&utm_campaign=US%7CEN%7CSHP%7CAll%7CAccessories%7CBelts%7CNORAM&utm_id=22788622074&gclsrc=aw.ds&gad_source=1&gad_campaignid=22788622074&gbraid=0AAAAADurYgyj8_8Ru7DZLmoE-WPmaY_Vg&gclid=CjwKCAiA1obMBhAbEiwAsUBbItbUT5XGJICvkUPbte3QworgGnoBdqEDr4kG28XBgm_H0Fb6CTQN6BoC3TMQAvD_BwE,Wide Black Leather Women's Belt With Double G Buckle | GUCCI® US,570.0,USD,jsonld_offer_price+usd_from_us_site_url
gucci,400593AP00T1000,B_2024_2026,202603,20260306200726,https://web.archive.org/web/20260306200726/https://www.gucci.com/us/en/pr/women/accessories-for-women/belts-for-women/gg-marmont-wide-belt-p-400593AP00T1000?ranMID=37490&ranEAID=kXQk6*ivFEQ&ranSiteID=kXQk6.ivFEQ-HqYV75R_6MrLtUXFjB6LCA&siteID=kXQk6.ivFEQ-HqYV75R_6MrLtUXFjB6LCA,Wide Black Leather Women's Belt With Double G Buckle | GUCCI® US,570.0,USD,jsonld_offer_price+usd_from_us_site_url
gucci,400593AP00T1000,B_2024_2026,202604,20260421203058,https://web.archive.org/web/20260421203058/https://www.gucci.com/us/en/pr/women/accessories-for-women/belts-for-women/gg-marmont-wide-belt-p-400593AP00T1000?utm_source=google&utm_source_platform=SA360&utm_medium=cpc&utm_campaign=US%7CEN%7CPMX%7CAll%7CMulti%7CAll%7CNORAM+Top+Products&utm_id=16652099412&gclsrc=aw.ds&gad_source=1&gad_campaignid=16652100459&gbraid=0AAAAADurYgxAJF_uTOoaWmZ7mlvrsbWmV&gclid=Cj0KCQiAoZDJBhC0ARIsAERP-F-ONpJvguQ4bNCOdmzYD1bfodRrA-gsCh2T7D3N5nqVgdxK6G3gFcEaAiyKEALw_wcB,Wide Black Leather Women's Belt With Double G Buckle | GUCCI® US,570.0,USD,jsonld_offer_price+usd_from_us_site_url
gucci,400593AP00T1000,B_2024_2026,202605,20260521114221,https://web.archive.org/web/20260521114221/https://www.gucci.com/us/en/pr/women/accessories-for-women/belts-for-women/gg-marmont-wide-belt-p-400593AP00T1000,Wide Black Leather Women's Belt With Double G Buckle | GUCCI® US,570.0,USD,jsonld_offer_price+usd_from_us_site_url
gucci,443497DTDIT1000,A_2018_2020,201908,20190819033156,https://web.archive.org/web/20190819033156/https://www.gucci.com/us/en/pr/women/womens-handbags/womens-shoulder-bags/womens-chain-bags/gg-marmont-small-matelasse-shoulder-bag-p-443497DTDIT1000?position=8&listName=VariationOverlay,Black Leather GG Marmont small matelassé shoulder bag | GUCCI® US,1980.0,USD,jsonld_offer_price
gucci,443497DTDIT1000,A_2018_2020,201910,20191016225550,https://web.archive.org/web/20191016225550/https://www.gucci.com/us/en/pr/women/handbags/shoulder-bags-for-women/chain-bags-for-women/gg-marmont-small-matelasse-shoulder-bag-p-443497DTDIT1000?position=25&listName=ProductGrid&categoryPath=Women/Womens-Handbags/Womens-Shoulder-Bags/Womens-Chain-Bags,black leather GG Marmont small matelassé shoulder bag | GUCCI® US,1980.0,USD,jsonld_offer_price
gucci,443497DTDIT1000,A_2018_2020,201911,20191122151256,https://web.archive.org/web/20191122151256/https://www.gucci.com/us/en/pr/women/handbags/shoulder-bags-for-women/chain-bags-for-women/gg-marmont-small-matelasse-shoulder-bag-p-443497DTDIT1000?position=19&listName=ProductGrid&categoryPath=Women/Handbags,Black Leather GG Marmont Small Matelassé Shoulder Bag With Heart | GUCCI® US,1980.0,USD,jsonld_offer_price
gucci,443497DTDIT1000,A_2018_2020,201912,20191215215902,https://web.archive.org/web/20191215215902/https://www.gucci.com/us/en/pr/women/handbags/shoulder-bags-for-women/chain-bags-for-women/gg-marmont-small-matelasse-shoulder-bag-p-443497DTDIT1000?position=44&listName=undefined&categoryPath=Women/Womens-Handbags/Womens-Shoulder-Bags,Black Leather GG Marmont Small Matelassé Shoulder Bag With Heart | GUCCI® US,1980.0,USD,jsonld_offer_price
gucci,443497DTDIT1000,B_2024_2026,202409,20240917110657,https://web.archive.org/web/20240917110657/https://www.gucci.com/us/en/pr/women/handbags/shoulder-bags-for-women/gg-marmont-small-shoulder-bag-p-443497DTDIT1000,GG Marmont Small Shoulder Bag Matelassé | GUCCI® US,2590.0,USD,jsonld_offer_price
gucci,443497DTDIT1000,B_2024_2026,202412,20241208095705,https://web.archive.org/web/20241208095705/https://www.gucci.com/us/en/pr/women/handbags/shoulder-bags-for-women/gg-marmont-small-shoulder-bag-p-443497DTDIT1000?gclsrc=aw.ds&gclsrc=aw.ds&gad_source=1&gclid=EAIaIQobChMIwtWjgvCUigMVXCBECB3Syg7WEAQYECABEgLxBvD_BwE,,,,no_price_found
gucci,443497DTDIT1000,B_2024_2026,202502,20250228100725,https://web.archive.org/web/20250228100725/https://www.gucci.com/us/en/pr/women/handbags/shoulder-bags-for-women/gg-marmont-small-shoulder-bag-p-443497DTDIT1000,,,,no_price_found
gucci,443497DTDIT1000,B_2024_2026,202503,20250321143738,https://web.archive.org/web/20250321143738/https://www.gucci.com/us/en/pr/women/handbags/shoulder-bags-for-women/gg-marmont-small-shoulder-bag-p-443497DTDIT1000?position=4&listName=VariationOverlay,Gucci GG Marmont Small Black Shoulder Bag | GUCCI® US,2850.0,USD,jsonld_offer_price
gucci,429469GIB101098,A_2018_2020,201807,20180706034250,https://web.archive.org/web/20180706034250/https://www.gucci.com/us/en/pr/men/mens-shoes/mens-sandals-slides/web-slide-sandal-p-429469GIB101098?position=19&listName=PGUS4Cols&categoryPath=Men/Mens-Shoes/Mens-Sandals-Slides,Web slide sandal - Gucci Men's Sandals & Slides 429469GIB101098,210.0,USD,jsonld_offer_price
gucci,429469GIB101098,A_2018_2020,201808,20180813072145,https://web.archive.org/web/20180813072145/https://www.gucci.com/us/en/pr/men/mens-shoes/mens-sandals-slides/web-slide-sandal-p-429469GIB101098,Web slide sandal - Gucci Men's Sandals & Slides 429469GIB101098,210.0,USD,jsonld_offer_price
gucci,429469GIB101098,A_2018_2020,201809,20180927115348,https://web.archive.org/web/20180927115348/https://www.gucci.com/us/en/pr/men/mens-shoes/mens-sandals-slides/web-slide-sandal-p-429469GIB101098?gclid=Cj0KCQjw3InYBRCLARIsAG6bfMTO4MgBBKiPrF1txtGPORjPR6w3RtKRFqSeD-SwELBp72U14ILkYd4aAvW0EALw_wcB,Web slide sandal - Gucci Men's Sandals & Slides 429469GIB101098,210.0,USD,jsonld_offer_price
gucci,429469GIB101098,B_2024_2026,202406,20240620022451,https://web.archive.org/web/20240620022451/https://www.gucci.com/us/en/pr/men/shoes-for-men/slides-sandals-for-men/mens-web-rubber-slide-sandal-p-429469GIB101098?position=2&listName=M_Shoes_US&categoryPath=Men/Mens-Shoes,Men's Web Slide Sandal with Green & Red Web | GUCCI® US,470.0,USD,jsonld_offer_price
gucci,429469GIB101098,B_2024_2026,202408,20240805095538,https://web.archive.org/web/20240805095538/https://www.gucci.com/us/en/pr/men/shoes-for-men/slides-sandals-for-men/mens-web-rubber-slide-sandal-p-429469GIB101098?position=30&listName=ProductGrid&categoryPath=Men/Mens-Shoes/Mens-Sandals-Slides,Black Gucci Web Rubber Slide Sandals | GUCCI® US,470.0,USD,jsonld_offer_price
gucci,429469GIB101098,B_2024_2026,202412,20241204102350,https://web.archive.org/web/20241204102350/https://www.gucci.com/us/en/pr/men/shoes-for-men/slides-sandals-for-men/mens-slide-sandal-with-web-p-429469GIB101098,Black Gucci Web Rubber Slide Sandals | GUCCI® US,470.0,USD,jsonld_offer_price
gucci,429469GIB101098,B_2024_2026,202502,20250210044911,https://web.archive.org/web/20250210044911/https://www.gucci.com/us/en/pr/men/shoes-for-men/slides-sandals-for-men/mens-slide-sandal-with-web-p-429469GIB101098?position=2&listName=PGUS4Cols&categoryPath=Men/Mens-Shoes/Mens-Sandals-Slides,Black Gucci Web Rubber Slide Sandals | GUCCI® US,470.0,USD,jsonld_offer_price
gucci,429469GIB101098,B_2024_2026,202503,20250323020025,https://web.archive.org/web/20250323020025/https://www.gucci.com/us/en/pr/men/shoes-for-men/slides-sandals-for-men/mens-slide-sandal-with-web-p-429469GIB101098,,,,no_price_found
gucci,429469GIB101098,B_2024_2026,202507,20250702162449,https://web.archive.org/web/20250702162449/https://www.gucci.com/us/en/pr/men/shoes-for-men/slides-sandals-for-men/mens-slide-sandal-with-web-p-429469GIB101098,,,,no_price_found
gucci,429469GIB101098,B_2024_2026,202508,20250823032600,https://web.archive.org/web/20250823032600/https://www.gucci.com/us/en/pr/men/shoes-for-men/slides-sandals-for-men/mens-slide-sandal-with-web-p-429469GIB101098,Men's slide sandal with Web in black rubber | GUCCI® US,510.0,USD,jsonld_offer_price+usd_from_us_site_url
gucci,429469GIB101098,B_2024_2026,202510,20251008004608,https://web.archive.org/web/20251008004608/https://www.gucci.com/us/en/pr/men/shoes-for-men/slides-sandals-for-men/mens-slide-sandal-with-web-p-429469GIB101098?utm_source=www.luxelinq.com&utm_medium=referral&utm_campaign=5-designer-gift-ideas-under-500,Black Rubber Web Slide Sandal | GUCCI® US,510.0,USD,jsonld_offer_price+usd_from_us_site_url
gucci,409417AP00T9022,A_2018_2020,201901,20190129130608,https://web.archive.org/web/20190129130608/https://www.gucci.com/us/en/pr/women/womens-accessories/womens-belts/leather-belt-with-double-g-buckle-p-409417AP00T9022?position=6&listName=ProductGrid&categoryPath=Women/Womens-Accessories/Womens-Belts,Leather belt with Double G buckle in White leather | Gucci Women's Belts,350.0,USD,jsonld_offer_price
gucci,409417AP00T9022,A_2018_2020,201910,20191020032136,https://web.archive.org/web/20191020032136/https://www.gucci.com/us/en/pr/women/accessories-for-women/belts-for-women/skinny-belts-for-women/leather-belt-with-double-g-buckle-p-409417AP00T9022?position=4&listName=undefined&categoryPath=Women/Womens-Accessories/Womens-Belts/Womens-Skinny,white leather Leather belt with Double G buckle | GUCCI® US,350.0,USD,jsonld_offer_price
gucci,409417AP00T9022,A_2018_2020,202002,20200205165216,https://web.archive.org/web/20200205165216/https://www.gucci.com/us/en/pr/women/accessories-for-women/belts-for-women/skinny-belts-for-women/leather-belt-with-double-g-buckle-p-409417AP00T9022,White Skinny Leather Belt With Double G Buckle | GUCCI® US,350.0,USD,jsonld_offer_price
gucci,409417AP00T9022,B_2024_2026,202407,20240723001311,https://web.archive.org/web/20240723001311/https://www.gucci.com/us/en/pr/women/accessories-for-women/belts-for-women/gg-marmont-thin-belt-p-409417AP00T9022?position=4&listName=VariationOverlay,White Skinny Leather Belt With Double G Buckle | GUCCI® US,420.0,USD,jsonld_offer_price
gucci,409417AP00T9022,B_2024_2026,202409,20240913083552,https://web.archive.org/web/20240913083552/https://www.gucci.com/us/en/pr/women/accessories-for-women/belts-for-women/gg-marmont-thin-belt-p-409417AP00T9022?position=7%5Cu0026listName%3DPGUS4Cols%5Cu0026categoryPath%3DWomen%2FWomens-Accessories%2FWomens-Beltsns-Belts,,,,no_price_found
gucci,409417AP00T9022,B_2024_2026,202508,20250826103024,https://web.archive.org/web/20250826103024/https://www.gucci.com/us/en/pr/women/accessories-for-women/belts-for-women/gg-marmont-thin-belt-p-409417AP00T9022?position=22&listName=ProductGrid&categoryPath=Women%2FAccessories-for-Women%2FBelts-for-Women%2FSkinny-belts-for-Women,GG Marmont thin belt in white leather | GUCCI® US,440.0,USD,jsonld_offer_price+usd_from_us_site_url
gucci,524537K05NB8745,A_2018_2020,201902,20190226153719,https://web.archive.org/web/20190226153719/https://www.gucci.com/us/en/pr/women/womens-handbags/womens-totes/ophidia-gg-medium-top-handle-bag-p-524537K05NB8745,"Ophidia GG medium top handle bag in Beige/ebony GG Supreme canvas, a material with low environmental impact, with brown leather trim | Gucci Women's T",2150.0,USD,jsonld_offer_price
gucci,524537K05NB8745,A_2018_2020,201907,20190724213046,https://web.archive.org/web/20190724213046/https://www.gucci.com/us/en/pr/women/womens-handbags/womens-totes/ophidia-gg-medium-tote-bag-p-524537K05NB8745,Ophidia GG medium tote bag | GUCCI®,2150.0,USD,jsonld_offer_price
gucci,524537K05NB8745,A_2018_2020,201910,20191022183839,https://web.archive.org/web/20191022183839/https://www.gucci.com/us/en/pr/women/handbags/totes-for-women/ophidia-gg-medium-tote-bag-p-524537K05NB8745?position=28&listName=ProductGrid&categoryPath=Women/Womens-Handbags/Womens-Totes,GG Supreme Ophidia GG medium tote bag | GUCCI® US,2150.0,USD,jsonld_offer_price
gucci,524537K05NB8745,A_2018_2020,201912,20191207174939,https://web.archive.org/web/20191207174939/https://www.gucci.com/us/en/pr/women/handbags/totes-for-women/ophidia-gg-medium-tote-bag-p-524537K05NB8745?position=5&listName=ProductGrid&categoryPath=Women/Handbags/Totes-for-Women,GG Supreme Ophidia Medium Tote Bag | GUCCI® US,2150.0,USD,jsonld_offer_price
gucci,524537K05NB8745,B_2024_2026,202412,20241201050712,https://web.archive.org/web/20241201050712/https://www.gucci.com/us/en/pr/women/handbags/tote-bags-for-women/ophidia-medium-top-handle-bag-p-524537K05NB8745?gad_source=1&gclid=Cj0KCQiA4NWrBhD-ARIsAFCKwWtt3ziA4D_Kg2M2Xyeltsyz4L4qmOv9D60Lu-pwRIgqnX1pBLsY0CIaAsB_EALw_wcB&gclsrc=aw.ds,,,,no_price_found
gucci,524537K05NB8745,B_2024_2026,202503,20250318074538,https://web.archive.org/web/20250318074538/https://www.gucci.com/us/en/pr/women/handbags/tote-bags-for-women/ophidia-medium-top-handle-bag-p-524537K05NB8745,GG Supreme Ophidia Medium Tote Bag | GUCCI® US,2590.0,USD,jsonld_offer_price
gucci,524537K05NB8745,B_2024_2026,202508,20250811074735,https://web.archive.org/web/20250811074735/https://www.gucci.com/us/en/pr/women/handbags/tote-bags-for-women/ophidia-large-tote-bag-p-524537K05NB8745,Ophidia large tote bag in GG Supreme | GUCCI® US,2690.0,USD,jsonld_offer_price+usd_from_us_site_url
gucci,4565204B0021000,A_2018_2020,201906,20190604174401,https://web.archive.org/web/20190604174401/https://www.gucci.com/us/en/pr/men/mens-accessories/mens-ties/gg-pattern-silk-tie-p-4565204B0021000?gclid=Cj0KCQjwrdjnBRDXARIsAEcE5YnUnVl-Ty7QFfLklTi0rCJJoJYjV7WoHot3Dp4pETwxERpIxjjCSJUaAjhwEALw_wcB,GG pattern silk tie | GUCCI®,220.0,USD,jsonld_offer_price
gucci,4565204B0021000,A_2018_2020,201910,20191014064352,https://web.archive.org/web/20191014064352/https://www.gucci.com/us/en/pr/men/accessories-for-men/ties/ties/gg-pattern-silk-tie-p-4565204B0021000?position=36&listName=ProductGrid&categoryPath=Men/Accessories-for-Men/Ties,black GG pattern silk tie | GUCCI® US,220.0,USD,jsonld_offer_price
gucci,4565204B0021000,A_2018_2020,201912,20191207201226,https://web.archive.org/web/20191207201226/https://www.gucci.com/us/en/pr/men/accessories-for-men/ties/ties/gg-pattern-silk-tie-p-4565204B0021000?position=31&listName=ProductGrid&categoryPath=Gifts/Gifts-for-Men,Black GG Pattern Silk Tie | GUCCI® US,220.0,USD,jsonld_offer_price
gucci,4565204B0021000,A_2018_2020,202001,20200104152008,https://web.archive.org/web/20200104152008/https://www.gucci.com/us/en/pr/men/accessories-for-men/ties/ties/gg-pattern-silk-tie-p-4565204B0021000,Black GG Pattern Silk Tie | GUCCI® US,220.0,USD,jsonld_offer_price
gucci,4565204B0021000,B_2024_2026,202412,20241218204202,https://web.archive.org/web/20241218204202/https://www.gucci.com/us/en/pr/men/accessories-for-men/ties-for-men/gg-pattern-silk-tie-p-4565204B0021000,Black GG Pattern Silk Tie | GUCCI® US,240.0,USD,jsonld_offer_price
gucci,4565204B0021000,B_2024_2026,202507,20250726000406,https://web.archive.org/web/20250726000406/https://www.gucci.com/us/en/pr/men/accessories-for-men/ties-for-men/gg-silk-tie-p-4565204B0021000?gad_source=1&gbraid=0AAAAADurYgx1THeAFN27d3OXfxMAa3Ca-&gclid=Cj0KCQiAoae5BhCNARIsADVLzZcXK2_TCOsBbFGXVUvkDGL5Y7TFbKkNHfUpykKmXa6_01EEDSCwIDgaAiDIEALw_wcB&gclsrc=aw.ds,GG silk tie in black | GUCCI® US,250.0,USD,jsonld_offer_price+usd_from_us_site_url
gucci,4565204B0021000,B_2024_2026,202508,20250801065932,https://web.archive.org/web/20250801065932/https://www.gucci.com/us/en/pr/men/accessories-for-men/ties-for-men/gg-silk-tie-p-4565204B0021000,GG silk tie in black | GUCCI® US,250.0,USD,jsonld_offer_price+usd_from_us_site_url
gucci,448065DTD1T1000,A_2018_2020,201906,20190616165843,https://web.archive.org/web/20190616165843/https://www.gucci.com/us/en/pr/women/womens-handbags/womens-crossbody-bags/gg-marmont-matelasse-mini-bag-p-448065DTD1T1000?gclid=CjwKCAjwkrrbBRB9EiwAhlN8_Cg5_mTlGPZUZxTOu9WUd7y6WlTeVykTYAoTEKfGooPHp-6BB0s7bBoCfbQQAvD_BwE,GG Marmont matelassé mini bag | GUCCI®,1100.0,USD,jsonld_offer_price
gucci,448065DTD1T1000,A_2018_2020,201907,20190714034315,https://web.archive.org/web/20190714034315/https://www.gucci.com/us/en/pr/women/womens-handbags/womens-crossbody-bags/gg-marmont-matelasse-mini-bag-p-448065DTD1T1000,GG Marmont matelassé mini bag | GUCCI®,1100.0,USD,jsonld_offer_price
gucci,448065DTD1T1000,A_2018_2020,201909,20190915122850,https://web.archive.org/web/20190915122850/https://www.gucci.com/us/en/pr/women/womens-handbags/womens-crossbody-bags/gg-marmont-matelasse-mini-bag-p-448065DTD1T1000?position=26&listName=ProductGrid&categoryPath=Women/Womens-Handbags/Womens-Crossbody-Bags,black leather GG Marmont matelassé mini bag | GUCCI® US,980.0,USD,jsonld_offer_price
gucci,448065DTD1T1000,B_2024_2026,202406,20240615200735,https://web.archive.org/web/20240615200735/https://www.gucci.com/us/en/pr/women/handbags/crossbody-bags-for-women/gg-marmont-mini-shoulder-bag-p-448065DTD1T1000,Black Leather GG Marmont Matelassé Mini Bag Zip Top Closure | GUCCI® US,1600.0,USD,jsonld_offer_price
gucci,448065DTD1T1000,B_2024_2026,202408,20240808231522,https://web.archive.org/web/20240808231522/https://www.gucci.com/us/en/pr/women/handbags/crossbody-bags-for-women/gg-marmont-mini-shoulder-bag-p-448065DTD1T1000,Black Leather GG Marmont Matelassé Mini Bag Zip Top Closure | GUCCI® US,1600.0,USD,jsonld_offer_price
gucci,448065DTD1T1000,B_2024_2026,202504,20250420130637,https://web.archive.org/web/20250420130637/https://www.gucci.com/us/en/pr/women/handbags/crossbody-bags-for-women/gg-marmont-mini-camera-bag-p-448065DTD1T1000?gad_source=1&gclid=Cj0KCQjwsuSzBhCLARIsAIcdLm5SvpFnfmaHniDOrrbNWbpZkNIOUo2uVhhCnQXtnCyAWlS0ojhR14MaAqd0EALw_wcB&gclsrc=aw.ds,Black Leather GG Marmont Matelassé Mini Bag Zip Top Closure | GUCCI® US,1800.0,USD,jsonld_offer_price
gucci,448065DTD1T1000,B_2024_2026,202508,20250822035955,https://web.archive.org/web/20250822035955/https://www.gucci.com/us/en/pr/women/handbags/crossbody-bags-for-women/gg-marmont-mini-camera-bag-p-448065DTD1T1000?position=38&listName=ProductGridComponent&categoryPath=Women%2FWomens-Handbags,GG Marmont mini camera bag in black leather | GUCCI® US,1800.0,USD,jsonld_offer_price+usd_from_us_site_url
gucci,448065DTD1T1000,B_2024_2026,202509,20250915220405,https://web.archive.org/web/20250915220405/https://www.gucci.com/us/en/pr/women/handbags/crossbody-bags-for-women/gg-marmont-mini-camera-bag-p-448065DTD1T1000?utm_medium=organic&utm_source=google&utm_campaign=free_pla&utm_content=pla&utm_term=448065DTD1T1000_OS,GG Marmont mini camera bag in black leather | GUCCI® US,1800.0,USD,jsonld_offer_price+usd_from_us_site_url
gucci,448065DTD1T1000,B_2024_2026,202510,20251012052748,https://web.archive.org/web/20251012052748/https://www.gucci.com/us/en/pr/women/handbags/crossbody-bags-for-women/gg-marmont-mini-camera-bag-p-448065DTD1T1000,Black Leather GG Marmont Matelassé Mini Bag Zip Top Closure | GUCCI® US,1800.0,USD,jsonld_offer_price+usd_from_us_site_url
gucci,5861699PLP89201,A_2018_2020,201907,20190723013850,https://web.archive.org/web/20190723013850/https://www.gucci.com/us/en/pr/beauty/make-up/lips/sheer/201-the-painted-veil-rouge-a-levres-voile-lipstick-p-5861699PLP89201?position=9&listName=VariationOverlay,"201 The Painted Veil, Rouge à Lèvres Voile Lipstick | GUCCI®",38.0,USD,jsonld_offer_price
gucci,5861699PLP89201,A_2018_2020,201911,20191118115733,https://web.archive.org/web/20191118115733/https://www.gucci.com/us/en/pr/beauty/make-up/lips/sheer/201-the-painted-veil-rouge-a-levres-voile-lipstick-p-5861699PLP89201?position=3&listName=ProductGrid&categoryPath=Beauty/Make-Up/Lips/Sheer,"201 The Painted Veil, Rouge à Lèvres Voile Lipstick | GUCCI® US",38.0,USD,jsonld_offer_price
gucci,5861699PLP89201,A_2018_2020,201912,20191209055038,https://web.archive.org/web/20191209055038/https://www.gucci.com/us/en/pr/beauty/make-up/lips/sheer/201-the-painted-veil-rouge-a-levres-voile-lipstick-p-5861699PLP89201?position=6&listName=ProductGrid&categoryPath=Beauty/Make-Up/Lips/Sheer,"201 The Painted Veil, Rouge à Lèvres Voile Lipstick | GUCCI® US",42.0,USD,jsonld_offer_price
gucci,5861699PLP89201,B_2024_2026,202408,20240808170739,https://web.archive.org/web/20240808170739/https://www.gucci.com/us/en/pr/beauty/make-up/lips/201-the-painted-veil-rouge-a-levres-voile-lipstick-p-5861699PLP89201,"201 The Painted Veil, Rouge à Lèvres Voile Lipstick | GUCCI® US",47.0,USD,jsonld_offer_price
gucci,5861699PLP89201,B_2024_2026,202510,20251006084023,https://web.archive.org/web/20251006084023/https://www.gucci.com/us/en/pr/beauty/201-the-painted-veil-rouge-a-levres-voile-lipstick-p-5861699PLP89201,"201 The Painted Veil, Rouge à Lèvres Voile Lipstick | GUCCI® US",50.0,USD,jsonld_offer_price+usd_from_us_site_url
gucci,5861699PLP89201,B_2024_2026,202511,20251118164004,https://web.archive.org/web/20251118164004/https://www.gucci.com/us/en/pr/beauty/201-the-painted-veil-rouge-a-levres-voile-lipstick-p-5861699PLP89201,"201 The Painted Veil, Rouge à Lèvres Voile Lipstick | GUCCI® US",50.0,USD,jsonld_offer_price+usd_from_us_site_url
gucci,5861699PLP89203,A_2018_2020,201908,20190824110359,https://web.archive.org/web/20190824110359/https://www.gucci.com/us/en/pr/beauty/make-up/lips/sheer/203-mildred-rosewood-rouge-a-levres-voile-lipstick-p-5861699PLP89203?position=9&listName=VariationOverlay,"Nude Undefined 203 Mildred Rosewood, Rouge à Lèvres Voile Lipstick | GUCCI® US",38.0,USD,jsonld_offer_price
gucci,5861699PLP89203,A_2018_2020,201910,20191010132133,https://web.archive.org/web/20191010132133/https://www.gucci.com/us/en/pr/beauty/make-up/lips/sheer/203-mildred-rosewood-rouge-a-levres-voile-lipstick-p-5861699PLP89203?position=58&listName=ProductGrid&categoryPath=Beauty/Make-Up/Lips/Sheer,"203 Mildred Rosewood, Rouge à Lèvres Voile Lipstick | GUCCI®",38.0,USD,jsonld_offer_price
gucci,5861699PLP89203,A_2018_2020,201911,20191118112434,https://web.archive.org/web/20191118112434/https://www.gucci.com/us/en/pr/beauty/make-up/lips/sheer/203-mildred-rosewood-rouge-a-levres-voile-lipstick-p-5861699PLP89203?position=4&listName=ProductGrid&categoryPath=Beauty/Make-Up/Lips/Sheer,"203 Mildred Rosewood, Rouge à Lèvres Voile Lipstick | GUCCI® US",38.0,USD,jsonld_offer_price
gucci,5861699PLP89203,B_2024_2026,202508,20250811202258,https://web.archive.org/web/20250811202258/https://www.gucci.com/us/en/pr/beauty/203-mildred-rosewood-rouge-a-levres-voile-lipstick-p-5861699PLP89203?srsltid=AfmBOoqsDufrSyAKy-koo_ka2gAwPaw2wBH7cD8l1QnrP1hxtq2lVX3B,"203 Mildred Rosewood, Rouge à Lèvres Voile Lipstick in 203 Mildred Rosewood | GUCCI® US",50.0,USD,jsonld_offer_price+usd_from_us_site_url
gucci,5861699PLP89203,B_2024_2026,202510,20251014172718,https://web.archive.org/web/20251014172718/https://www.gucci.com/us/en/pr/beauty/203-mildred-rosewood-rouge-a-levres-voile-lipstick-p-5861699PLP89203,"203 Mildred Rosewood, Rouge à Lèvres Voile Lipstick | GUCCI® US",50.0,USD,jsonld_offer_price+usd_from_us_site_url
gucci,5861699PLP89203,B_2024_2026,202511,20251118050716,https://web.archive.org/web/20251118050716/https://www.gucci.com/us/en/pr/beauty/203-mildred-rosewood-rouge-a-levres-voile-lipstick-p-5861699PLP89203?position=3&listName=VariationOverlay,"203 Mildred Rosewood, Rouge à Lèvres Voile Lipstick | GUCCI® US",50.0,USD,jsonld_offer_price+usd_from_us_site_url
gucci,5861699PLP89203,B_2024_2026,202512,20251204213800,https://web.archive.org/web/20251204213800/https://www.gucci.com/us/en/pr/beauty/203-mildred-rosewood-rouge-a-levres-voile-lipstick-p-5861699PLP89203,,,,no_price_found
gucci,5861699PLP89500,A_2018_2020,201907,20190717182401,https://web.archive.org/web/20190717182401/https://www.gucci.com/us/en/pr/beauty/make-up/lips/sheer/500-odalie-red-rouge-a-levres-voile-lipstick-p-5861699PLP89500?position=15&listName=VariationOverlay,"500 Odalie Red, Rouge à Lèvres Voile Lipstick | GUCCI®",38.0,USD,jsonld_offer_price
gucci,5861699PLP89500,A_2018_2020,201909,20190917145456,https://web.archive.org/web/20190917145456/https://www.gucci.com/us/en/pr/beauty/make-up/lips/sheer/500-odalie-red-rouge-a-levres-voile-lipstick-p-5861699PLP89500?position=4&listName=VariationOverlay,"500 Odalie Red 500 Odalie Red, Rouge à Lèvres Voile Lipstick | GUCCI® US",38.0,USD,jsonld_offer_price
gucci,5861699PLP89500,A_2018_2020,201911,20191112113517,https://web.archive.org/web/20191112113517/https://www.gucci.com/us/en/pr/beauty/make-up/lips/sheer/500-odalie-red-rouge-a-levres-voile-lipstick-p-5861699PLP89500?position=13&listName=ProductGrid&categoryPath=Beauty/Make-Up/Lips/Sheer,"Red 500 Odalie Red, Rouge à Lèvres Voile Lipstick | GUCCI® US",38.0,USD,jsonld_offer_price
gucci,5861699PLP89500,A_2018_2020,201912,20191206071617,https://web.archive.org/web/20191206071617/https://www.gucci.com/us/en/pr/beauty/make-up/lips/sheer/500-odalie-red-rouge-a-levres-voile-lipstick-p-5861699PLP89500?position=21&listName=ProductGrid&categoryPath=Beauty/Make-Up/Lips,"500 Odalie Red, Rouge à Lèvres Voile Lipstick | GUCCI® US",42.0,USD,jsonld_offer_price
gucci,5861699PLP89500,B_2024_2026,202408,20240804050944,https://web.archive.org/web/20240804050944/https://www.gucci.com/us/en/pr/beauty/make-up/lips/500-odalie-red-rouge-a-levres-voile-lipstick-p-5861699PLP89500,"500 Odalie Red, Rouge à Lèvres Voile Lipstick | GUCCI® US",47.0,USD,jsonld_offer_price
gucci,5861699PLP89500,B_2024_2026,202506,20250618020933,https://web.archive.org/web/20250618020933/https://www.gucci.com/us/en/pr/beauty/500-odalie-red-rouge-a-levres-voile-lipstick-p-5861699PLP89500,"500 Odalie Red, Rouge à Lèvres Voile Lipstick in 500 Odalie Red | GUCCI® US",50.0,USD,jsonld_offer_price+usd_from_us_site_url
gucci,5861699PLP89500,B_2024_2026,202511,20251113034454,https://web.archive.org/web/20251113034454/https://www.gucci.com/us/en/pr/beauty/beauty-makeup/500-odalie-red-rouge-a-levres-voile-lipstick-p-5861699PLP89500,"500 Odalie Red, Rouge à Lèvres Voile Lipstick | GUCCI® US",50.0,USD,jsonld_offer_price+usd_from_us_site_url
gucci,488668ZAT013110,A_2018_2020,201908,20190821221134,https://web.archive.org/web/20190821221134/https://www.gucci.com/us/en/pr/decor/wallpapers/heron-print-wallpaper-p-488668ZAT013110?position=2&listName=VariationOverlay,Undefined Undefined Heron print wallpaper | GUCCI® US,390.0,USD,jsonld_offer_price
gucci,488668ZAT013110,A_2018_2020,201910,20191020004322,https://web.archive.org/web/20191020004322/https://www.gucci.com/us/en/pr/decor/wallpapers/heron-print-wallpaper-p-488668ZAT013110?position=12&listName=ProductGrid&categoryPath=Decor/Wallpapers,green heron print Heron print wallpaper | GUCCI® US,390.0,USD,jsonld_offer_price
gucci,488668ZAT013110,A_2018_2020,201911,20191122101855,https://web.archive.org/web/20191122101855/https://www.gucci.com/us/en/pr/decor/wallpapers/heron-print-wallpaper-p-488668ZAT013110?position=13&listName=ProductGrid&categoryPath=Decor/Wallpapers,Green Heron Print Wallpaper | GUCCI® US,390.0,USD,jsonld_offer_price
gucci,488668ZAT013110,B_2024_2026,202504,20250426060129,https://web.archive.org/web/20250426060129/https://www.gucci.com/us/en/pr/decor-lifestyle/gucci-decor/wallpaper/heron-print-wallpaper-p-488668ZAT013110,Heron print wallpaper in green heron print | GUCCI® US,57000,USD,jsonld_offer_price+usd_from_us_site_url
gucci,488668ZAT013110,B_2024_2026,202506,20250610202122,https://web.archive.org/web/20250610202122/https://www.gucci.com/us/en/pr/decor-lifestyle/gucci-decor/wallpaper/heron-print-wallpaper-p-488668ZAT013110,Heron print wallpaper in green heron print | GUCCI® US,570.0,USD,jsonld_offer_price+usd_from_us_site_url
gucci,488668ZAT013110,B_2024_2026,202507,20250727072441,https://web.archive.org/web/20250727072441/https://www.gucci.com/us/en/pr/decor-lifestyle/gucci-decor/wallpaper/heron-print-wallpaper-p-488668ZAT013110,,,,no_price_found
gucci,488668ZAT013110,B_2024_2026,202510,20251007070420,https://web.archive.org/web/20251007070420/https://www.gucci.com/us/en/pr/decor-lifestyle/gucci-decor/wallpaper/heron-print-wallpaper-p-488668ZAT013110?gclid=Cj0KCQjwmZejBhC_ARIsAGhCqnf_j2xoj5V7qBEiaje3UyTrxI0bDOsf2kAom4oLZ2gwnwYdJOK7JZUaApw0EALw_wcB&gclsrc=aw.ds,Green Heron Print Wallpaper | GUCCI® US,600.0,USD,jsonld_offer_price+usd_from_us_site_url
gucci,488668ZAT013110,B_2024_2026,202512,20251205204216,https://web.archive.org/web/20251205204216/https://www.gucci.com/us/en/pr/decor-lifestyle/gucci-decor/wallpaper/heron-print-wallpaper-p-488668ZAT013110,,,,no_price_found
gucci,488668ZAT013110,B_2024_2026,202603,20260312110834,https://web.archive.org/web/20260312110834/https://www.gucci.com/us/en/pr/decor-lifestyle/gucci-decor/wallpaper/heron-print-wallpaper-p-488668ZAT013110,Green Heron Print Wallpaper | GUCCI® US,600.0,USD,jsonld_offer_price+usd_from_us_site_url
gucci,488668ZAT013110,B_2024_2026,202604,20260413075750,https://web.archive.org/web/20260413075750/https://www.gucci.com/us/en/pr/decor-lifestyle/gucci-decor/wallpaper/heron-print-wallpaper-p-488668ZAT013110,Green Heron Print Wallpaper | GUCCI® US,600.0,USD,jsonld_offer_price+usd_from_us_site_url
gucci,488668ZAT013110,B_2024_2026,202605,20260516013805,https://web.archive.org/web/20260516013805/https://www.gucci.com/us/en/pr/decor-lifestyle/gucci-decor/wallpaper/heron-print-wallpaper-p-488668ZAT013110,Green Heron Print Wallpaper | GUCCI® US,600.0,USD,jsonld_offer_price+usd_from_us_site_url
gucci,488830999990099,A_2018_2020,201909,20190918091517,https://web.archive.org/web/20190918091517/https://www.gucci.com/us/en/pr/fragrances/fragrances-for-women/gucci-bloom/gucci-bloom-100ml-eau-de-parfum-p-488830999990099?position=1&listName=ProductGridComponent&categoryPath=Fragrances%2FFragrances-for-Women%2FGucci-Bloom,eau de parfum Gucci Bloom 100ml eau de parfum | GUCCI® US,128.0,USD,jsonld_offer_price
gucci,488830999990099,A_2018_2020,201910,20191015232736,https://web.archive.org/web/20191015232736/https://www.gucci.com/us/en/pr/beauty/fragrances/fragrances-for-women/gucci-bloom/gucci-bloom-100ml-eau-de-parfum-p-488830999990099?position=8&listName=ProductGrid&categoryPath=Fragrances/Fragrances-for-Women,eau de parfum Gucci Bloom 100ml eau de parfum | GUCCI® US,130.0,USD,jsonld_offer_price
gucci,488830999990099,A_2018_2020,201911,20191118172031,https://web.archive.org/web/20191118172031/https://www.gucci.com/us/en/pr/beauty/fragrances/fragrances-for-women/gucci-bloom/gucci-bloom-100ml-eau-de-parfum-p-488830999990099?position=8&listName=ProductGrid&categoryPath=Beauty/Fragrances/Fragrances-for-Women,Gucci Bloom 100ml Eau De Parfum | GUCCI® US,130.0,USD,jsonld_offer_price
gucci,488830999990099,B_2024_2026,202406,20240607063128,https://web.archive.org/web/20240607063128/https://www.gucci.com/us/en/pr/beauty/fragrances/fragrances-for-women/gucci-bloom-100ml-eau-de-parfum-p-488830999990099?position=1&amp;listName=ProductGridComponent&amp;categoryPath=Fragrances%2FFragrances-for-Women%2FGucci-Bloom,Gucci Bloom 100ml Eau De Parfum | GUCCI® US,168.0,USD,jsonld_offer_price
gucci,488830999990099,B_2024_2026,202407,20240716215133,https://web.archive.org/web/20240716215133/https://www.gucci.com/us/en/pr/beauty/fragrances/fragrances-for-women/gucci-bloom-100ml-eau-de-parfum-p-488830999990099,Gucci Bloom 100ml Eau De Parfum | GUCCI® US,168.0,USD,jsonld_offer_price
gucci,488830999990099,B_2024_2026,202408,20240807035749,https://web.archive.org/web/20240807035749/https://www.gucci.com/us/en/pr/beauty/fragrances/fragrances-for-women/gucci-bloom-100ml-eau-de-parfum-p-488830999990099,Gucci Bloom 100ml Eau De Parfum | GUCCI® US,168.0,USD,jsonld_offer_price
gucci,488830999990099,B_2024_2026,202409,20240905235341,https://web.archive.org/web/20240905235341/https://www.gucci.com/us/en/pr/beauty/fragrances/fragrances-for-women/gucci-bloom-100ml-eau-de-parfum-p-488830999990099?ranEAID=SyrN4SGJMyU&ranMID=37490&ranSiteID=SyrN4SGJMyU-8BR46gP7xS3aJ4RjMD9g.A&siteID=SyrN4SGJMyU-8BR46gP7xS3aJ4RjMD9g.A&utm_campaign=1&utm_content=10&utm_medium=affiliates&utm_source=SyrN4SGJMyU&utm_term=SyrN4SGJMyU,,,,no_price_found
gucci,488830999990099,B_2024_2026,202410,20241002051956,https://web.archive.org/web/20241002051956/https://www.gucci.com/us/en/pr/beauty/fragrances/fragrances-for-women/gucci-bloom-100ml-eau-de-parfum-p-488830999990099,Gucci Bloom 100ml Eau De Parfum | GUCCI® US,168.0,USD,jsonld_offer_price
gucci,488830999990099,B_2024_2026,202501,20250102041521,https://web.archive.org/web/20250102041521/https://www.gucci.com/us/en/pr/beauty/fragrances/fragrances-for-women/gucci-bloom-100ml-eau-de-parfum-p-488830999990099?utm_source=SyrN4SGJMyU&utm_medium=affiliates&utm_campaign=1&utm_content=10&utm_term=SyrN4SGJMyU&ranMID=37490&ranEAID=SyrN4SGJMyU&ranSiteID=SyrN4SGJMyU-_iipcXhfNOcAPZdrwxjn3A&siteID=SyrN4SGJMyU-_iipcXhfNOcAPZdrwxjn3A,Gucci Bloom 100ml Eau De Parfum | GUCCI® US,168.0,USD,jsonld_offer_price
gucci,488830999990099,B_2024_2026,202502,20250207124749,https://web.archive.org/web/20250207124749/https://www.gucci.com/us/en/pr/beauty/fragrances/fragrances-for-women/gucci-bloom-100ml-eau-de-parfum-p-488830999990099,Gucci Bloom 100ml Eau De Parfum | GUCCI® US,168.0,USD,jsonld_offer_price
gucci,488830999990099,B_2024_2026,202505,20250504225801,https://web.archive.org/web/20250504225801/https://www.gucci.com/us/en/pr/beauty/fragrances/fragrances-for-women/gucci-bloom-100ml-eau-de-parfum-p-488830999990099,,,,no_price_found
gucci,488830999990099,B_2024_2026,202507,20250723051926,https://web.archive.org/web/20250723051926/https://www.gucci.com/us/en/pr/beauty/fragrances/fragrances-for-women/gucci-bloom-100ml-eau-de-parfum-p-488830999990099?ranMID=37490&ranEAID=kXQk6*ivFEQ&ranSiteID=kXQk6.ivFEQ-.wnbWSLXXBM.WuZxBfikjA&siteID=kXQk6.ivFEQ-.wnbWSLXXBM.WuZxBfikjA,Gucci Bloom 100ml eau de parfum in eau de parfum | GUCCI® US,168.0,USD,jsonld_offer_price+usd_from_us_site_url
gucci,488830999990099,B_2024_2026,202508,20250810203910,https://web.archive.org/web/20250810203910/https://www.gucci.com/us/en/pr/beauty/fragrances/fragrances-for-women/gucci-bloom-100ml-eau-de-parfum-p-488830999990099,,,,no_price_found
gucci,488830999990099,B_2024_2026,202509,20250923193841,https://web.archive.org/web/20250923193841/https://www.gucci.com/us/en/pr/beauty/fragrances/fragrances-for-women/gucci-bloom-100ml-eau-de-parfum-p-488830999990099,Gucci Bloom 100ml eau de parfum in eau de parfum | GUCCI® US,168.0,USD,jsonld_offer_price+usd_from_us_site_url
gucci,488830999990099,B_2024_2026,202511,20251118082326,https://web.archive.org/web/20251118082326/https://www.gucci.com/us/en/pr/beauty/fragrances/fragrances-for-women/gucci-bloom-100ml-eau-de-parfum-p-488830999990099,Gucci Bloom 100ml eau de parfum in eau de parfum | GUCCI® US,168.0,USD,jsonld_offer_price+usd_from_us_site_url
gucci,488830999990099,B_2024_2026,202512,20251203162722,https://web.archive.org/web/20251203162722/https://www.gucci.com/us/en/pr/beauty/fragrances/fragrances-for-women/gucci-bloom-100ml-eau-de-parfum-p-488830999990099,,,,no_price_found
gucci,488830999990099,B_2024_2026,202602,20260204234249,https://web.archive.org/web/20260204234249/https://www.gucci.com/us/en/pr/beauty/fragrances/fragrances-for-women/gucci-bloom-100ml-eau-de-parfum-p-488830999990099?srsltid=AfmBOoqMWRDE72Lo1W6Nd_fWAvwwTZ6Q1xPPLiqK9vgOV0m1A5JW882i,,,,no_price_found
gucci,488830999990099,B_2024_2026,202603,20260330140940,https://web.archive.org/web/20260330140940/https://www.gucci.com/us/en/pr/beauty/fragrances/fragrances-for-women/gucci-bloom-100ml-eau-de-parfum-p-488830999990099,,,,fetch_failed
gucci,488830999990099,B_2024_2026,202604,20260419204055,https://web.archive.org/web/20260419204055/https://www.gucci.com/us/en/pr/beauty/fragrances/fragrances-for-women/gucci-bloom-100ml-eau-de-parfum-p-488830999990099?position=1&listName=ProductGridComponent&categoryPath=Fragrances%2FFragrances-for-Women%2FGucci-Bloom,Gucci Bloom 100ml eau de parfum in eau de parfum | GUCCI® US,168.0,USD,jsonld_offer_price+usd_from_us_site_url
gucci,488830999990099,B_2024_2026,202605,20260518182511,https://web.archive.org/web/20260518182511/https://www.gucci.com/us/en/pr/beauty/fragrances/fragrances-for-women/gucci-bloom-100ml-eau-de-parfum-p-488830999990099,,,,no_price_found
gucci,440103X3F051508,A_2018_2020,201907,20190706133329,https://web.archive.org/web/20190706133329/https://www.gucci.com/us/en/pr/men/mens-ready-to-wear/mens-t-shirts-polos/oversize-washed-t-shirt-with-gucci-logo-p-440103X3F051508?position=20&listName=ProductGrid&categoryPath=Men/Mens-Ready-To-Wear/Mens-T-shirts-Polos/Mens-T-shirts,Oversize washed T-shirt with Gucci logo | GUCCI®,480.0,USD,jsonld_offer_price
gucci,440103X3F051508,A_2018_2020,201908,20190818201954,https://web.archive.org/web/20190818201954/https://www.gucci.com/us/en/pr/men/mens-ready-to-wear/mens-t-shirts-polos/oversize-washed-t-shirt-with-gucci-logo-p-440103X3F051508,Black Washed Cotton Jersey Oversize T-Shirt With Gucci Logo US,480.0,USD,jsonld_offer_price
gucci,440103X3F051508,A_2018_2020,201909,20190919164525,https://web.archive.org/web/20190919164525/https://www.gucci.com/us/en/pr/men/mens-ready-to-wear/mens-t-shirts-polos/oversize-washed-t-shirt-with-gucci-logo-p-440103X3F051508?position=25&listName=ProductGrid&categoryPath=Men/Mens-Ready-To-Wear/Mens-T-shirts-Polos/Mens-T-shirts,black washed cotton jersey Oversize washed T-shirt with Gucci logo | GUCCI® US,480.0,USD,jsonld_offer_price
gucci,440103X3F051508,B_2024_2026,202406,20240613095803,https://web.archive.org/web/20240613095803/https://www.gucci.com/us/en/pr/men/ready-to-wear-for-men/t-shirts-polo-shirts-for-men/oversize-washed-t-shirt-with-gucci-logo-p-440103X3F051508?position=14&listName=PGUS4Cols&categoryPath=Men/Mens-Ready-To-Wear/Mens-T-shirts-Polos,Black Washed Cotton Jersey Oversize T-Shirt With Gucci Logo | GUCCI® US,590.0,USD,jsonld_offer_price
gucci,440103X3F051508,B_2024_2026,202407,20240716205754,https://web.archive.org/web/20240716205754/https://www.gucci.com/us/en/pr/men/ready-to-wear-for-men/t-shirts-polo-shirts-for-men/oversize-washed-t-shirt-with-gucci-logo-p-440103X3F051508?position=14&listName=PGUS4Cols&categoryPath=Men/Mens-Ready-To-Wear/Mens-T-shirts-Polos,Black Washed Cotton Jersey Oversize T-Shirt With Gucci Logo | GUCCI® US,590.0,USD,jsonld_offer_price
gucci,440103X3F051508,B_2024_2026,202509,20250913140412,https://web.archive.org/web/20250913140412/https://www.gucci.com/us/en/pr/men/ready-to-wear-for-men/t-shirts-polo-shirts-for-men/oversize-washed-t-shirt-with-gucci-logo-p-440103X3F051508,Oversize washed T-shirt with Gucci logo in black washed cotton jersey | GUCCI® US,650.0,USD,jsonld_offer_price+usd_from_us_site_url
gucci,5479659U8BT8994,A_2018_2020,201907,20190727192802,https://web.archive.org/web/20190727192802/https://www.gucci.com/us/en/pr/women/womens-handbags/womens-backpacks-beltbags/ophidia-gg-small-backpack-p-5479659U8BT8994,Ophidia GG small backpack | GUCCI®,1590.0,USD,jsonld_offer_price
gucci,5479659U8BT8994,A_2018_2020,201910,20191016000613,https://web.archive.org/web/20191016000613/https://www.gucci.com/us/en/pr/women/handbags/backpacks-for-women/ophidia-gg-small-backpack-p-5479659U8BT8994?position=25&listName=ProductGrid&categoryPath=Women/Handbags,GG Supreme Ophidia GG small backpack | GUCCI® US,1590.0,USD,jsonld_offer_price
gucci,5479659U8BT8994,A_2018_2020,201911,20191117133344,https://web.archive.org/web/20191117133344/https://www.gucci.com/us/en/pr/men/bags-for-men/backpacks-for-men/ophidia-gg-small-backpack-p-5479659U8BT8994?gclid=CjwKCAjw6vvoBRBtEiwAZq-T1XAiLIBslrQeEoy3Q16jHlBpeulJLY8unbrRZrU4901t_-Y9xlvsxRoCjwEQAvD_BwE,GG Supreme Ophidia Small Backpack | GUCCI® US,1590.0,USD,jsonld_offer_price
gucci,5479659U8BT8994,B_2024_2026,202406,20240617200353,https://web.archive.org/web/20240617200353/https://www.gucci.com/us/en/pr/men/bags-for-men/backpacks-for-men/ophidia-gg-small-backpack-p-5479659U8BT8994,GG Supreme Ophidia Small Backpack | GUCCI® US,1980.0,USD,jsonld_offer_price
gucci,5479659U8BT8994,B_2024_2026,202408,20240808032803,https://web.archive.org/web/20240808032803/https://www.gucci.com/us/en/pr/men/bags-for-men/backpacks-for-men/ophidia-gg-small-backpack-p-5479659U8BT8994?utm_source=kXQk6*ivFEQ&utm_medium=affiliates&utm_campaign=1&utm_content=10&utm_term=kXQk6*ivFEQ&ranMID=37490&ranEAID=kXQk6*ivFEQ&ranSiteID=kXQk6.ivFEQ-omXuI_z1V4Vb3pxuH6.G5A&siteID=kXQk6.ivFEQ-omXuI_z1V4Vb3pxuH6.G5A,GG Supreme Ophidia Small Backpack | GUCCI® US,1980.0,USD,jsonld_offer_price
gucci,5479659U8BT8994,B_2024_2026,202412,20241201200109,https://web.archive.org/web/20241201200109/https://www.gucci.com/us/en/pr/men/bags-for-men/backpacks-for-men/ophidia-small-backpack-p-5479659U8BT8994?position=94&listName=ProductGrid&categoryPath=Women/Womens-Handbags/Womens-Backpacks,GG Supreme Ophidia Small Backpack | GUCCI® US,1980.0,USD,jsonld_offer_price
gucci,5479659U8BT8994,B_2024_2026,202507,20250702162419,https://web.archive.org/web/20250702162419/https://www.gucci.com/us/en/pr/men/bags-for-men/backpacks-for-men/ophidia-small-backpack-p-5479659U8BT8994,,,,no_price_found
gucci,5479659U8BT8994,B_2024_2026,202508,20250809190616,https://web.archive.org/web/20250809190616/https://www.gucci.com/us/en/pr/men/bags-for-men/backpacks-for-men/ophidia-small-backpack-p-5479659U8BT8994,Ophidia small backpack in GG Supreme | GUCCI® US,1980.0,USD,jsonld_offer_price+usd_from_us_site_url
gucci,5479659U8BT8994,B_2024_2026,202509,20250915171457,https://web.archive.org/web/20250915171457/https://www.gucci.com/us/en/pr/men/bags-for-men/backpacks-for-men/ophidia-small-backpack-p-5479659U8BT8994,,,,no_price_found
gucci,447632DTD1T1000,A_2018_2020,201908,20190818085033,https://web.archive.org/web/20190818085033/https://www.gucci.com/us/en/pr/women/womens-handbags/womens-crossbody-bags/gg-marmont-small-matelasse-shoulder-bag-p-447632DTD1T1000?position=75&listName=ProductGrid&categoryPath=Women/Womens-Handbags/Womens-Crossbody-Bags,Black Leather GG Marmont small matelassé shoulder bag | GUCCI® US,1290.0,USD,jsonld_offer_price
gucci,447632DTD1T1000,A_2018_2020,201910,20191021054837,https://web.archive.org/web/20191021054837/https://www.gucci.com/us/en/pr/women/handbags/crossbody-bags-for-women/gg-marmont-small-matelasse-shoulder-bag-p-447632DTD1T1000?position=2&listName=VariationOverlay,black leather GG Marmont small matelassé shoulder bag | GUCCI® US,1290.0,USD,jsonld_offer_price
gucci,447632DTD1T1000,A_2018_2020,201911,20191113211104,https://web.archive.org/web/20191113211104/https://www.gucci.com/us/en/pr/women/handbags/crossbody-bags-for-women/gg-marmont-small-matelasse-shoulder-bag-p-447632DTD1T1000?position=24&listName=PGUS4Cols&categoryPath=Women/Womens-Handbags/Womens-Crossbody-Bags,Black Leather GG Marmont Small Matelassé Shoulder Bag | GUCCI® US,1290.0,USD,jsonld_offer_price
gucci,447632DTD1T1000,B_2024_2026,202406,20240615054129,https://web.archive.org/web/20240615054129/https://www.gucci.com/us/en/pr/women/handbags/shoulder-bags-for-women/gg-marmont-small-shoulder-bag-p-447632DTD1T1000?gclid=Cj0KCQiAsdKbBhDHARIsANJ6-jfCkcTljQCTrA4FBG68JmTlwcw0IXUCrxAecuvTt2AKW5HUfdlfjlwaAmLxEALw_wcB&gclsrc=aw.ds,Black Leather GG Marmont Small Matelassé Shoulder Bag | GUCCI® US,1790.0,USD,jsonld_offer_price
gucci,447632DTD1T1000,B_2024_2026,202408,20240811114331,https://web.archive.org/web/20240811114331/https://www.gucci.com/us/en/pr/women/handbags/shoulder-bags-for-women/gg-marmont-small-shoulder-bag-p-447632DTD1T1000,Black Leather GG Marmont Small Matelassé Shoulder Bag | GUCCI® US,1790.0,USD,jsonld_offer_price
gucci,447632DTD1T1000,B_2024_2026,202411,20241114193155,https://web.archive.org/web/20241114193155/https://www.gucci.com/us/en/pr/women/handbags/shoulder-bags-for-women/gg-marmont-small-shoulder-bag-p-447632DTD1T1000,,,,no_price_found
gucci,447632DTD1T1000,B_2024_2026,202507,20250702162706,https://web.archive.org/web/20250702162706/https://www.gucci.com/us/en/pr/women/handbags/shoulder-bags-for-women/gg-marmont-small-camera-bag-p-447632DTD1T1000,,,,no_price_found
gucci,447632DTD1T1000,B_2024_2026,202508,20250812122455,https://web.archive.org/web/20250812122455/https://www.gucci.com/us/en/pr/women/handbags/shoulder-bags-for-women/gg-marmont-small-camera-bag-p-447632DTD1T1000,GG Marmont small camera bag in black leather | GUCCI® US,1950.0,USD,jsonld_offer_price+usd_from_us_site_url
gucci,446744DTDIT9022,A_2018_2020,201909,20190923154018,https://web.archive.org/web/20190923154018/https://www.gucci.com/us/en/pr/women/womens-handbags/womens-shoulder-bags/womens-chain-bags/gg-marmont-matelasse-mini-bag-p-446744DTDIT9022?position=25&listName=ProductGrid&categoryPath=Women/Womens-Handbags/Womens-Shoulder-Bags/Womens-Chain-Bags,white leather GG Marmont matelassé mini bag | GUCCI® US,1890.0,USD,jsonld_offer_price
gucci,446744DTDIT9022,A_2018_2020,201910,20191023135101,https://web.archive.org/web/20191023135101/https://www.gucci.com/us/en/pr/women/handbags/shoulder-bags-for-women/chain-bags-for-women/gg-marmont-matelasse-mini-bag-p-446744DTDIT9022?position=26&listName=ProductGrid&categoryPath=Women/Womens-Handbags/Womens-Shoulder-Bags/Womens-Chain-Bags,white leather GG Marmont matelassé mini bag | GUCCI® US,1890.0,USD,jsonld_offer_price
gucci,446744DTDIT9022,A_2018_2020,201911,20191115210218,https://web.archive.org/web/20191115210218/https://www.gucci.com/us/en/pr/women/handbags/shoulder-bags-for-women/chain-bags-for-women/gg-marmont-matelasse-mini-bag-p-446744DTDIT9022?position=31&listName=ProductGrid&categoryPath=Women/Handbags/Shoulder-Bags-for-Women/Chain-Bags-for-Women,White Leather GG Marmont Matelassé Mini Bag | GUCCI® US,1890.0,USD,jsonld_offer_price
gucci,446744DTDIT9022,A_2018_2020,201912,20191205161617,https://web.archive.org/web/20191205161617/https://www.gucci.com/us/en/pr/women/handbags/shoulder-bags-for-women/chain-bags-for-women/gg-marmont-matelasse-mini-bag-p-446744DTDIT9022?position=33&listName=ProductGrid&categoryPath=Women/Handbags/Shoulder-Bags-for-Women/Chain-Bags-for-Women,White Leather GG Marmont Matelassé Mini Bag | GUCCI® US,1890.0,USD,jsonld_offer_price
gucci,446744DTDIT9022,B_2024_2026,202407,20240724084510,https://web.archive.org/web/20240724084510/https://www.gucci.com/us/en/pr/women/handbags/mini-bags-for-women/gg-marmont-matelasse-mini-bag-p-446744DTDIT9022?position=66&listName=ProductGrid&categoryPath=Women/Womens-Handbags/Womens-Shoulder-Bags/Womens-Chain-Bags,,,,fetch_failed
gucci,446744DTDIT9022,B_2024_2026,202408,20240811021555,https://web.archive.org/web/20240811021555/https://www.gucci.com/us/en/pr/women/handbags/mini-bags-for-women/gg-marmont-mini-shoulder-bag-p-446744DTDIT9022,White Leather GG Marmont Matelassé Mini Bag | GUCCI® US,2450.0,USD,jsonld_offer_price
gucci,446744DTDIT9022,B_2024_2026,202501,20250118020058,https://web.archive.org/web/20250118020058/https://www.gucci.com/us/en/pr/women/handbags/crossbody-bags-for-women/gg-marmont-mini-shoulder-bag-p-446744DTDIT9022,White Leather GG Marmont Matelassé Mini Bag | GUCCI® US,2600.0,USD,jsonld_offer_price
gucci,443497DTDIT5729,A_2018_2020,201908,20190825003659,https://web.archive.org/web/20190825003659/https://www.gucci.com/us/en/pr/women/womens-handbags/womens-shoulder-bags/womens-chain-bags/gg-marmont-matelasse-shoulder-bag-p-443497DTDIT5729?position=6&listName=VariationOverlay,Pink Leather GG Marmont matelassé shoulder bag | GUCCI® US,1980.0,USD,jsonld_offer_price
gucci,443497DTDIT5729,A_2018_2020,201910,20191014185909,https://web.archive.org/web/20191014185909/https://www.gucci.com/us/en/pr/women/handbags/shoulder-bags-for-women/chain-bags-for-women/gg-marmont-matelasse-shoulder-bag-p-443497DTDIT5729?position=23&listName=ProductGrid&categoryPath=Women/Womens-Handbags/Womens-Shoulder-Bags/Womens-Chain-Bags,dusty pink leather GG Marmont matelassé shoulder bag | GUCCI® US,1980.0,USD,jsonld_offer_price
gucci,443497DTDIT5729,A_2018_2020,201912,20191205231408,https://web.archive.org/web/20191205231408/https://www.gucci.com/us/en/pr/women/handbags/shoulder-bags-for-women/chain-bags-for-women/gg-marmont-matelasse-shoulder-bag-p-443497DTDIT5729?position=30&listName=ProductGrid&categoryPath=Women/Handbags/Shoulder-Bags-for-Women/Chain-Bags-for-Women,Dusty Pink Leather GG Marmont Matelassé Shoulder Bag | GUCCI® US,1980.0,USD,jsonld_offer_price
gucci,443497DTDIT5729,B_2024_2026,202406,20240605134925,https://web.archive.org/web/20240605134925/https://www.gucci.com/us/en/pr/women/handbags/shoulder-bags-for-women/gg-marmont-small-shoulder-bag-p-443497DTDIT5729,Dusty Pink Leather GG Marmont Matelassé Shoulder Bag | GUCCI® US,2590.0,USD,jsonld_offer_price
gucci,443497DTDIT5729,B_2024_2026,202412,20241211161504,https://web.archive.org/web/20241211161504/https://www.gucci.com/us/en/pr/women/handbags/shoulder-bags-for-women/gg-marmont-small-shoulder-bag-p-443497DTDIT5729?listName=CapsuleGrid&position=6&categoryPath=Women/Handbags/Shoulder-Bags-for-Women/Chain-Bags-for-Women,Gucci GG Marmont Small Dusty Pink Shoulder Bag | GUCCI® US,2850.0,USD,jsonld_offer_price
gucci,443497DTDIT5729,B_2024_2026,202501,20250123232407,https://web.archive.org/web/20250123232407/https://www.gucci.com/us/en/pr/women/handbags/shoulder-bags-for-women/gg-marmont-small-shoulder-bag-p-443497DTDIT5729?listName=CapsuleGrid&position=6&categoryPath=Women/Handbags/Shoulder-Bags-for-Women/Chain-Bags-for-Women,Gucci GG Marmont Small Dusty Pink Shoulder Bag | GUCCI® US,2850.0,USD,jsonld_offer_price
gucci,414998DLC001000,A_2018_2020,201907,20190721133319,https://web.archive.org/web/20190721133319/https://www.gucci.com/us/en/pr/women/womens-shoes/womens-moccasins-loafers/leather-horsebit-loafer-p-414998DLC001000,Leather Horsebit loafer | GUCCI®,730.0,USD,jsonld_offer_price
gucci,414998DLC001000,A_2018_2020,201908,20190825174455,https://web.archive.org/web/20190825174455/https://www.gucci.com/us/en/pr/women/womens-shoes/womens-moccasins-loafers/leather-horsebit-loafer-p-414998DLC001000?position=2&listName=VariationOverlay,Black Leather Leather Horsebit loafer | GUCCI® US,730.0,USD,jsonld_offer_price
gucci,414998DLC001000,A_2018_2020,201909,20190919110503,https://web.archive.org/web/20190919110503/https://www.gucci.com/us/en/pr/women/womens-shoes/womens-moccasins-loafers/leather-horsebit-loafer-p-414998DLC001000?position=20&listName=ProductGrid&categoryPath=Women/Womens-Shoes/Womens-Moccasins-Loafers/Womens-Flat-Loafers,black leather Leather Horsebit loafer | GUCCI® US,730.0,USD,jsonld_offer_price
gucci,414998DLC001000,B_2024_2026,202407,20240731121838,https://web.archive.org/web/20240731121838/https://www.gucci.com/us/en/pr/women/shoes-for-women/loafers-lace-ups-for-women/womens-leather-horsebit-loafer-p-414998DLC001000?ranMID=37490&ranEAID=kXQk6*ivFEQ&ranSiteID=kXQk6.ivFEQ-GbxQsTGNjNKgi1MhWK_JXw&siteID=kXQk6.ivFEQ-GbxQsTGNjNKgi1MhWK_JXw,Black Leather Foldable Slim Horsebit Loafer | GUCCI® US,990.0,USD,jsonld_offer_price
gucci,414998DLC001000,B_2024_2026,202408,20240802083317,https://web.archive.org/web/20240802083317/https://www.gucci.com/us/en/pr/women/shoes-for-women/loafers-lace-ups-for-women/womens-leather-horsebit-loafer-p-414998DLC001000?ranMID=37490&ranEAID=kXQk6*ivFEQ&ranSiteID=kXQk6.ivFEQ-VYit4EiEcRxCGTB.yv2oXQ&siteID=kXQk6.ivFEQ-VYit4EiEcRxCGTB.yv2oXQ,Black Leather Foldable Slim Horsebit Loafer | GUCCI® US,990.0,USD,jsonld_offer_price
gucci,414998DLC001000,B_2024_2026,202409,20240920193207,https://web.archive.org/web/20240920193207/https://www.gucci.com/us/en/pr/women/shoes-for-women/loafers-lace-ups-for-women/womens-loafer-with-horsebit-p-414998DLC001000,Black Leather Foldable Slim Horsebit Loafer | GUCCI® US,990.0,USD,jsonld_offer_price
gucci,414998DLC001000,B_2024_2026,202412,20241201060717,https://web.archive.org/web/20241201060717/https://www.gucci.com/us/en/pr/women/shoes-for-women/loafers-lace-ups-for-women/womens-loafer-with-horsebit-p-414998DLC001000,,,,no_price_found
gucci,414998DLC001000,B_2024_2026,202501,20250118014428,https://web.archive.org/web/20250118014428/https://www.gucci.com/us/en/pr/women/shoes-for-women/loafers-lace-ups-for-women/womens-loafer-with-horsebit-p-414998DLC001000,,,,no_price_found
gucci,414998DLC001000,B_2024_2026,202502,20250208172644,https://web.archive.org/web/20250208172644/https://www.gucci.com/us/en/pr/women/shoes-for-women/loafers-lace-ups-for-women/womens-loafer-with-horsebit-p-414998DLC001000,Black Leather Foldable Slim Horsebit Loafer | GUCCI® US,1050.0,USD,jsonld_offer_price
gucci,414998DLC001000,B_2024_2026,202504,20250401090444,https://web.archive.org/web/20250401090444/https://www.gucci.com/us/en/pr/women/shoes-for-women/loafers-lace-ups-for-women/womens-loafer-with-horsebit-p-414998DLC001000,,,,no_price_found
gucci,414998DLC001000,B_2024_2026,202505,20250507165032,https://web.archive.org/web/20250507165032/https://www.gucci.com/us/en/pr/women/shoes-for-women/loafers-lace-ups-for-women/womens-loafer-with-horsebit-p-414998DLC001000,,,,no_price_found
gucci,414998DLC001000,B_2024_2026,202507,20250702162259,https://web.archive.org/web/20250702162259/https://www.gucci.com/us/en/pr/women/shoes-for-women/loafers-lace-ups-for-women/womens-loafer-with-horsebit-p-414998DLC001000,,,,no_price_found
gucci,414998DLC001000,B_2024_2026,202508,20250802234707,https://web.archive.org/web/20250802234707/https://www.gucci.com/us/en/pr/women/shoes-for-women/loafers-lace-ups-for-women/womens-loafer-with-horsebit-p-414998DLC001000,,,,no_price_found
gucci,414998DLC001000,B_2024_2026,202509,20250910195245,https://web.archive.org/web/20250910195245/https://www.gucci.com/us/en/pr/women/shoes-for-women/loafers-lace-ups-for-women/womens-loafer-with-horsebit-p-414998DLC001000?utm_source=RAN&utm_medium=affiliates&utm_campaign=Skimlinks.com&utm_term=2116208&ranMID=50221&ranEAID=TnL5HPStwNw&ranSiteID=TnL5HPStwNw-6d.h6VUqnGEjMBlfFX4K6A,Women's loafer with Horsebit in black leather | GUCCI® US,1050.0,USD,jsonld_offer_price+usd_from_us_site_url
gucci,414998DLC001000,B_2024_2026,202511,20251115000817,https://web.archive.org/web/20251115000817/https://www.gucci.com/us/en/pr/women/shoes-for-women/loafers-lace-ups-for-women/womens-loafer-with-horsebit-p-414998DLC001000,,,,no_price_found
gucci,414998DLC001000,B_2024_2026,202512,20251224173215,https://web.archive.org/web/20251224173215/https://www.gucci.com/us/en/pr/women/shoes-for-women/loafers-lace-ups-for-women/womens-loafer-with-horsebit-p-414998DLC001000?ranMID=50221&ranEAID=TnL5HPStwNw&ranSiteID=TnL5HPStwNw-5YmpQZ.rhzM_CHf_.iyfZg,Black Leather Foldable Slim Horsebit Loafer | GUCCI® US,1090.0,USD,jsonld_offer_price+usd_from_us_site_url
gucci,414998DLC001000,B_2024_2026,202604,20260430233812,https://web.archive.org/web/20260430233812/https://www.gucci.com/us/en/pr/women/shoes-for-women/loafers-lace-ups-for-women/womens-loafer-with-horsebit-p-414998DLC001000?utm_source=kXQk6*ivFEQ&utm_medium=affiliates&utm_campaign=1&utm_content=10&utm_term=kXQk6*ivFEQ&ranMID=37490&ranEAID=kXQk6*ivFEQ&ranSiteID=kXQk6.ivFEQ-2NJVhYIcbF5uvb8GUKHWgg&siteID=kXQk6.ivFEQ-2NJVhYIcbF5uvb8GUKHWgg,Black Leather Foldable Slim Horsebit Loafer | GUCCI® US,1090.0,USD,jsonld_offer_price+usd_from_us_site_url
gucci,414998DLC001000,B_2024_2026,202605,20260505205746,https://web.archive.org/web/20260505205746/https://www.gucci.com/us/en/pr/women/shoes-for-women/loafers-lace-ups-for-women/womens-loafer-with-horsebit-p-414998DLC001000,,,,no_price_found
gucci,414998DLC001000,B_2024_2026,202607,20260720190033,https://web.archive.org/web/20260720190033/https://www.gucci.com/us/en/pr/women/shoes-for-women/loafers-lace-ups-for-women/womens-loafer-with-horsebit-p-414998DLC001000,,,,no_price_found
gucci,5704439Y9209666,A_2018_2020,201908,20190818231642,https://web.archive.org/web/20190818231642/https://www.gucci.com/us/en/pr/women/womens-shoes/womens-sneakers/womens-screener-leather-sneaker-p-5704439Y9209666?position=5&listName=ProductGrid&categoryPath=Women/Womens-Shoes/Womens-Sneakers,White Leather Women's Screener leather sneaker | GUCCI® US,870.0,USD,jsonld_offer_price
gucci,5704439Y9209666,A_2018_2020,201909,20190920212257,https://web.archive.org/web/20190920212257/https://www.gucci.com/us/en/pr/women/womens-shoes/womens-sneakers/womens-screener-leather-sneaker-p-5704439Y9209666?position=9&listName=ProductGrid&categoryPath=Women/Womens-Shoes/Womens-Sneakers,butter leather Women's Screener leather sneaker | GUCCI® US,870.0,USD,jsonld_offer_price
gucci,5704439Y9209666,A_2018_2020,201910,20191018210054,https://web.archive.org/web/20191018210054/https://www.gucci.com/us/en/pr/women/shoes-for-women/sneakers-for-women/womens-screener-leather-sneaker-p-5704439Y9209666?position=2&listName=VariationOverlay,butter leather Women's Screener leather sneaker | GUCCI® US,870.0,USD,jsonld_offer_price
gucci,5704439Y9209666,B_2024_2026,202406,20240620070845,https://web.archive.org/web/20240620070845/https://www.gucci.com/us/en/pr/women/shoes-for-women/sneakers-for-women/womens-screener-leather-sneaker-p-5704439Y9209666,Butter Leather Women's Green Heel Screener Sneaker | GUCCI® US,1020.0,USD,jsonld_offer_price
gucci,5704439Y9209666,B_2024_2026,202502,20250221153051,https://web.archive.org/web/20250221153051/https://www.gucci.com/us/en/pr/women/shoes-for-women/sneakers-for-women/womens-screener-sneaker-p-5704439Y9209666,Butter Leather Women's Green Heel Screener Sneaker | GUCCI® US,1020.0,USD,jsonld_offer_price
gucci,5704439Y9209666,B_2024_2026,202503,20250319064125,https://web.archive.org/web/20250319064125/https://www.gucci.com/us/en/pr/women/shoes-for-women/sneakers-for-women/womens-screener-sneaker-p-5704439Y9209666?gad_source=1&gclid=CjwKCAiAvdCrBhBREiwAX6-6Un9sRyyt95L7EQkjVvaQcEbXtxvaj9M4xE_aQ6byyEbI_s1szhoxwRoC4w0QAvD_BwE&gclsrc=aw.ds,Butter Leather Women's Green Heel Screener Sneaker | GUCCI® US,1020.0,USD,jsonld_offer_price
gucci,5704439Y9209666,B_2024_2026,202504,20250407121615,https://web.archive.org/web/20250407121615/https://www.gucci.com/us/en/pr/women/shoes-for-women/sneakers-for-women/womens-screener-sneaker-p-5704439Y9209666,,,,no_price_found
gucci,5704439Y9209666,B_2024_2026,202507,20250721205347,https://web.archive.org/web/20250721205347/https://www.gucci.com/us/en/pr/women/shoes-for-women/sneakers-for-women/womens-screener-sneaker-p-5704439Y9209666?gclid=Cj0KCQjw3a2iBhCFARIsAD4jQB3T56L2V8A6fpSYe8D3Ad4Y4p-Gnh8mhA_OCJ1Yxk_76umFBjmq8VQaArHTEALw_wcB&gclsrc=aw.ds&utm_source=0c5b5rpoqTU&utm_medium=affiliates&utm_campaign=1&utm_content=10&utm_term=0c5b5rpoqTU&ranMID=37490&ranEAID=0c5b5rpoqTU&ranSiteID=0c5b5rpoqTU-KcNcZHy6Pl6IqcnMD4731g&siteID=0c5b5rpoqTU-KcNcZHy6Pl6IqcnMD4731g,Women's Screener sneaker in butter leather | GUCCI® US,1060.0,USD,jsonld_offer_price+usd_from_us_site_url
gucci,5704439Y9209666,B_2024_2026,202512,20251229082345,https://web.archive.org/web/20251229082345/https://www.gucci.com/us/en/pr/women/shoes-for-women/sneakers-for-women/womens-screener-sneaker-p-5704439Y9209666?utm_source=google&utm_source_platform=SA360&utm_medium=cpc&utm_campaign=US%7CEN%7CPMX%7CAll%7CShoes%7CAll%7CNORAM&utm_id=18062062057&gclsrc=aw.ds&gad_source=1&gad_campaignid=18062081179&gbraid=0AAAAADurYgx6IldHHBRx953h8FQfMi-2s&gclid=Cj0KCQiAgP_JBhD-ARIsANpEMxy6_ZLvF5iEb3FhbB5fdfaW0064fGcW2z8Vu-8f_mIq88h6qqvezi0aAqYBEALw_wcB&utm_source=kXQk6*ivFEQ&utm_medium=affiliates&utm_campaign=1&utm_content=10&utm_term=kXQk6*ivFEQ&ranMID=37490&ranEAID=kXQk6*ivFEQ&ranSiteID=kXQk6.ivFEQ-jJrHeOAq33Joi1uJXTucWQ&siteID=kXQk6.ivFEQ-jJrHeOAq33Joi1uJXTucWQ,Butter Leather Women's Green Heel Screener Sneaker | GUCCI® US,1060.0,USD,jsonld_offer_price+usd_from_us_site_url
gucci,5861699PLP89206,A_2018_2020,201910,20191014054420,https://web.archive.org/web/20191014054420/https://www.gucci.com/us/en/pr/beauty/make-up/lips/sheer/206-katrin-sand-rouge-a-levres-voile-lipstick-p-5861699PLP89206?position=11&listName=VariationOverlay,"206 Katrin Sand 206 Katrin Sand, Rouge à Lèvres Voile Lipstick | GUCCI® US",38.0,USD,jsonld_offer_price
gucci,5861699PLP89206,A_2018_2020,201911,20191112120208,https://web.archive.org/web/20191112120208/https://www.gucci.com/us/en/pr/beauty/make-up/lips/sheer/206-katrin-sand-rouge-a-levres-voile-lipstick-p-5861699PLP89206?position=2&listName=ProductGrid&categoryPath=Beauty/Make-Up/Lips/Sheer,"Rosewood 206 Katrin Sand, Rouge à Lèvres Voile Lipstick | GUCCI® US",38.0,USD,jsonld_offer_price
gucci,5861699PLP89206,A_2018_2020,201912,20191209055807,https://web.archive.org/web/20191209055807/https://www.gucci.com/us/en/pr/beauty/make-up/lips/sheer/206-katrin-sand-rouge-a-levres-voile-lipstick-p-5861699PLP89206?position=9&listName=ProductGrid&categoryPath=Beauty/Make-Up/Lips/Sheer,"206 Katrin Sand, Rouge à Lèvres Voile Lipstick | GUCCI® US",42.0,USD,jsonld_offer_price
gucci,5861699PLP89206,B_2024_2026,202408,20240815132255,https://web.archive.org/web/20240815132255/https://www.gucci.com/us/en/pr/beauty/make-up/lips/206-katrin-sand-rouge-a-levres-voile-lipstick-p-5861699PLP89206,"206 Katrin Sand, Rouge à Lèvres Voile Lipstick | GUCCI® US",47.0,USD,jsonld_offer_price
gucci,5861699PLP89206,B_2024_2026,202510,20251016232126,https://web.archive.org/web/20251016232126/https://www.gucci.com/us/en/pr/beauty/beauty-makeup/206-katrin-sand-rouge-a-levres-voile-lipstick-p-5861699PLP89206,"206 Katrin Sand, Rouge à Lèvres Voile Lipstick | GUCCI® US",50.0,USD,jsonld_offer_price+usd_from_us_site_url
gucci,5861699PLP89206,B_2024_2026,202601,20260113232237,https://web.archive.org/web/20260113232237/https://www.gucci.com/us/en/pr/beauty/beauty-makeup/206-katrin-sand-rouge-a-levres-voile-lipstick-p-5861699PLP89206,"206 Katrin Sand, Rouge à Lèvres Voile Lipstick | GUCCI® US",50.0,USD,jsonld_offer_price+usd_from_us_site_url
gucci,541362J07401011,A_2018_2020,201901,20190112192557,https://web.archive.org/web/20190112192557/https://www.gucci.com/us/en/pr/women/womens-accessories/womens-sunglasses/womens-sunglasses/womens-square-rectangle/rectangular-frame-acetate-sunglasses-p-541362J07401011,Rectangular-frame acetate sunglasses in Shiny black acetate frame | Gucci Women's Square & Rectangle,450.0,USD,jsonld_offer_price
gucci,541362J07401011,A_2018_2020,201909,20190921180049,https://web.archive.org/web/20190921180049/https://www.gucci.com/us/en/pr/women/womens-accessories/womens-sunglasses/womens-sunglasses/womens-square-rectangle/rectangular-frame-acetate-sunglasses-p-541362J07401011?position=76&listName=ProductGrid&categoryPath=Women/Womens-Accessories/Womens-Sunglasses,shiny black acetate Rectangular-frame acetate sunglasses | GUCCI® US,450.0,USD,jsonld_offer_price
gucci,541362J07401011,B_2024_2026,202504,20250411121236,https://web.archive.org/web/20250411121236/https://www.gucci.com/us/en/pr/women/accessories-for-women/eyewear-for-women/sunglasses-for-women/square-rectangle-sunglasses-for-women/oversize-rectangular-sunglasses-p-541362J07401011,Shiny Black Acetate Rectangular Frame Sunglasses With Grey Lens | GUCCI® US,555.0,USD,jsonld_offer_price
gucci,541362J07401011,B_2024_2026,202508,20250827115747,https://web.archive.org/web/20250827115747/https://www.gucci.com/us/en/pr/women/accessories-for-women/eyewear-for-women/sunglasses-for-women/square-rectangle-sunglasses-for-women/oversize-rectangular-sunglasses-p-541362J07401011,Oversize rectangular sunglasses in shiny black acetate | GUCCI® US,590.0,USD,jsonld_offer_price+usd_from_us_site_url
gucci,5861689PLP79200,A_2018_2020,201905,20190508214906,https://web.archive.org/web/20190508214906/https://www.gucci.com/us/en/pr/beauty/make-up/lips/200-blaze-of-noon-rouge-a-levres-satin-lipstick-p-5861689PLP79200,"200 Blaze of Noon, Rouge à Lèvres Satin Lipstick | GUCCI®",38.0,USD,jsonld_offer_price
gucci,5861689PLP79200,A_2018_2020,201911,20191112120532,https://web.archive.org/web/20191112120532/https://www.gucci.com/us/en/pr/beauty/make-up/lips/200-blaze-of-noon-rouge-a-levres-satin-lipstick-p-5861689PLP79200?position=12&listName=ProductGrid&categoryPath=Beauty/Make-Up/Lips/Satin,"Rosewood 200 Blaze of Noon, Rouge à Lèvres Satin Lipstick | GUCCI® US",38.0,USD,jsonld_offer_price
gucci,5861689PLP79200,A_2018_2020,201912,20191210092941,https://web.archive.org/web/20191210092941/https://www.gucci.com/us/en/pr/beauty/make-up/lips/200-blaze-of-noon-rouge-a-levres-satin-lipstick-p-5861689PLP79200?position=13&listName=VariationOverlay,"200 Blaze Of Noon, Rouge à Lèvres Satin Lipstick | GUCCI® US",42.0,USD,jsonld_offer_price
gucci,5861689PLP79200,B_2024_2026,202407,20240719015704,https://web.archive.org/web/20240719015704/https://www.gucci.com/us/en/pr/beauty/make-up/lips/200-blaze-of-noon-rouge-a-levres-satin-lipstick-p-5861689PLP79200,"200 Blaze Of Noon, Rouge à Lèvres Satin Lipstick | GUCCI® US",47.0,USD,jsonld_offer_price
gucci,5861689PLP79200,B_2024_2026,202511,20251110070234,https://web.archive.org/web/20251110070234/https://www.gucci.com/us/en/pr/beauty/beauty-makeup/200-blaze-of-noon-rouge-a-levres-satin-lipstick-p-5861689PLP79200,"200 Blaze Of Noon, Rouge à Lèvres Satin Lipstick | GUCCI® US",50.0,USD,jsonld_offer_price+usd_from_us_site_url
gucci,5861689PLP79525,A_2018_2020,201905,20190505164105,https://web.archive.org/web/20190505164105/https://www.gucci.com/us/en/pr/beauty/make-up/lips/25-goldie-red-rouge-a-levres-satin-lipstick-p-5861689PLP79525,"25 Goldie Red, Rouge à Lèvres Satin Lipstick in 25 Goldie Red (The Gucci Red) | Gucci Lips",38.0,USD,jsonld_offer_price
gucci,5861689PLP79525,A_2018_2020,201910,20191010083233,https://web.archive.org/web/20191010083233/https://www.gucci.com/us/en/pr/beauty/make-up/lips/25-goldie-red-rouge-a-levres-satin-lipstick-p-5861689PLP79525?position=6&listName=ProductGrid&categoryPath=Beauty/Make-Up/Lips,"25 Goldie Red, Rouge à Lèvres Satin Lipstick | GUCCI®",38.0,USD,jsonld_offer_price
gucci,5861689PLP79525,A_2018_2020,201911,20191114035232,https://web.archive.org/web/20191114035232/https://www.gucci.com/us/en/pr/beauty/make-up/lips/25-goldie-red-rouge-a-levres-satin-lipstick-p-5861689PLP79525?position=8&listName=ProductGrid&categoryPath=Beauty/Make-Up/Lips,"25 Goldie Red, Rouge à Lèvres Satin Lipstick | GUCCI® US",38.0,USD,jsonld_offer_price
gucci,5861689PLP79525,A_2018_2020,201912,20191206222643,https://web.archive.org/web/20191206222643/https://www.gucci.com/us/en/pr/beauty/make-up/lips/25-goldie-red-rouge-a-levres-satin-lipstick-p-5861689PLP79525?position=9&listName=VariationOverlay,"25 Goldie Red, Rouge à Lèvres Satin Lipstick | GUCCI® US",42.0,USD,jsonld_offer_price
gucci,5861689PLP79525,B_2024_2026,202508,20250811140936,https://web.archive.org/web/20250811140936/https://www.gucci.com/us/en/pr/beauty/beauty-makeup/25-goldie-red-rouge-a-levres-satin-lipstick-p-5861689PLP79525,"25* Goldie Red, Rouge à Lèvres Satin Lipstick in 25* Goldie Red | GUCCI® US",50.0,USD,jsonld_offer_price+usd_from_us_site_url
gucci,5861689PLP79525,B_2024_2026,202509,20250914191408,https://web.archive.org/web/20250914191408/https://www.gucci.com/us/en/pr/beauty/beauty-makeup/25-goldie-red-rouge-a-levres-satin-lipstick-p-5861689PLP79525,"25* Goldie Red, Rouge à Lèvres Satin Lipstick in 25* Goldie Red | GUCCI® US",50.0,USD,jsonld_offer_price+usd_from_us_site_url
gucci,5861709PLP99001,A_2018_2020,201908,20190826065513,https://web.archive.org/web/20190826065513/https://www.gucci.com/us/en/pr/beauty/make-up/lips/balm/1-joslyn-clair-baume-a-levres-lip-balm-p-5861709PLP99001?gclid=EAIaIQobChMIo_Tfh8SU4wIVTz0MCh03IA4FEAQYBCABEgIxT_D_BwE,"1 Joslyn Clair 1 Joslyn Clair, Baume à Lèvres Lip Balm | GUCCI® US",38.0,USD,jsonld_offer_price
gucci,5861709PLP99001,A_2018_2020,201912,20191209035640,https://web.archive.org/web/20191209035640/https://www.gucci.com/us/en/pr/beauty/make-up/lips/balm/1-joslyn-clair-baume-a-levres-lip-balm-p-5861709PLP99001?position=1&listName=ProductGrid&categoryPath=Beauty/Make-Up/Lips/Balm,"1 Joslyn Clair, Baume à Lèvres Lip Balm | GUCCI® US",42.0,USD,jsonld_offer_price
gucci,5861709PLP99001,B_2024_2026,202407,20240723061135,https://web.archive.org/web/20240723061135/https://www.gucci.com/us/en/pr/beauty/make-up/lips/1-joslyn-clair-baume-a-levres-lip-balm-p-5861709PLP99001,"1 Joslyn Clair, Baume à Lèvres Lip Balm | GUCCI® US",44.0,USD,jsonld_offer_price
gucci,5861709PLP99001,B_2024_2026,202604,20260413084247,https://web.archive.org/web/20260413084247/https://www.gucci.com/us/en/pr/beauty/beauty-makeup/1-joslyn-clair-baume-a-levres-lip-balm-p-5861709PLP99001,"1 Joslyn Clair, Baume à Lèvres Lip Balm | GUCCI® US",50.0,USD,jsonld_offer_price+usd_from_us_site_url
gucci,5861709PLP99001,B_2024_2026,202605,20260517173932,https://web.archive.org/web/20260517173932/https://www.gucci.com/us/en/pr/beauty/beauty-makeup/1-joslyn-clair-baume-a-levres-lip-balm-p-5861709PLP99001,"1 Joslyn Clair, Baume à Lèvres Lip Balm | GUCCI® US",50.0,USD,jsonld_offer_price+usd_from_us_site_url
gucci,5861699PLP89506,A_2018_2020,201907,20190721130428,https://web.archive.org/web/20190721130428/https://www.gucci.com/us/en/pr/beauty/make-up/lips/sheer/506-louisa-red-rouge-a-levres-voile-lipstick-p-5861699PLP89506?position=17&listName=VariationOverlay,"506 Louisa Red, Rouge à Lèvres Voile Lipstick | GUCCI®",38.0,USD,jsonld_offer_price
gucci,5861699PLP89506,A_2018_2020,201908,20190823072411,https://web.archive.org/web/20190823072411/https://www.gucci.com/us/en/pr/beauty/make-up/lips/sheer/506-louisa-red-rouge-a-levres-voile-lipstick-p-5861699PLP89506?position=5&listName=VariationOverlay,"Red Undefined 506 Louisa Red, Rouge à Lèvres Voile Lipstick | GUCCI® US",38.0,USD,jsonld_offer_price
gucci,5861699PLP89506,A_2018_2020,201910,20191018215245,https://web.archive.org/web/20191018215245/https://www.gucci.com/us/en/pr/beauty/make-up/lips/sheer/506-louisa-red-rouge-a-levres-voile-lipstick-p-5861699PLP89506?position=29&listName=ProductGrid&categoryPath=Beauty/Make-Up/Lips,"506 Louisa Red 506 Louisa Red, Rouge à Lèvres Voile Lipstick | GUCCI® US",38.0,USD,jsonld_offer_price
gucci,5861699PLP89506,A_2018_2020,201911,20191114045233,https://web.archive.org/web/20191114045233/https://www.gucci.com/us/en/pr/beauty/make-up/lips/sheer/506-louisa-red-rouge-a-levres-voile-lipstick-p-5861699PLP89506?position=31&listName=ProductGrid&categoryPath=Beauty/Make-Up/Lips,"506 Louisa Red, Rouge à Lèvres Voile Lipstick | GUCCI® US",38.0,USD,jsonld_offer_price
gucci,5861699PLP89506,A_2018_2020,201912,20191209060104,https://web.archive.org/web/20191209060104/https://www.gucci.com/us/en/pr/beauty/make-up/lips/sheer/506-louisa-red-rouge-a-levres-voile-lipstick-p-5861699PLP89506?position=4&listName=ProductGrid&categoryPath=Beauty/Make-Up/Lips/Sheer,"506 Louisa Red, Rouge à Lèvres Voile Lipstick | GUCCI® US",42.0,USD,jsonld_offer_price
gucci,5861699PLP89506,B_2024_2026,202507,20250725142217,https://web.archive.org/web/20250725142217/https://www.gucci.com/us/en/pr/beauty/beauty-makeup/506-louisa-red-rouge-a-levres-voile-lipstick-p-5861699PLP89506,"506 Louisa Red, Rouge à Lèvres Voile Lipstick in 506 Louisa Red | GUCCI® US",50.0,USD,jsonld_offer_price+usd_from_us_site_url
gucci,5861699PLP89506,B_2024_2026,202510,20251015114052,https://web.archive.org/web/20251015114052/https://www.gucci.com/us/en/pr/beauty/beauty-makeup/506-louisa-red-rouge-a-levres-voile-lipstick-p-5861699PLP89506,"506 Louisa Red, Rouge à Lèvres Voile Lipstick | GUCCI® US",50.0,USD,jsonld_offer_price+usd_from_us_site_url
gucci,211131KGDIG8588,A_2018_2020,201908,20190824001545,https://web.archive.org/web/20190824001545/https://www.gucci.com/us/en/pr/children/baby/newborn/newborn-diaper-bags/gg-plus-diaper-bag-p-211131KGDIG8588?position=2&listName=ProductGrid&categoryPath=Children/Baby/Newborn/Newborn-Diaper-Bags,,,,fetch_failed
gucci,211131KGDIG8588,A_2018_2020,201912,20191211173330,https://web.archive.org/web/20191211173330/https://www.gucci.com/us/en/pr/children/baby/newborn/newborn-diaper-bags/gg-plus-diaper-bag-p-211131KGDIG8588?position=28&listName=ProductGrid&categoryPath=Children/Baby/Newborn,GG Supreme Plus Diaper Bag | GUCCI® US,1250.0,USD,jsonld_offer_price
gucci,211131KGDIG8588,B_2024_2026,202406,20240625122303,https://web.archive.org/web/20240625122303/https://www.gucci.com/us/en/pr/children/baby/diaper-bags-and-totes/gg-plus-diaper-bag-p-211131KGDIG8588?ranMID=37490&ranEAID=0c5b5rpoqTU&ranSiteID=0c5b5rpoqTU-F84B0NHvnR4omZV_K9Bouw&siteID=0c5b5rpoqTU-F84B0NHvnR4omZV_K9Bouw,GG Supreme Plus Diaper Bag | GUCCI® US,2100.0,USD,jsonld_offer_price
gucci,211131KGDIG8588,B_2024_2026,202411,20241106035146,https://web.archive.org/web/20241106035146/https://www.gucci.com/us/en/pr/women/handbags/tote-bags-for-women/gg-supreme-medium-diaper-bag-p-211131KGDIG8588?gclid=Cj0KCQiA_P6dBhD1ARIsAAGI7HAi6NChhBQ-NhD-2zEjIlasyRety-eghIZajSKyuuaUETbTyI38kHAaAjAFEALw_wcB&gclsrc=aw.ds&utm_source=SyrN4SGJMyU&utm_medium=affiliates&utm_campaign=1&utm_content=10&utm_term=SyrN4SGJMyU&ranMID=37490&ranEAID=SyrN4SGJMyU&ranSiteID=SyrN4SGJMyU-OPtsLsC20Z9Mj5boT488VA&siteID=SyrN4SGJMyU-OPtsLsC20Z9Mj5boT488VA,GG Supreme Plus Diaper Bag | GUCCI® US,2200.0,USD,jsonld_offer_price
gucci,211131KGDIG8588,B_2024_2026,202509,20250906193200,https://web.archive.org/web/20250906193200/https://www.gucci.com/us/en/pr/men/bags-for-men/tote-bags-for-men/large-changing-bag-p-211131KGDIG8588,Large changing bag in GG Supreme | GUCCI® US,2300.0,USD,jsonld_offer_price+usd_from_us_site_url
gucci,211131KGDIG8588,B_2024_2026,202510,20251003053620,https://web.archive.org/web/20251003053620/https://www.gucci.com/us/en/pr/men/bags-for-men/tote-bags-for-men/large-changing-bag-p-211131KGDIG8588,GG Supreme Plus Diaper Bag | GUCCI® US,2300.0,USD,jsonld_offer_price+usd_from_us_site_url
gucci,211131KGDIG8588,B_2024_2026,202511,20251127143832,https://web.archive.org/web/20251127143832/https://www.gucci.com/us/en/pr/men/bags-for-men/tote-bags-for-men/large-changing-bag-p-211131KGDIG8588,,,,no_price_found
gucci,548762999990099,A_2018_2020,201908,20190823092208,https://web.archive.org/web/20190823092208/https://www.gucci.com/us/en/pr/fragrances/fragrances-for-women/a-nocturnal-whisper-oud-20ml-perfumed-oil-p-548762999990099?position=15&listName=ProductGrid&categoryPath=Fragrances/Fragrances-for-Men,"Undefined Undefined A Nocturnal Whisper, Oud, 20ml, perfumed oil | GUCCI® US",410.0,USD,jsonld_offer_price
gucci,548762999990099,A_2018_2020,201909,20190922041631,https://web.archive.org/web/20190922041631/https://www.gucci.com/us/en/pr/fragrances/fragrances-for-women/a-nocturnal-whisper-oud-20ml-perfumed-oil-p-548762999990099,"oud/perfumed oil A Nocturnal Whisper, Oud, 20ml, perfumed oil | GUCCI® US",420.0,USD,jsonld_offer_price
gucci,548762999990099,A_2018_2020,201910,20191015114510,https://web.archive.org/web/20191015114510/https://www.gucci.com/us/en/pr/beauty/fragrances/fragrances-for-women/a-nocturnal-whisper-oud-20ml-perfumed-oil-p-548762999990099?position=13&listName=ProductGrid&categoryPath=Fragrances/Fragrances-for-Men,"oud/perfumed oil A Nocturnal Whisper, Oud, 20ml, perfumed oil | GUCCI® US",420.0,USD,jsonld_offer_price
gucci,548762999990099,A_2018_2020,201911,20191118174700,https://web.archive.org/web/20191118174700/https://www.gucci.com/us/en/pr/beauty/fragrances/fragrances-for-women/a-nocturnal-whisper-oud-20ml-perfumed-oil-p-548762999990099?position=15&listName=ProductGrid&categoryPath=Beauty/Fragrances/Fragrances-for-Men,"A Nocturnal Whisper, Oud, 20ml, Perfumed Oil | GUCCI® US",420.0,USD,jsonld_offer_price
gucci,548762999990099,A_2018_2020,201912,20191206063813,https://web.archive.org/web/20191206063813/https://www.gucci.com/us/en/pr/beauty/fragrances/fragrances-for-women/a-nocturnal-whisper-oud-20ml-perfumed-oil-p-548762999990099?position=28&listName=ProductGrid&categoryPath=Beauty/Fragrances/Fragrances-for-Women,"A Nocturnal Whisper, Oud, 20ml, Perfumed Oil | GUCCI® US",420.0,USD,jsonld_offer_price
gucci,548762999990099,B_2024_2026,202407,20240709150724,https://web.archive.org/web/20240709150724/https://www.gucci.com/us/en/pr/beauty/fragrances/fragrances-for-women/the-alchemists-garden-a-nocturnal-whisper-20ml-perfumed-oil-p-548762999990099,"A Nocturnal Whisper, Oud, 20ml, Perfumed Oil | GUCCI® US",480.0,USD,jsonld_offer_price
gucci,548762999990099,B_2024_2026,202502,20250216232304,https://web.archive.org/web/20250216232304/https://www.gucci.com/us/en/pr/beauty/fragrances/fragrances-for-women/the-alchemists-garden-a-nocturnal-whisper-20ml-perfumed-oil-p-548762999990099,"A Nocturnal Whisper, Oud, 20ml, Perfumed Oil | GUCCI® US",480.0,USD,jsonld_offer_price
gucci,548627999990099,A_2018_2020,201908,20190823093219,https://web.archive.org/web/20190823093219/https://www.gucci.com/us/en/pr/fragrances/fragrances-for-women/a-song-for-the-rose-rose-100ml-eau-de-parfum-p-548627999990099?position=4&listName=ProductGrid&categoryPath=Fragrances/Fragrances-for-Men,"Undefined Undefined A Song for the Rose, Rose, 100ml, eau de parfum | GUCCI® US",330.0,USD,jsonld_offer_price
gucci,548627999990099,A_2018_2020,201909,20190919002718,https://web.archive.org/web/20190919002718/https://www.gucci.com/us/en/pr/fragrances/fragrances-for-women/a-song-for-the-rose-rose-100ml-eau-de-parfum-p-548627999990099,"rose/eau de parfum A Song for the Rose, Rose, 100ml, eau de parfum | GUCCI® US",330.0,USD,jsonld_offer_price
gucci,548627999990099,A_2018_2020,201911,20191118172726,https://web.archive.org/web/20191118172726/https://www.gucci.com/us/en/pr/gifts/gifts-for-women/a-song-for-the-rose-rose-100ml-eau-de-parfum-p-548627999990099?position=4&listName=ProductGrid&categoryPath=Beauty/Fragrances/Fragrances-for-Men,"A Song For The Rose, Rose, 100ml, Eau De Parfum | GUCCI® US",370.0,USD,jsonld_offer_price
gucci,548627999990099,A_2018_2020,201912,20191210150423,https://web.archive.org/web/20191210150423/https://www.gucci.com/us/en/pr/gifts/gifts-for-women/a-song-for-the-rose-rose-100ml-eau-de-parfum-p-548627999990099?position=4&listName=ProductGrid&categoryPath=Beauty/Fragrances/Fragrances-for-Men,"A Song For The Rose, Rose, 100ml, Eau De Parfum | GUCCI® US",370.0,USD,jsonld_offer_price
gucci,548627999990099,B_2024_2026,202501,20250123013432,https://web.archive.org/web/20250123013432/https://www.gucci.com/us/en/pr/beauty/fragrances/fragrances-for-women/the-alchemists-garden-a-song-for-the-rose-100ml-eau-de-parfum-p-548627999990099,"A Song For The Rose, Rose, 100ml, Eau De Parfum | GUCCI® US",384.0,USD,jsonld_offer_price
gucci,548627999990099,B_2024_2026,202502,20250211063235,https://web.archive.org/web/20250211063235/https://www.gucci.com/us/en/pr/beauty/fragrances/fragrances-for-women/the-alchemists-garden-a-song-for-the-rose-100ml-eau-de-parfum-p-548627999990099,"A Song For The Rose, Rose, 100ml, Eau De Parfum | GUCCI® US",384.0,USD,jsonld_offer_price
