brand,product_code,window,month,snapshot_timestamp,snapshot_url,page_title,price,currency,method
louisvuitton,NVPROD1240109V,A_2018_2020,201907,20190723094735,https://web.archive.org/web/20190723094735/https://us.louisvuitton.com/eng-us/products/laureate-platform-desert-boot-nvprod1240109v,Laureate Platform Desert Boot - Shoes | LOUIS VUITTON ®,1190.00,USD,jsonld_offer_price
louisvuitton,NVPROD1240109V,A_2018_2020,201909,20190922191240,https://web.archive.org/web/20190922191240/https://us.louisvuitton.com/eng-us/products/laureate-platform-desert-boot-nvprod1240109v,Laureate Platform Desert Boot - Shoes | LOUIS VUITTON ®,1190.00,USD,jsonld_offer_price
louisvuitton,NVPROD1240109V,A_2018_2020,202001,20200122085556,https://web.archive.org/web/20200122085556/https://us.louisvuitton.com/eng-us/products/laureate-platform-desert-boot-nvprod1240109v,Laureate Platform Desert Boot - Shoes | LOUIS VUITTON ®,1190.00,USD,jsonld_offer_price
louisvuitton,NVPROD1240109V,B_2024_2026,202406,20240604003449,https://web.archive.org/web/20240604003449/https://us.louisvuitton.com/eng-us/products/laureate-platform-desert-boot-nvprod1240109v/1A4XY1,Laureate Platform Desert Boot - Women - Shoes | LOUIS VUITTON ®,,,no_price_found
louisvuitton,NVPROD1240109V,B_2024_2026,202409,20240916085722,https://web.archive.org/web/20240916085722/https://us.louisvuitton.com/eng-us/products/laureate-platform-desert-boot-nvprod1240109v/1A4XY3,Laureate Platform Desert Boot - Women - Shoes | LOUIS VUITTON ®,1650,USD,jsonld_offer_price
louisvuitton,NVPROD1240109V,B_2024_2026,202410,20241007152801,https://web.archive.org/web/20241007152801/https://us.louisvuitton.com/eng-us/products/laureate-platform-desert-boot-nvprod1240109v/1A4XY0,Laureate Platform Desert Boot - Women - Shoes | LOUIS VUITTON ®,1650,USD,jsonld_offer_price
louisvuitton,012790,A_2018_2020,201906,20190623041500,https://web.archive.org/web/20190623041500/https://us.louisvuitton.com/eng-us/products/frontrow-sneaker-012790,Frontrow Sneaker - Shoes | LOUIS VUITTON ®,620.00,USD,jsonld_offer_price
louisvuitton,012790,A_2018_2020,201908,20190821034018,https://web.archive.org/web/20190821034018/https://us.louisvuitton.com/eng-us/products/frontrow-sneaker-012790,Frontrow Sneaker - Shoes | LOUIS VUITTON ®,645.00,USD,jsonld_offer_price
louisvuitton,012790,A_2018_2020,201909,20190919031926,https://web.archive.org/web/20190919031926/https://us.louisvuitton.com/eng-us/products/frontrow-sneaker-012790,Frontrow Sneaker - Shoes | LOUIS VUITTON ®,645.00,USD,jsonld_offer_price
louisvuitton,012790,B_2024_2026,202510,20251011070159,https://web.archive.org/web/20251011070159/https://us.louisvuitton.com/eng-us/products/frontrow-sneaker-012790/1A1F4F,Frontrow Sneaker - Women - Shoes | LOUIS VUITTON ®,1060,USD,jsonld_offer_price
louisvuitton,012790,B_2024_2026,202511,20251113034423,https://web.archive.org/web/20251113034423/https://us.louisvuitton.com/eng-us/products/frontrow-sneaker-012790/1A1F4I,Frontrow Sneaker - Women - Shoes | LOUIS VUITTON ®,1060,USD,jsonld_offer_price
louisvuitton,NVPROD1000080V,A_2018_2020,201907,20190723101433,https://web.archive.org/web/20190723101433/https://us.louisvuitton.com/eng-us/products/empreinte-ring-pink-gold-nvprod1000080v,,,,fetch_failed
louisvuitton,NVPROD1000080V,A_2018_2020,201909,20190917112318,https://web.archive.org/web/20190917112318/https://us.louisvuitton.com/eng-us/products/empreinte-ring-pink-gold-nvprod1000080v,,,,fetch_failed
louisvuitton,NVPROD1000080V,B_2024_2026,202510,20251010051901,https://web.archive.org/web/20251010051901/https://us.louisvuitton.com/eng-us/products/empreinte-ring-pink-gold-nvprod1000080v/Q9K98G,"Empreinte Ring, Pink Gold - Men - Discontinued Product | LOUIS VUITTON ®",2030,USD,jsonld_offer_price
louisvuitton,NVPROD1000080V,B_2024_2026,202511,20251113085039,https://web.archive.org/web/20251113085039/https://us.louisvuitton.com/eng-us/products/empreinte-ring-pink-gold-nvprod1000080v/Q9K98D,"Empreinte Ring, Pink Gold - Men - Discontinued Product | LOUIS VUITTON ®",2030,USD,jsonld_offer_price
louisvuitton,NVPROD1000080V,B_2024_2026,202512,20251214081733,https://web.archive.org/web/20251214081733/https://us.louisvuitton.com/eng-us/products/empreinte-ring-pink-gold-nvprod1000080v/Q9K98A,"Empreinte Ring, Pink Gold - Men - Discontinued Product | LOUIS VUITTON ®",2030,USD,jsonld_offer_price
louisvuitton,NVPROD1000080V,B_2024_2026,202601,20260112200834,https://web.archive.org/web/20260112200834/https://us.louisvuitton.com/eng-us/products/empreinte-ring-pink-gold-nvprod1000080v/Q9K98G,"Empreinte Ring, Pink Gold - Men - Discontinued Product | LOUIS VUITTON ®",2030,USD,jsonld_offer_price
louisvuitton,NVPROD1000080V,B_2024_2026,202606,20260609111355,https://web.archive.org/web/20260609111355/https://us.louisvuitton.com/eng-us/products/empreinte-ring-pink-gold-nvprod1000080v/Q9K98K,"Empreinte Ring, Pink Gold - Men - Discontinued Product | LOUIS VUITTON ®",2130,USD,jsonld_offer_price
louisvuitton,NVPROD1000080V,B_2024_2026,202607,20260711052112,https://web.archive.org/web/20260711052112/https://us.louisvuitton.com/eng-us/products/empreinte-ring-pink-gold-nvprod1000080v/Q9K98H,"Empreinte Ring, Pink Gold - Men - Discontinued Product | LOUIS VUITTON ®",2130,USD,jsonld_offer_price
louisvuitton,NVPROD1180261V,A_2018_2020,201907,20190720012633,https://web.archive.org/web/20190720012633/https://us.louisvuitton.com/eng-us/products/empreinte-ring-white-gold-and-diamonds-nvprod1180261v,"Empreinte Ring, White Gold and Diamonds - Jewelry and Timepieces | LOUIS VUITTON ®",7350.00,USD,jsonld_offer_price
louisvuitton,NVPROD1180261V,A_2018_2020,201909,20190918160722,https://web.archive.org/web/20190918160722/https://us.louisvuitton.com/eng-us/products/empreinte-ring-white-gold-and-diamonds-nvprod1180261v,"Empreinte Ring, White Gold and Diamonds - Jewelry and Timepieces | LOUIS VUITTON ®",7350.00,USD,jsonld_offer_price
louisvuitton,NVPROD1180261V,B_2024_2026,202510,20251007083707,https://web.archive.org/web/20251007083707/https://us.louisvuitton.com/eng-us/products/empreinte-ring-white-gold-and-diamonds-nvprod1180261v/Q9K99Y,"Empreinte Ring, White Gold and Diamonds - Jewelry - Categories | LOUIS VUITTON ®",8050,USD,jsonld_offer_price
louisvuitton,NVPROD1180261V,B_2024_2026,202511,20251115182422,https://web.archive.org/web/20251115182422/https://us.louisvuitton.com/eng-us/products/empreinte-ring-white-gold-and-diamonds-nvprod1180261v/Q9K99A,"Empreinte Medium Ring, White Gold and Diamonds - Jewelry - Categories | LOUIS VUITTON ®",8050,USD,jsonld_offer_price
louisvuitton,NVPROD1180261V,B_2024_2026,202601,20260121102408,https://web.archive.org/web/20260121102408/https://us.louisvuitton.com/eng-us/products/empreinte-ring-white-gold-and-diamonds-nvprod1180261v/Q9K99Y,"Empreinte Medium Ring, White Gold and Diamonds - Jewelry - Categories | LOUIS VUITTON ®",8050,USD,jsonld_offer_price
louisvuitton,NVPROD1430100V,A_2018_2020,201907,20190724090138,https://web.archive.org/web/20190724090138/https://us.louisvuitton.com/eng-us/products/frill-blouse-nvprod1430100v,Frill Blouse - Ready-to-Wear | LOUIS VUITTON ®,1130.00,USD,jsonld_offer_price
louisvuitton,NVPROD1430100V,A_2018_2020,201909,20190916104313,https://web.archive.org/web/20190916104313/https://us.louisvuitton.com/eng-us/products/frill-blouse-nvprod1430100v,Frill Blouse - Ready-to-Wear | LOUIS VUITTON ®,1130.00,USD,jsonld_offer_price
louisvuitton,NVPROD1430100V,B_2024_2026,202409,20240916161823,https://web.archive.org/web/20240916161823/https://us.louisvuitton.com/eng-us/products/frill-blouse-nvprod1430100v/1A5M05,Frill Blouse - Women - Ready-to-Wear | LOUIS VUITTON ®,1250,USD,jsonld_offer_price
louisvuitton,NVPROD1430100V,B_2024_2026,202512,20251211123848,https://web.archive.org/web/20251211123848/https://us.louisvuitton.com/eng-us/products/frill-blouse-nvprod1430100v/1A5M07,Frill Blouse - Women - Ready-to-Wear | LOUIS VUITTON ®,1280,USD,jsonld_offer_price
louisvuitton,NVPROD1200038V,A_2018_2020,201907,20190720011920,https://web.archive.org/web/20190720011920/https://us.louisvuitton.com/eng-us/products/hockenheim-moccasin-nvprod1200038v,HOCKENHEIM MOCASSIN - Shoes | LOUIS VUITTON ®,660.00,USD,jsonld_offer_price
louisvuitton,NVPROD1200038V,A_2018_2020,201909,20190918155952,https://web.archive.org/web/20190918155952/https://us.louisvuitton.com/eng-us/products/hockenheim-moccasin-nvprod1200038v,HOCKENHEIM MOCASSIN - Shoes | LOUIS VUITTON ®,660.00,USD,jsonld_offer_price
louisvuitton,NVPROD1200038V,B_2024_2026,202510,20251009201514,https://web.archive.org/web/20251009201514/https://us.louisvuitton.com/eng-us/products/hockenheim-moccasin-damier-graphite-canvas-nvprod1200038v/1A4OI9,Hockenheim Moccasin Damier Graphite Canvas - Men - Shoes | LOUIS VUITTON ®,835,USD,jsonld_offer_price
louisvuitton,NVPROD1200038V,B_2024_2026,202511,20251108043106,https://web.archive.org/web/20251108043106/https://us.louisvuitton.com/eng-us/products/hockenheim-moccasin-damier-graphite-canvas-nvprod1200038v/1A4OIH,Hockenheim Moccasin Damier Graphite Canvas - Men - Shoes | LOUIS VUITTON ®,835,USD,jsonld_offer_price
louisvuitton,NVPROD1130148V,A_2018_2020,201907,20190719125324,https://web.archive.org/web/20190719125324/https://us.louisvuitton.com/eng-us/products/hooded-wrap-coat-nvprod1130148v,,,,fetch_failed
louisvuitton,NVPROD1130148V,A_2018_2020,201909,20190917070831,https://web.archive.org/web/20190917070831/https://us.louisvuitton.com/eng-us/products/hooded-wrap-coat-nvprod1130148v,,,,fetch_failed
louisvuitton,NVPROD1130148V,B_2024_2026,202510,20251011224342,https://web.archive.org/web/20251011224342/https://us.louisvuitton.com/eng-us/products/hooded-wrap-coat-nvprod1130148v/1A4PE6,Hooded Wrap Coat - Women - Ready-to-Wear | LOUIS VUITTON ®,5900,USD,jsonld_offer_price
louisvuitton,NVPROD1130148V,B_2024_2026,202511,20251108123450,https://web.archive.org/web/20251108123450/https://us.louisvuitton.com/eng-us/products/hooded-wrap-coat-nvprod1130148v/1A4PE5,Hooded Wrap Coat - Women - Ready-to-Wear | LOUIS VUITTON ®,5900,USD,jsonld_offer_price
louisvuitton,005195,A_2018_2020,201907,20190723031442,https://web.archive.org/web/20190723031442/https://us.louisvuitton.com/eng-us/products/idylle-blossom-ring-3-golds-and-diamonds-005195,"Idylle Blossom ring, 3 golds and diamonds - Jewelry and Timepieces | LOUIS VUITTON ®",2950.00,USD,jsonld_offer_price
louisvuitton,005195,A_2018_2020,201909,20190917110445,https://web.archive.org/web/20190917110445/https://us.louisvuitton.com/eng-us/products/idylle-blossom-ring-3-golds-and-diamonds-005195,"Idylle Blossom ring, 3 golds and diamonds - Jewelry and Timepieces | LOUIS VUITTON ®",2950.00,USD,jsonld_offer_price
louisvuitton,005195,B_2024_2026,202510,20251013091049,https://web.archive.org/web/20251013091049/https://us.louisvuitton.com/eng-us/products/idylle-blossom-ring-3-golds-and-diamonds-005195/Q9F15Z,"Idylle Blossom ring, 3 golds and diamonds - Jewelry - Categories | LOUIS VUITTON ®",4000,USD,jsonld_offer_price
louisvuitton,005195,B_2024_2026,202511,20251119022623,https://web.archive.org/web/20251119022623/https://us.louisvuitton.com/eng-us/products/idylle-blossom-ring-3-golds-and-diamonds-005195/Q9F15A,"Idylle Blossom ring, 3 golds and diamonds - Jewelry - Categories | LOUIS VUITTON ®",4000,USD,jsonld_offer_price
louisvuitton,NVPROD810023V,A_2018_2020,201908,20190821100922,https://web.archive.org/web/20190821100922/https://us.louisvuitton.com/eng-us/products/lv-archlight-sneaker-nvprod810023v,LV Archlight Sneaker - Shoes | LOUIS VUITTON ®,1060.00,USD,jsonld_offer_price
louisvuitton,NVPROD810023V,A_2018_2020,201909,20190907065820,https://web.archive.org/web/20190907065820/https://us.louisvuitton.com/eng-us/products/lv-archlight-sneaker-nvprod810023v,LV Archlight Sneaker - Shoes | LOUIS VUITTON ®,1060.00,USD,jsonld_offer_price
louisvuitton,NVPROD810023V,B_2024_2026,202406,20240603222544,https://web.archive.org/web/20240603222544/https://us.louisvuitton.com/eng-us/products/lv-archlight-sneaker-nvprod810023v/1A43L3,LV Archlight Sneaker - Women - Shoes | LOUIS VUITTON ®,,,no_price_found
louisvuitton,NVPROD810023V,B_2024_2026,202409,20240912031335,https://web.archive.org/web/20240912031335/https://us.louisvuitton.com/eng-us/products/lv-archlight-sneaker-nvprod810023v/1A43L3,LV Archlight Sneaker - Women - Shoes | LOUIS VUITTON ®,1230,USD,jsonld_offer_price
louisvuitton,NVPROD810023V,B_2024_2026,202410,20241008032307,https://web.archive.org/web/20241008032307/https://us.louisvuitton.com/eng-us/products/lv-archlight-sneaker-nvprod810023v/1A43L0,LV Archlight Sneaker - Women - Shoes | LOUIS VUITTON ®,1230,USD,jsonld_offer_price
louisvuitton,NVPROD810023V,B_2024_2026,202510,20251012041535,https://web.archive.org/web/20251012041535/https://us.louisvuitton.com/eng-us/products/lv-archlight-sneaker-nvprod810023v/1A43KT,LV Archlight Sneaker - Women - Shoes | LOUIS VUITTON ®,1250,USD,jsonld_offer_price
louisvuitton,NVPROD810023V,B_2024_2026,202511,20251116063946,https://web.archive.org/web/20251116063946/https://us.louisvuitton.com/eng-us/products/lv-archlight-sneaker-nvprod810023v/1A43KV,LV Archlight Sneaker - Women - Shoes | LOUIS VUITTON ®,1250,USD,jsonld_offer_price
louisvuitton,NVPROD810023V,B_2024_2026,202512,20251212003508,https://web.archive.org/web/20251212003508/https://us.louisvuitton.com/eng-us/products/lv-archlight-sneaker-nvprod810023v/1A43L7,LV Archlight Sneaker - Women - Shoes | LOUIS VUITTON ®,1250,USD,jsonld_offer_price
louisvuitton,NVPROD810023V,B_2024_2026,202601,20260114032240,https://web.archive.org/web/20260114032240/https://us.louisvuitton.com/eng-us/products/lv-archlight-sneaker-nvprod810023v/1A43LG,LV Archlight Sneaker - Women - Shoes | LOUIS VUITTON ®,1250,USD,jsonld_offer_price
louisvuitton,SLUG:lv-archlight-sneaker,A_2018_2020,201803,20180310092838,https://web.archive.org/web/20180310092838/https://us.louisvuitton.com/eng-us/products/lv-archlight-sneaker-nvprod810021v,LV Archlight Sneaker - SHOES | LOUIS VUITTON ®,,,no_price_found
louisvuitton,SLUG:lv-archlight-sneaker,A_2018_2020,201804,20180423085738,https://web.archive.org/web/20180423085738/https://us.louisvuitton.com/eng-us/products/lv-archlight-sneaker-nvprod810018v,LV Archlight Sneaker - SHOES | LOUIS VUITTON ®,,,no_price_found
louisvuitton,SLUG:lv-archlight-sneaker,A_2018_2020,201805,20180531173804,https://web.archive.org/web/20180531173804/https://us.louisvuitton.com/eng-us/products/lv-archlight-sneaker-nvprod810022v,,,,fetch_failed
louisvuitton,SLUG:lv-archlight-sneaker,A_2018_2020,201907,20190723093813,https://web.archive.org/web/20190723093813/https://us.louisvuitton.com/eng-us/products/lv-archlight-sneaker-nvprod1290095v,Lv Archlight Sneaker - Shoes | LOUIS VUITTON ®,1090.00,USD,jsonld_offer_price
louisvuitton,SLUG:lv-archlight-sneaker,A_2018_2020,201908,20190825160101,https://web.archive.org/web/20190825160101/https://us.louisvuitton.com/eng-us/products/lv-archlight-sneaker-nvprod1290096v,Lv Archlight Sneaker - Shoes | LOUIS VUITTON ®,1170.00,USD,jsonld_offer_price
louisvuitton,SLUG:lv-archlight-sneaker,A_2018_2020,201909,20190919002613,https://web.archive.org/web/20190919002613/https://us.louisvuitton.com/eng-us/products/lv-archlight-sneaker-nvprod1290095v,Lv Archlight Sneaker - Shoes | LOUIS VUITTON ®,1090.00,USD,jsonld_offer_price
louisvuitton,SLUG:lv-archlight-sneaker,A_2018_2020,202002,20200216024526,https://web.archive.org/web/20200216024526/https://us.louisvuitton.com/eng-us/products/lv-archlight-sneaker-nvprod1290095v,Lv Archlight Sneaker - Shoes | LOUIS VUITTON ®,1090.00,USD,jsonld_offer_price
louisvuitton,SLUG:lv-archlight-sneaker,B_2024_2026,202406,20240603222544,https://web.archive.org/web/20240603222544/https://us.louisvuitton.com/eng-us/products/lv-archlight-sneaker-nvprod810023v/1A43L3,LV Archlight Sneaker - Women - Shoes | LOUIS VUITTON ®,,,no_price_found
louisvuitton,SLUG:lv-archlight-sneaker,B_2024_2026,202409,20240915231859,https://web.archive.org/web/20240915231859/https://us.louisvuitton.com/eng-us/products/lv-archlight-sneaker-nvprod4430040v/1ABP6W,LV Archlight Sneaker - Women - Shoes | LOUIS VUITTON ®,1260,USD,jsonld_offer_price
louisvuitton,SLUG:lv-archlight-sneaker,B_2024_2026,202410,20241008032307,https://web.archive.org/web/20241008032307/https://us.louisvuitton.com/eng-us/products/lv-archlight-sneaker-nvprod810023v/1A43L0,,,,fetch_failed
louisvuitton,SLUG:lv-archlight-sneaker,B_2024_2026,202510,20251007093110,https://web.archive.org/web/20251007093110/https://us.louisvuitton.com/eng-us/products/lv-archlight-sneaker-nvprod6380114v/1AHOKP,,,,fetch_failed
louisvuitton,SLUG:lv-archlight-sneaker,B_2024_2026,202511,20251113083153,https://web.archive.org/web/20251113083153/https://us.louisvuitton.com/eng-us/products/lv-archlight-sneaker-nvprod6380114v/1AHOKK,LV Archlight Sneaker - Women - Shoes | LOUIS VUITTON ®,1550,USD,jsonld_offer_price
louisvuitton,SLUG:lv-archlight-sneaker,B_2024_2026,202512,20251212212930,https://web.archive.org/web/20251212212930/https://us.louisvuitton.com/eng-us/products/lv-archlight-sneaker-nvprod6250044v/1AICTP,LV Archlight Sneaker - Women - Shoes | LOUIS VUITTON ®,2620,USD,jsonld_offer_price
louisvuitton,SLUG:lv-archlight-sneaker,B_2024_2026,202601,20260124092232,https://web.archive.org/web/20260124092232/https://us.louisvuitton.com/eng-us/products/lv-archlight-sneaker-nvprod6250044v/1AICTS,LV Archlight Sneaker - Women - Shoes | LOUIS VUITTON ®,2620,USD,jsonld_offer_price
louisvuitton,SLUG:capucines-bb-capucines,A_2018_2020,201802,20180201033329,https://web.archive.org/web/20180201033329/https://us.louisvuitton.com/eng-us/products/capucines-bb-capucines-nvprod620334v,,,,no_price_found
louisvuitton,SLUG:capucines-bb-capucines,A_2018_2020,201904,20190415190843,https://web.archive.org/web/20190415190843/https://us.louisvuitton.com/eng-us/products/capucines-bb-capucines-nvprod840033v,,,,fetch_failed
louisvuitton,SLUG:capucines-bb-capucines,A_2018_2020,201907,20190724003729,https://web.archive.org/web/20190724003729/https://us.louisvuitton.com/eng-us/products/capucines-bb-capucines-nvprod1000321v,,,,fetch_failed
louisvuitton,SLUG:capucines-bb-capucines,A_2018_2020,201908,20190822202543,https://web.archive.org/web/20190822202543/https://us.louisvuitton.com/eng-us/products/capucines-bb-capucines-010428,Capucines BB Capucines - Handbags | LOUIS VUITTON ®,,,no_price_found
louisvuitton,SLUG:capucines-bb-capucines,A_2018_2020,201909,20190917125118,https://web.archive.org/web/20190917125118/https://us.louisvuitton.com/eng-us/products/capucines-bb-capucines-nvprod1000321v,Capucines BB Capucines - Handbags | LOUIS VUITTON ®,,,no_price_found
louisvuitton,SLUG:capucines-bb-capucines,A_2018_2020,202001,20200128102400,https://web.archive.org/web/20200128102400/https://us.louisvuitton.com/eng-us/products/capucines-bb-capucines-nvprod1720123v,Capucines BB Capucines - Handbags | LOUIS VUITTON ®,,,no_price_found
louisvuitton,SLUG:capucines-bb-capucines,B_2024_2026,202406,20240628011601,https://web.archive.org/web/20240628011601/https://us.louisvuitton.com/eng-us/products/capucines-bb-capucines-nvprod5470082v/M24978,Capucines BB Capucines - Women - Handbags | LOUIS VUITTON ®,,,no_price_found
louisvuitton,SLUG:capucines-bb-capucines,B_2024_2026,202409,20240914045747,https://web.archive.org/web/20240914045747/https://us.louisvuitton.com/eng-us/products/capucines-bb-capucines-nvprod4620002v/M23243,Capucines BB Capucines - Women - Handbags | LOUIS VUITTON ®,7000,USD,jsonld_offer_price
louisvuitton,SLUG:capucines-bb-capucines,B_2024_2026,202410,20241004181137,https://web.archive.org/web/20241004181137/https://us.louisvuitton.com/eng-us/products/capucines-bb-capucines-nvprod4540060v/M23564,Capucines BB Capucines - Women - Handbags | LOUIS VUITTON ®,9300,USD,jsonld_offer_price
louisvuitton,SLUG:capucines-bb-capucines,B_2024_2026,202510,20251012091505,https://web.archive.org/web/20251012091505/https://us.louisvuitton.com/eng-us/products/capucines-bb-capucines-nvprod5520066v/M11343,Capucines BB Capucines - Women - Handbags | LOUIS VUITTON ®,7500,USD,jsonld_offer_price
louisvuitton,SLUG:capucines-bb-capucines,B_2024_2026,202511,20251116115912,https://web.archive.org/web/20251116115912/https://us.louisvuitton.com/eng-us/products/capucines-bb-capucines-nvprod5210010v/M24728,Capucines BB Capucines - Women - Handbags | LOUIS VUITTON ®,7150,USD,jsonld_offer_price
louisvuitton,SLUG:capucines-bb-capucines,B_2024_2026,202512,20251205031154,https://web.archive.org/web/20251205031154/https://us.louisvuitton.com/eng-us/products/capucines-bb-capucines-nvprod5770148v/M25256,Capucines BB Capucines - Women - Handbags | LOUIS VUITTON ®,7250,USD,jsonld_offer_price
louisvuitton,SLUG:capucines-bb-capucines,B_2024_2026,202601,20260122174302,https://web.archive.org/web/20260122174302/https://us.louisvuitton.com/eng-us/products/capucines-bb-capucines-nvprod6720124v/M25874,Capucines BB Capucines - Women - Handbags | LOUIS VUITTON ®,7700,USD,jsonld_offer_price
louisvuitton,SLUG:capucines-bb-capucines,B_2024_2026,202606,20260608201335,https://web.archive.org/web/20260608201335/https://us.louisvuitton.com/eng-us/products/capucines-bb-capucines-nvprod5210010v/M25087,Capucines BB Capucines - Women - Handbags | LOUIS VUITTON ®,7350,USD,jsonld_offer_price
louisvuitton,SLUG:capucines-bb-capucines,B_2024_2026,202607,20260710172535,https://web.archive.org/web/20260710172535/https://us.louisvuitton.com/eng-us/products/capucines-bb-capucines-nvprod7770002v/M2A196,Capucines BB Capucines - Women - Handbags | LOUIS VUITTON ®,10400,USD,jsonld_offer_price
louisvuitton,SLUG:laureate-platform-desert-boot,A_2018_2020,201802,20180201141957,https://web.archive.org/web/20180201141957/https://us.louisvuitton.com/eng-us/products/laureate-platform-desert-boot-nvprod680098v,Laureate Platform Desert Boot - SHOES | LOUIS VUITTON ®,,,no_price_found
louisvuitton,SLUG:laureate-platform-desert-boot,A_2018_2020,201907,20190723094009,https://web.archive.org/web/20190723094009/https://us.louisvuitton.com/eng-us/products/laureate-platform-desert-boot-nvprod1080115v,Laureate Platform Desert Boot - Shoes | LOUIS VUITTON ®,1350.00,USD,jsonld_offer_price
louisvuitton,SLUG:laureate-platform-desert-boot,A_2018_2020,201908,20190818114259,https://web.archive.org/web/20190818114259/https://us.louisvuitton.com/eng-us/products/laureate-platform-desert-boot-nvprod1690119v,Laureate Platform Desert Boot - Shoes | LOUIS VUITTON ®,1320.00,USD,jsonld_offer_price
louisvuitton,SLUG:laureate-platform-desert-boot,A_2018_2020,201909,20190919002713,https://web.archive.org/web/20190919002713/https://us.louisvuitton.com/eng-us/products/laureate-platform-desert-boot-nvprod1080115v,Laureate Platform Desert Boot - Shoes | LOUIS VUITTON ®,1350.00,USD,jsonld_offer_price
louisvuitton,SLUG:laureate-platform-desert-boot,A_2018_2020,202001,20200122085556,https://web.archive.org/web/20200122085556/https://us.louisvuitton.com/eng-us/products/laureate-platform-desert-boot-nvprod1240109v,Laureate Platform Desert Boot - Shoes | LOUIS VUITTON ®,1190.00,USD,jsonld_offer_price
louisvuitton,SLUG:laureate-platform-desert-boot,A_2018_2020,202003,20200311185021,https://web.archive.org/web/20200311185021/https://us.louisvuitton.com/eng-us/products/laureate-platform-desert-boot-nvprod1750242v,Laureate Platform Desert Boot - Shoes | LOUIS VUITTON ®,1480.00,USD,jsonld_offer_price
louisvuitton,SLUG:laureate-platform-desert-boot,B_2024_2026,202406,20240604003449,https://web.archive.org/web/20240604003449/https://us.louisvuitton.com/eng-us/products/laureate-platform-desert-boot-nvprod1240109v/1A4XY1,Laureate Platform Desert Boot - Women - Shoes | LOUIS VUITTON ®,,,no_price_found
louisvuitton,SLUG:laureate-platform-desert-boot,B_2024_2026,202409,20240916085722,https://web.archive.org/web/20240916085722/https://us.louisvuitton.com/eng-us/products/laureate-platform-desert-boot-nvprod1240109v/1A4XY3,Laureate Platform Desert Boot - Women - Shoes | LOUIS VUITTON ®,1650,USD,jsonld_offer_price
louisvuitton,SLUG:laureate-platform-desert-boot,B_2024_2026,202410,20241007152801,https://web.archive.org/web/20241007152801/https://us.louisvuitton.com/eng-us/products/laureate-platform-desert-boot-nvprod1240109v/1A4XY0,Laureate Platform Desert Boot - Women - Shoes | LOUIS VUITTON ®,1650,USD,jsonld_offer_price
louisvuitton,SLUG:laureate-platform-desert-boot,B_2024_2026,202510,20251010054612,https://web.archive.org/web/20251010054612/https://us.louisvuitton.com/eng-us/products/laureate-platform-desert-boot-nvprod4490014v/1AC7RQ,Laureate Platform Desert Boot - Women - Shoes | LOUIS VUITTON ®,1540,USD,jsonld_offer_price
louisvuitton,SLUG:laureate-platform-desert-boot,B_2024_2026,202511,20251116063401,https://web.archive.org/web/20251116063401/https://us.louisvuitton.com/eng-us/products/laureate-platform-desert-boot-nvprod4490014v/1AC7RR,Laureate Platform Desert Boot - Women - Shoes | LOUIS VUITTON ®,1540,USD,jsonld_offer_price
louisvuitton,SLUG:laureate-platform-desert-boot,B_2024_2026,202512,20251215144141,https://web.archive.org/web/20251215144141/https://us.louisvuitton.com/eng-us/products/laureate-platform-desert-boot-nvprod5700008v/1AD9ZI,Laureate Platform Desert Boot - Women - Shoes | LOUIS VUITTON ®,1520,USD,jsonld_offer_price
louisvuitton,SLUG:laureate-platform-desert-boot,B_2024_2026,202601,20260120001054,https://web.archive.org/web/20260120001054/https://us.louisvuitton.com/eng-us/products/laureate-platform-desert-boot-nvprod6390009v/1AISC7,,,,fetch_failed
louisvuitton,SLUG:neverfull-mm-monogram,A_2018_2020,201801,20180106053557,https://web.archive.org/web/20180106053557/http://us.louisvuitton.com:80/eng-us/products/neverfull-mm-monogram-007653?,,,,fetch_failed
louisvuitton,SLUG:neverfull-mm-monogram,A_2018_2020,201802,20180221230823,https://web.archive.org/web/20180221230823/https://us.louisvuitton.com/eng-us/products/neverfull-mm-monogram-007653,Neverfull MM Monogram - HANDBAGS | LOUIS VUITTON ®,,,no_price_found
louisvuitton,SLUG:neverfull-mm-monogram,A_2018_2020,201812,20181207010044,https://web.archive.org/web/20181207010044/https://us.louisvuitton.com/eng-us/products/neverfull-mm-monogram-007653,Neverfull MM - Louis Vuitton Monogram Handbag for Women | LOUIS VUITTON ®,,,no_price_found
louisvuitton,SLUG:neverfull-mm-monogram,A_2018_2020,201907,20190719152106,https://web.archive.org/web/20190719152106/https://us.louisvuitton.com/eng-us/products/neverfull-mm-monogram-nvprod1280185v,Neverfull MM Monogram - Handbags | LOUIS VUITTON ®,1990.00,USD,jsonld_offer_price
louisvuitton,SLUG:neverfull-mm-monogram,A_2018_2020,201908,20190818133100,https://web.archive.org/web/20190818133100/https://us.louisvuitton.com/eng-us/products/neverfull-mm-monogram-007653?campaign=sem_GG-US-ENG-EC-BRAN-BAGW&gclid=Cj0KCQiA2o_fBRC8ARIsAIOyQ-lv581AOCyjurIoyVEjt2Ewc8sHUgDOOGA_Kfmz6-UxPVeKmYkGB5oaAnCSEALw_wcB,Neverfull MM - Louis Vuitton Monogram Handbag for Women | LOUIS VUITTON ®,1320.00,USD,jsonld_offer_price
louisvuitton,SLUG:neverfull-mm-monogram,A_2018_2020,201909,20190904225640,https://web.archive.org/web/20190904225640/https://us.louisvuitton.com/eng-us/products/neverfull-mm-monogram-007653,,,,no_price_found
louisvuitton,SLUG:neverfull-mm-monogram,B_2024_2026,202406,20240604010350,https://web.archive.org/web/20240604010350/https://us.louisvuitton.com/eng-us/products/neverfull-mm-monogram-007653/M41178?gclid=CjwKCAiAzp6eBhByEiwA_gGq5OFIVl-wV7rqbrQRJAVWLtsUguBB4c7GeqfbK0IxT5JzaEOdJG0ZEBoCO74QAvD_BwE&gclsrc=aw.ds,Neverfull MM - Louis Vuitton Monogram Handbag for Women | LOUIS VUITTON ®,,,no_price_found
louisvuitton,SLUG:neverfull-mm-monogram,B_2024_2026,202407,20240702034915,https://web.archive.org/web/20240702034915/https://us.louisvuitton.com/eng-us/products/neverfull-mm-monogram-nvprod5350101v/M46987,Neverfull MM Monogram - Women - Handbags | LOUIS VUITTON ®,,,no_price_found
louisvuitton,SLUG:neverfull-mm-monogram,B_2024_2026,202408,20240823072147,https://web.archive.org/web/20240823072147/https://us.louisvuitton.com/eng-us/products/neverfull-mm-monogram-nvprod5350101v/M46975,,,,no_price_found
louisvuitton,SLUG:neverfull-mm-monogram,B_2024_2026,202409,20240917222338,https://web.archive.org/web/20240917222338/https://us.louisvuitton.com/eng-us/products/neverfull-mm-monogram-nvprod5350101v/M46975,,,,no_price_found
louisvuitton,SLUG:neverfull-mm-monogram,B_2024_2026,202410,20241003022847,https://web.archive.org/web/20241003022847/https://us.louisvuitton.com/eng-us/products/neverfull-mm-monogram-nvprod5350101v/M46975?gclid=CjwKCAiAxp-ABhALEiwAXm6IyTODFrz_UjLNjNRWOYThERhR5hP3y9IesiaWmL2TkGoVYNyzZKzmYRoC0K4QAvD_BwE&gclsrc=aw.ds,Neverfull MM Monogram Mid Size Cherry Red Tote | LOUIS VUITTON ®,2030,USD,jsonld_offer_price
louisvuitton,SLUG:neverfull-mm-monogram,B_2024_2026,202509,20250915190034,https://web.archive.org/web/20250915190034/https://us.louisvuitton.com/eng-us/products/neverfull-mm-monogram-nvprod5350101v/M46987,Neverfull MM Monogram Mid Size Cherry Red Tote | LOUIS VUITTON ®,2170,USD,jsonld_offer_price
louisvuitton,SLUG:neverfull-mm-monogram,B_2024_2026,202512,20251211124858,https://web.archive.org/web/20251211124858/https://us.louisvuitton.com/eng-us/products/neverfull-mm-monogram-nvprod5350101v/M46987?gad_source=1&gclid=Cj0KCQiAvvO7BhC-ARIsAGFyToXk6-tdEnJ8h3ilobiX8eOvfg9GTutU9BL5YAYk8jxOFSyQYCmF9lkaArjJEALw_wcB&gclsrc=aw.ds,Neverfull MM Monogram Mid Size Cherry Red Tote | LOUIS VUITTON ®,2170,USD,jsonld_offer_price
louisvuitton,SLUG:neverfull-mm-monogram,B_2024_2026,202602,20260206110336,https://web.archive.org/web/20260206110336/https://us.louisvuitton.com/eng-us/products/neverfull-mm-monogram-nvprod5350101v/M46987?srsltid=AfmBOopTsjhiZ5-p_oYhkm8JVckY1vMvjQo0UQcStIYlTA2O1T4kjOsEYtk&gQT=1,,,,fetch_failed
louisvuitton,SLUG:run-away-sneaker,A_2018_2020,201801,20180102041925,https://web.archive.org/web/20180102041925/http://us.louisvuitton.com:80/eng-us/products/run-away-sneaker-nvprod680067v,Run Away Sneaker - SHOES | LOUIS VUITTON ®,,,no_price_found
louisvuitton,SLUG:run-away-sneaker,A_2018_2020,201802,20180223143633,https://web.archive.org/web/20180223143633/https://us.louisvuitton.com/eng-us/products/run-away-sneaker-nvprod680068v,Run Away Sneaker - SHOES | LOUIS VUITTON ®,,,no_price_found
louisvuitton,SLUG:run-away-sneaker,A_2018_2020,201803,20180303122553,https://web.archive.org/web/20180303122553/https://us.louisvuitton.com/eng-us/products/run-away-sneaker-nvprod680067v,Run Away Sneaker - SHOES | LOUIS VUITTON ®,,,no_price_found
louisvuitton,SLUG:run-away-sneaker,A_2018_2020,201907,20190723052526,https://web.archive.org/web/20190723052526/https://us.louisvuitton.com/eng-us/products/run-away-sneaker-nvprod1020018v,Run Away Sneaker - Shoes | LOUIS VUITTON ®,815.00,USD,jsonld_offer_price
louisvuitton,SLUG:run-away-sneaker,A_2018_2020,201908,20190823052912,https://web.archive.org/web/20190823052912/https://us.louisvuitton.com/eng-us/products/run-away-sneaker-nvprod1290098v,Run Away Sneaker - Shoes | LOUIS VUITTON ®,925.00,USD,jsonld_offer_price
louisvuitton,SLUG:run-away-sneaker,A_2018_2020,201909,20190917105708,https://web.archive.org/web/20190917105708/https://us.louisvuitton.com/eng-us/products/run-away-sneaker-nvprod1020018v,Run Away Sneaker - Shoes | LOUIS VUITTON ®,815.00,USD,jsonld_offer_price
louisvuitton,SLUG:run-away-sneaker,B_2024_2026,202406,20240618112915,https://web.archive.org/web/20240618112915/https://us.louisvuitton.com/eng-us/products/run-away-sneaker-nvprod2510018v/1A8KIS,Run Away Sneaker - Men - Shoes | LOUIS VUITTON ®,,,no_price_found
louisvuitton,SLUG:run-away-sneaker,B_2024_2026,202409,20240908172346,https://web.archive.org/web/20240908172346/https://us.louisvuitton.com/eng-us/products/run-away-sneaker-nvprod1240111v/1A4XNI,Run Away Sneaker - Women - Shoes | LOUIS VUITTON ®,1180,USD,jsonld_offer_price
louisvuitton,SLUG:run-away-sneaker,B_2024_2026,202410,20241005184252,https://web.archive.org/web/20241005184252/https://us.louisvuitton.com/eng-us/products/run-away-sneaker-nvprod2800225v/1A8UZF,Run Away Sneaker - Men - Shoes | LOUIS VUITTON ®,1020,USD,jsonld_offer_price
louisvuitton,SLUG:run-away-sneaker,B_2024_2026,202509,20250915183800,https://web.archive.org/web/20250915183800/https://us.louisvuitton.com/eng-us/products/run-away-sneaker-nvprod2510018v/1A8KIT,Run Away Sneaker - Men - Shoes | LOUIS VUITTON ®,1110,USD,jsonld_offer_price
louisvuitton,SLUG:run-away-sneaker,B_2024_2026,202510,20251015181047,https://web.archive.org/web/20251015181047/https://us.louisvuitton.com/eng-us/products/run-away-sneaker-nvprod2510018v/1A8KIU,,,,fetch_failed
louisvuitton,SLUG:run-away-sneaker,B_2024_2026,202511,20251108182602,https://web.archive.org/web/20251108182602/https://us.louisvuitton.com/eng-us/products/run-away-sneaker-nvprod2510018v/1A8KJC,,,,fetch_failed
louisvuitton,SLUG:run-away-sneaker,B_2024_2026,202512,20251209175922,https://web.archive.org/web/20251209175922/https://us.louisvuitton.com/eng-us/products/run-away-sneaker-nvprod470025v/1A3CVW,Women's Designer Black Suede Sneakers - Run Away | LOUIS VUITTON ®,1200,USD,jsonld_offer_price
louisvuitton,SLUG:run-away-sneaker,B_2024_2026,202601,20260121041335,https://web.archive.org/web/20260121041335/https://us.louisvuitton.com/eng-us/products/run-away-sneaker-nvprod470025v/1A3CW1,Women's Designer Black Suede Sneakers - Run Away | LOUIS VUITTON ®,1200,USD,jsonld_offer_price
louisvuitton,SLUG:run-away-sneaker,B_2024_2026,202602,20260215132825,https://web.archive.org/web/20260215132825/https://us.louisvuitton.com/eng-us/products/run-away-sneaker-nvprod5820004v/1ADET5,Run Away Sneaker - Men - Shoes | LOUIS VUITTON ®,1030,USD,jsonld_offer_price
louisvuitton,SLUG:run-away-sneaker,B_2024_2026,202606,20260611105710,https://web.archive.org/web/20260611105710/https://us.louisvuitton.com/eng-us/products/run-away-sneaker-nvprod5800006v/1ADG68,Run Away Sneaker - gifts - Gift Selection for Men | LOUIS VUITTON ®,1130,USD,jsonld_offer_price
louisvuitton,SLUG:run-away-sneaker,B_2024_2026,202607,20260711232417,https://web.archive.org/web/20260711232417/https://us.louisvuitton.com/eng-us/products/run-away-sneaker-nvprod5800006v/1ADG64,Run Away Sneaker - gifts - Gift Selection for Men | LOUIS VUITTON ®,1130,USD,jsonld_offer_price
louisvuitton,SLUG:star-trail-ankle-boot,A_2018_2020,201801,20180103184850,https://web.archive.org/web/20180103184850/http://us.louisvuitton.com:80/eng-us/products/star-trail-ankle-boot-nvprod540127v,,,,fetch_failed
louisvuitton,SLUG:star-trail-ankle-boot,A_2018_2020,201803,20180307004159,https://web.archive.org/web/20180307004159/https://us.louisvuitton.com/eng-us/products/star-trail-ankle-boot-nvprod400193v,,,,fetch_failed
louisvuitton,SLUG:star-trail-ankle-boot,A_2018_2020,201907,20190719125145,https://web.archive.org/web/20190719125145/https://us.louisvuitton.com/eng-us/products/star-trail-ankle-boot-nvprod1550117v,Star Trail Ankle Boot - Shoes | LOUIS VUITTON ®,1810.00,USD,jsonld_offer_price
louisvuitton,SLUG:star-trail-ankle-boot,A_2018_2020,201908,20190818113307,https://web.archive.org/web/20190818113307/https://us.louisvuitton.com/eng-us/products/star-trail-ankle-boot-nvprod1290100v,Star Trail Ankle Boot - Shoes | LOUIS VUITTON ®,1650.00,USD,jsonld_offer_price
louisvuitton,SLUG:star-trail-ankle-boot,A_2018_2020,201909,20190918160219,https://web.archive.org/web/20190918160219/https://us.louisvuitton.com/eng-us/products/star-trail-ankle-boot-nvprod1550117v,Star Trail Ankle Boot - Shoes | LOUIS VUITTON ®,1810.00,USD,jsonld_offer_price
louisvuitton,SLUG:star-trail-ankle-boot,A_2018_2020,202001,20200115151001,https://web.archive.org/web/20200115151001/https://us.louisvuitton.com/eng-us/products/star-trail-ankle-boot-nvprod1910039v,Star Trail Ankle Boot - Shoes | LOUIS VUITTON ®,1480.00,USD,jsonld_offer_price
louisvuitton,SLUG:star-trail-ankle-boot,B_2024_2026,202409,20240912050424,https://web.archive.org/web/20240912050424/https://us.louisvuitton.com/eng-us/products/star-trail-ankle-boot-nvprod400194v/1A2Y7S,Star Trail Ankle Boot - Louis Vuitton Leather Boot for Women | LOUIS VUITTON ®,1800,USD,jsonld_offer_price
louisvuitton,SLUG:star-trail-ankle-boot,B_2024_2026,202410,20241007044213,https://web.archive.org/web/20241007044213/https://us.louisvuitton.com/eng-us/products/star-trail-ankle-boot-nvprod400194v/1A2Y7T,Star Trail Ankle Boot - Louis Vuitton Leather Boot for Women | LOUIS VUITTON ®,1800,USD,jsonld_offer_price
louisvuitton,SLUG:star-trail-ankle-boot,B_2024_2026,202510,20251006204033,https://web.archive.org/web/20251006204033/https://us.louisvuitton.com/eng-us/products/star-trail-ankle-boot-nvprod400194v/1A2Y7U,Star Trail Ankle Boot - Louis Vuitton Leather Boot for Women | LOUIS VUITTON ®,1840,USD,jsonld_offer_price
louisvuitton,SLUG:star-trail-ankle-boot,B_2024_2026,202511,20251117005023,https://web.archive.org/web/20251117005023/https://us.louisvuitton.com/eng-us/products/star-trail-ankle-boot-nvprod400194v/1A2Y7Q,,,,fetch_failed
louisvuitton,SLUG:star-trail-ankle-boot,B_2024_2026,202512,20251212215812,https://web.archive.org/web/20251212215812/https://us.louisvuitton.com/eng-us/products/star-trail-ankle-boot-nvprod6400002v/1AIUBE,,,,fetch_failed
louisvuitton,SLUG:twist-mm-epi,A_2018_2020,201801,20180123231640,https://web.archive.org/web/20180123231640/https://us.louisvuitton.com/eng-us/products/twist-mm-epi-010035,Twist MM Epi Leather - HANDBAGS | LOUIS VUITTON ®,,,no_price_found
louisvuitton,SLUG:twist-mm-epi,A_2018_2020,201802,20180221125723,https://web.archive.org/web/20180221125723/https://us.louisvuitton.com/eng-us/products/twist-mm-epi-010035,Twist MM Epi Leather - HANDBAGS | LOUIS VUITTON ®,,,no_price_found
louisvuitton,SLUG:twist-mm-epi,A_2018_2020,201803,20180331124934,https://web.archive.org/web/20180331124934/https://us.louisvuitton.com/eng-us/products/twist-mm-epi-nvprod620424v,Twist MM Epi - HANDBAGS | LOUIS VUITTON ®,,,no_price_found
louisvuitton,SLUG:twist-mm-epi,A_2018_2020,201807,20180730202954,https://web.archive.org/web/20180730202954/https://us.louisvuitton.com/eng-us/products/twist-mm-epi-nvprod880009v,Twist MM Epi Leather - HANDBAGS | LOUIS VUITTON ®,,,no_price_found
louisvuitton,SLUG:twist-mm-epi,A_2018_2020,201810,20181009091026,https://web.archive.org/web/20181009091026/https://us.louisvuitton.com/eng-us/products/twist-mm-epi-nvprod1080218v,Twist MM Epi Leather - HANDBAGS | LOUIS VUITTON ®,,,no_price_found
louisvuitton,SLUG:twist-mm-epi,A_2018_2020,201907,20190716050500,https://web.archive.org/web/20190716050500/https://us.louisvuitton.com/eng-us/products/twist-mm-epi-010035,,,,fetch_failed
louisvuitton,SLUG:twist-mm-epi,A_2018_2020,201908,20190823163018,https://web.archive.org/web/20190823163018/https://us.louisvuitton.com/eng-us/products/twist-mm-epi-nvprod1080219v,,,,fetch_failed
louisvuitton,SLUG:twist-mm-epi,A_2018_2020,201909,20190921053135,https://web.archive.org/web/20190921053135/https://us.louisvuitton.com/eng-us/products/twist-mm-epi-010035,Twist MM Epi Leather - Handbags | LOUIS VUITTON ®,3550.00,USD,jsonld_offer_price
louisvuitton,SLUG:twist-mm-epi,A_2018_2020,202003,20200312101604,https://web.archive.org/web/20200312101604/https://us.louisvuitton.com/eng-us/products/twist-mm-epi-nvprod2000181v,Twist MM Epi Leather - Handbags | LOUIS VUITTON ®,3900.00,USD,jsonld_offer_price
louisvuitton,SLUG:twist-mm-epi,B_2024_2026,202406,20240607012240,https://web.archive.org/web/20240607012240/https://us.louisvuitton.com/eng-us/products/twist-mm-epi-nvprod3580142v/M21772,Twist MM Epi Leather - Women - Handbags | LOUIS VUITTON ®,,,no_price_found
louisvuitton,SLUG:twist-mm-epi,B_2024_2026,202409,20240919121302,https://web.archive.org/web/20240919121302/https://us.louisvuitton.com/eng-us/products/twist-mm-epi-nvprod920001v/M21112,Twist MM Epi Leather - Women - Handbags | LOUIS VUITTON ®,4800,USD,jsonld_offer_price
louisvuitton,SLUG:twist-mm-epi,B_2024_2026,202410,20241007113045,https://web.archive.org/web/20241007113045/https://us.louisvuitton.com/eng-us/products/twist-mm-epi-nvprod5790355v/M12506,,,,fetch_failed
louisvuitton,SLUG:twist-mm-epi,B_2024_2026,202510,20251011231216,https://web.archive.org/web/20251011231216/https://us.louisvuitton.com/eng-us/products/twist-mm-epi-nvprod1000317v/M21120,,,,fetch_failed
louisvuitton,SLUG:twist-mm-epi,B_2024_2026,202512,20251211130956,https://web.archive.org/web/20251211130956/https://us.louisvuitton.com/eng-us/products/twist-mm-epi-nvprod920001v/M21113,Twist MM Epi Leather - Women - Handbags | LOUIS VUITTON ®,4950,USD,jsonld_offer_price
louisvuitton,SLUG:alma-bb-damier-ebene,A_2018_2020,201801,20180111065919,https://web.archive.org/web/20180111065919/https://us.louisvuitton.com/eng-us/products/alma-bb-damier-ebene-006420,Alma BB Damier Ebene - HANDBAGS | LOUIS VUITTON ®,,,no_price_found
louisvuitton,SLUG:alma-bb-damier-ebene,A_2018_2020,201802,20180221201538,https://web.archive.org/web/20180221201538/https://us.louisvuitton.com/eng-us/products/alma-bb-damier-ebene-006420,Alma BB Damier Ebene - HANDBAGS | LOUIS VUITTON ®,,,no_price_found
louisvuitton,SLUG:alma-bb-damier-ebene,A_2018_2020,201907,20190717205949,https://web.archive.org/web/20190717205949/https://us.louisvuitton.com/eng-us/products/alma-bb-damier-ebene-006420,Alma BB Damier Ebene - Handbags | LOUIS VUITTON ®,1230.00,USD,jsonld_offer_price
louisvuitton,SLUG:alma-bb-damier-ebene,A_2018_2020,201909,20190921050820,https://web.archive.org/web/20190921050820/https://us.louisvuitton.com/eng-us/products/alma-bb-damier-ebene-006420,Alma BB Damier Ebene - Handbags | LOUIS VUITTON ®,1230.00,USD,jsonld_offer_price
louisvuitton,SLUG:alma-bb-damier-ebene,B_2024_2026,202408,20240823072147,https://web.archive.org/web/20240823072147/https://us.louisvuitton.com/eng-us/products/alma-bb-damier-ebene-nvprod5190087v/N40606,Alma BB Damier Ebene - Women - Handbags | LOUIS VUITTON ®,,,no_price_found
louisvuitton,SLUG:alma-bb-damier-ebene,B_2024_2026,202410,20241004113751,https://web.archive.org/web/20241004113751/https://us.louisvuitton.com/eng-us/products/alma-bb-damier-ebene-nvprod4230110v/N40447,Braided Alma BB Damier Ebene - Women - Handbags | LOUIS VUITTON ®,2170,USD,jsonld_offer_price
louisvuitton,SLUG:alma-bb-damier-ebene,B_2024_2026,202509,20250915192726,https://web.archive.org/web/20250915192726/https://us.louisvuitton.com/eng-us/products/alma-bb-damier-ebene-nvprod5190087v/N40606,Alma BB Damier Ebene - Women - Handbags | LOUIS VUITTON ®,1940,USD,jsonld_offer_price
louisvuitton,SLUG:alma-bb-damier-ebene,B_2024_2026,202510,20251016091150,https://web.archive.org/web/20251016091150/https://us.louisvuitton.com/eng-us/products/alma-bb-damier-ebene-nvprod5190087v/N40606,Alma BB Damier Ebene - Women - Handbags | LOUIS VUITTON ®,1940,USD,jsonld_offer_price
louisvuitton,SLUG:alma-bb-epi,A_2018_2020,201801,20180102024950,https://web.archive.org/web/20180102024950/http://us.louisvuitton.com:80/eng-us/products/alma-bb-epi-012842,Alma BB Epi Leather - HANDBAGS | LOUIS VUITTON ®,,,no_price_found
louisvuitton,SLUG:alma-bb-epi,A_2018_2020,201802,20180222004819,https://web.archive.org/web/20180222004819/https://us.louisvuitton.com/eng-us/products/alma-bb-epi-012842,Alma BB Epi Leather - HANDBAGS | LOUIS VUITTON ®,,,no_price_found
louisvuitton,SLUG:alma-bb-epi,A_2018_2020,201906,20190623044322,https://web.archive.org/web/20190623044322/https://us.louisvuitton.com/eng-us/products/alma-bb-epi-006113,,,,fetch_failed
louisvuitton,SLUG:alma-bb-epi,A_2018_2020,201907,20190720013645,https://web.archive.org/web/20190720013645/https://us.louisvuitton.com/eng-us/products/alma-bb-epi-nvprod1000331v,,,,fetch_failed
louisvuitton,SLUG:alma-bb-epi,A_2018_2020,201908,20190821032438,https://web.archive.org/web/20190821032438/https://us.louisvuitton.com/eng-us/products/alma-bb-epi-006113,,,,fetch_failed
louisvuitton,SLUG:alma-bb-epi,A_2018_2020,201909,20190916064859,https://web.archive.org/web/20190916064859/https://us.louisvuitton.com/eng-us/products/alma-bb-epi-nvprod1000331v,Alma BB Epi Leather - Handbags | LOUIS VUITTON ®,1830.00,USD,jsonld_offer_price
louisvuitton,SLUG:alma-bb-epi,B_2024_2026,202406,20240606204425,https://web.archive.org/web/20240606204425/https://us.louisvuitton.com/eng-us/products/alma-bb-epi-nvprod2630009v/M59217,Alma BB Epi Leather - Women - Handbags | LOUIS VUITTON ®,,,no_price_found
louisvuitton,SLUG:alma-bb-epi,B_2024_2026,202409,20240907134044,https://web.archive.org/web/20240907134044/https://us.louisvuitton.com/eng-us/products/alma-bb-epi-nvprod5190088v/M11382,Alma BB Epi Leather - Women - Handbags | LOUIS VUITTON ®,2020,USD,jsonld_offer_price
louisvuitton,SLUG:alma-bb-epi,B_2024_2026,202410,20241005194134,https://web.archive.org/web/20241005194134/https://us.louisvuitton.com/eng-us/products/alma-bb-epi-nvprod5190088v/M24645,Alma BB Epi Leather - Women - Handbags | LOUIS VUITTON ®,2020,USD,jsonld_offer_price
louisvuitton,SLUG:alma-bb-epi,B_2024_2026,202511,20251113044940,https://web.archive.org/web/20251113044940/https://us.louisvuitton.com/eng-us/products/alma-bb-epi-nvprod6380017v/M14853,Alma BB Epi Leather - Bags and Small Leather Goods - Women's Bags | LOUIS VUITTON ®,2600,USD,jsonld_offer_price
louisvuitton,SLUG:keepall-bandouliere-monogram-eclipse,A_2018_2020,201802,20180222023522,https://web.archive.org/web/20180222023522/https://us.louisvuitton.com/eng-us/products/keepall-45-bandouliere-monogram-eclipse-014386,Keepall 45 Bandoulière Monogram Eclipse Canvas - TRAVEL | LOUIS VUITTON ®,,,no_price_found
louisvuitton,SLUG:keepall-bandouliere-monogram-eclipse,A_2018_2020,201907,20190723052535,https://web.archive.org/web/20190723052535/https://us.louisvuitton.com/eng-us/products/keepall-bandouliere-45-monogram-eclipse-014386,Keepall Bandoulière 45 Monogram Eclipse Canvas - Travel | LOUIS VUITTON ®,1800.00,USD,jsonld_offer_price
louisvuitton,SLUG:keepall-bandouliere-monogram-eclipse,A_2018_2020,201908,20190823111609,https://web.archive.org/web/20190823111609/https://us.louisvuitton.com/eng-us/products/keepall-bandouliere-55-monogram-eclipse-014387,Louis Vuitton Keepall 55 Bandouliere in Monogram Eclipse Canvas | LOUIS VUITTON ®,1840.00,USD,jsonld_offer_price
louisvuitton,SLUG:keepall-bandouliere-monogram-eclipse,A_2018_2020,201909,20190917105712,https://web.archive.org/web/20190917105712/https://us.louisvuitton.com/eng-us/products/keepall-bandouliere-45-monogram-eclipse-014386,Keepall Bandoulière 45 Monogram Eclipse Canvas - Travel | LOUIS VUITTON ®,1800.00,USD,jsonld_offer_price
louisvuitton,SLUG:keepall-bandouliere-monogram-eclipse,B_2024_2026,202410,20241004172817,https://web.archive.org/web/20241004172817/https://us.louisvuitton.com/eng-us/products/keepall-bandouliere-25-monogram-eclipse-nvprod3900007v/M46271,Keepall Bandoulière 25 Monogram Eclipse - Men - Bags | LOUIS VUITTON ®,2210,USD,jsonld_offer_price
louisvuitton,SLUG:keepall-bandouliere-monogram-eclipse,B_2024_2026,202512,20251211083258,https://web.archive.org/web/20251211083258/https://us.louisvuitton.com/eng-us/products/keepall-bandouliere-25-monogram-eclipse-nvprod3900007v/M46271,,,,fetch_failed
louisvuitton,SLUG:keepall-bandouliere-monogram-eclipse,B_2024_2026,202601,20260115175842,https://web.archive.org/web/20260115175842/https://us.louisvuitton.com/eng-us/products/keepall-bandouliere-50-monogram-eclipse-nvprod6200081v/M14202,Keepall Bandoulière 50 Monogram Eclipse Canvas - Bags and Small Leather Goods - Men's Bags | LOUIS VUITTON ®,2630,USD,jsonld_offer_price
louisvuitton,SLUG:keepall-bandouliere-monogram-eclipse,B_2024_2026,202607,20260710172652,https://web.archive.org/web/20260710172652/https://us.louisvuitton.com/eng-us/products/keepall-bandouliere-25-monogram-eclipse-nvprod7540387v/M28638,Keepall Bandoulière 25 Monogram Eclipse Canvas - Bags and Small Leather Goods - Men's Bags | LOUIS VUITTON ®,2470,USD,jsonld_offer_price
louisvuitton,SLUG:sarah-wallet-monogram,A_2018_2020,201803,20180316173123,https://web.archive.org/web/20180316173123/https://us.louisvuitton.com/eng-us/products/sarah-wallet-monogram-nvprod780054v,SARAH WALLET Monogram - SMALL LEATHER GOODS | LOUIS VUITTON ®,,,no_price_found
louisvuitton,SLUG:sarah-wallet-monogram,A_2018_2020,201907,20190724090336,https://web.archive.org/web/20190724090336/https://us.louisvuitton.com/eng-us/products/sarah-wallet-monogram-007824,Louis Vuitton Wallet: Sarah - SMALL LEATHER GOODS | LOUIS VUITTON ®,700.00,USD,jsonld_offer_price
louisvuitton,SLUG:sarah-wallet-monogram,A_2018_2020,201908,20190820190806,https://web.archive.org/web/20190820190806/https://us.louisvuitton.com/eng-us/products/sarah-wallet-monogram-nvprod390043v,Designer Sarah Wallet in Leather & Canvas | LOUIS VUITTON ®,880.00,USD,jsonld_offer_price
louisvuitton,SLUG:sarah-wallet-monogram,A_2018_2020,201909,20190916104524,https://web.archive.org/web/20190916104524/https://us.louisvuitton.com/eng-us/products/sarah-wallet-monogram-007824,Louis Vuitton Wallet: Sarah - SMALL LEATHER GOODS | LOUIS VUITTON ®,700.00,USD,jsonld_offer_price
louisvuitton,SLUG:sarah-wallet-monogram,B_2024_2026,202408,20240823072147,https://web.archive.org/web/20240823072147/https://us.louisvuitton.com/eng-us/products/sarah-wallet-monogram-007824/M60531,Sarah Wallet in Monogram - Women's Snap Wallet | LOUIS VUITTON ®,735,USD,jsonld_offer_price
louisvuitton,SLUG:sarah-wallet-monogram,B_2024_2026,202409,20240917020845,https://web.archive.org/web/20240917020845/https://us.louisvuitton.com/eng-us/products/sarah-wallet-monogram-007824/M62235,,,,fetch_failed
louisvuitton,SLUG:sarah-wallet-monogram,B_2024_2026,202410,20241008035715,https://web.archive.org/web/20241008035715/https://us.louisvuitton.com/eng-us/products/sarah-wallet-monogram-007824/M60531,Sarah Wallet in Monogram - Women's Snap Wallet | LOUIS VUITTON ®,735,USD,jsonld_offer_price
louisvuitton,SLUG:sarah-wallet-monogram,B_2024_2026,202510,20251011040121,https://web.archive.org/web/20251011040121/https://us.louisvuitton.com/eng-us/products/sarah-wallet-monogram-007824/M62234,Sarah Wallet in Monogram - Women's Snap Wallet | LOUIS VUITTON ®,775,USD,jsonld_offer_price
louisvuitton,SLUG:sarah-wallet-monogram,B_2024_2026,202511,20251115214726,https://web.archive.org/web/20251115214726/https://us.louisvuitton.com/eng-us/products/sarah-wallet-monogram-007824/M60531,Sarah Wallet in Monogram - Women's Snap Wallet | LOUIS VUITTON ®,775,USD,jsonld_offer_price
louisvuitton,SLUG:sarah-wallet-monogram,B_2024_2026,202512,20251207183013,https://web.archive.org/web/20251207183013/https://us.louisvuitton.com/eng-us/products/sarah-wallet-monogram-nvprod6700145v/M15336,Sarah Wallet Monogram - Women - Small Leather Goods | LOUIS VUITTON ®,1040,USD,jsonld_offer_price
louisvuitton,SLUG:sarah-wallet-monogram,B_2024_2026,202601,20260116155024,https://web.archive.org/web/20260116155024/https://us.louisvuitton.com/eng-us/products/sarah-wallet-monogram-007824/M62236,,,,fetch_failed
louisvuitton,SLUG:sarah-wallet-monogram,B_2024_2026,202606,20260613215737,https://web.archive.org/web/20260613215737/https://us.louisvuitton.com/eng-us/products/sarah-wallet-monogram-007824/M62236,,,,fetch_failed
louisvuitton,SLUG:silhouette-ankle-boot,A_2018_2020,201802,20180208131556,https://web.archive.org/web/20180208131556/https://us.louisvuitton.com/eng-us/products/silhouette-ankle-boot-nvprod680073v,,,,no_price_found
louisvuitton,SLUG:silhouette-ankle-boot,A_2018_2020,201907,20190720012900,https://web.archive.org/web/20190720012900/https://us.louisvuitton.com/eng-us/products/silhouette-ankle-boot-nvprod1240130v,Silhouette Ankle Boot - Shoes | LOUIS VUITTON ®,1350.00,USD,jsonld_offer_price
louisvuitton,SLUG:silhouette-ankle-boot,A_2018_2020,201908,20190818113949,https://web.archive.org/web/20190818113949/https://us.louisvuitton.com/eng-us/products/silhouette-ankle-boot-nvprod1700046v,Silhouette Ankle Boot - Shoes | LOUIS VUITTON ®,2620.00,USD,jsonld_offer_price
louisvuitton,SLUG:silhouette-ankle-boot,A_2018_2020,201909,20190916150523,https://web.archive.org/web/20190916150523/https://us.louisvuitton.com/eng-us/products/silhouette-ankle-boot-nvprod1240133v,LV Boots for Women: Silhouette Leather Ankle Boot | LOUIS VUITTON ®,1350.00,USD,jsonld_offer_price
louisvuitton,SLUG:silhouette-ankle-boot,B_2024_2026,202409,20240918073336,https://web.archive.org/web/20240918073336/https://us.louisvuitton.com/eng-us/products/silhouette-ankle-boot-nvprod4940070v/1ACJU0,Silhouette Ankle Boot - Women - Shoes | LOUIS VUITTON ®,1720,USD,jsonld_offer_price
louisvuitton,SLUG:silhouette-ankle-boot,B_2024_2026,202410,20241008081818,https://web.archive.org/web/20241008081818/https://us.louisvuitton.com/eng-us/products/silhouette-ankle-boot-nvprod4940070v/1ACJTZ,Silhouette Ankle Boot - Women - Shoes | LOUIS VUITTON ®,1720,USD,jsonld_offer_price
louisvuitton,SLUG:silhouette-ankle-boot,B_2024_2026,202510,20251009120342,https://web.archive.org/web/20251009120342/https://us.louisvuitton.com/eng-us/products/silhouette-ankle-boot-nvprod6390007v/1AISA3,Silhouette Ankle Boot - Women - Shoes | LOUIS VUITTON ®,1550,USD,jsonld_offer_price
louisvuitton,SLUG:silhouette-ankle-boot,B_2024_2026,202511,20251108125525,https://web.archive.org/web/20251108125525/https://us.louisvuitton.com/eng-us/products/silhouette-ankle-boot-nvprod6390007v/1AIS93,Silhouette Ankle Boot - Women - Shoes | LOUIS VUITTON ®,1550,USD,jsonld_offer_price
louisvuitton,SLUG:silhouette-ankle-boot,B_2024_2026,202512,20251214005931,https://web.archive.org/web/20251214005931/https://us.louisvuitton.com/eng-us/products/silhouette-ankle-boot-nvprod2250003v/1A8558,,,,fetch_failed
louisvuitton,SLUG:zippy-wallet-monogram-empreinte,A_2018_2020,201801,20180103001315,https://web.archive.org/web/20180103001315/http://us.louisvuitton.com:80/eng-us/products/zippy-wallet-monogram-empreinte-014404,,,,fetch_failed
louisvuitton,SLUG:zippy-wallet-monogram-empreinte,A_2018_2020,201802,20180202155759,https://web.archive.org/web/20180202155759/https://us.louisvuitton.com/eng-us/products/zippy-wallet-monogram-empreinte-nvprod650027v,ZIPPY WALLET Monogram Empreinte Leather - SMALL LEATHER GOODS | LOUIS VUITTON ®,,,no_price_found
louisvuitton,SLUG:zippy-wallet-monogram-empreinte,A_2018_2020,201812,20181224202958,https://web.archive.org/web/20181224202958/https://us.louisvuitton.com/eng-us/products/zippy-wallet-monogram-empreinte-014404,Zippy Wallet Monogram Empreinte Leather - SMALL LEATHER GOODS | LOUIS VUITTON ®,,,no_price_found
louisvuitton,SLUG:zippy-wallet-monogram-empreinte,A_2018_2020,201908,20190823045500,https://web.archive.org/web/20190823045500/https://us.louisvuitton.com/eng-us/products/zippy-wallet-monogram-empreinte-014404,Zippy Wallet Monogram Empreinte Leather - Small Leather Goods | LOUIS VUITTON ®,1050.00,USD,jsonld_offer_price
louisvuitton,SLUG:zippy-wallet-monogram-empreinte,B_2024_2026,202406,20240618110257,https://web.archive.org/web/20240618110257/https://us.louisvuitton.com/eng-us/products/zippy-wallet-monogram-empreinte-014404/M83225,Zippy Wallet Monogram Empreinte Leather - Women - Small Leather Goods | LOUIS VUITTON ®,,,no_price_found
louisvuitton,SLUG:zippy-wallet-monogram-empreinte,B_2024_2026,202409,20240915025926,https://web.archive.org/web/20240915025926/https://us.louisvuitton.com/eng-us/products/zippy-wallet-monogram-empreinte-nvprod4900004v/M82838,Zippy Wallet Monogram Empreinte Leather - Women - Small Leather Goods | LOUIS VUITTON ®,1290,USD,jsonld_offer_price
louisvuitton,SLUG:zippy-wallet-monogram-empreinte,B_2024_2026,202410,20241004115837,https://web.archive.org/web/20241004115837/https://us.louisvuitton.com/eng-us/products/zippy-wallet-monogram-empreinte-nvprod4790008v/M82649,Zippy Wallet Monogram Empreinte Leather - Women - Small Leather Goods | LOUIS VUITTON ®,1360,USD,jsonld_offer_price
louisvuitton,SLUG:zippy-wallet-monogram-empreinte,B_2024_2026,202510,20251009202431,https://web.archive.org/web/20251009202431/https://us.louisvuitton.com/eng-us/products/zippy-wallet-monogram-empreinte-014404/M61864,,,,fetch_failed
louisvuitton,SLUG:zippy-wallet-monogram-empreinte,B_2024_2026,202512,20251209113031,https://web.archive.org/web/20251209113031/https://us.louisvuitton.com/eng-us/products/zippy-wallet-monogram-empreinte-014404/M82212,,,,fetch_failed
louisvuitton,SLUG:zippy-wallet-monogram-empreinte,B_2024_2026,202601,20260118140159,https://web.archive.org/web/20260118140159/https://us.louisvuitton.com/eng-us/products/zippy-wallet-monogram-empreinte-nvprod7260007v/M28131,Zippy Wallet Monogram Empreinte Leather - Women - Small Leather Goods | LOUIS VUITTON ®,1450,USD,jsonld_offer_price
louisvuitton,SLUG:victorine-wallet-monogram,A_2018_2020,201809,20180928193402,https://web.archive.org/web/20180928193402/https://us.louisvuitton.com/eng-us/products/victorine-wallet-monogram-013217,Victorine Wallet Monogram - SMALL LEATHER GOODS | LOUIS VUITTON ®,,,no_price_found
louisvuitton,SLUG:victorine-wallet-monogram,A_2018_2020,201810,20181001032521,https://web.archive.org/web/20181001032521/https://us.louisvuitton.com/eng-us/products/victorine-wallet-monogram-013217,Victorine Wallet Monogram - SMALL LEATHER GOODS | LOUIS VUITTON ®,,,no_price_found
louisvuitton,SLUG:victorine-wallet-monogram,A_2018_2020,201907,20190721152158,https://web.archive.org/web/20190721152158/https://us.louisvuitton.com/eng-us/products/victorine-wallet-monogram-nvprod1170034v,Victorine Wallet Monogram - Small Leather Goods | LOUIS VUITTON ®,590.00,USD,jsonld_offer_price
louisvuitton,SLUG:victorine-wallet-monogram,A_2018_2020,201909,20190916145400,https://web.archive.org/web/20190916145400/https://us.louisvuitton.com/eng-us/products/victorine-wallet-monogram-nvprod1170034v,Victorine Wallet Monogram - Small Leather Goods | LOUIS VUITTON ®,590.00,USD,jsonld_offer_price
louisvuitton,SLUG:victorine-wallet-monogram,B_2024_2026,202410,20241007140212,https://web.archive.org/web/20241007140212/https://us.louisvuitton.com/eng-us/products/victorine-wallet-monogram-013217/M62360,Victorine Wallet Monogram - Women - Small Leather Goods | LOUIS VUITTON ®,575,USD,jsonld_offer_price
louisvuitton,SLUG:victorine-wallet-monogram,B_2024_2026,202510,20251010062806,https://web.archive.org/web/20251010062806/https://us.louisvuitton.com/eng-us/products/victorine-wallet-monogram-013217/M62472,Victorine Wallet Monogram - Women - Small Leather Goods | LOUIS VUITTON ®,605,USD,jsonld_offer_price
louisvuitton,SLUG:victorine-wallet-monogram,B_2024_2026,202511,20251117032436,https://web.archive.org/web/20251117032436/https://us.louisvuitton.com/eng-us/products/victorine-wallet-monogram-013217/M62360,Victorine Wallet Monogram - Women - Small Leather Goods | LOUIS VUITTON ®,605,USD,jsonld_offer_price
louisvuitton,SLUG:victorine-wallet-monogram,B_2024_2026,202512,20251213005221,https://web.archive.org/web/20251213005221/https://us.louisvuitton.com/eng-us/products/victorine-wallet-monogram-013217/M41938,Victorine Wallet Monogram - Women - Small Leather Goods | LOUIS VUITTON ®,605,USD,jsonld_offer_price
louisvuitton,SLUG:keepall-bandouliere-monogram-macassar,A_2018_2020,201802,20180221225734,https://web.archive.org/web/20180221225734/https://us.louisvuitton.com/eng-us/products/keepall-bandouliere-55-monogram-macassar-000209,Keepall Bandoulière 55 Monogram Macassar - TRAVEL | LOUIS VUITTON ®,,,no_price_found
louisvuitton,SLUG:keepall-bandouliere-monogram-macassar,A_2018_2020,201907,20190716044030,https://web.archive.org/web/20190716044030/https://us.louisvuitton.com/eng-us/products/keepall-bandouliere-45-monogram-macassar-000206,Keepall Bandoulière 45 Monogram Macassar Canvas - Personalization | LOUIS VUITTON ®,1800.00,USD,jsonld_offer_price
louisvuitton,SLUG:keepall-bandouliere-monogram-macassar,A_2018_2020,201908,20190821164040,https://web.archive.org/web/20190821164040/https://us.louisvuitton.com/eng-us/products/keepall-bandouliere-55-monogram-macassar-000209,Keepall Bandoulière 55 Monogram Macassar Canvas - Personalization | LOUIS VUITTON ®,1840.00,USD,jsonld_offer_price
louisvuitton,SLUG:keepall-bandouliere-monogram-macassar,A_2018_2020,201909,20190921051214,https://web.archive.org/web/20190921051214/https://us.louisvuitton.com/eng-us/products/keepall-bandouliere-45-monogram-macassar-000206,Keepall Bandoulière 45 Monogram Macassar Canvas - Personalization | LOUIS VUITTON ®,1800.00,USD,jsonld_offer_price
louisvuitton,SLUG:keepall-bandouliere-monogram-macassar,B_2024_2026,202509,20250915183647,https://web.archive.org/web/20250915183647/https://us.louisvuitton.com/eng-us/products/keepall-bandouliere-45-monogram-macassar-000206/M56711,,,,fetch_failed
louisvuitton,SLUG:keepall-bandouliere-monogram-macassar,B_2024_2026,202601,20260112202539,https://web.archive.org/web/20260112202539/https://us.louisvuitton.com/eng-us/products/keepall-bandouliere-45-monogram-macassar-000206/M56711,,,,fetch_failed
louisvuitton,SLUG:keepall-bandouliere-monogram-macassar,B_2024_2026,202604,20260420120417,https://web.archive.org/web/20260420120417/https://us.louisvuitton.com/eng-us/products/keepall-bandouliere-50-monogram-macassar-nvprod7380040v/M28161,Keepall Bandoulière 50 Monogram Macassar Canvas - gifts - Gifts for Babies | LOUIS VUITTON ®,2880,USD,jsonld_offer_price
louisvuitton,SLUG:key-pouch-monogram,A_2018_2020,201802,20180221224600,https://web.archive.org/web/20180221224600/https://us.louisvuitton.com/eng-us/products/key-pouch-monogram-000941,Key Pouch Monogram - SMALL LEATHER GOODS | LOUIS VUITTON ®,,,no_price_found
louisvuitton,SLUG:key-pouch-monogram,A_2018_2020,201907,20190723032207,https://web.archive.org/web/20190723032207/https://us.louisvuitton.com/eng-us/products/key-pouch-monogram-000941,Key Pouch Monogram - Small Leather Goods | LOUIS VUITTON ®,205.00,USD,jsonld_offer_price
louisvuitton,SLUG:key-pouch-monogram,A_2018_2020,201909,20190922192034,https://web.archive.org/web/20190922192034/https://us.louisvuitton.com/eng-us/products/key-pouch-monogram-000941,Key Pouch Monogram - Small Leather Goods | LOUIS VUITTON ®,205.00,USD,jsonld_offer_price
louisvuitton,SLUG:key-pouch-monogram,B_2024_2026,202406,20240604233540,https://web.archive.org/web/20240604233540/https://us.louisvuitton.com/eng-us/products/key-pouch-monogram-000941/M62650?campaign=sem_GG-US-ENG-EC-SHOP-OTHE-BRA_FULL_CATALOG&gclid=EAIaIQobChMI46rI0dO93AIVmLjACh0OwQZIEAQYASABEgK4GfD_BwE,"Key Pouch Monogram - Keychain Wallet, ID Cardholder | LOUIS VUITTON ®",,,no_price_found
louisvuitton,SLUG:key-pouch-monogram,B_2024_2026,202408,20240823072147,https://web.archive.org/web/20240823072147/https://us.louisvuitton.com/eng-us/products/key-pouch-monogram-000941/M62650,"Key Pouch LV Monogram Keychain Wallet, Cardholder | LOUIS VUITTON ®",330,USD,jsonld_offer_price
louisvuitton,SLUG:key-pouch-monogram,B_2024_2026,202511,20251109042733,https://web.archive.org/web/20251109042733/https://us.louisvuitton.com/eng-us/products/key-pouch-monogram-nvprod6700035v/M15341,Key Pouch Monogram - Women - Small Leather Goods | LOUIS VUITTON ®,530,USD,jsonld_offer_price
louisvuitton,SLUG:key-pouch-monogram,B_2024_2026,202602,20260214165335,https://web.archive.org/web/20260214165335/https://us.louisvuitton.com/eng-us/products/key-pouch-monogram-000941/M62650?utm_source=chatgpt.com,"Key Pouch LV Monogram Keychain Wallet, Cardholder | LOUIS VUITTON ®",345,USD,jsonld_offer_price
louisvuitton,SLUG:key-pouch-monogram,B_2024_2026,202607,20260711052844,https://web.archive.org/web/20260711052844/https://us.louisvuitton.com/eng-us/products/key-pouch-monogram-nvprod6700035v/M15341,Key Pouch Monogram - Women - Small Leather Goods | LOUIS VUITTON ®,545,USD,jsonld_offer_price
louisvuitton,SLUG:monogram-shine-shawl,A_2018_2020,201802,20180222155431,https://web.archive.org/web/20180222155431/https://us.louisvuitton.com/eng-us/products/monogram-shine-shawl-001341,,,,fetch_failed
louisvuitton,SLUG:monogram-shine-shawl,A_2018_2020,201803,20180315085026,https://web.archive.org/web/20180315085026/https://us.louisvuitton.com/eng-us/products/monogram-shine-shawl-001341,Monogram Shine Shawl - ACCESSORIES | LOUIS VUITTON ®,,,no_price_found
louisvuitton,SLUG:monogram-shine-shawl,A_2018_2020,201804,20180419111207,https://web.archive.org/web/20180419111207/https://us.louisvuitton.com/eng-us/products/monogram-shine-shawl-001341,Monogram Shine Shawl - ACCESSORIES | LOUIS VUITTON ®,,,no_price_found
louisvuitton,SLUG:monogram-shine-shawl,A_2018_2020,201805,20180510205041,https://web.archive.org/web/20180510205041/https://us.louisvuitton.com/eng-us/products/monogram-shine-shawl-001341,Monogram Shine Shawl - ACCESSORIES | LOUIS VUITTON ®,,,no_price_found
louisvuitton,SLUG:monogram-shine-shawl,A_2018_2020,201807,20180718001416,https://web.archive.org/web/20180718001416/https://us.louisvuitton.com/eng-us/products/monogram-shine-shawl-001341,Monogram Shine Shawl - ACCESSORIES | LOUIS VUITTON ®,,,no_price_found
louisvuitton,SLUG:monogram-shine-shawl,A_2018_2020,201907,20190717213406,https://web.archive.org/web/20190717213406/https://us.louisvuitton.com/eng-us/products/monogram-shine-shawl-001341,Monogram Shine Shawl - Accessories | LOUIS VUITTON ®,675.00,USD,jsonld_offer_price
louisvuitton,SLUG:monogram-shine-shawl,A_2018_2020,201908,20190805134503,https://web.archive.org/web/20190805134503/https://us.louisvuitton.com/eng-us/products/monogram-shine-shawl-001341,Monogram Shine Shawl - Accessories | LOUIS VUITTON ®,675.00,USD,jsonld_offer_price
louisvuitton,SLUG:monogram-shine-shawl,A_2018_2020,201909,20190921052414,https://web.archive.org/web/20190921052414/https://us.louisvuitton.com/eng-us/products/monogram-shine-shawl-001341,Monogram Shine Shawl - Accessories | LOUIS VUITTON ®,675.00,USD,jsonld_offer_price
louisvuitton,SLUG:monogram-shine-shawl,B_2024_2026,202410,20241005062311,https://web.archive.org/web/20241005062311/https://us.louisvuitton.com/eng-us/products/monogram-shine-shawl-s00-001341/M75123,Monogram Shine Shawl S00 - Women - Accessories | LOUIS VUITTON ®,730,USD,jsonld_offer_price
louisvuitton,SLUG:monogram-shine-shawl,B_2024_2026,202510,20251015203925,https://web.archive.org/web/20251015203925/https://us.louisvuitton.com/eng-us/products/monogram-shine-shawl-s00-001341/M74026,Monogram Shine Shawl S00 - Women - Accessories | LOUIS VUITTON ®,780,USD,jsonld_offer_price
louisvuitton,SLUG:monogram-shine-shawl,B_2024_2026,202607,20260710161839,https://web.archive.org/web/20260710161839/https://us.louisvuitton.com/eng-us/products/monogram-shine-shawl-s00-001341/M98771,Monogram Shine Shawl S00 - Women - Accessories | LOUIS VUITTON ®,815,USD,jsonld_offer_price
louisvuitton,SLUG:passport-cover-monogram,A_2018_2020,201801,20180104161829,https://web.archive.org/web/20180104161829/http://us.louisvuitton.com:80/eng-us/products/passport-cover-monogram-nvprod470038v,Passport Cover Monogram - TRAVEL | LOUIS VUITTON ®,,,no_price_found
louisvuitton,SLUG:passport-cover-monogram,A_2018_2020,201906,20190609142642,https://web.archive.org/web/20190609142642/https://us.louisvuitton.com/eng-us/products/passport-cover-monogram-nvprod470038v,Passport Cover Monogram - Travel | LOUIS VUITTON ®,335.00,USD,jsonld_offer_price
louisvuitton,SLUG:passport-cover-monogram,A_2018_2020,201907,20190721152049,https://web.archive.org/web/20190721152049/https://us.louisvuitton.com/eng-us/products/passport-cover-monogram-nvprod1170039v,Passport Cover Monogram - Travel | LOUIS VUITTON ®,370.00,USD,jsonld_offer_price
louisvuitton,SLUG:passport-cover-monogram,A_2018_2020,201908,20190822202840,https://web.archive.org/web/20190822202840/https://us.louisvuitton.com/eng-us/products/passport-cover-monogram-nvprod470038v,,,,fetch_failed
louisvuitton,SLUG:passport-cover-monogram,A_2018_2020,201909,20190916063553,https://web.archive.org/web/20190916063553/https://us.louisvuitton.com/eng-us/products/passport-cover-monogram-nvprod1170039v,,,,fetch_failed
louisvuitton,SLUG:passport-cover-monogram,B_2024_2026,202511,20251109155717,https://web.archive.org/web/20251109155717/https://us.louisvuitton.com/eng-us/products/passport-cover-monogram-nvprod6700029v/M15320,Passport Cover Monogram - Women - Small Leather Goods | LOUIS VUITTON ®,520,USD,jsonld_offer_price
louisvuitton,SLUG:passport-cover-monogram,B_2024_2026,202512,20251211123230,https://web.archive.org/web/20251211123230/https://us.louisvuitton.com/eng-us/products/passport-cover-monogram-nvprod6700029v/M15327,Passport Cover Monogram - Women - Small Leather Goods | LOUIS VUITTON ®,520,USD,jsonld_offer_price
louisvuitton,SLUG:passport-cover-monogram,B_2024_2026,202601,20260114042859,https://web.archive.org/web/20260114042859/https://us.louisvuitton.com/eng-us/products/passport-cover-monogram-nvprod6690098v/M25753,Passport Cover Monogram - Women - Small Leather Goods | LOUIS VUITTON ®,645,USD,jsonld_offer_price
louisvuitton,SLUG:pochette-accessoires-monogram,A_2018_2020,201802,20180222024559,https://web.archive.org/web/20180222024559/https://us.louisvuitton.com/eng-us/products/pochette-accessoires-monogram-005656,Pochette Accessoires Monogram - HANDBAGS | LOUIS VUITTON ®,,,no_price_found
louisvuitton,SLUG:pochette-accessoires-monogram,A_2018_2020,201906,20190623072455,https://web.archive.org/web/20190623072455/https://us.louisvuitton.com/eng-us/products/pochette-accessoires-monogram-005656,Pochette Accessoires Monogram - Handbags | LOUIS VUITTON ®,525.00,USD,jsonld_offer_price
louisvuitton,SLUG:pochette-accessoires-monogram,A_2018_2020,201907,20190723204708,https://web.archive.org/web/20190723204708/https://us.louisvuitton.com/eng-us/products/pochette-accessoires-monogram-005656,Pochette Accessoires Monogram - Handbags | LOUIS VUITTON ®,525.00,USD,jsonld_offer_price
louisvuitton,SLUG:pochette-accessoires-monogram,A_2018_2020,201909,20190922084815,https://web.archive.org/web/20190922084815/https://us.louisvuitton.com/eng-us/products/pochette-accessoires-monogram-005656,Pochette Accessoires Monogram - Handbags | LOUIS VUITTON ®,525.00,USD,jsonld_offer_price
louisvuitton,SLUG:pochette-accessoires-monogram,A_2018_2020,202001,20200103145617,https://web.archive.org/web/20200103145617/https://us.louisvuitton.com/eng-us/products/pochette-accessoires-monogram-005656,Pochette Accessoires Monogram - Handbags | LOUIS VUITTON ®,525.00,USD,jsonld_offer_price
louisvuitton,SLUG:pochette-accessoires-monogram,B_2024_2026,202410,20241002055203,https://web.archive.org/web/20241002055203/https://us.louisvuitton.com/eng-us/products/pochette-accessoires-monogram-nvprod4710018v/M82766?gclsrc=aw.ds&gclsrc=aw.ds&gad_source=1&gclid=EAIaIQobChMInNqjnZHuiAMVmA2tBh3FLwYnEAQYBiABEgLCvfD_BwE,,,,fetch_failed
louisvuitton,SLUG:pochette-accessoires-monogram,B_2024_2026,202510,20251010065752,https://web.archive.org/web/20251010065752/https://us.louisvuitton.com/eng-us/products/pochette-accessoires-monogram-nvprod4710018v/M82766,Pochette Accessoires Monogram - Women - Small Leather Goods | LOUIS VUITTON ®,1660,USD,jsonld_offer_price
louisvuitton,SLUG:pochette-accessoires-monogram,B_2024_2026,202604,20260413195544,https://web.archive.org/web/20260413195544/https://us.louisvuitton.com/eng-us/products/pochette-accessoires-monogram-nvprod4710018v/M82766,,,,no_price_found
louisvuitton,SLUG:zippy-wallet-monogram,A_2018_2020,201801,20180131225421,https://web.archive.org/web/20180131225421/https://us.louisvuitton.com/eng-us/products/zippy-wallet-monogram-014698,,,,fetch_failed
louisvuitton,SLUG:zippy-wallet-monogram,A_2018_2020,201802,20180221235904,https://web.archive.org/web/20180221235904/https://us.louisvuitton.com/eng-us/products/zippy-wallet-monogram-014698,Zippy Wallet Monogram - SMALL LEATHER GOODS | LOUIS VUITTON ®,,,no_price_found
louisvuitton,SLUG:zippy-wallet-monogram,A_2018_2020,201907,20190716044810,https://web.archive.org/web/20190716044810/https://us.louisvuitton.com/eng-us/products/zippy-wallet-monogram-013178,Zippy Wallet Monogram - Small Leather Goods | LOUIS VUITTON ®,805.00,USD,jsonld_offer_price
louisvuitton,SLUG:zippy-wallet-monogram,A_2018_2020,201909,20190921051948,https://web.archive.org/web/20190921051948/https://us.louisvuitton.com/eng-us/products/zippy-wallet-monogram-013178,,,,fetch_failed
louisvuitton,SLUG:zippy-wallet-monogram,B_2024_2026,202409,20240917124132,https://web.archive.org/web/20240917124132/https://us.louisvuitton.com/eng-us/products/zippy-wallet-monogram-013178/M41896,,,,fetch_failed
louisvuitton,SLUG:zippy-wallet-monogram,B_2024_2026,202510,20251011073031,https://web.archive.org/web/20251011073031/https://us.louisvuitton.com/eng-us/products/zippy-wallet-monogram-013178/M41895,Zippy Wallet Monogram - Women - Small Leather Goods | LOUIS VUITTON ®,915,USD,jsonld_offer_price
louisvuitton,SLUG:zippy-wallet-monogram,B_2024_2026,202511,20251116065405,https://web.archive.org/web/20251116065405/https://us.louisvuitton.com/eng-us/products/zippy-wallet-monogram-013178/M41896,Zippy Wallet Monogram - Women - Small Leather Goods | LOUIS VUITTON ®,915,USD,jsonld_offer_price
louisvuitton,SLUG:le-jour-se-leve,A_2018_2020,201804,20180411152355,https://web.archive.org/web/20180411152355/https://us.louisvuitton.com/eng-us/products/le-jour-se-leve-nvprod880010v,LE JOUR SE LÈVE - FRAGRANCES | LOUIS VUITTON ®,,,no_price_found
louisvuitton,SLUG:le-jour-se-leve,A_2018_2020,201808,20180801072852,https://web.archive.org/web/20180801072852/https://us.louisvuitton.com/eng-us/products/le-jour-se-leve-nvprod880010v,LE JOUR SE LÈVE - FRAGRANCES | LOUIS VUITTON ®,,,no_price_found
louisvuitton,SLUG:le-jour-se-leve,A_2018_2020,201809,20180920171321,https://web.archive.org/web/20180920171321/https://us.louisvuitton.com/eng-us/products/le-jour-se-leve-nvprod880010v,LE JOUR SE LÈVE - FRAGRANCES | LOUIS VUITTON ®,,,no_price_found
louisvuitton,SLUG:le-jour-se-leve,A_2018_2020,201907,20190716044124,https://web.archive.org/web/20190716044124/https://us.louisvuitton.com/eng-us/products/le-jour-se-leve-nvprod880010v,LE JOUR SE LÈVE - Fragrances | LOUIS VUITTON ®,250.00,USD,jsonld_offer_price
louisvuitton,SLUG:le-jour-se-leve,A_2018_2020,201909,20190907065214,https://web.archive.org/web/20190907065214/https://us.louisvuitton.com/eng-us/products/le-jour-se-leve-nvprod880010v,LE JOUR SE LÈVE - Fragrances | LOUIS VUITTON ®,250.00,USD,jsonld_offer_price
louisvuitton,SLUG:le-jour-se-leve,B_2024_2026,202409,20240918080256,https://web.archive.org/web/20240918080256/https://us.louisvuitton.com/eng-us/products/le-jour-se-leve-nvprod880010v/LP0084,Le Jour Se Lève - Perfumes - Collections | LOUIS VUITTON ®,330,USD,jsonld_offer_price
louisvuitton,SLUG:le-jour-se-leve,B_2024_2026,202510,20251005220444,https://web.archive.org/web/20251005220444/https://us.louisvuitton.com/eng-us/products/le-jour-se-leve-nvprod880010v/LP0084,Le Jour Se Lève - Perfumes and Beauty - Collections | LOUIS VUITTON ®,350,USD,jsonld_offer_price
louisvuitton,SLUG:le-jour-se-leve,B_2024_2026,202511,20251117042342,https://web.archive.org/web/20251117042342/https://us.louisvuitton.com/eng-us/products/le-jour-se-leve-nvprod880010v/LP0088,,,,fetch_failed
louisvuitton,SLUG:key-pouch-monogram-empreinte,A_2018_2020,201904,20190428134006,https://web.archive.org/web/20190428134006/https://us.louisvuitton.com/eng-us/products/key-pouch-monogram-empreinte-009134,,,,fetch_failed
louisvuitton,SLUG:key-pouch-monogram-empreinte,A_2018_2020,201907,20190723093242,https://web.archive.org/web/20190723093242/https://us.louisvuitton.com/eng-us/products/key-pouch-monogram-empreinte-009134,Louis Vuitton Pouch: Key Pouch in Monogram | LOUIS VUITTON ®,440.00,USD,jsonld_offer_price
louisvuitton,SLUG:key-pouch-monogram-empreinte,A_2018_2020,201909,20190919002249,https://web.archive.org/web/20190919002249/https://us.louisvuitton.com/eng-us/products/key-pouch-monogram-empreinte-009134,Louis Vuitton Pouch: Key Pouch in Monogram | LOUIS VUITTON ®,440.00,USD,jsonld_offer_price
louisvuitton,SLUG:key-pouch-monogram-empreinte,B_2024_2026,202410,20241008035311,https://web.archive.org/web/20241008035311/https://us.louisvuitton.com/eng-us/products/key-pouch-monogram-empreinte-nvprod3660184v/M80879?gclid=Cj0KCQjwoeemBhCfARIsADR2QCs2ZE8MWqBE8u__bfEVP9wcpsIf_077ZrhdczTE5DkeHolznuEXjT8aAm1bEALw_wcB&gclsrc=aw.ds,Key Pouch Monogram Empreinte Leather - Women - Small Leather Goods | LOUIS VUITTON ®,430,USD,jsonld_offer_price
louisvuitton,SLUG:key-pouch-monogram-empreinte,B_2024_2026,202510,20251016151642,https://web.archive.org/web/20251016151642/https://us.louisvuitton.com/eng-us/products/key-pouch-monogram-empreinte-nvprod6450005v/M25597,Key Pouch Monogram Empreinte Leather - Women - Small Leather Goods | LOUIS VUITTON ®,625,USD,jsonld_offer_price
louisvuitton,SLUG:key-pouch-monogram-empreinte,B_2024_2026,202511,20251117041910,https://web.archive.org/web/20251117041910/https://us.louisvuitton.com/eng-us/products/key-pouch-monogram-empreinte-nvprod3660184v/M80879?gclid=Cj0KCQjwoeemBhCfARIsADR2QCs2ZE8MWqBE8u__bfEVP9wcpsIf_077ZrhdczTE5DkeHolznuEXjT8aAm1bEALw_wcB&gclsrc=aw.ds,Key Pouch Monogram Empreinte Leather - Women - Small Leather Goods | LOUIS VUITTON ®,460,USD,jsonld_offer_price
louisvuitton,SLUG:key-pouch-monogram-empreinte,B_2024_2026,202512,20251209105519,https://web.archive.org/web/20251209105519/https://us.louisvuitton.com/eng-us/products/key-pouch-monogram-empreinte-nvprod3660184v/M80879,Key Pouch Monogram Empreinte Leather - Women - Small Leather Goods | LOUIS VUITTON ®,460,USD,jsonld_offer_price
louisvuitton,SLUG:stool-by-atelier-oi,A_2018_2020,201906,20190619155536,https://web.archive.org/web/20190619155536/https://us.louisvuitton.com/eng-us/products/stool-by-atelier-oi-nvprod1250309v,Stool By Atelier Oï - Objets Nomades | LOUIS VUITTON ®,,,no_price_found
louisvuitton,SLUG:stool-by-atelier-oi,A_2018_2020,201907,20190723031010,https://web.archive.org/web/20190723031010/https://us.louisvuitton.com/eng-us/products/stool-by-atelier-oi-nvprod1250309v,Stool By Atelier Oï - Objets Nomades | LOUIS VUITTON ®,,,no_price_found
louisvuitton,SLUG:stool-by-atelier-oi,A_2018_2020,201909,20190919002831,https://web.archive.org/web/20190919002831/https://us.louisvuitton.com/eng-us/products/stool-by-atelier-oi-nvprod1250309v,Stool By Atelier Oï - Objets Nomades | LOUIS VUITTON ®,,,no_price_found
louisvuitton,SLUG:stool-by-atelier-oi,B_2024_2026,202511,20251116194428,https://web.archive.org/web/20251116194428/https://us.louisvuitton.com/eng-us/products/stool-by-atelier-oi-nvprod1250309v/R95041,"Stool By Atelier Oï - Trunks, Travel and Home - Home and Art of Dining | LOUIS VUITTON ®",5750,USD,jsonld_offer_price
louisvuitton,SLUG:stool-by-atelier-oi,B_2024_2026,202512,20251214024202,https://web.archive.org/web/20251214024202/https://us.louisvuitton.com/eng-us/products/stool-by-atelier-oi-nvprod1250309v/M99504,"Stool By Atelier Oï - Trunks, Travel and Home - Home and Art of Dining | LOUIS VUITTON ®",5750,USD,jsonld_offer_price
louisvuitton,SLUG:stool-by-atelier-oi,B_2024_2026,202606,20260616154735,https://web.archive.org/web/20260616154735/https://us.louisvuitton.com/eng-us/products/stool-by-atelier-oi-nvprod1250309v/M99504,"Stool By Atelier Oï - Trunks, Travel and Home - Home and Art of Dining | LOUIS VUITTON ®",5750,USD,jsonld_offer_price
louisvuitton,SLUG:twist-pm-epi,A_2018_2020,201904,20190422034852,https://web.archive.org/web/20190422034852/https://us.louisvuitton.com/eng-us/products/twist-pm-epi-009717,Twist PM Epi Leather - Handbags | LOUIS VUITTON ®,3250.00,USD,jsonld_offer_price
louisvuitton,SLUG:twist-pm-epi,A_2018_2020,201907,20190723053950,https://web.archive.org/web/20190723053950/https://us.louisvuitton.com/eng-us/products/twist-pm-epi-009717,Twist PM Epi Leather - Handbags | LOUIS VUITTON ®,3250.00,USD,jsonld_offer_price
louisvuitton,SLUG:twist-pm-epi,A_2018_2020,201908,20190817150915,https://web.archive.org/web/20190817150915/https://us.louisvuitton.com/eng-us/products/twist-pm-epi-nvprod1000315v,Twist PM Epi Leather - Handbags | LOUIS VUITTON ®,3450.00,USD,jsonld_offer_price
louisvuitton,SLUG:twist-pm-epi,A_2018_2020,201909,20190917110635,https://web.archive.org/web/20190917110635/https://us.louisvuitton.com/eng-us/products/twist-pm-epi-009717,Twist PM Epi Leather - Handbags | LOUIS VUITTON ®,3250.00,USD,jsonld_offer_price
louisvuitton,SLUG:twist-pm-epi,B_2024_2026,202408,20240828174913,https://web.archive.org/web/20240828174913/https://us.louisvuitton.com/eng-us/products/twist-pm-epi-nvprod5320027v/M24758,Twist PM Epi Leather - Women - Handbags | LOUIS VUITTON ®,4850,USD,jsonld_offer_price
louisvuitton,SLUG:twist-pm-epi,B_2024_2026,202511,20251113174605,https://web.archive.org/web/20251113174605/https://us.louisvuitton.com/eng-us/products/twist-pm-epi-nvprod5770154v/M25335,Twist PM Epi Leather - Bags and Small Leather Goods - Women's Bags | LOUIS VUITTON ®,4750,USD,jsonld_offer_price
louisvuitton,SLUG:twist-pm-epi,B_2024_2026,202601,20260121093116,https://web.archive.org/web/20260121093116/https://us.louisvuitton.com/eng-us/products/twist-pm-epi-nvprod4280089v/M22373,Twist PM Epi Leather - Women - Handbags | LOUIS VUITTON ®,4950,USD,jsonld_offer_price
louisvuitton,SLUG:beverly-hills-sneaker,A_2018_2020,201907,20190723201922,https://web.archive.org/web/20190723201922/https://us.louisvuitton.com/eng-us/products/beverly-hills-sneaker-nvprod1270496v,BEVERLY HILLS SNEAKER - Shoes | LOUIS VUITTON ®,815.00,USD,jsonld_offer_price
louisvuitton,SLUG:beverly-hills-sneaker,A_2018_2020,201908,20190821034805,https://web.archive.org/web/20190821034805/https://us.louisvuitton.com/eng-us/products/beverly-hills-sneaker-nvprod1310289v,BEVERLY HILLS SNEAKER - Shoes | LOUIS VUITTON ®,880.00,USD,jsonld_offer_price
louisvuitton,SLUG:beverly-hills-sneaker,A_2018_2020,201909,20190919002153,https://web.archive.org/web/20190919002153/https://us.louisvuitton.com/eng-us/products/beverly-hills-sneaker-nvprod1270496v,BEVERLY HILLS SNEAKER - Shoes | LOUIS VUITTON ®,815.00,USD,jsonld_offer_price
louisvuitton,SLUG:beverly-hills-sneaker,B_2024_2026,202406,20240618125630,https://web.archive.org/web/20240618125630/https://us.louisvuitton.com/eng-us/products/beverly-hills-sneaker-nvprod5190226v/1ACQGO,,,,fetch_failed
louisvuitton,SLUG:beverly-hills-sneaker,B_2024_2026,202409,20240914042551,https://web.archive.org/web/20240914042551/https://us.louisvuitton.com/eng-us/products/beverly-hills-sneaker-nvprod2800226v/1A8V3G,,,,fetch_failed
louisvuitton,SLUG:beverly-hills-sneaker,B_2024_2026,202410,20241005192918,https://web.archive.org/web/20241005192918/https://us.louisvuitton.com/eng-us/products/beverly-hills-sneaker-nvprod2800226v/1A8V44,Beverly Hills Sneaker - Men - Shoes | LOUIS VUITTON ®,1030,USD,jsonld_offer_price
louisvuitton,SLUG:beverly-hills-sneaker,B_2024_2026,202509,20250909154422,https://web.archive.org/web/20250909154422/https://us.louisvuitton.com/eng-us/products/beverly-hills-sneaker-nvprod5190213v/1ACQLU,Beverly Hills Sneaker - Men - Shoes | LOUIS VUITTON ®,1040,USD,jsonld_offer_price
louisvuitton,SLUG:beverly-hills-sneaker,B_2024_2026,202510,20251017082216,https://web.archive.org/web/20251017082216/https://us.louisvuitton.com/eng-us/products/beverly-hills-sneaker-nvprod2800226v/1A8V3G,Beverly Hills Sneaker - Men - Shoes | LOUIS VUITTON ®,1050,USD,jsonld_offer_price
louisvuitton,SLUG:beverly-hills-sneaker,B_2024_2026,202511,20251115175725,https://web.archive.org/web/20251115175725/https://us.louisvuitton.com/eng-us/products/beverly-hills-sneaker-nvprod2800226v/1A8V3F,Beverly Hills Sneaker - Men - Shoes | LOUIS VUITTON ®,1050,USD,jsonld_offer_price
louisvuitton,SLUG:beverly-hills-sneaker,B_2024_2026,202512,20251205214934,https://web.archive.org/web/20251205214934/https://us.louisvuitton.com/eng-us/products/beverly-hills-sneaker-nvprod2800226v/1A8V3Q,Beverly Hills Sneaker - Men - Shoes | LOUIS VUITTON ®,1050,USD,jsonld_offer_price
louisvuitton,SLUG:beverly-hills-sneaker,B_2024_2026,202601,20260116162007,https://web.archive.org/web/20260116162007/https://us.louisvuitton.com/eng-us/products/beverly-hills-sneaker-nvprod2800226v/1A8V3Z,Beverly Hills Sneaker - Men - Shoes | LOUIS VUITTON ®,1050,USD,jsonld_offer_price
louisvuitton,SLUG:beverly-hills-sneaker,B_2024_2026,202606,20260607134023,https://web.archive.org/web/20260607134023/https://us.louisvuitton.com/eng-us/products/beverly-hills-sneaker-nvprod2800226v/1A8V3F,Beverly Hills Sneaker - Men - Shoes | LOUIS VUITTON ®,1080,USD,jsonld_offer_price
louisvuitton,SLUG:beverly-hills-sneaker,B_2024_2026,202607,20260711111150,https://web.archive.org/web/20260711111150/https://us.louisvuitton.com/eng-us/products/beverly-hills-sneaker-nvprod6190014v/1AHQXT,,,,fetch_failed
louisvuitton,SLUG:capucines-compact-wallet-capucines,A_2018_2020,201907,20190720014840,https://web.archive.org/web/20190720014840/https://us.louisvuitton.com/eng-us/products/capucines-compact-wallet-capucines-nvprod1050024v,,,,fetch_failed
louisvuitton,SLUG:capucines-compact-wallet-capucines,A_2018_2020,201908,20190820192529,https://web.archive.org/web/20190820192529/https://us.louisvuitton.com/eng-us/products/capucines-compact-wallet-capucines-nvprod1180227v,Capucines Compact Wallet Capucines - Small Leather Goods | LOUIS VUITTON ®,1170.00,USD,jsonld_offer_price
louisvuitton,SLUG:capucines-compact-wallet-capucines,A_2018_2020,201909,20190916065832,https://web.archive.org/web/20190916065832/https://us.louisvuitton.com/eng-us/products/capucines-compact-wallet-capucines-nvprod1050024v,Capucines Compact Wallet Capucines - Small Leather Goods | LOUIS VUITTON ®,1030.00,USD,jsonld_offer_price
louisvuitton,SLUG:capucines-compact-wallet-capucines,B_2024_2026,202409,20240917031445,https://web.archive.org/web/20240917031445/https://us.louisvuitton.com/eng-us/products/capucines-compact-wallet-capucines-015661/M82361,Capucines Compact Wallet Capucines - Women - Small Leather Goods | LOUIS VUITTON ®,1030,USD,jsonld_offer_price
louisvuitton,SLUG:capucines-compact-wallet-capucines,B_2024_2026,202510,20251014131414,https://web.archive.org/web/20251014131414/https://us.louisvuitton.com/eng-us/products/capucines-compact-wallet-capucines-nvprod4710015v/M11363,Capucines Compact Wallet Capucines - Women - Small Leather Goods | LOUIS VUITTON ®,1180,USD,jsonld_offer_price
louisvuitton,SLUG:capucines-compact-wallet-capucines,B_2024_2026,202511,20251118052502,https://web.archive.org/web/20251118052502/https://us.louisvuitton.com/eng-us/products/capucines-compact-wallet-capucines-015661/M82361,Capucines Compact Wallet Capucines - Women - Small Leather Goods | LOUIS VUITTON ®,1090,USD,jsonld_offer_price
louisvuitton,SLUG:capucines-compact-wallet-capucines,B_2024_2026,202512,20251211130750,https://web.archive.org/web/20251211130750/https://us.louisvuitton.com/eng-us/products/capucines-compact-wallet-capucines-015661/M62157,Capucines Compact Wallet Capucines - Women - Small Leather Goods | LOUIS VUITTON ®,1090,USD,jsonld_offer_price
louisvuitton,SLUG:capucines-compact-wallet-capucines,B_2024_2026,202601,20260124154946,https://web.archive.org/web/20260124154946/https://us.louisvuitton.com/eng-us/products/capucines-compact-wallet-capucines-nvprod4710015v/M82764,Capucines Compact Wallet Capucines - Women - Small Leather Goods | LOUIS VUITTON ®,1230,USD,jsonld_offer_price
louisvuitton,SLUG:capucines-mini-capucines,A_2018_2020,201907,20190723202304,https://web.archive.org/web/20190723202304/https://us.louisvuitton.com/eng-us/products/capucines-mini-capucines-nvprod1000327v,Capucines Mini Capucines - Handbags | LOUIS VUITTON ®,,,no_price_found
louisvuitton,SLUG:capucines-mini-capucines,A_2018_2020,201908,20190821101653,https://web.archive.org/web/20190821101653/https://us.louisvuitton.com/eng-us/products/capucines-mini-capucines-nvprod120049v,Capucines Mini Capucines - Handbags | LOUIS VUITTON ®,,,no_price_found
louisvuitton,SLUG:capucines-mini-capucines,A_2018_2020,201909,20190923155623,https://web.archive.org/web/20190923155623/https://us.louisvuitton.com/eng-us/products/capucines-mini-capucines-nvprod1000327v,Capucines Mini Capucines - Handbags | LOUIS VUITTON ®,,,no_price_found
louisvuitton,SLUG:capucines-mini-capucines,B_2024_2026,202409,20240913192406,https://web.archive.org/web/20240913192406/https://us.louisvuitton.com/eng-us/products/capucines-mini-capucines-nvprod2130099v/M24544,Capucines Mini Capucines - Women - Handbags | LOUIS VUITTON ®,6350,USD,jsonld_offer_price
louisvuitton,SLUG:capucines-mini-capucines,B_2024_2026,202410,20241007140456,https://web.archive.org/web/20241007140456/https://us.louisvuitton.com/eng-us/products/capucines-mini-capucines-nvprod4450050v/M23082,Capucines Mini Capucines - Men - OBSOLETES DO NOT TOUCH | LOUIS VUITTON ®,6600,USD,jsonld_offer_price
louisvuitton,SLUG:capucines-mini-capucines,B_2024_2026,202509,20250915182641,https://web.archive.org/web/20250915182641/https://us.louisvuitton.com/eng-us/products/capucines-mini-capucines-nvprod4670007v/M23844,Capucines Mini Capucines - Men - Discontinued Product | LOUIS VUITTON ®,10500,USD,jsonld_offer_price
louisvuitton,SLUG:capucines-mini-capucines,B_2024_2026,202510,20251013015954,https://web.archive.org/web/20251013015954/https://us.louisvuitton.com/eng-us/products/capucines-mini-capucines-nvprod4810064v/M23363,Capucines Mini Capucines - Men - Discontinued Product | LOUIS VUITTON ®,6650,USD,jsonld_offer_price
louisvuitton,SLUG:capucines-mini-capucines,B_2024_2026,202511,20251118051958,https://web.archive.org/web/20251118051958/https://us.louisvuitton.com/eng-us/products/capucines-mini-capucines-nvprod5660002v/M24729,,,,fetch_failed
louisvuitton,SLUG:capucines-mini-capucines,B_2024_2026,202512,20251214164329,https://web.archive.org/web/20251214164329/https://us.louisvuitton.com/eng-us/products/capucines-mini-capucines-nvprod5870020v/M11934,,,,fetch_failed
louisvuitton,SLUG:capucines-mini-capucines,B_2024_2026,202601,20260119233803,https://web.archive.org/web/20260119233803/https://us.louisvuitton.com/eng-us/products/capucines-mini-capucines-nvprod6330080v/M14365,Capucines Mini Capucines - Women - Handbags | LOUIS VUITTON ®,6750,USD,jsonld_offer_price
louisvuitton,SLUG:empreinte-ring-white-gold-and-diamonds,A_2018_2020,201907,20190720012633,https://web.archive.org/web/20190720012633/https://us.louisvuitton.com/eng-us/products/empreinte-ring-white-gold-and-diamonds-nvprod1180261v,"Empreinte Ring, White Gold and Diamonds - Jewelry and Timepieces | LOUIS VUITTON ®",7350.00,USD,jsonld_offer_price
louisvuitton,SLUG:empreinte-ring-white-gold-and-diamonds,A_2018_2020,201908,20190820185442,https://web.archive.org/web/20190820185442/https://us.louisvuitton.com/eng-us/products/empreinte-ring-white-gold-and-diamonds-nvprod1290003v,"Empreinte Ring, White Gold And Diamonds - Jewelry and Timepieces | LOUIS VUITTON ®",11000.00,USD,jsonld_offer_price
louisvuitton,SLUG:empreinte-ring-white-gold-and-diamonds,A_2018_2020,201909,20190918160722,https://web.archive.org/web/20190918160722/https://us.louisvuitton.com/eng-us/products/empreinte-ring-white-gold-and-diamonds-nvprod1180261v,"Empreinte Ring, White Gold and Diamonds - Jewelry and Timepieces | LOUIS VUITTON ®",7350.00,USD,jsonld_offer_price
louisvuitton,SLUG:empreinte-ring-white-gold-and-diamonds,B_2024_2026,202510,20251007083707,https://web.archive.org/web/20251007083707/https://us.louisvuitton.com/eng-us/products/empreinte-ring-white-gold-and-diamonds-nvprod1180261v/Q9K99Y,"Empreinte Ring, White Gold and Diamonds - Jewelry - Categories | LOUIS VUITTON ®",8050,USD,jsonld_offer_price
louisvuitton,SLUG:empreinte-ring-white-gold-and-diamonds,B_2024_2026,202511,20251115182422,https://web.archive.org/web/20251115182422/https://us.louisvuitton.com/eng-us/products/empreinte-ring-white-gold-and-diamonds-nvprod1180261v/Q9K99A,"Empreinte Medium Ring, White Gold and Diamonds - Jewelry - Categories | LOUIS VUITTON ®",8050,USD,jsonld_offer_price
louisvuitton,SLUG:empreinte-ring-white-gold-and-diamonds,B_2024_2026,202601,20260121102408,https://web.archive.org/web/20260121102408/https://us.louisvuitton.com/eng-us/products/empreinte-ring-white-gold-and-diamonds-nvprod1180261v/Q9K99Y,"Empreinte Medium Ring, White Gold and Diamonds - Jewelry - Categories | LOUIS VUITTON ®",8050,USD,jsonld_offer_price
louisvuitton,SLUG:empreinte-ring-white-gold-and-diamonds,B_2024_2026,202606,20260606083608,https://web.archive.org/web/20260606083608/https://us.louisvuitton.com/eng-us/products/empreinte-ring-white-gold-and-diamonds-nvprod1290003v/Q9L67H,"Empreinte Double Ring, White Gold and Diamonds - Jewelry - Categories | LOUIS VUITTON ®",13500,USD,jsonld_offer_price
louisvuitton,SLUG:empreinte-ring-white-gold-and-diamonds,B_2024_2026,202607,20260711055351,https://web.archive.org/web/20260711055351/https://us.louisvuitton.com/eng-us/products/empreinte-ring-white-gold-and-diamonds-nvprod1290003v/Q9L67G,"Empreinte Double Ring, White Gold and Diamonds - Jewelry - Categories | LOUIS VUITTON ®",13500,USD,jsonld_offer_price
louisvuitton,SLUG:keepall-bandouliere-monogram-other,A_2018_2020,201907,20190723223335,https://web.archive.org/web/20190723223335/https://us.louisvuitton.com/eng-us/products/keepall-bandouliere-50-monogram-other-nvprod1600018v,Keepall Bandoulière 50 Monogram Other - Travel | LOUIS VUITTON ®,4150.00,USD,jsonld_offer_price
louisvuitton,SLUG:keepall-bandouliere-monogram-other,A_2018_2020,201908,20190823053946,https://web.archive.org/web/20190823053946/https://us.louisvuitton.com/eng-us/products/keepall-bandouliere-50-monogram-other-nvprod1270097v,,,,fetch_failed
louisvuitton,SLUG:keepall-bandouliere-monogram-other,A_2018_2020,201909,20190923155348,https://web.archive.org/web/20190923155348/https://us.louisvuitton.com/eng-us/products/keepall-bandouliere-50-monogram-other-nvprod1600018v,,,,fetch_failed
louisvuitton,SLUG:keepall-bandouliere-monogram-other,B_2024_2026,202409,20240919045554,https://web.archive.org/web/20240919045554/https://us.louisvuitton.com/eng-us/products/keepall-bandouliere-25-monogram-other-nvprod5240035v/M24849,Keepall Bandoulière 25 Small Duffle Bag | LOUIS VUITTON ®,2600,USD,jsonld_offer_price
louisvuitton,SLUG:keepall-bandouliere-monogram-other,B_2024_2026,202410,20241007114053,https://web.archive.org/web/20241007114053/https://us.louisvuitton.com/eng-us/products/keepall-bandouliere-25-monogram-other-nvprod5770125v/M11591,Keepall Bandoulière 25 Monogram Other - Men - Travel | LOUIS VUITTON ®,2710,USD,jsonld_offer_price
louisvuitton,SLUG:keepall-bandouliere-monogram-other,B_2024_2026,202511,20251115045838,https://web.archive.org/web/20251115045838/https://us.louisvuitton.com/eng-us/products/keepall-bandouliere-25-monogram-other-nvprod6260006v/M14681,Keepall Bandoulière 25 Monogram Heritage - Bags and Small Leather Goods - Men's Bags | LOUIS VUITTON ®,2810,USD,jsonld_offer_price
louisvuitton,SLUG:keepall-bandouliere-monogram-other,B_2024_2026,202512,20251209113131,https://web.archive.org/web/20251209113131/https://us.louisvuitton.com/eng-us/products/keepall-bandouliere-25-monogram-other-nvprod5650044v/M11542,Keepall Bandoulière 25 Monogram Heritage - Bags and Small Leather Goods - Men's Bags | LOUIS VUITTON ®,3050,USD,jsonld_offer_price
louisvuitton,SLUG:keepall-bandouliere-monogram-other,B_2024_2026,202605,20260514221024,https://web.archive.org/web/20260514221024/https://us.louisvuitton.com/eng-us/products/keepall-bandouliere-50-monogram-other-nvprod6770011v/M26959,Keepall Bandoulière 50 Monogram Heritage - Bags and Small Leather Goods - Men's Bags | LOUIS VUITTON ®,3350,USD,jsonld_offer_price
louisvuitton,SLUG:keepall-bandouliere-monogram-other,B_2024_2026,202606,20260618040714,https://web.archive.org/web/20260618040714/https://us.louisvuitton.com/eng-us/products/keepall-bandouliere-25-monogram-other-nvprod7540366v/M29296,Keepall Bandoulière 25 Monogram Heritage - Bags and Small Leather Goods - Men's Bags | LOUIS VUITTON ®,3050,USD,jsonld_offer_price
louisvuitton,SLUG:lv-iconic-reversible-belt-monogram,A_2018_2020,201907,20190722121835,https://web.archive.org/web/20190722121835/https://us.louisvuitton.com/eng-us/products/lv-iconic-30mm-reversible-belt-monogram-nvprod1430205v,LV Iconic 30mm Reversible Belt Monogram - Monogram Giant | LOUIS VUITTON ®,575.00,USD,jsonld_offer_price
louisvuitton,SLUG:lv-iconic-reversible-belt-monogram,A_2018_2020,201908,20190823154933,https://web.archive.org/web/20190823154933/https://us.louisvuitton.com/eng-us/products/lv-iconic-30mm-reversible-belt-monogram-nvprod1420240v,LV Iconic 30mm Reversible Belt Monogram - Summer Capsule | LOUIS VUITTON ®,575.00,USD,jsonld_offer_price
louisvuitton,SLUG:lv-iconic-reversible-belt-monogram,A_2018_2020,201909,20190916145907,https://web.archive.org/web/20190916145907/https://us.louisvuitton.com/eng-us/products/lv-iconic-30mm-reversible-belt-monogram-nvprod1430205v,LV Iconic 30mm Reversible Belt Monogram - Monogram Giant | LOUIS VUITTON ®,575.00,USD,jsonld_offer_price
louisvuitton,SLUG:lv-iconic-reversible-belt-monogram,B_2024_2026,202409,20240911163134,https://web.archive.org/web/20240911163134/https://us.louisvuitton.com/eng-us/products/lv-iconic-20mm-reversible-belt-monogram-nvprod3020063v/M0527W,LV Iconic 20MM Reversible Belt Monogram - Women - Accessories | LOUIS VUITTON ®,460,USD,jsonld_offer_price
louisvuitton,SLUG:lv-iconic-reversible-belt-monogram,B_2024_2026,202410,20241008040758,https://web.archive.org/web/20241008040758/https://us.louisvuitton.com/eng-us/products/lv-iconic-20mm-reversible-belt-monogram-nvprod3020063v/M0431X,LV Iconic 20mm Reversible Belt Monogram - Women - Accessories | LOUIS VUITTON ®,460,USD,jsonld_offer_price
louisvuitton,SLUG:lv-iconic-reversible-belt-monogram,B_2024_2026,202510,20251007205051,https://web.archive.org/web/20251007205051/https://us.louisvuitton.com/eng-us/products/lv-iconic-20mm-reversible-belt-monogram-nvprod3020063v/M0431V?utm_source=www.luxelinq.com&utm_medium=referral&utm_campaign=5-designer-gift-ideas-under-500,LV Iconic 20mm Reversible Belt Monogram - Women - Accessories | LOUIS VUITTON ®,475,USD,jsonld_offer_price
louisvuitton,SLUG:lv-iconic-reversible-belt-monogram,B_2024_2026,202511,20251106221406,https://web.archive.org/web/20251106221406/https://us.louisvuitton.com/eng-us/products/lv-iconic-20mm-reversible-belt-monogram-nvprod3020063v/M0431X,LV Iconic 20mm Reversible Belt Monogram - Women - Accessories | LOUIS VUITTON ®,475,USD,jsonld_offer_price
louisvuitton,SLUG:lv-iconic-reversible-belt-monogram,B_2024_2026,202601,20260118024233,https://web.archive.org/web/20260118024233/https://us.louisvuitton.com/eng-us/products/lv-iconic-20mm-reversible-belt-monogram-nvprod3020063v/M8495U,LV Iconic 20mm Reversible Belt Monogram - Women - Accessories | LOUIS VUITTON ®,475,USD,jsonld_offer_price
louisvuitton,SLUG:lv-initiales-reversible-belt-damier-graphite,A_2018_2020,201907,20190726082007,https://web.archive.org/web/20190726082007/https://us.louisvuitton.com/eng-us/products/lv-initiales-40mm-reversible-belt-damier-graphite-nvprod1630232v,LV Initiales 40MM Reversible Belt Damier Graphite Canvas - Accessories | LOUIS VUITTON ®,635.00,USD,jsonld_offer_price
louisvuitton,SLUG:lv-initiales-reversible-belt-damier-graphite,A_2018_2020,201908,20190818113238,https://web.archive.org/web/20190818113238/https://us.louisvuitton.com/eng-us/products/lv-initiales-40mm-reversible-belt-damier-graphite-nvprod1760067v,LV Initiales 40MM Reversible Belt Damier Graphite Canvas - Accessories | LOUIS VUITTON ®,575.00,USD,jsonld_offer_price
louisvuitton,SLUG:lv-initiales-reversible-belt-damier-graphite,A_2018_2020,201909,20190917231617,https://web.archive.org/web/20190917231617/https://us.louisvuitton.com/eng-us/products/lv-initiales-40mm-reversible-belt-damier-graphite-nvprod1630232v,LV Initiales 40MM Reversible Belt Damier Graphite Canvas - Accessories | LOUIS VUITTON ®,635.00,USD,jsonld_offer_price
louisvuitton,SLUG:lv-initiales-reversible-belt-damier-graphite,B_2024_2026,202409,20240909154527,https://web.archive.org/web/20240909154527/https://us.louisvuitton.com/eng-us/products/lv-initiales-40mm-reversible-belt-damier-graphite-nvprod1760067v/M0212R,LV Initiales 40mm Reversible Belt Damier Graphite Canvas - Men - Accessories | LOUIS VUITTON ®,590,USD,jsonld_offer_price
louisvuitton,SLUG:lv-initiales-reversible-belt-damier-graphite,B_2024_2026,202410,20241005181736,https://web.archive.org/web/20241005181736/https://us.louisvuitton.com/eng-us/products/lv-initiales-40mm-reversible-belt-damier-graphite-nvprod1760067v/M0212T,LV Initiales 40mm Reversible Belt Damier Graphite Canvas - Men - Accessories | LOUIS VUITTON ®,590,USD,jsonld_offer_price
louisvuitton,SLUG:lv-initiales-reversible-belt-damier-graphite,B_2024_2026,202509,20250915193304,https://web.archive.org/web/20250915193304/https://us.louisvuitton.com/eng-us/products/lv-initiales-40mm-reversible-belt-damier-graphite-nvprod1760067v/M0213Q,LV Initiales 40mm Reversible Belt Damier Graphite Canvas - Men - Accessories | LOUIS VUITTON ®,615,USD,jsonld_offer_price
louisvuitton,SLUG:lv-initiales-reversible-belt-damier-graphite,B_2024_2026,202510,20251016110904,https://web.archive.org/web/20251016110904/https://us.louisvuitton.com/eng-us/products/lv-initiales-40mm-reversible-belt-damier-graphite-nvprod1760067v/M0212Q,LV Initiales 40mm Reversible Belt Damier Graphite Canvas - Men - Accessories | LOUIS VUITTON ®,615,USD,jsonld_offer_price
louisvuitton,SLUG:lv-initiales-reversible-belt-damier-graphite,B_2024_2026,202512,20251206023353,https://web.archive.org/web/20251206023353/https://us.louisvuitton.com/eng-us/products/lv-initiales-40mm-reversible-belt-damier-graphite-nvprod1760067v/M0213W,LV Initiales 40mm Reversible Belt Damier Graphite Canvas - Men - Accessories | LOUIS VUITTON ®,615,USD,jsonld_offer_price
louisvuitton,SLUG:lv-initiales-reversible-belt-damier-graphite,B_2024_2026,202601,20260115001332,https://web.archive.org/web/20260115001332/https://us.louisvuitton.com/eng-us/products/lv-initiales-40mm-reversible-belt-damier-graphite-nvprod1760067v/M0212U,LV Initiales 40mm Reversible Belt Damier Graphite Canvas - Men - Accessories | LOUIS VUITTON ®,615,USD,jsonld_offer_price
louisvuitton,SLUG:lv-initiales-reversible-belt-damier-graphite,B_2024_2026,202606,20260607013727,https://web.archive.org/web/20260607013727/https://us.louisvuitton.com/eng-us/products/lv-initiales-40mm-reversible-belt-damier-graphite-nvprod1760067v/M0212T,,,,fetch_failed
louisvuitton,SLUG:lv-initiales-reversible-belt-damier-graphite,B_2024_2026,202607,20260711112800,https://web.archive.org/web/20260711112800/https://us.louisvuitton.com/eng-us/products/lv-initiales-40mm-reversible-belt-damier-graphite-nvprod1760067v/M0212S,LV Initiales 40mm Reversible Belt Damier Graphite Canvas - Holiday Gifts - Holiday Gifts For Him | LOUIS VUITTON ®,635,USD,jsonld_offer_price
