brand,product_code,window,month,snapshot_timestamp,snapshot_url,page_title,price,currency,method
versace,Z7011,A_2018_2020,201801,20180126152257,https://web.archive.org/web/20180126152257/http://www.versace.com/us/en-us/home-collection/bed-bath/pillow-cases/i-%E2%99%A1--baroque-pillow-case-set-z7011/ZPCSET901-ZCOP0106_Z7011.html?cgid=450100,Versace I ♡ Baroque Pillow Case Set - Home Collection | US Online Store,175.0,USD,meta_product_price+usd_from_us_site_url
versace,Z7011,A_2018_2020,201802,20180216054545,https://web.archive.org/web/20180216054545/https://www.versace.com/us/en-us/home-collection/bed-bath/slippers/i-%E2%99%A1-baroque-slippers-z7011/ZSLPM0002-ZCOP0124_Z7011.html,Versace I ♡ Baroque Slippers - Home Collection | US Online Store,400.0,USD,meta_product_price+usd_from_us_site_url
versace,Z7011,A_2018_2020,201803,20180322214933,https://web.archive.org/web/20180322214933/https://www.versace.com/us/en-us/home-collection/bed-bath/pillow-cases/i-%E2%99%A1--baroque-pillow-case-set-z7011/ZPCSET901-ZCOP0106_Z7011.html,Versace I ♡ Baroque Pillow Case Set - Home Collection | US Online Store,175.0,USD,meta_product_price+usd_from_us_site_url
versace,Z7011,A_2018_2020,201810,20181001004638,https://web.archive.org/web/20181001004638/https://www.versace.com/us/en-us/men/clothing/underwear-pajamas/pajamas/i-%E2%99%A1-baroque-sleep-mask-z7011/ZMAS18101-ZCOP0124_Z7011.html?cgid=221600,Versace I ♡ Baroque Sleep Mask for Men | US Online Store,225.0,USD,meta_product_price
versace,Z7011,A_2018_2020,201812,20181207101559,https://web.archive.org/web/20181207101559/https://www.versace.com/us/en-us/men/clothing/underwear-pajamas/pajamas/i-%E2%99%A1-baroque-sleep-mask-z7011/ZMAS18101-ZCOP0124_Z7011.html,Versace I ♡ Baroque Sleep Mask for Men | US Online Store,225.0,USD,meta_product_price
versace,Z7011,A_2018_2020,201907,20190721154920,https://web.archive.org/web/20190721154920/https://www.versace.com/us/en-us/home-collection/versace-lifestyle/for-your-pet/barocco-print-dog-bed-z7011/ZDOGBED01-ZCOM0073_Z7011.html?cgid=420620,Versace Barocco Print Dog Bed - Home Collection | US Online Store,1395.0,USD,meta_product_price
versace,Z7011,A_2018_2020,201908,20190824220110,https://web.archive.org/web/20190824220110/https://www.versace.com/us/en-us/home-collection/versace-lifestyle/barocco-print-basketball-z7011/ZBASK0001-ZPAL0001_Z7011.html?cgid=420600,Versace Barocco Print Basketball - Home Collection | US Online Store,250.0,USD,meta_product_price
versace,Z7011,A_2018_2020,201911,20191127074705,https://web.archive.org/web/20191127074705/https://www.versace.com/us/en-us/home-collection/bed-bath/slippers/i-%E2%99%A1-baroque-slippers-z7011/ZSLPM0002-ZCOP0124_Z7011.html,Versace I ♡ Baroque Slippers - Home Collection | US Online Store,475.0,USD,meta_product_price
versace,Z7011,B_2024_2026,202408,20240804112556,https://web.archive.org/web/20240804112556/https://www.versace.com/us/en/home-lifestyle/lifestyle/sport/barocco-football-black-print/ZSOCCB001-ZPAL0001_Z7011.html?gclsrc=aw.ds&gclid=CjwKCAjwpKyYBhB7EiwAU2Hn2d9Ogmv4rtuB35G1y4AyEX4gjr9o0ezZhNbSaQ802BGXMLWnNfP7whoCa-8QAvD_BwE&wt_mc=ro.sem.google.text.dsa,"Barocco Football Black,Print | VERSACE US",250.00,USD,jsonld_offer_price
versace,Z7011,B_2024_2026,202409,20240915062422,https://web.archive.org/web/20240915062422/https://www.versace.com/us/en/home-lifestyle/bath-bed-linen/bed-linen/i-love-baroque-full-queen-pillowcase-set-black-print/ZPCSET007-ZCOP0105_Z7011.html,"I ♡ Baroque Full/Queen Pillowcase Set Black,Print | VERSACE US",225,USD,jsonld_offer_price
versace,Z7011,B_2024_2026,202410,20241008130257,https://web.archive.org/web/20241008130257/https://www.versace.com/us/en/home-lifestyle/bath-bed-linen/bed-linen/i-love-baroque-full-queen-bed-set-black-print/ZBEDSET06-ZCOP0105_Z7011.html,"I ♡ Baroque Full/Queen Bed Set Black,Print | VERSACE US",950,USD,jsonld_offer_price
versace,Z7011,B_2024_2026,202411,20241105221837,https://web.archive.org/web/20241105221837/https://www.versace.com/us/en/home-lifestyle/lifestyle/sport-travel/barocco-skateboard-black-print/ZSKATE001-ZWOOD001_Z7011.html,,,,fetch_failed
versace,Z7011,B_2024_2026,202501,20250114094558,https://web.archive.org/web/20250114094558/https://www.versace.com/us/en/home-lifestyle/lifestyle/pet-accessories/icon-pet-waste-bag-holder-black-print/ZDOGSET06-ZPL00016_Z7011.html,"Icon Pet Waste Bag Holder Black,Print | VERSACE US",275,USD,jsonld_offer_price
versace,Z7011,B_2024_2026,202503,20250324041051,https://web.archive.org/web/20250324041051/https://www.versace.com/us/en/home-lifestyle/lifestyle/sport-travel/barocco-skateboard-black-print/ZSKATE001-ZWOOD001_Z7011.html,"Barocco Skateboard Black,Print | VERSACE US",800.00,USD,jsonld_offer_price
versace,Z7011,B_2024_2026,202504,20250408162600,https://web.archive.org/web/20250408162600/https://www.versace.com/us/en/women/clothing/t-shirts-sweatshirts/sweatshirts/i-love-baroque-hoodie/1020183-1A14584_Z7011.html,I ♡ Baroque Hoodie | VERSACE US,950.00,USD,jsonld_offer_price
versace,Z7011,B_2024_2026,202505,20250513232312,https://web.archive.org/web/20250513232312/https://www.versace.com/us/en/home-lifestyle/lifestyle/for-the-gym/crete-de-fleur-inflatable-float-black-print/ZINFL0001-ZPUL0014_Z7011.html?cgid=420630,"Crete de Fleur Inflatable Float Black,Print | VERSACE US",250.00,USD,jsonld_offer_price
versace,Z7011,B_2024_2026,202508,20250817024531,https://web.archive.org/web/20250817024531/https://www.versace.com/us/en/home-lifestyle/bath-bed-linen/bed-linen/i-love-baroque-full-queen-bed-set-black-print/ZBEDSET06-ZCOP0105_Z22_FULL_Z7011__.html,,,,no_price_found
versace,Z7011,B_2024_2026,202510,20251019224255,https://web.archive.org/web/20251019224255/https://www.versace.com/us/en/home-lifestyle/bath-bed-linen/slippers/coupe-des-dieux-slippers-black-print/ZSLB00008-1A11959_Z7011.html,,,,no_price_found
versace,Z7011,B_2024_2026,202511,20251110230851,https://web.archive.org/web/20251110230851/https://www.versace.com/us/en/home-lifestyle/lifestyle/sport-travel/barocco-football-black-print/ZSOCCB001-ZPAL0001_Z7011.html?gclsrc=aw.ds&gclid=CjwKCAjwpKyYBhB7EiwAU2Hn2d9Ogmv4rtuB35G1y4AyEX4gjr9o0ezZhNbSaQ802BGXMLWnNfP7whoCa-8QAvD_BwE&wt_mc=ro.sem.google.text.dsa,"Barocco Football Black,Print | VERSACE US",250.00,USD,jsonld_offer_price
versace,Z7011,B_2024_2026,202512,20251231194236,https://web.archive.org/web/20251231194236/https://www.versace.com/us/en/home-lifestyle/bath-bed-linen/bathrobes/coupe-des-dieux-bathrobe-black-print/ZACJ00020-1A11959_Z7011.html,,,,no_price_found
versace,Z7011,B_2024_2026,202601,20260104163607,https://web.archive.org/web/20260104163607/https://www.versace.com/us/en/home-lifestyle/bath-bed-linen/bathrobes/coupe-des-dieux-bathrobe-black-print/ZACJ00020-1A11959_Z7011.html,,,,no_price_found
versace,Z7011,B_2024_2026,202602,20260206084634,https://web.archive.org/web/20260206084634/https://www.versace.com/us/en/home-lifestyle/bath-bed-linen/bathrobes/coupe-des-dieux-bathrobe-black-print/ZACJ00020-1A11959_Z7011.html,"Coupe des Dieux Bathrobe Black,Print | VERSACE US",1075.00,USD,jsonld_offer_price
versace,A1008,A_2018_2020,201801,20180130071956,https://web.archive.org/web/20180130071956/http://www.versace.com:80/us/en-us/women/clothing/blouses-tops/versace-palm-logo-silk-blouse-a1008/A79080-A216477_A1008.html,,,,fetch_failed
versace,A1008,A_2018_2020,201802,20180206210229,https://web.archive.org/web/20180206210229/http://www.versace.com:80/us/en-us/active-stretch-top-a1008/AUD06021-AP00123_A1008.html,Versace Active Stretch Top for Women | US Online Store,150.0,USD,meta_product_price+usd_from_us_site_url
versace,A1008,A_2018_2020,201803,20180323203025,https://web.archive.org/web/20180323203025/https://www.versace.com/us/en-us/women/clothing/knitwear/medusa-stud-knit-top-a1008/A77304-A222703_A1008.html,Versace Medusa Stud Knit Top for Women | US Online Store,650.0,USD,meta_product_price+usd_from_us_site_url
versace,A1008,A_2018_2020,201810,20181011064548,https://web.archive.org/web/20181011064548/https://www.versace.com/us/en-us/satin-border-pleated-mini-skirt-a1008/A79448-A216477_AA2_42_A1008__.html,Versace Satin Border Pleated Mini Skirt for Women | US Online Store,875.0,USD,meta_product_price
versace,A1008,A_2018_2020,201907,20190721104514,https://web.archive.org/web/20190721104514/https://www.versace.com/us/en-us/women/clothing/medusa-safety-pin-mini-dress-a1008/A83377-A224536_A1008.html?cgid=120000,Versace Medusa Safety Pin Mini Dress for Women | US Online Store,1250.0,USD,meta_product_price
versace,A1008,A_2018_2020,201908,20190824065059,https://web.archive.org/web/20190824065059/https://www.versace.com/us/en-us/women/clothing/medusa-button-wool-coulotte-pants-a1008/A84013-A226027_A1008.html?cgid=120000,Versace Medusa Button Wool Coulotte Pants for Women | US Online Store,995.0,USD,meta_product_price
versace,A1008,A_2018_2020,201909,20190919061738,https://web.archive.org/web/20190919061738/https://www.versace.com/us/en-us/women/clothing/distressed-wool-sweater-a1008/A84464-A231800_A1008.html?cgid=120000,Versace Distressed Wool Sweater for Women | US Online Store,1250.0,USD,meta_product_price
versace,A1008,A_2018_2020,201910,20191015071325,https://web.archive.org/web/20191015071325/https://www.versace.com/us/en-us/women/clothing/knitwear/medusa-ribbon-wool-midi-dress-a1008/A82182-A226328_A1008.html?cgid=120400,Versace Medusa Ribbon Wool Midi Dress for Women | US Online Store,1595.0,USD,meta_product_price
versace,A1008,A_2018_2020,201911,20191119200005,https://web.archive.org/web/20191119200005/https://www.versace.com/us/en-us/women/clothing/medusa-button-mini-skirt-a1008/A83755-A230877_A1008.html?cgid=120000,Versace Medusa Button Mini Skirt for Women | US Online Store,1495.0,USD,meta_product_price
versace,A1008,A_2018_2020,201912,20191211110030,https://web.archive.org/web/20191211110030/https://www.versace.com/us/en-us/women/clothing/medusa-safety-pin-mini-dress-a1008/A83377-A224536_A1008.html?cgid=120000,Versace Medusa Safety Pin Mini Dress for Women | US Online Store,1250.0,USD,meta_product_price
versace,A1008,B_2024_2026,202407,20240711165432,https://web.archive.org/web/20240711165432/https://www.versace.com/us/en/greca-border-thong-black/AUD01042-A232741_AI7_3_A1008__.html,Greca Border Thong Black | VERSACE US,75,USD,jsonld_offer_price
versace,A1008,B_2024_2026,202508,20250814081024,https://web.archive.org/web/20250814081024/https://www.versace.com/us/en/women/underwear-beachwear/bras-briefs/greca-border-crop-top/1008598-1A10011_AI7_2_A1008__.html?gclid=Cj0KCQiAyc67BhDSARIsAM95Qztgx_FqhmWCY56oNqNTnsdWWfCskpPWJoo4CP2ZMF915VyTLpyXZV0aAgx7EALw_wcB&gclsrc=aw.ds&gad_source=1&wt_mc=us.shopping.google.link.shopping,,,,no_price_found
versace,A1008,B_2024_2026,202510,20251006211731,https://web.archive.org/web/20251006211731/https://www.versace.com/us/en/women/underwear-beachwear/bras-briefs/greca-border-thong/AUD01042-1A10011_AI7_3_A1008__.html,Greca Border Thong | VERSACE US,95.00,USD,jsonld_offer_price
versace,A1008,B_2024_2026,202512,20251231153612,https://web.archive.org/web/20251231153612/https://www.versace.com/us/en/women/underwear-beachwear/bras-briefs/cotton-jersey-high-waist-briefs/AUD01050-1A10011_A1008.html,,,,no_price_found
versace,A1008,B_2024_2026,202601,20260101072314,https://web.archive.org/web/20260101072314/https://www.versace.com/us/en/children/boy-6-14y/underwear-beachwear/kids-jacquard-cotton-jersey-trunks-2-pack-/1022903-1A10011_A1008.html,,,,no_price_found
versace,A1008,B_2024_2026,202602,20260206084507,https://web.archive.org/web/20260206084507/https://www.versace.com/us/en/children/boy-6-14y/underwear-beachwear/kids-jacquard-cotton-jersey-trunks-2-pack-/1022903-1A10011_A1008.html,Kids Jacquard Cotton-Jersey Trunks 2-Pack | VERSACE US,105.00,USD,jsonld_offer_price
versace,A1008,B_2024_2026,202604,20260415065925,https://web.archive.org/web/20260415065925/https://www.versace.com/us/es/hombre/ropa-interior-y-ropa-de-playa/ropa-de-estar-por-casa-y-pijamas/camiseta-interior-de-tirantes-de-algodon/AUU01012-1A10011_A1008.html,Camiseta interior de tirantes de algodón Negro | VERSACE,125.00,USD,jsonld_offer_price
versace,N1930,A_2018_2020,201801,20180126121037,https://web.archive.org/web/20180126121037/http://www.versace.com/us/en-us/home-collection/dining/coffee-tea/les-tresors-de-la-mer-teapot-n1930/N14230-N409608_N1930.html?cgid=420200,Versace Les Trésors de la Mer Teapot - Home Collection | US Online Store,795.0,USD,meta_product_price+usd_from_us_site_url
versace,N1930,A_2018_2020,201802,20180223232004,https://web.archive.org/web/20180223232004/https://www.versace.com/us/en-us/home-collection/dining/cups/vanity-tea-cup-saucer-n1930/N14640-N403608_N1930.html,Versace Vanity Tea Cup & Saucer - Home Collection | US Online Store,276.0,USD,meta_product_price+usd_from_us_site_url
versace,N1930,A_2018_2020,201803,20180323220823,https://web.archive.org/web/20180323220823/https://www.versace.com/us/en-us/home-collection/dining/coffee-tea/le-jardin-coffee-pot-12l-n1930/N14030-N409609_N1930.html,"Versace Le Jardin Coffee-pot 1,2L - Home Collection | US Online Store",798.0,USD,meta_product_price+usd_from_us_site_url
versace,N1930,A_2018_2020,201908,20190823183157,https://web.archive.org/web/20190823183157/https://www.versace.com/us/en-us/home-collection/dining/prestige-gala-22-cm-plate-n1930/N28602-N403637_N1930.html?cgid=420000,Versace Prestige Gala 22 cm plate - Home Collection | US Online Store,220.0,USD,meta_product_price
versace,N1930,A_2018_2020,201909,20190922120218,https://web.archive.org/web/20190922120218/https://www.versace.com/us/en-us/home-collection/dining/coffee-tea/prestige-gala-tea-cup-saucer-n1930/N28599-N403637_N1930.html,Versace Prestige Gala Tea Cup & Saucer - Home Collection | US Online Store,315.0,USD,meta_product_price
versace,N1930,A_2018_2020,201912,20191207113417,https://web.archive.org/web/20191207113417/https://www.versace.com/us/en-us/home-collection/dining/cups/les-tresors-de-la-mer-cup-saucer-n1930/N14640-N409608_N1930.html?cgid=420100,Versace Les Trésors de la Mer Cup & saucer - Home Collection | US Online Store,290.0,USD,meta_product_price
versace,N1930,B_2024_2026,202407,20240713121208,https://web.archive.org/web/20240713121208/https://www.versace.com/us/en/home-lifestyle/tableware/coffee-tea/medusa-coffee-cup-and-saucer-gold/N14740-N409605_N1930.html,,,,fetch_failed
versace,N1930,B_2024_2026,202409,20240915072858,https://web.archive.org/web/20240915072858/https://www.versace.com/us/en/home-lifestyle/tableware/cutlery/medusa-cutlery-dessert-fork-gold/N70005-N120930_N1930.html?dwvar_N70005-N120930__N1930_color=N1930,Medusa Cutlery Dessert Fork Gold | VERSACE US,640.00,USD,jsonld_offer_price
versace,N1930,B_2024_2026,202410,20241014125202,https://web.archive.org/web/20241014125202/https://www.versace.com/us/en/home-lifestyle/tableware/cutlery/medusa-gilded-dinner-fork-gold/N70002-N120930_N1930.html,Medusa Gilded Dinner Fork Gold | VERSACE US,640.00,USD,jsonld_offer_price
versace,N1930,B_2024_2026,202504,20250406171822,https://web.archive.org/web/20250406171822/https://www.versace.com/us/en/home-lifestyle/tableware/cutlery/medusa-gilded-dinner-fork-gold/N70002-N120930_N1930.html,Medusa Gilded Dinner Fork Gold | VERSACE US,640.00,USD,jsonld_offer_price
versace,N1930,B_2024_2026,202510,20251020070913,https://web.archive.org/web/20251020070913/https://www.versace.com/us/en/home-lifestyle/tableware/cutlery/medusa-gilded-dinner-knife-gold/N70003-N120930_N1930.html,,,,no_price_found
versace,N1930,B_2024_2026,202511,20251129165200,https://web.archive.org/web/20251129165200/https://www.versace.com/us/en/home-lifestyle/tableware/cutlery/medusa-gilded-dinner-fork-gold/N70002-N120930_RTU_TU_N1930__.html,,,,no_price_found
versace,N1930,B_2024_2026,202512,20251215013241,https://web.archive.org/web/20251215013241/https://www.versace.com/us/en/home-lifestyle/tableware/coffee-tea/medusa-coffee-cup-and-saucer-red/N14740-N409605_N1930.html,Medusa Coffee Cup And Saucer Red | VERSACE US,420.00,USD,jsonld_offer_price
versace,N1930,B_2024_2026,202601,20260119074437,https://web.archive.org/web/20260119074437/https://www.versace.com/us/en/home-lifestyle/tableware/coffee-tea/medusa-coffee-cup-and-saucer-red/N14740-N409605_N1930.html,Medusa Coffee Cup And Saucer Red | VERSACE US,420.00,USD,jsonld_offer_price
versace,N1930,B_2024_2026,202605,20260519194650,https://web.archive.org/web/20260519194650/https://www.versace.com/us/en/home-lifestyle/tableware/coffee-tea/medusa-coffee-cup-and-saucer-red/N14740-N409605_N1930.html,Medusa Coffee Cup And Saucer Red | VERSACE US,420.00,USD,jsonld_offer_price
versace,Z4800,A_2018_2020,201801,20180131110227,https://web.archive.org/web/20180131110227/http://www.versace.com:80/us/en-us/home-collection/bed-bath/bathrobes/i-%E2%99%A1--baroque-bathrobe-z4800/ZACJ00054-ZCOSP052_Z4800.html?viewall=true,Versace I ♡ Baroque Bathrobe - Home Collection | US Online Store,575.0,USD,meta_product_price+usd_from_us_site_url
versace,Z4800,A_2018_2020,201802,20180207042442,https://web.archive.org/web/20180207042442/http://www.versace.com:80/us/en-us/home-collection/bed-bath/bathrobes/i-%E2%99%A1--baroque-bathrobe-z4800/ZACJ00054-ZCOSP052_Z4800.html?geoip=geoip,Versace I ♡ Baroque Bathrobe - Home Collection | US Online Store,575.0,USD,meta_product_price+usd_from_us_site_url
versace,Z4800,A_2018_2020,201803,20180326190256,https://web.archive.org/web/20180326190256/https://www.versace.com/us/en-us/home-collection/bed-bath/towels/medusa-5-piece-towel-set-z4800/ZSET5TO01-ZCOSP053_Z4800.html,Versace Medusa 5 Piece Towel Set - Home Collection | US Online Store,425.0,USD,meta_product_price+usd_from_us_site_url
versace,Z4800,A_2018_2020,201908,20190824222601,https://web.archive.org/web/20190824222601/https://www.versace.com/us/en-us/home-collection/bed-bath/embroidered-logo-baroque-bathrobe-z4800/ZACJ00010-ZCOSP052_Z4800.html?cgid=461000,Versace Embroidered Logo Baroque Bathrobe - Home Collection | US Online Store,995.0,USD,meta_product_price
versace,Z4800,A_2018_2020,201909,20190922120101,https://web.archive.org/web/20190922120101/https://www.versace.com/us/en-us/home-collection/living/home-accents/large-rokko-cheetah-z4800/ZROKKO001-ZMAS0001_Z4800.html,Versace Large Rokko Cheetah - Home Collection | US Online Store,475.0,USD,meta_product_price
versace,Z4800,B_2024_2026,202406,20240620070959,https://web.archive.org/web/20240620070959/https://www.versace.com/us/en/home-lifestyle/bath-bed-linen/bathrobes/i-love-baroque-bathrobe-black/ZACJ00008-ZCOSP052_Z4800.html,I ♡ Baroque Bathrobe Black | VERSACE US,550,USD,jsonld_offer_price
versace,Z4800,B_2024_2026,202408,20240820221335,https://web.archive.org/web/20240820221335/https://www.versace.com/us/en/i-love-baroque-bathrobe-black/ZACJ00008-ZCOSP052_Z15_3XL_Z4800__.html,,,,no_price_found
versace,Z4800,B_2024_2026,202409,20240917052822,https://web.archive.org/web/20240917052822/https://www.versace.com/us/en/home-lifestyle/bath-bed-linen/slippers/versace-allover-slippers-black/ZSL000003-ZCOSP052_Z4800.html?dwvar_ZSL000003-ZCOSP052__Z4800_color=Z4800,Versace Allover Slippers Black | VERSACE US,500,USD,jsonld_offer_price
versace,Z4800,B_2024_2026,202411,20241128204816,https://web.archive.org/web/20241128204816/https://www.versace.com/us/en/home-lifestyle/bath-bed-linen/bathrobes/i-love-baroque-bathrobe-black/ZACJ00008-ZCOSP052_Z4800.html,,,,no_price_found
versace,Z4800,B_2024_2026,202501,20250108224642,https://web.archive.org/web/20250108224642/https://www.versace.com/us/en/home-lifestyle/bath-bed-linen/bathrobes/i-love-baroque-bathrobe-black/ZACJ00008-ZCOSP052_Z4800.html,,,,no_price_found
versace,Z4800,B_2024_2026,202502,20250219234709,https://web.archive.org/web/20250219234709/https://www.versace.com/us/en/home-lifestyle/bath-bed-linen/bathrobes/i-love-baroque-bathrobe-black/ZACJ00008-ZCOSP052_Z4800.html,,,,no_price_found
versace,Z4800,B_2024_2026,202503,20250320081714,https://web.archive.org/web/20250320081714/https://www.versace.com/us/en/home-lifestyle/bath-bed-linen/bathrobes/i-love-baroque-bathrobe-black/ZACJ00008-ZCOSP052_Z15_L_Z4800__.html,I ♡ Baroque Bathrobe Black | VERSACE US,550.00,USD,jsonld_offer_price
versace,Z4800,B_2024_2026,202504,20250419092538,https://web.archive.org/web/20250419092538/https://www.versace.com/us/en/home-lifestyle/bath-bed-linen/bathrobes/i-love-baroque-bathrobe-black/ZACJ00008-ZCOSP052_Z15_L_Z4800__.html?lgw_code=16402-ZACJ00008-ZCOSP052_Z15_L_Z4800__&wt_mc=us.shopping.google.link.shopping&gclid=EAIaIQobChMIg6HcoOu4-AIVUxx9Ch2AlgJ8EAQYASABEgKa3PD_BwE&gclsrc=aw.ds,I ♡ Baroque Bathrobe Black | VERSACE US,550.00,USD,jsonld_offer_price
versace,Z4800,B_2024_2026,202505,20250505201907,https://web.archive.org/web/20250505201907/https://www.versace.com/us/en/home-lifestyle/bath-bed-linen/bath-linen/i-love-baroque-beach-towel-black/ZTO191401-ZCOSP052_Z4800.html,,,,no_price_found
versace,Z4800,B_2024_2026,202506,20250630042708,https://web.archive.org/web/20250630042708/https://www.versace.com/us/en/home-lifestyle/bath-bed-linen/bath-linen/i-love-baroque-beach-towel-black/ZTO191401-ZCOSP052_Z01_UNIC_Z4800__.html,I ♡ Baroque Beach Towel Black | VERSACE US,550.00,USD,jsonld_offer_price
versace,Z4800,B_2024_2026,202507,20250706214508,https://web.archive.org/web/20250706214508/https://www.versace.com/us/en/home-lifestyle/bath-bed-linen/bath-linen/i-love-baroque-beach-towel-black/ZTO191401-ZCOSP052_Z01_UNIC_Z4800__.html?wt_mc=us.shopping.google.link.shopping&gclid=CjwKCAjwmenCBhA4EiwAtVjzmmjPzN1IKHD8E1A3FCtpd8CEKT1lXBPqL6uJs_jxlMgVjqFj13moDhoCaaEQAvD_BwE&gclsrc=aw.ds&gad_source=1&gad_campaignid=20017179047&gbraid=0AAAAADnzP0Y_Pq4h0NaEEcOlDxXacFq0d,I ♡ Baroque Beach Towel Black | VERSACE US,550.00,USD,jsonld_offer_price
versace,Z4800,B_2024_2026,202508,20250826115300,https://web.archive.org/web/20250826115300/https://www.versace.com/us/en/home-lifestyle/bath-bed-linen/bath-linen/i-love-baroque-towel-5-set-black/ZSET5TO01-ZCOSP052_Z4800.html,I ♡ Baroque Towel 5-Set Black | VERSACE US,675.00,USD,jsonld_offer_price
versace,Z4800,B_2024_2026,202509,20250930160346,https://web.archive.org/web/20250930160346/https://www.versace.com/us/en/home-lifestyle/bath-bed-linen/bathrobes/i-love-baroque-bathrobe-black/ZACJ00008-ZCOSP052_Z15_L_Z4800__.html,,,,no_price_found
versace,Z4800,B_2024_2026,202510,20251010192428,https://web.archive.org/web/20251010192428/https://www.versace.com/us/en/home-lifestyle/bath-bed-linen/bathrobes/i-love-baroque-bathrobe-black/ZACJ00008-ZCOSP052_Z15_M_Z4800__.html?gclid=Cj0KCQiAtICdBhCLARIsALUBFcHFX4fPiNz4IENzF0ab4o-tYjGWBt4AmvdyOIdh_WmUsn5JcFNlS1waAosCEALw_wcB&gclsrc=aw.ds&lgw_code=16402-ZACJ00008-ZCOSP052_Z15_M_Z4800__&wt_mc=us.shopping.google.link.shopping,,,,no_price_found
versace,Z4800,B_2024_2026,202511,20251110234919,https://web.archive.org/web/20251110234919/https://www.versace.com/us/en/home-lifestyle/bath-bed-linen/bathrobes/i-love-baroque-short-bathrobe-black/ZACJ00019-ZCOSP052_Z4800.html,I ♡ Baroque Short Bathrobe Black | VERSACE US,575.00,USD,jsonld_offer_price
versace,Z4800,B_2024_2026,202512,20251208230026,https://web.archive.org/web/20251208230026/https://www.versace.com/us/en/home-lifestyle/bath-bed-linen/bathrobes/i-love-baroque-bathrobe-black/ZACJ00008-ZCOSP052_Z15_L_Z4800__.html?lgw_code=16402-ZACJ00008-ZCOSP052_Z15_L_Z4800__&wt_mc=us.shopping.google.link.shopping&s_kwcid=AL%216089%213%21228041250216%21%21%21g%21894243407710%21&gclid=CjwKCAiAxp-ABhALEiwAXm6IyYfWHG-WDzoYsxg40RDLPQXABvBMA5hd626gOxRkeZ6F5bgyhigrShoCnHkQAvD_BwE,I ♡ Baroque Bathrobe Black | VERSACE US,575.00,USD,jsonld_offer_price
versace,Z4800,B_2024_2026,202601,20260103213008,https://web.archive.org/web/20260103213008/https://www.versace.com/us/en/home-lifestyle/bath-bed-linen/bath-linen/i-love-baroque-beach-towel-black/ZTO191401-ZCOSP052_Z4800.html,,,,no_price_found
versace,Z4800,B_2024_2026,202602,20260202095845,https://web.archive.org/web/20260202095845/https://www.versace.com/us/en/home-lifestyle/bath-bed-linen/bath-linen/i-love-baroque-beach-towel-black/ZTO191401-ZCOSP052_Z4800.html,,,,no_price_found
versace,Z4800,B_2024_2026,202605,20260511001118,https://web.archive.org/web/20260511001118/https://www.versace.com/us/en/home-lifestyle/bath-bed-linen/bath-linen/i-love-baroque-beach-towel-black/ZTO191401-ZCOSP052_Z4800.html,I ♡ Baroque Beach Towel Black | VERSACE US,550.00,USD,jsonld_offer_price
versace,Z4800,B_2024_2026,202609,20260921155227,https://web.archive.org/web/20260921155227/https://www.versace.com/us/en/home-lifestyle/bath-bed-linen/bathrobes/i-love-baroque-kids-bathrobe-black/ZACJYNG01-ZCOSP052_Z4800.html,,,,no_price_found
versace,A7900,A_2018_2020,201801,20180128130051,https://web.archive.org/web/20180128130051/http://www.versace.com:80/us/en-us/the-versace-tribute-collection/wild-baroque-tribute-t-shirt-a7900/A79694-A225577_A7900.html,Versace Wild Baroque Tribute T-shirt for Women | US Online Store,925.0,USD,meta_product_price+usd_from_us_site_url
versace,A7900,A_2018_2020,201802,20180204004946,https://web.archive.org/web/20180204004946/http://www.versace.com:80/us/en-us/the-versace-tribute-collection/wild-baroque-tribute-t-shirt-a7900/A79694-A225577_A7900.html,Versace Wild Baroque Tribute T-shirt for Women | US Online Store,925.0,USD,meta_product_price+usd_from_us_site_url
versace,A7900,A_2018_2020,201810,20181001050852,https://web.archive.org/web/20181001050852/https://www.versace.com/us/en-us/women/clothing/blouses-tops/signature-pillow-talk-silk-shirt-a7900/A79153-A226711_A7900.html?geoip=geoip,Versace Signature Pillow Talk Silk Shirt for Women | US Online Store,1150.0,USD,meta_product_price
versace,A7900,A_2018_2020,201812,20181215150104,https://web.archive.org/web/20181215150104/https://www.versace.com/us/en-us/women/clothing/blouses-tops/signature-pillow-talk-silk-shirt-a7900/A79153-A226711_A7900.html,Versace Signature Pillow Talk Silk Shirt for Women | US Online Store,1150.0,USD,meta_product_price
versace,A7900,A_2018_2020,201907,20190722162223,https://web.archive.org/web/20190722162223/https://www.versace.com/us/en-us/women/clothing/t-shirts-sweatshirts/sweatshirts/wild-baroque-print-sweatshirt-a7900/A76261-A225586_A7900.html,Versace Wild Baroque Print Sweatshirt for Women | US Online Store,612.0,USD,meta_product_price
versace,A7900,A_2018_2020,201908,20190824072706,https://web.archive.org/web/20190824072706/https://www.versace.com/us/en-us/women/clothing/savage-barocco-motif-sweater-a7900/A80749-A230900_A7900.html?cgid=120000,Versace Savage Barocco Motif Sweater for Women | US Online Store,1250.0,USD,meta_product_price
versace,A7900,A_2018_2020,201910,20191005105923,https://web.archive.org/web/20191005105923/https://www.versace.com/us/en-us/women/clothing/blouses-tops/savage-barocco-print-silk-shirt-a7900/A82662-A231030_A7900.html?cgid=120200,,,,fetch_failed
versace,A7900,A_2018_2020,201911,20191121034001,https://web.archive.org/web/20191121034001/https://www.versace.com/us/en-us/women/clothing/blouses-tops/savage-barocco-print-crop-top-a7900/A83202-A231037_A7900.html,Versace Savage Barocco Print Crop Top for Women | US Online Store,1075.0,USD,meta_product_price
versace,A7900,A_2018_2020,201912,20191209073133,https://web.archive.org/web/20191209073133/https://www.versace.com/us/en-us/women/clothing/blouses-tops/savage-barocco-print-crop-top-a7900/A83202-A231037_A7900.html,Versace Savage Barocco Print Crop Top for Women | US Online Store,537.0,USD,meta_product_price
versace,A7900,B_2024_2026,202410,20241004232229,https://web.archive.org/web/20241004232229/https://www.versace.com/us/en/women/underwear-beachwear/swimwear/barocco-bikini-top-print/ABD08006-A232992_A7900.html?dwvar_ABD08006-A232992__A7900_color=A7900,Barocco Bikini Top Print | VERSACE US,425,USD,jsonld_offer_price
versace,A7900,B_2024_2026,202506,20250616184215,https://web.archive.org/web/20250616184215/https://www.versace.com/us/en/barocco-swim-briefs-print/ABU08027-A232992_AM4_3_A7900__.html?lgw_code=16402-ABU08027-A232992_AM4_3_A7900__&wt_mc=us.shopping.google.link.shopping&gclid=CjwKCAiAgqDxBRBTEiwA59eEN5yghOuBbQx9NXnSRDFMov-xf0n5lCXyOBlGFvbULWDyqLjoJte0MBoC30AQAvD_BwE,Barocco Swim Briefs Print | VERSACE US,325.00,USD,jsonld_offer_price
versace,A7900,B_2024_2026,202507,20250715015125,https://web.archive.org/web/20250715015125/https://www.versace.com/us/en/men/underwear-beachwear/swimwear/barocco-swim-briefs-print/ABU05019-A233122_A7900.html,,,,no_price_found
versace,A7900,B_2024_2026,202601,20260105042840,https://web.archive.org/web/20260105042840/https://www.versace.com/us/en/women/accessories/soft-accessories/printed-cashmere-blend-fringed-shawl-140-cm-print/IFO1401-A236219_A7900.html,,,,no_price_found
versace,A7900,B_2024_2026,202602,20260206091907,https://web.archive.org/web/20260206091907/https://www.versace.com/us/en/women/accessories/soft-accessories/printed-cashmere-blend-fringed-shawl-140-cm-print/IFO1401-A236219_A7900.html,Printed Cashmere-Blend Fringed Shawl 140 cm Print | VERSACE US,695.00,USD,jsonld_offer_price
versace,A1001,A_2018_2020,201801,20180131034508,https://web.archive.org/web/20180131034508/http://www.versace.com:80/us/en-us/women/clothing/dresses/interlock-flared-knit-dress-a1001/A79130-A222871_A1001.html?cgid=120100,Versace Interlock Flared Knit Dress for Women | US Online Store,1295.0,USD,meta_product_price+usd_from_us_site_url
versace,A1001,A_2018_2020,201802,20180207052051,https://web.archive.org/web/20180207052051/http://www.versace.com:80/us/en-us/greca-border-briefs-a1001/AUD01040-AC00058_A1001.html,Versace Greca Border Briefs for Women | US Online Store,60.0,USD,meta_product_price+usd_from_us_site_url
versace,A1001,A_2018_2020,201907,20190715220324,https://web.archive.org/web/20190715220324/https://www.versace.com/us/en-us/women/clothing/knitwear/alphabet-motif-lace-knit-top-a1001/A81386-A228507_A1001.html?geoip=geoip,Versace Alphabet motif Lace Knit Top for Women | US Online Store,397.0,USD,meta_product_price
versace,A1001,A_2018_2020,201908,20190824215937,https://web.archive.org/web/20190824215937/https://www.versace.com/us/en-us/men/clothing/t-shirts-polos/versace-x-pride-logo-t-shirt-a1001/A86207-A228806_A1001.html?cgid=220400,Versace Versace X Pride Logo T-Shirt for Women | US Online Store,198.0,USD,meta_product_price
versace,A1001,B_2024_2026,202507,20250715015132,https://web.archive.org/web/20250715015132/https://www.versace.com/us/en/women/underwear-beachwear/bras-briefs/greca-border-high-waist-briefs/AUD01050-1A10011_A1001.html,,,,no_price_found
versace,A1001,B_2024_2026,202512,20251231153611,https://web.archive.org/web/20251231153611/https://www.versace.com/us/en/women/underwear-beachwear/bras-briefs/cotton-jersey-high-waist-briefs/AUD01050-1A10011_A1001.html,,,,no_price_found
versace,A1001,B_2024_2026,202601,20260101072314,https://web.archive.org/web/20260101072314/https://www.versace.com/us/en/children/boy-6-14y/underwear-beachwear/kids-printed-cotton-jersey-undershirt-2-pack-/1021787-1A10011_A1001.html,,,,no_price_found
versace,A1001,B_2024_2026,202602,20260206084027,https://web.archive.org/web/20260206084027/https://www.versace.com/us/en/children/boy-6-14y/underwear-beachwear/kids-jacquard-cotton-jersey-trunks-2-pack-/1022903-1A10011_A1001.html,,,,no_price_found
versace,Z4001,A_2018_2020,201801,20180128134312,https://web.archive.org/web/20180128134312/http://www.versace.com:80/us/en-us/home-collection/bed-bath/bathrobes/i-%E2%99%A1--baroque-bathrobe-z4001/ZACJ00054-ZCOSP052_Z4001.html,Versace I ♡ Baroque Bathrobe - Home Collection | US Online Store,575.0,USD,meta_product_price+usd_from_us_site_url
versace,Z4001,A_2018_2020,201802,20180202034121,https://web.archive.org/web/20180202034121/http://www.versace.com:80/us/en-us/home-collection/bed-bath/bed-linen/fitted-cotton-sateen-sheet-z4001/ZBSS200B1-ZCOJ0042_Z4001.html?cgid=450000,Versace Fitted Cotton Sateen Sheet - Home Collection | US Online Store,175.0,USD,meta_product_price+usd_from_us_site_url
versace,Z4001,A_2018_2020,201907,20190722155855,https://web.archive.org/web/20190722155855/https://www.versace.com/us/en-us/home-collection/bed-bath/comforters/la-coupe-des-dieux-plaid-blanket-z4001/ZPL14001-ZWSM0003_Z4001.html?cgid=450500,Versace La Coupe des Dieux Plaid blanket - Home Collection | US Online Store,3250.0,USD,meta_product_price
versace,Z4001,A_2018_2020,201911,20191118205832,https://web.archive.org/web/20191118205832/https://www.versace.com/us/en-us/home-collection/living/large-rokko-cheetah-z4001/ZROKKO001-ZMAS0001_Z4001.html?cgid=470000,Versace Large Rokko Cheetah - Home Collection | US Online Store,475.0,USD,meta_product_price
versace,Z4001,B_2024_2026,202406,20240604202353,https://web.archive.org/web/20240604202353/https://www.versace.com/us/en/i-love-baroque-bathrobe-white/ZACJ00008-ZCOSP052_Z15_3XL_Z4001__.html,I ♡ Baroque Bathrobe White | VERSACE US,550.00,USD,jsonld_offer_price
versace,Z4001,B_2024_2026,202410,20241007201242,https://web.archive.org/web/20241007201242/https://www.versace.com/us/en/home-lifestyle/bath-bed-linen/bathrobes/i-love-baroque-kids-bathrobe-white/ZACJYNG01-ZCOSP052_Z4001.html?dwvar_ZACJYNG01-ZCOSP052_color=Z4001,I ♡ Baroque Kids Bathrobe White | VERSACE US,375,USD,jsonld_offer_price
versace,Z4001,B_2024_2026,202412,20241204231404,https://web.archive.org/web/20241204231404/https://www.versace.com/us/en/home-lifestyle/bath-bed-linen/bathrobes/i-love-baroque-kids-bathrobe-white/ZACJYNG01-ZCOSP052_Z4001.html,,,,no_price_found
versace,Z4001,B_2024_2026,202504,20250415064300,https://web.archive.org/web/20250415064300/https://www.versace.com/us/en/home-lifestyle/bath-bed-linen/slippers/i-love-baroque-slippers-white/ZSLB00002-ZCOSP052_Z4001.html,,,,no_price_found
versace,Z4001,B_2024_2026,202505,20250505201856,https://web.archive.org/web/20250505201856/https://www.versace.com/us/en/children/baby-0-18m/accessories/i-love-baroque-baby-hooded-towel/1019019-ZCOSP052_Z4001.html,,,,no_price_found
versace,Z4001,B_2024_2026,202506,20250620174313,https://web.archive.org/web/20250620174313/https://www.versace.com/us/en/home-lifestyle/bath-bed-linen/bathrobes/i-love-baroque-bathrobe-white/ZACJ00008-ZCOSP052_Z4001.html,,,,no_price_found
versace,Z4001,B_2024_2026,202511,20251118035159,https://web.archive.org/web/20251118035159/https://www.versace.com/us/en/home-lifestyle/bath-bed-linen/bathrobes/i-love-baroque-bathrobe-white/ZACJ00008-ZCOSP052_Z4001.html,I ♡ Baroque Bathrobe White | VERSACE US,575.00,USD,jsonld_offer_price
versace,Z4001,B_2024_2026,202512,20251231194236,https://web.archive.org/web/20251231194236/https://www.versace.com/us/en/home-lifestyle/bath-bed-linen/bathrobes/i-love-baroque-bathrobe-white/ZACJ00008-ZCOSP052_Z4001.html,,,,no_price_found
versace,Z4001,B_2024_2026,202601,20260103213006,https://web.archive.org/web/20260103213006/https://www.versace.com/us/en/children/baby-0-18m/accessories/i-love-baroque-baby-hooded-towel/1019019-ZCOSP052_Z4001.html,,,,no_price_found
versace,Z4001,B_2024_2026,202602,20260206092017,https://web.archive.org/web/20260206092017/https://www.versace.com/us/en/children/baby-0-18m/accessories/i-love-baroque-baby-hooded-towel/1019019-ZCOSP052_Z4001.html,I ♡ Baroque Baby Hooded Towel | VERSACE US,275.00,USD,jsonld_offer_price
versace,N1932,A_2018_2020,201801,20180126120833,https://web.archive.org/web/20180126120833/http://www.versace.com/us/en-us/home-collection/dining/coffee-tea/etoiles-de-la-mer-cup-saucer-6oz-n1932/N14740-N403647_N1932.html?cgid=420200,Versace Étoiles de la Mer Cup & Saucer 6oz - Home Collection | US Online Store,285.0,USD,meta_product_price+usd_from_us_site_url
versace,N1932,A_2018_2020,201802,20180226040724,https://web.archive.org/web/20180226040724/https://www.versace.com/us/en-us/home-collection/dining/plates/blue-prestige-gala--plate--30-cm-n1932/N10230-N403638_N1932.html,Versace Blue Prestige Gala Plate- 30 cm - Home Collection | US Online Store,655.0,USD,meta_product_price
versace,N1932,A_2018_2020,201803,20180319225934,https://web.archive.org/web/20180319225934/https://www.versace.com/us/en-us/home-collection/dining/coffee-tea/etoiles-de-la-mer-cup-saucer-6oz-n1932/N14740-N403647_N1932.html,Versace Étoiles de la Mer Cup & Saucer 6oz - Home Collection | US Online Store,285.0,USD,meta_product_price+usd_from_us_site_url
versace,N1932,A_2018_2020,201909,20190918202726,https://web.archive.org/web/20190918202726/https://www.versace.com/us/en-us/home-collection/dining/cups/medusa-gala-coffee-cup-saucer-n1932/N14740-N403635_N1932.html?cgid=420100,Versace Medusa Gala Coffee Cup & Saucer - Home Collection | US Online Store,290.0,USD,meta_product_price
versace,N1932,B_2024_2026,202406,20240604123048,https://web.archive.org/web/20240604123048/https://www.versace.com/us/en/home-lifestyle/tableware/plates/medusa-gala-plate-7-print/N10218-N403635_RTU_TU_N1932__.html?cgid=420300,"Medusa Gala Plate 7"" Print | VERSACE US",,USD,no_price_found
versace,N1932,B_2024_2026,202410,20241015064854,https://web.archive.org/web/20241015064854/https://www.versace.com/us/en/home-lifestyle/tableware/plates/i-love-baroque-plate-7-print/N10218-N403653_N1932.html?cgid=420300,"I ♡ Baroque Plate 7"" Print | VERSACE US",,USD,no_price_found
versace,N1932,B_2024_2026,202411,20241112170825,https://web.archive.org/web/20241112170825/https://www.versace.com/us/en/home-lifestyle/tableware/coffee-tea/baroque-espresso-cup-saucer-print/N14720-N403651_N1932.html,Baroque Espresso Cup & Saucer Print | VERSACE US,375.00,USD,jsonld_offer_price
versace,N1932,B_2024_2026,202511,20251110235002,https://web.archive.org/web/20251110235002/https://www.versace.com/us/en/home-lifestyle/tableware/plates/i-love-baroque-plate-7-print/N10218-N403653_N1932.html?cgid=420300,"I ♡ Baroque Plate 7"" Print | VERSACE US",130.00,USD,jsonld_offer_price
versace,DCU4140,A_2018_2020,201801,20180126134405,https://web.archive.org/web/20180126134405/http://www.versace.com/us/en-us/men/accessories/belts/medusa-embossed-greca-leather-belt-d41e/DCU4140-DVBRV_D41E.html?cgid=241100,Versace Medusa Embossed Greca Leather Belt for Men | US Online Store,525.0,USD,meta_product_price+usd_from_us_site_url
versace,DCU4140,A_2018_2020,201802,20180206200346,https://web.archive.org/web/20180206200346/http://www.versace.com:80/us/en-us/men/accessories/belts/palazzo-belt-with-medusa-buckle-d41e/DCU4140-DVTP1_D41E.html,Versace Palazzo Belt with Medusa Buckle for Men | US Online Store,525.0,USD,meta_product_price+usd_from_us_site_url
versace,DCU4140,A_2018_2020,201803,20180322123104,https://web.archive.org/web/20180322123104/https://www.versace.com/us/en-us/men/accessories/belts/medusa-embossed-greca-leather-belt-d41e/DCU4140-DVBRV_D41E.html,Versace Medusa Embossed Greca Leather Belt for Men | US Online Store,525.0,USD,meta_product_price+usd_from_us_site_url
versace,DCU4140,A_2018_2020,201907,20190720010324,https://web.archive.org/web/20190720010324/https://www.versace.com/us/en-us/men/accessories/belts/medusa-embossed-greca-leather-belt-d41e/DCU4140-DVBRV_D41E.html,Versace Medusa Embossed Greca Leather Belt for Men | US Online Store,475.0,USD,meta_product_price
versace,DCU4140,A_2018_2020,201908,20190824195804,https://web.archive.org/web/20190824195804/https://www.versace.com/us/en-us/men/accessories/belts/palazzo-belt-with-medusa-buckle-d61oi/DCU4140-DVTP1_D61OI.html,Versace Palazzo Belt with Medusa Buckle for Men | US Online Store,525.0,USD,meta_product_price
versace,DCU4140,A_2018_2020,201910,20191013224727,https://web.archive.org/web/20191013224727/https://www.versace.com/us/en-us/men/accessories/belts/medusa-embossed-greca-leather-belt-d41e/DCU4140-DVBRV_D41E.html,Versace Medusa Embossed Greca Leather Belt for Men | US Online Store,475.0,USD,meta_product_price
versace,DCU4140,A_2018_2020,201911,20191115043144,https://web.archive.org/web/20191115043144/https://www.versace.com/us/en-us/men/accessories/belts/palazzo-belt-with-medusa-buckle-d41e/DCU4140-DVTP1_D41E.html,Versace Palazzo Belt with Medusa Buckle for Men | US Online Store,525.0,USD,meta_product_price
versace,DCU4140,A_2018_2020,201912,20191206134522,https://web.archive.org/web/20191206134522/https://www.versace.com/us/en-us/men/accessories/belts/palazzo-belt-with-medusa-buckle-d41ee/DCU4140-DVTP1_D41EE.html,Versace Palazzo Belt with Medusa Buckle for Men | US Online Store,262.0,USD,meta_product_price
versace,DCU4140,B_2024_2026,202410,20241016040120,https://web.archive.org/web/20241016040120/https://www.versace.com/us/en/men/accessories/belts/barocco-la-medusa-belt-4-cm-black-print/DCU4140-1A09321_2BM0E.html?dwvar_DCU4140-1A09321__2BM0E_color=2BM0E,"Barocco La Medusa Belt 4 cm Black,Print | VERSACE US",525,USD,jsonld_offer_price
versace,DCU4140,B_2024_2026,202502,20250211193746,https://web.archive.org/web/20250211193746/https://www.versace.com/us/en/men/accessories/belts/studded-medusa-leather-belt-1.6-black-gold/DCU4140-DVTP2B_1B00V.html,"Studded Medusa Leather Belt 1.6"" Black,Gold | VERSACE US",725.00,USD,jsonld_offer_price
versace,DCU4140,B_2024_2026,202508,20250818073012,https://web.archive.org/web/20250818073012/https://www.versace.com/us/en/men/accessories/belts/la-medusa-greca-leather-belt-4-cm-black-gold/DCU4140-1A05029_DC4_065_1B00V__.html,"La Medusa Greca Leather Belt 4 cm Black,Gold | VERSACE US",275.00,USD,jsonld_offer_price
versace,DCU4140,B_2024_2026,202512,20251208162203,https://web.archive.org/web/20251208162203/https://www.versace.com/us/en/men/accessories/belts/la-medusa-embellished-leather-belt-4-cm-black-gold/DCU4140-DVTP2B_DC4_095_1B00V__.html,,,,no_price_found
versace,DPN2467,A_2018_2020,201801,20180131145153,https://web.archive.org/web/20180131145153/http://www.versace.com:80/us/en-us/men/small-accessories/card-holders/legno-leather-card-case-d41ub/DPN2467-DVSLE_D41UB.html?cgid=241230,Versace Legno Leather Card Case for Men | US Online Store,225.0,USD,meta_product_price+usd_from_us_site_url
versace,DPN2467,A_2018_2020,201802,20180207041839,https://web.archive.org/web/20180207041839/http://www.versace.com:80/us/en-us/men/small-accessories/card-holders/legno-leather-card-case-d41ub/DPN2467-DVSLE_D41UB.html,Versace Legno Leather Card Case for Men | US Online Store,225.0,USD,meta_product_price+usd_from_us_site_url
versace,DPN2467,A_2018_2020,201803,20180304234748,https://web.archive.org/web/20180304234748/https://www.versace.com/us/en-us/men/small-accessories/card-holders/textured-leather-card-holder-ku4oh/DPN2467-DGOV2_KU4OH.html,Versace Textured Leather Card Holder for Men | US Online Store,195.0,USD,meta_product_price+usd_from_us_site_url
versace,DPN2467,A_2018_2020,201910,20191018133725,https://web.archive.org/web/20191018133725/https://www.versace.com/us/en-us/men/accessories/small-leather-goods/barocco-print-icon-card-holder-dnmoh/DPN2467-DVT5D_DNMOH.html?cgid=241200,Versace Barocco Print Icon Card Holder for Men | US Online Store,275.0,USD,meta_product_price
versace,DPN2467,A_2018_2020,201912,20191215104552,https://web.archive.org/web/20191215104552/https://www.versace.com/us/en-us/men/accessories/wallets/card-holders/greca-argyle-medusa-card-holder-d5kp/DPN2467-DVBRF_D5KP.html,Versace Greca Argyle Medusa Card Holder for Men | US Online Store,225.0,USD,meta_product_price
versace,DPN2467,B_2024_2026,202506,20250623094255,https://web.archive.org/web/20250623094255/https://www.versace.com/us/en/men/accessories/wallets/card-holders/medusa-biggie-cardholder-black-gold/DPN2467-1A10544_1B00V.html,"Medusa Biggie Cardholder Black,Gold | VERSACE US",295.00,USD,jsonld_offer_price
versace,DPN2467,B_2024_2026,202507,20250715015143,https://web.archive.org/web/20250715015143/https://www.versace.com/us/en/men/accessories/wallets/card-holders/la-medusa-cardholder/DPN2467-1A14675_1B00V.html,,,,no_price_found
versace,DPN2467,B_2024_2026,202601,20260107154017,https://web.archive.org/web/20260107154017/https://www.versace.com/us/en/men/accessories/wallets/card-holders/la-medusa-v-jacquard-card-holder-/DPN2467-1A16242_1B00V.html,,,,no_price_found
versace,DPN2467,B_2024_2026,202602,20260206085154,https://web.archive.org/web/20260206085154/https://www.versace.com/us/en/men/accessories/wallets/card-holders/la-medusa-v-jacquard-card-holder-/DPN2467-1A16242_1B00V.html,La Medusa V Jacquard Card Holder | VERSACE US,250.00,USD,jsonld_offer_price
versace,DPU2463,A_2018_2020,201801,20180126182503,https://web.archive.org/web/20180126182503/http://www.versace.com/us/en-us/men/small-accessories/grained-calf-leather-wallet-d41oh/DPU2463-DGOV2_D41OH.html?cgid=241200,Versace Grained Calf Leather Wallet for Men | US Online Store,375.0,USD,meta_product_price+usd_from_us_site_url
versace,DPU2463,A_2018_2020,201802,20180226101309,https://web.archive.org/web/20180226101309/https://www.versace.com/us/en-us/men/small-accessories/wallets/grained-calf-leather-wallet-ku4oh/DPU2463-DGOV2_KU4OH.html,Versace Grained Calf Leather Wallet for Men | US Online Store,375.0,USD,meta_product_price+usd_from_us_site_url
versace,DPU2463,A_2018_2020,201907,20190718180347,https://web.archive.org/web/20190718180347/https://www.versace.com/us/en-us/men/accessories/wallets/bifold-wallets/90s-vintage-logo-bifold-wallet-knbn/DPU2463-DVESF_KNBN.html,Versace 90s Vintage Logo Bifold Wallet for Men | US Online Store,425.0,USD,meta_product_price
versace,DPU2463,A_2018_2020,201909,20190920010909,https://web.archive.org/web/20190920010909/https://www.versace.com/us/en-us/men/accessories/wallets/bifold-wallets/90s-vintage-logo-bifold-wallet-knbn/DPU2463-DVESF_KNBN.html,,,,fetch_failed
versace,DPU2463,A_2018_2020,201912,20191206141757,https://web.archive.org/web/20191206141757/https://www.versace.com/us/en-us/men/accessories/wallets/bifold-wallets/90s-vintage-logo-bifold-wallet-knbn/DPU2463-DVESF_KNBN.html,Versace 90s Vintage Logo Bifold Wallet for Men | US Online Store,187.0,USD,meta_product_price
versace,DPU2463,B_2024_2026,202406,20240614213359,https://web.archive.org/web/20240614213359/https://www.versace.com/us/en/men/accessories/wallets/bifold-wallets/barocco-jacquard-bifold-wallet-print/DPU2463-1A09321_2VE9E.html,,,,fetch_failed
versace,DPU2463,B_2024_2026,202512,20251223070238,https://web.archive.org/web/20251223070238/https://www.versace.com/us/en/men/accessories/wallets/bifold-wallets/la-medusa-v-jacquard-wallet/DPU2463-1A16242_DTU_UNICA_1B00V__.html,,,,no_price_found
versace,DPU2463,B_2024_2026,202601,20260107154017,https://web.archive.org/web/20260107154017/https://www.versace.com/us/en/men/accessories/wallets/bifold-wallets/la-medusa-v-jacquard-wallet/DPU2463-1A16242_1B00V.html,,,,no_price_found
versace,DPU2463,B_2024_2026,202602,20260206085651,https://web.archive.org/web/20260206085651/https://www.versace.com/us/en/men/accessories/wallets/bifold-wallets/la-medusa-v-jacquard-wallet/DPU2463-1A16242_1B00V.html,La Medusa V Jacquard Wallet | VERSACE US,475.00,USD,jsonld_offer_price
versace,Z4004,A_2018_2020,201801,20180117121224,https://web.archive.org/web/20180117121224/http://www.versace.com:80/us/en-us/home-collection/bed-bath/bathrobes/greek-key-bathrobe-z4004/ZACJ00002-ZCOSP056_Z4004.html,Versace Greek Key Bathrobe - Home Collection | US Online Store,650.0,USD,meta_product_price+usd_from_us_site_url
versace,Z4004,A_2018_2020,201802,20180227221600,https://web.archive.org/web/20180227221600/https://www.versace.com/us/en-us/home-collection/bed-bath/bathrobes/greek-key-bathrobe-z4004/ZACJ00002-ZCOSP056_Z4004.html,Versace Greek Key Bathrobe - Home Collection | US Online Store,650.0,USD,meta_product_price+usd_from_us_site_url
versace,Z4004,A_2018_2020,201803,20180323122445,https://web.archive.org/web/20180323122445/https://www.versace.com/us/en-us/home-collection/bed-bath/towels/i-%E2%99%A1--baroque-jacquard-towel-z4004/ZTO191401-ZCOSP052_Z4004.html,Versace I ♡ Baroque Jacquard Towel - Home Collection | US Online Store,450.0,USD,meta_product_price+usd_from_us_site_url
versace,Z4004,B_2024_2026,202406,20240624233648,https://web.archive.org/web/20240624233648/https://www.versace.com/us/en/home-lifestyle/bath-bed-linen/bathrobes/i-love-baroque-bathrobe-yellow/ZACJ00008-ZCOSP052_Z4004.html?cgid=560500,I ♡ Baroque Bathrobe Yellow | VERSACE US,550,USD,jsonld_offer_price
versace,Z4004,B_2024_2026,202407,20240709015632,https://web.archive.org/web/20240709015632/https://www.versace.com/us/en/home-lifestyle/bath-bed-linen/bathrobes/i-love-baroque-bathrobe-yellow/ZACJ00008-ZCOSP052_Z4004.html,I ♡ Baroque Bathrobe Yellow | VERSACE US,550,USD,jsonld_offer_price
versace,Z4004,B_2024_2026,202411,20241113062638,https://web.archive.org/web/20241113062638/https://www.versace.com/us/en/home-lifestyle/bath-bed-linen/bathrobes/i-love-baroque-bathrobe-yellow/ZACJ00008-ZCOSP052_Z4004.html?cgid=560500,I ♡ Baroque Bathrobe Yellow | VERSACE US,550,USD,jsonld_offer_price
versace,Z4004,B_2024_2026,202412,20241212043658,https://web.archive.org/web/20241212043658/https://www.versace.com/us/en/home-lifestyle/bath-bed-linen/bathrobes/i-love-baroque-bathrobe-yellow/ZACJ00008-ZCOSP052_Z4004.html?dwvar_ZACJ00008-ZCOSP052_color=Z4004,I ♡ Baroque Bathrobe Yellow | VERSACE US,550,USD,jsonld_offer_price
versace,Z4004,B_2024_2026,202502,20250214024142,https://web.archive.org/web/20250214024142/https://www.versace.com/us/en/home-lifestyle/bath-bed-linen/bathrobes/i-love-baroque-bathrobe-yellow/ZACJ00008-ZCOSP052_Z4004.html,I ♡ Baroque Bathrobe Yellow | VERSACE US,550.00,USD,jsonld_offer_price
versace,Z4004,B_2024_2026,202503,20250306104328,https://web.archive.org/web/20250306104328/https://www.versace.com/us/en/home-lifestyle/bath-bed-linen/bathrobes/i-love-baroque-bathrobe-yellow/ZACJ00008-ZCOSP052_Z4004.html,,,,no_price_found
versace,Z4004,B_2024_2026,202505,20250508114550,https://web.archive.org/web/20250508114550/https://www.versace.com/us/en/home-lifestyle/bath-bed-linen/bathrobes/i-love-baroque-bathrobe-yellow/ZACJ00008-ZCOSP052_Z4004.html,,,,no_price_found
versace,Z4004,B_2024_2026,202509,20250913042331,https://web.archive.org/web/20250913042331/https://www.versace.com/us/en/home-lifestyle/bath-bed-linen/bathrobes/i-love-baroque-bathrobe-yellow/ZACJ00008-ZCOSP052_Z4004.html?dwvar_ZACJ00008-ZCOSP052__Z4004_color=Z4004,I ♡ Baroque Bathrobe Yellow | VERSACE US,575.00,USD,jsonld_offer_price
versace,Z4004,B_2024_2026,202512,20251231194236,https://web.archive.org/web/20251231194236/https://www.versace.com/us/en/home-lifestyle/bath-bed-linen/bathrobes/i-love-baroque-bathrobe-yellow/ZACJ00008-ZCOSP052_Z4004.html,,,,no_price_found
versace,Z4004,B_2024_2026,202601,20260121152644,https://web.archive.org/web/20260121152644/https://www.versace.com/us/en/home-lifestyle/bath-bed-linen/bathrobes/i-love-baroque-bathrobe-yellow/ZACJ00008-ZCOSP052_Z4004.html,,,,no_price_found
versace,Z4004,B_2024_2026,202602,20260206083632,https://web.archive.org/web/20260206083632/https://www.versace.com/us/en/home-lifestyle/bath-bed-linen/slippers/i-love-baroque-slippers-yellow/ZSLB00002-ZCOSP052_Z4004.html,I ♡ Baroque Slippers Yellow | VERSACE US,175.00,USD,jsonld_offer_price
versace,Z4004,B_2024_2026,202610,20261002052404,https://web.archive.org/web/20261002052404/https://www.versace.com/us/en/home-lifestyle/bath-bed-linen/bathrobes/i-love-baroque-bathrobe-yellow/ZACJ00008-ZCOSP052_Z15_M_Z4004__.html,,,,no_price_found
versace,Z4003,A_2018_2020,201801,20180126195518,https://web.archive.org/web/20180126195518/http://www.versace.com/us/en-us/home-collection/bed-bath/towels/i-%E2%99%A1--baroque-jacquard-bath-towel-z4003/ZTO191402-ZCOSP052_Z4003.html?cgid=460100,Versace I ♡ Baroque Jacquard Bath Towel - Home Collection | US Online Store,450.0,USD,meta_product_price+usd_from_us_site_url
versace,Z4003,A_2018_2020,201802,20180201225857,https://web.archive.org/web/20180201225857/http://www.versace.com:80/us/en-us/home-collection/bed-bath/bathrobes/i-%E2%99%A1--baroque-bathrobe-z4003/ZACJ00054-ZCOSP052_Z4003.html?viewall=true,,,,fetch_failed
versace,Z4003,A_2018_2020,201803,20180323131551,https://web.archive.org/web/20180323131551/https://www.versace.com/us/en-us/home-collection/bed-bath/towels/i-%E2%99%A1--baroque-jacquard-bath-towel-z4003/ZTO191402-ZCOSP052_Z4003.html,Versace I ♡ Baroque Jacquard Bath Towel - Home Collection | US Online Store,450.0,USD,meta_product_price+usd_from_us_site_url
versace,Z4003,B_2024_2026,202504,20250420041518,https://web.archive.org/web/20250420041518/https://www.versace.com/us/en/home-lifestyle/bath-bed-linen/bathrobes/i-love-baroque-bathrobe-red/ZACJ00008-ZCOSP052_Z4003.html,,,,no_price_found
versace,Z4003,B_2024_2026,202505,20250508114540,https://web.archive.org/web/20250508114540/https://www.versace.com/us/en/home-lifestyle/bath-bed-linen/bathrobes/i-love-baroque-bathrobe-red/ZACJ00008-ZCOSP052_Z4003.html,,,,no_price_found
versace,Z4003,B_2024_2026,202507,20250715015112,https://web.archive.org/web/20250715015112/https://www.versace.com/us/en/home-lifestyle/bath-bed-linen/bathrobes/i-love-baroque-bathrobe-red/ZACJ00008-ZCOSP052_Z4003.html,,,,no_price_found
versace,Z4003,B_2024_2026,202512,20251231194236,https://web.archive.org/web/20251231194236/https://www.versace.com/us/en/home-lifestyle/bath-bed-linen/bathrobes/i-love-baroque-bathrobe-red/ZACJ00008-ZCOSP052_Z4003.html,,,,no_price_found
versace,Z4003,B_2024_2026,202601,20260101134050,https://web.archive.org/web/20260101134050/https://www.versace.com/us/en/home-lifestyle/bath-bed-linen/bathrobes/i-love-baroque-bathrobe-red/ZACJ00008-ZCOSP052_Z4003.html,,,,no_price_found
versace,Z4003,B_2024_2026,202602,20260206084852,https://web.archive.org/web/20260206084852/https://www.versace.com/us/en/home-lifestyle/bath-bed-linen/bath-linen/i-love-baroque-beach-towel-red/ZTO191401-ZCOSP052_Z4003.html,I ♡ Baroque Beach Towel Red | VERSACE US,550.00,USD,jsonld_offer_price
versace,Z4048,A_2018_2020,201801,20180128134508,https://web.archive.org/web/20180128134508/http://www.versace.com:80/us/en-us/home-collection/bed-bath/bed-linen/i-%E2%99%A1--baroque-flat-sheet-z4048/ZBS2730T1-ZCOJ0040_Z4048.html,Versace I ♡ Baroque Flat Sheet - Home Collection | US Online Store,325.0,USD,meta_product_price+usd_from_us_site_url
versace,Z4048,A_2018_2020,201802,20180202034127,https://web.archive.org/web/20180202034127/http://www.versace.com:80/us/en-us/home-collection/bed-bath/bed-linen/i-%E2%99%A1--baroque-flat-sheet-z4048/ZBS2730T1-ZCOJ0040_Z4048.html?cgid=450000,Versace I ♡ Baroque Flat Sheet - Home Collection | US Online Store,325.0,USD,meta_product_price+usd_from_us_site_url
versace,Z4048,A_2018_2020,201803,20180322200922,https://web.archive.org/web/20180322200922/https://www.versace.com/us/en-us/home-collection/bed-bath/pillow-cases/i-%E2%99%A1--baroque-pillow-case-set-z4048/ZPCSET001-ZCOJ0040_Z4048.html,Versace I ♡ Baroque Pillow Case Set - Home Collection | US Online Store,175.0,USD,meta_product_price+usd_from_us_site_url
versace,Z4048,B_2024_2026,202412,20241213052020,https://web.archive.org/web/20241213052020/https://www.versace.com/us/en/crystal-medusa-travel-cup-white/ZTMUG0001-ZAL00001_Z01_UNIC_Z4048__.html,,,,no_price_found
versace,Z4048,B_2024_2026,202509,20250911105115,https://web.archive.org/web/20250911105115/https://www.versace.com/us/en/home-lifestyle/lifestyle/sport-travel/crystal-medusa-travel-cup-white/ZTMUG0001-ZAL00001_Z01_UNIC_Z4048__.html,,,,no_price_found
versace,Z4048,B_2024_2026,202510,20251003224422,https://web.archive.org/web/20251003224422/https://www.versace.com/us/en/gifts/gifts-for-your-home/crystal-medusa-travel-cup-white/ZTMUG0001-ZAL00001_Z4048.html?cgid=540000,Crystal Medusa Travel Cup White | VERSACE US,1025.00,USD,jsonld_offer_price
versace,Z4048,B_2024_2026,202511,20251110224816,https://web.archive.org/web/20251110224816/https://www.versace.com/us/en/home-lifestyle/lifestyle/sport-travel/crystal-medusa-travel-cup-white/ZTMUG0001-ZAL00001_Z01_UNIC_Z4048__.html,Crystal Medusa Travel Cup White | VERSACE US,1025.00,USD,jsonld_offer_price
versace,Z4048,B_2024_2026,202601,20260103213006,https://web.archive.org/web/20260103213006/https://www.versace.com/us/en/home-lifestyle/bath-bed-linen/bath-linen/i-love-baroque-hand-towel-white/ZTO601001-ZCOSP052_Z4048.html,,,,no_price_found
versace,Z4048,B_2024_2026,202602,20260206083516,https://web.archive.org/web/20260206083516/https://www.versace.com/us/en/home-lifestyle/bath-bed-linen/bath-linen/i-love-baroque-bath-towel-white/ZTO101601-ZCOSP052_Z4048.html,I ♡ Baroque Bath Towel White | VERSACE US,275.00,USD,jsonld_offer_price
versace,DG05579,A_2018_2020,201801,20180128131820,https://web.archive.org/web/20180128131820/http://www.versace.com:80/us/en-us/men/accessories/fashion-jewelry/bracelets/medusa-leather-bracelet-k83o/DG05579-DMTN_K83O.html?,Versace Medusa leather bracelet for Men | US Online Store,325.0,USD,meta_product_price+usd_from_us_site_url
versace,DG05579,A_2018_2020,201802,20180201125858,https://web.archive.org/web/20180201125858/http://www.versace.com:80/us/en-us/men/accessories/fashion-jewelry/bracelets/medusa-leather-bracelet-d41o/DG05579-DMTN_D41O.html?viewall=true,Versace Medusa leather bracelet for Men | US Online Store,325.0,USD,meta_product_price+usd_from_us_site_url
versace,DG05579,A_2018_2020,201907,20190721174321,https://web.archive.org/web/20190721174321/https://www.versace.com/us/en-us/men/accessories/fashion-jewelry/bracelets/medusa-leather-bracelet-dpyo/DG05579-DMTN_DPYO.html,Versace Medusa leather bracelet for Men | US Online Store,325.0,USD,meta_product_price
versace,DG05579,A_2018_2020,201909,20190917190925,https://web.archive.org/web/20190917190925/https://www.versace.com/us/en-us/men/accessories/fashion-jewelry/bracelets/medusa-leather-bracelet-d41ub/DG05579-DMTN_D41UB.html,Versace Medusa leather bracelet for Men | US Online Store,325.0,USD,meta_product_price
versace,DG05579,A_2018_2020,201912,20191213102839,https://web.archive.org/web/20191213102839/https://www.versace.com/us/en-us/men/accessories/fashion-jewelry/bracelets/medusa-leather-bracelet-d41ub/DG05579-DMTN_D41UB.html,Versace Medusa leather bracelet for Men | US Online Store,295.0,USD,meta_product_price
versace,DG05579,B_2024_2026,202406,20240627082000,https://web.archive.org/web/20240627082000/https://www.versace.com/us/en/medusa-braided-leather-bracelet-black-gold/DG05579-DMTN_DTU_UNICA_D41O__.html,"Medusa Braided Leather Bracelet Black,Gold | VERSACE US",295.00,USD,jsonld_offer_price
versace,DG05579,B_2024_2026,202601,20260104230149,https://web.archive.org/web/20260104230149/https://www.versace.com/us/en/men/fashion-jewelry/bracelets/la-medusa-leather-bracelet-black-gold/DG05579-DMTN_D41O.html,,,,no_price_found
versace,DG05579,B_2024_2026,202602,20260204152156,https://web.archive.org/web/20260204152156/https://www.versace.com/us/en/men/fashion-jewelry/bracelets/la-medusa-leather-bracelet-black-gold/DG05579-DMTN_D41O.html,,,,no_price_found
versace,R740008,A_2018_2020,201801,20180126154953,https://web.archive.org/web/20180126154953/http://www.versace.com/us/en-us/men/fragrances/eros-50-ml-rnul/R740008-R050MLS_RNUL.html?cgid=245000,Versace Eros 50 ml for Men | US Online Store,69.0,USD,meta_product_price+usd_from_us_site_url
versace,R740008,A_2018_2020,201803,20180322193048,https://web.archive.org/web/20180322193048/https://www.versace.com/us/en-us/men/fragrances/eros-50-ml-rnul/R740008-R050MLS_RNUL.html,Versace Eros 50 ml for Men | US Online Store,69.0,USD,meta_product_price+usd_from_us_site_url
versace,R740008,A_2018_2020,201910,20191018082633,https://web.archive.org/web/20191018082633/https://www.versace.com/us/en-us/men/accessories/perfumes/eros-50-ml-rnul/R740008-R050MLS_RNUL.html,Versace Eros 50 ml for Men | US Online Store,65.0,USD,meta_product_price
versace,R740008,B_2024_2026,202412,20241204052750,https://web.archive.org/web/20241204052750/https://www.versace.com/us/en/men/accessories/fragrances-body-care/eros/eros-edt-50-ml-blue/R740008-R050MLS_RNUL.html,,,,no_price_found
versace,R740008,B_2024_2026,202601,20260108220422,https://web.archive.org/web/20260108220422/https://www.versace.com/us/es/hombre/accesorios/perfumes/eros/eros-edt-50-ml/R740008-R050MLS_RNUL.html,,,,no_price_found
versace,R740008,B_2024_2026,202602,20260203011441,https://web.archive.org/web/20260203011441/https://www.versace.com/us/es/hombre/accesorios/perfumes/eros/eros-edt-50-ml/R740008-R050MLS_RNUL.html,,,,no_price_found
versace,R750032,A_2018_2020,201802,20180227170549,https://web.archive.org/web/20180227170549/https://www.versace.com/us/en-us/women/fragrances/eros-pour-femme-100-ml-rnul/R750032-R100MLS_RNUL.html,Versace Eros pour Femme 100 ml for Women | US Online Store,120.0,USD,meta_product_price+usd_from_us_site_url
versace,R750032,A_2018_2020,201908,20190822033317,https://web.archive.org/web/20190822033317/https://www.versace.com/us/en-us/women/accessories/perfumes/eros-pour-femme-100-ml-rnul/R750032-R100MLS_RNUL.html?cgid=145000,Versace Eros pour Femme 100 ml for Women | US Online Store,120.0,USD,meta_product_price
versace,R750032,A_2018_2020,201909,20190918153917,https://web.archive.org/web/20190918153917/https://www.versace.com/us/en-us/women/accessories/perfumes/eros-pour-femme-100-ml-rnul/R750032-R100MLS_RNUL.html,Versace Eros pour Femme 100 ml for Women | US Online Store,120.0,USD,meta_product_price
versace,R750032,B_2024_2026,202407,20240720094843,https://web.archive.org/web/20240720094843/https://www.versace.com/us/en/eros-pour-femme-edp-100-ml-gold/R750032-R100MLS_RNUL.html?dwvar_R750032-R100MLS__RNUL_color=RNUL,Eros Pour Femme EDP 100 ml Gold | VERSACE US,130.00,USD,jsonld_offer_price
versace,R750032,B_2024_2026,202510,20251014163601,https://web.archive.org/web/20251014163601/https://www.versace.com/us/en/women/accessories/fragrances-body-care/eros-pour-femme-edp-100-ml-gold/R750032-R100MLS_RNUL.html?cgid=145000,Eros Pour Femme EDP 100 ml Gold | VERSACE US,130.00,USD,jsonld_offer_price
versace,R750032,B_2024_2026,202511,20251110235012,https://web.archive.org/web/20251110235012/https://www.versace.com/us/en/women/accessories/fragrances-body-care/eros-pour-femme-edp-100-ml-gold/R750032-R100MLS_RNUL.html?cgid=145000,Eros Pour Femme EDP 100 ml Gold | VERSACE US,130.00,USD,jsonld_offer_price
versace,R750032,B_2024_2026,202601,20260119082744,https://web.archive.org/web/20260119082744/https://www.versace.com/us/en/women/accessories/fragrances-body-care/eros-pour-femme/eros-pour-femme-edp-100-ml-gold/R750032-R100MLS_RNUL.html,Eros Pour Femme EDP 100 ml Gold | VERSACE US,130.00,USD,jsonld_offer_price
versace,R750032,B_2024_2026,202602,20260206084503,https://web.archive.org/web/20260206084503/https://www.versace.com/us/en/women/accessories/fragrances-body-care/eros-pour-femme/eros-pour-femme-edp-100-ml-gold/R750032-R100MLS_RNUL.html,Eros Pour Femme EDP 100 ml Gold | VERSACE US,130.00,USD,jsonld_offer_price
versace,R750032,B_2024_2026,202604,20260425223147,https://web.archive.org/web/20260425223147/https://www.versace.com/us/en/women/accessories/fragrances-body-care/eros-pour-femme/eros-pour-femme-edp-100-ml-gold/R750032-R100MLS_RNUL.html,,,,no_price_found
versace,R750032,B_2024_2026,202606,20260606005646,https://web.archive.org/web/20260606005646/https://www.versace.com/us/en/women/accessories/fragrances-body-care/eros-pour-femme/eros-pour-femme-edp-100-ml-gold/R750032-R100MLS_RTU_TU_RNUL__.html,Eros Pour Femme EDP 100 ml Gold | VERSACE US,130.00,USD,jsonld_offer_price
versace,N1933,A_2018_2020,201907,20190720182738,https://web.archive.org/web/20190720182738/https://www.versace.com/us/en-us/home-collection/medusa-rhapsody/medusa-rhapsody--22-cm-deep-plate-n1933/N10322-N403670_N1933.html?cgid=41710,Versace Medusa Rhapsody 22 cm Deep Plate - Home Collection | US Online Store,125.0,USD,meta_product_price
versace,N1933,A_2018_2020,201911,20191119212017,https://web.archive.org/web/20191119212017/https://www.versace.com/us/en-us/home-collection/medusa-rhapsody/medusa-rhapsody--22-cm-deep-plate-n1933/N10322-N403670_N1933.html?cgid=41710,Versace Medusa Rhapsody 22 cm Deep Plate - Home Collection | US Online Store,125.0,USD,meta_product_price
versace,N1933,A_2018_2020,201912,20191215150107,https://web.archive.org/web/20191215150107/https://www.versace.com/us/en-us/home-collection/dining/plates/medusa-rhapsody--22-cm-deep-plate-n1933/N10322-N403670_N1933.html?cgid=420300,Versace Medusa Rhapsody 22 cm Deep Plate - Home Collection | US Online Store,125.0,USD,meta_product_price
versace,N1933,B_2024_2026,202406,20240617004237,https://web.archive.org/web/20240617004237/https://www.versace.com/us/en/gifts/gifts-for-your-home/virtus-gala-etagere-print/N25311-N403758_N1933.html?cgid=540000,,,,fetch_failed
versace,N1933,B_2024_2026,202407,20240720044415,https://web.archive.org/web/20240720044415/https://www.versace.com/us/en/home-lifestyle/tableware/coffee-tea/barocco-mug-print/N15505-N403767_N1933.html?dwvar_N15505-N403767__N1933_color=N1933,Barocco Mug Print | VERSACE US,215.00,USD,jsonld_offer_price
versace,N1933,B_2024_2026,202408,20240815114400,https://web.archive.org/web/20240815114400/https://www.versace.com/us/en/home-lifestyle/tableware/coffee-tea/barocco-mug-print/N15505-N403767_N1933.html?dwvar_N15505-N403767__N1933_color=N1933,Barocco Mug Print | VERSACE US,215.00,USD,jsonld_offer_price
versace,N1933,B_2024_2026,202409,20240916124032,https://web.archive.org/web/20240916124032/https://www.versace.com/us/en/home-lifestyle/tableware/coffee-tea/barocco-mug-print/N15505-N403767_N1933.html,Barocco Mug Print | VERSACE US,215.00,USD,jsonld_offer_price
versace,N1933,B_2024_2026,202410,20241005214319,https://web.archive.org/web/20241005214319/https://www.versace.com/us/en/home-lifestyle/tableware/plates/le-jardin-bowl-lid-7.5-print/N10552-N409609_N1933.html,"Le Jardin Bowl Lid 7.5"" Print | VERSACE US",150.00,USD,jsonld_offer_price
versace,N1933,B_2024_2026,202411,20241106022009,https://web.archive.org/web/20241106022009/https://www.versace.com/us/en/home-lifestyle/tableware/accessories/virtus-gala-etagere-black/N25311-N403758_N1933.html,Virtus Gala Etagere Black | VERSACE US,855.00,USD,jsonld_offer_price
versace,N1933,B_2024_2026,202412,20241202074030,https://web.archive.org/web/20241202074030/https://www.versace.com/us/en/home-lifestyle/tableware/plates/medusa-garland-charger-plate-33-cm-print/N20021-N409958_N1933.html,,,,no_price_found
versace,N1933,B_2024_2026,202501,20250124010216,https://web.archive.org/web/20250124010216/https://www.versace.com/us/en/home-lifestyle/tableware/coffee-tea/virtus-gala-espresso-cup-saucer-black-gold/N14715-N403729_RTU_TU_N1933__.html,"Virtus Gala Espresso Cup & Saucer Black,Gold | VERSACE US",375.00,USD,jsonld_offer_price
versace,N1933,B_2024_2026,202505,20250515155902,https://web.archive.org/web/20250515155902/https://www.versace.com/us/en/home-lifestyle/tableware/coffee-tea/barocco-haze-espresso-set-black-print/N14715-N403767_N1933.html,,,,fetch_failed
versace,N1933,B_2024_2026,202509,20250912031133,https://web.archive.org/web/20250912031133/https://www.versace.com/us/en/home-lifestyle/tableware/coffee-tea/le-jardin-teapot-print/N14220-N409609_N1933.html,,,,no_price_found
versace,N1933,B_2024_2026,202510,20251001053040,https://web.archive.org/web/20251001053040/https://www.versace.com/us/en/home-lifestyle/tableware/plates/virtus-gala-deep-plate-8.7-black/N10322-N403729_RTU_TU_N1933__.html,,,,no_price_found
versace,N1933,B_2024_2026,202512,20251212150846,https://web.archive.org/web/20251212150846/https://www.versace.com/us/en/home-lifestyle/jungle-animalier-coffee-cup-and-saucer-print/N14740-N403713_N1933.html?cgid=400000,Jungle Animalier Coffee Cup And Saucer Print | VERSACE US,294.00,USD,jsonld_offer_price
versace,N1933,B_2024_2026,202601,20260108004818,https://web.archive.org/web/20260108004818/https://www.versace.com/us/en/children/baby-0-18m/gift-sets/barocco-baby-plate-3-set/N28447-N403780_N1933.html,,,,no_price_found
versace,N1933,B_2024_2026,202602,20260206085230,https://web.archive.org/web/20260206085230/https://www.versace.com/us/en/children/baby-0-18m/gift-sets/barocco-baby-plate-3-set/N28447-N403780_N1933.html,Barocco Baby Plate 3-Set | VERSACE US,525.00,USD,jsonld_offer_price
versace,N1933,B_2024_2026,202603,20260317003103,https://web.archive.org/web/20260317003103/https://www.versace.com/us/en/home-lifestyle/tableware/coffee-tea/barocco-teal-mug-blue-print/N15505-N403769_N1933.html,"Barocco Teal Mug Blue,Print | VERSACE US",215.00,USD,jsonld_offer_price
versace,N1933,B_2024_2026,202607,20260711145558,https://web.archive.org/web/20260711145558/https://www.versace.com/us/en/home-lifestyle/tableware/plates/barocco-haze-bowl-18.5-cm-black-print/N10551-N403767_N1933.html,"Barocco Haze Bowl 18.5 cm Black,Print | VERSACE US",315.00,USD,jsonld_offer_price
versace,DG06996,A_2018_2020,201908,20190823181817,https://web.archive.org/web/20190823181817/https://www.versace.com/us/en-us/medusa-chain-bracelet-kot/DG06996-DJMT_DG0_L_KOT__.html,Versace Medusa Chain Bracelet for Men | US Online Store,625.0,USD,meta_product_price
versace,DG06996,A_2018_2020,201909,20190918073120,https://web.archive.org/web/20190918073120/https://www.versace.com/us/en-us/medusa-chain-bracelet/DG06996-DJMT.html?geoip=geoip,Medusa Chain Bracelet - Versace US,625.0,USD,meta_product_price
versace,DG06996,A_2018_2020,201912,20191210135206,https://web.archive.org/web/20191210135206/https://www.versace.com/us/en-us/medusa-chain-bracelet-kot/DG06996-DJMT_DG0_L_KOT__.html,Versace Medusa Chain Bracelet for Men | US Online Store,595.0,USD,meta_product_price
versace,DG06996,B_2024_2026,202507,20250719113905,https://web.archive.org/web/20250719113905/https://www.versace.com/us/en/women/fashion-jewelry/bracelets/medusa-chain-bracelet-gold/DG06996-DJMT_DG0_L_KOT__.html,Medusa Chain Bracelet Gold | VERSACE US,725.00,USD,jsonld_offer_price
versace,DG06996,B_2024_2026,202508,20250819053557,https://web.archive.org/web/20250819053557/https://www.versace.com/us/en/women/fashion-jewelry/bracelets/medusa-chain-bracelet-gold/DG06996-DJMT_DG0_L_KOT__.html,,,,no_price_found
versace,DG06996,B_2024_2026,202509,20250909071641,https://web.archive.org/web/20250909071641/https://www.versace.com/us/en/women/fashion-jewelry/bracelets/medusa-chain-bracelet-gold/DG06996-DJMT_DG0_L_KOT__.html,,,,no_price_found
versace,DG06996,B_2024_2026,202510,20251003221301,https://web.archive.org/web/20251003221301/https://www.versace.com/us/en/gifts/gifts-for-him/medusa-chain-bracelet-gold/DG06996-DJMT_KOT.html?cgid=520000,Medusa Chain Bracelet Gold | VERSACE US,725.00,USD,jsonld_offer_price
versace,DG06996,B_2024_2026,202601,20260101080219,https://web.archive.org/web/20260101080219/https://www.versace.com/us/en/women/fashion-jewelry/bracelets/medusa-bracelet-gold/DG06996-DJMT_KOT.html,,,,no_price_found
versace,DG06996,B_2024_2026,202602,20260206084033,https://web.archive.org/web/20260206084033/https://www.versace.com/us/en/women/fashion-jewelry/bracelets/medusa-bracelet-gold/DG06996-DJMT_KOT.html,Medusa Bracelet Gold | VERSACE US,725.00,USD,jsonld_offer_price
versace,Z4042,A_2018_2020,201801,20180126152617,https://web.archive.org/web/20180126152617/http://www.versace.com/us/en-us/home-collection/bed-bath/pillow-cases/i-%E2%99%A1--baroque-pillow-case-set-z4042/ZPCSET001-ZCOJ0041_Z4042.html?cgid=450100,Versace I ♡ Baroque Pillow Case Set - Home Collection | US Online Store,175.0,USD,meta_product_price+usd_from_us_site_url
versace,Z4042,A_2018_2020,201802,20180216054501,https://web.archive.org/web/20180216054501/https://www.versace.com/us/en-us/home-collection/bed-bath/pillow-cases/i-%E2%99%A1--baroque-pillow-case-set-z4042/ZPCSET001-ZCOJ0041_Z4042.html,Versace I ♡ Baroque Pillow Case Set - Home Collection | US Online Store,175.0,USD,meta_product_price+usd_from_us_site_url
versace,Z4042,B_2024_2026,202601,20260129012823,https://web.archive.org/web/20260129012823/https://www.versace.com/us/en/home-lifestyle/lifestyle/sport-travel/crystal-medusa-travel-cup-black-gold/ZTMUG0001-ZAL00001_Z4042.html,,,,no_price_found
versace,Z4042,B_2024_2026,202602,20260206084556,https://web.archive.org/web/20260206084556/https://www.versace.com/us/en/home-lifestyle/lifestyle/sport-travel/crystal-medusa-travel-cup-black-gold/ZTMUG0001-ZAL00001_Z4042.html,"Crystal Medusa Travel Cup Black,Gold | VERSACE US",1025.00,USD,jsonld_offer_price
versace,Z4042,B_2024_2026,202605,20260506011207,https://web.archive.org/web/20260506011207/https://www.versace.com/us/en/home-lifestyle/lifestyle/sport-travel/crystal-medusa-travel-cup-black-gold/ZTMUG0001-ZAL00001_Z01_UNIC_Z4042__.html,,,,fetch_failed
versace,Z7010,A_2018_2020,201801,20180126145842,https://web.archive.org/web/20180126145842/http://www.versace.com/us/en-us/home-collection/bed-bath/pillow-cases/i-%E2%99%A1--baroque-pillow-case-set-z7010/ZPCSET901-ZCOP0105_Z7010.html?cgid=450100,Versace I ♡ Baroque Pillow Case Set - Home Collection | US Online Store,175.0,USD,meta_product_price+usd_from_us_site_url
versace,Z7010,A_2018_2020,201803,20180322221609,https://web.archive.org/web/20180322221609/https://www.versace.com/us/en-us/home-collection/bed-bath/pillow-cases/i-%E2%99%A1--baroque-pillow-case-set-z7010/ZPCSET901-ZCOP0105_Z7010.html,Versace I ♡ Baroque Pillow Case Set - Home Collection | US Online Store,175.0,USD,meta_product_price+usd_from_us_site_url
versace,Z7010,B_2024_2026,202408,20240809224329,https://web.archive.org/web/20240809224329/https://www.versace.com/us/en/home-lifestyle/lifestyle/stationery/barocco-note-card-set/1016930-1A08851_Z7010.html?dwvar_1016930-1A08851__Z7010_color=Z7010,Barocco Note Card Set | VERSACE US,175.00,USD,jsonld_offer_price
versace,Z7010,B_2024_2026,202410,20241010221437,https://web.archive.org/web/20241010221437/https://www.versace.com/us/en/home-lifestyle/lifestyle/stationery/medusa-gala-notebook/1007627-1A11941_Z7010.html,Medusa Gala Notebook | VERSACE US,150.00,USD,jsonld_offer_price
versace,Z7010,B_2024_2026,202512,20251230042520,https://web.archive.org/web/20251230042520/https://www.versace.com/us/en/home-lifestyle/bath-bed-linen/bed-linen/i-love-baroque-king-duvet-cover-white/ZDC000005-ZCOP0105_Z26_KING_Z7010__.html,,,,no_price_found
versace,Z7010,B_2024_2026,202601,20260103213004,https://web.archive.org/web/20260103213004/https://www.versace.com/us/en/home-lifestyle/bath-bed-linen/bath-linen/medusa-gala-bath-mat/ZBRU60801-1A11941_Z7010.html,,,,no_price_found
versace,Z7010,B_2024_2026,202602,20260206084751,https://web.archive.org/web/20260206084751/https://www.versace.com/us/en/home-lifestyle/bath-bed-linen/bath-linen/medusa-gala-bath-mat/ZBRU60801-1A11941_Z7010.html,Medusa Gala Bath Mat | VERSACE US,500.00,USD,jsonld_offer_price
versace,N2066,A_2018_2020,201801,20180126163654,https://web.archive.org/web/20180126163654/http://www.versace.com/us/en-us/home-collection/dining/glass-crystal/medusa-dor-champagne-flute-set-n2066/N48804-N110300_N2066.html?cgid=430000,Versace Medusa D'or Champagne flute set - Home Collection | US Online Store,650.0,USD,meta_product_price
versace,N2066,A_2018_2020,201803,20180323123416,https://web.archive.org/web/20180323123416/https://www.versace.com/us/en-us/home-collection/dining/glass-crystal/medusa-dor-champagne-flute-set-n2066/N48804-N110300_N2066.html,Versace Medusa D'or Champagne flute set - Home Collection | US Online Store,650.0,USD,meta_product_price+usd_from_us_site_url
versace,N2066,B_2024_2026,202408,20240804050713,https://web.archive.org/web/20240804050713/https://www.versace.com/us/en/medusa-lumiere-ashtray-5.1-gold/N47513-N110835_RTU_TU_N2066__.html?lgw_code=16402-N47513-N110835_RTU_TU_N2066__&wt_mc=us.shopping.google.link.shopping&gclid=Cj0KCQjwjN-SBhCkARIsACsrBz47xXdaULCW1iNEFS3p28alCwF3uosuonp-oGlgynjJ-5vR1on22UMaAp23EALw_wcB&gclsrc=aw.ds,"Medusa Lumière Ashtray 5.1"" Gold | VERSACE US",425.00,USD,jsonld_offer_price
versace,N2066,B_2024_2026,202410,20241008115301,https://web.archive.org/web/20241008115301/https://www.versace.com/us/en/home-lifestyle/tableware/glassware/medusa-lumiere-rhapsody-set-2-long-glasses-yellow/N48874-N321508_N2066.html?cgid=430000,Medusa Lumière Rhapsody Set 2 Long Glasses Yellow | VERSACE US,,USD,no_price_found
versace,N2066,B_2024_2026,202512,20251231123124,https://web.archive.org/web/20251231123124/https://www.versace.com/us/en/home-lifestyle/tableware/glassware/medusa-lumiere-haze-red-wine-goblet-transparent/N40400-N321392_N2066.html,,,,no_price_found
versace,N2066,B_2024_2026,202601,20260102151944,https://web.archive.org/web/20260102151944/https://www.versace.com/us/en/home-lifestyle/tableware/glassware/medusa-lumiere-champagne-flut-transparent/N40800-N110835_N2066.html,,,,fetch_failed
versace,N2066,B_2024_2026,202602,20260204071724,https://web.archive.org/web/20260204071724/https://www.versace.com/us/en/home-lifestyle/tableware/glassware/medusa-lumiere-champagne-flut-transparent/N40800-N110835_N2066.html,,,,no_price_found
versace,N1194,A_2018_2020,201802,20180207052147,https://web.archive.org/web/20180207052147/http://www.versace.com:80/us/en-us/vanity-canape-dish-12-cm-n1194/N15253-N403608_N1194.html,Versace Vanity Canape Dish 12 cm - Home Collection | US Online Store,60.0,USD,meta_product_price+usd_from_us_site_url
versace,N1194,A_2018_2020,201803,20180323215247,https://web.archive.org/web/20180323215247/https://www.versace.com/us/en-us/home-collection/dining/plates/etoiles-de-la-mer-canape-dish-12-cm-n1194/N15253-N403647_N1194.html,Versace Étoiles de la Mer Canape Dish 12 cm - Home Collection | US Online Store,62.0,USD,meta_product_price+usd_from_us_site_url
versace,N1194,B_2024_2026,202406,20240603224551,https://web.archive.org/web/20240603224551/https://www.versace.com/us/en/home-lifestyle/tableware/plates/versace-alphabet-s-square-plate-4.7-print/N15253-N403699_N1194.html,"Versace Alphabet S Square Plate 4.7"" Print | VERSACE US",80.00,USD,jsonld_offer_price
versace,N1194,B_2024_2026,202507,20250713093817,https://web.archive.org/web/20250713093817/https://www.versace.com/us/en/home-lifestyle/living/decor/versace-alphabet-f-square-plate-4.7-print/N15253-N403686_N1194.html?cgid=421000,"Versace Alphabet F Square Plate 4.7"" Print | VERSACE US",80.00,USD,jsonld_offer_price
versace,N1194,B_2024_2026,202508,20250807220401,https://web.archive.org/web/20250807220401/https://www.versace.com/us/en/home-lifestyle/living/decor/versace-alphabet-f-square-plate-4.7-print/N15253-N403686_N1194.html,"Versace Alphabet F Square Plate 4.7"" Print | VERSACE US",80.00,USD,jsonld_offer_price
versace,N1194,B_2024_2026,202509,20250908152910,https://web.archive.org/web/20250908152910/https://www.versace.com/us/en/home-lifestyle/living/decor/barocco-square-plate-4.5-pink/N15253-N403768_RTU_TU_N1194__.html?wt_mc=us.shopping.google.link.shopping&gad_source=1&gclid=Cj0KCQjwtsy1BhD7ARIsAHOi4xYVixmPTy45ALQgGPVitS1g8vY69kQb-Bef2yp-RS5rqI85z2_ll9MaApmbEALw_wcB&gclsrc=aw.ds,"Barocco Square Plate 4.5"" Pink | VERSACE US",75.00,USD,jsonld_offer_price
versace,N1194,B_2024_2026,202511,20251105185708,https://web.archive.org/web/20251105185708/https://www.versace.com/us/en/home-lifestyle/living/decor/versace-alphabet-j-square-plate-4.7-print/N15253-N403690_N1194.html,,,,no_price_found
versace,N1194,B_2024_2026,202512,20251231123126,https://web.archive.org/web/20251231123126/https://www.versace.com/us/en/home-lifestyle/living/decor/holiday-alphabet-square-bowl-set-print/N28632-N403673_N1194.html,,,,no_price_found
versace,N1194,B_2024_2026,202601,20260131081048,https://web.archive.org/web/20260131081048/https://www.versace.com/us/en/home-lifestyle/living/decor/barocco-beige-square-plate-12-cm-beige/N15253-N403782_N1194.html,,,,no_price_found
versace,N1194,B_2024_2026,202602,20260206083953,https://web.archive.org/web/20260206083953/https://www.versace.com/us/en/home-lifestyle/living/decor/barocco-beige-square-plate-12-cm-beige/N15253-N403782_N1194.html,Barocco Beige Square Plate 12 cm Beige | VERSACE US,75.00,USD,jsonld_offer_price
versace,N1194,B_2024_2026,202605,20260521014152,https://web.archive.org/web/20260521014152/https://www.versace.com/us/en/home-lifestyle/living/decor/versace-alphabet-v-square-plate-12-cm-print/N15253-N403702_N1194.html,,,,no_price_found
versace,N1194,B_2024_2026,202608,20260826222143,https://web.archive.org/web/20260826222143/https://www.versace.com/us/en/home-lifestyle/living/decor/versace-alphabet-j-small-square-plate-12cm-print/N15253-N403690_RTU_TU_N1194__.html,,,,no_price_found
versace,Z7020,A_2018_2020,201802,20180206204251,https://web.archive.org/web/20180206204251/http://www.versace.com:80/us/en-us/home-collection/living/cushions/la-coupe-des-dieux-rectangle-z7020/ZCU457001-ZSEP0005_Z7020.html,Versace Le coupe des dieux Rectangle - Home Collection | US Online Store,450.0,USD,meta_product_price+usd_from_us_site_url
versace,Z7020,A_2018_2020,201909,20190920010859,https://web.archive.org/web/20190920010859/https://www.versace.com/us/en-us/home-collection/bed-bath/le-coupe-des-dieux-comforter-z7020/ZBCS28001-ZCOP0005_Z7020.html?cgid=461000,Versace Le Coupe des Dieux Comforter - Home Collection | US Online Store,2100.0,USD,meta_product_price
versace,Z7020,B_2024_2026,202502,20250219203827,https://web.archive.org/web/20250219203827/https://www.versace.com/us/en/home-lifestyle/living/cushions/la-coupe-des-dieux-cushion-17.7-print/ZCU454501-ZCOP0001_Z7020.html,"La Coupe des Dieux Cushion 17.7"" Print | VERSACE US",425.00,USD,jsonld_offer_price
versace,Z7020,B_2024_2026,202512,20251224184253,https://web.archive.org/web/20251224184253/https://www.versace.com/us/en/home-lifestyle/living/cushions/la-coupe-des-dieux-cushion-17.7-print/ZCU454501-ZCOP0001_Z7020.html,,,,no_price_found
versace,Z7020,B_2024_2026,202602,20260206092745,https://web.archive.org/web/20260206092745/https://www.versace.com/us/en/home-lifestyle/living/cushions/la-coupe-des-dieux-cushion-17.7-print/ZCU454501-ZCOP0001_Z7020.html,"La Coupe des Dieux Cushion 17.7"" Print | VERSACE US",425.00,USD,jsonld_offer_price
versace,N1446,A_2018_2020,201802,20180227210324,https://web.archive.org/web/20180227210324/https://www.versace.com/us/en-us/home-collection/living/home-accents/break-the-bank-black-money-box-n1446/N27980-N105000_N1446.html,Versace Break the bank Black Money-Box - Home Collection | US Online Store,225.0,USD,meta_product_price+usd_from_us_site_url
versace,N1446,A_2018_2020,201909,20190923011959,https://web.archive.org/web/20190923011959/https://www.versace.com/us/en-us/break-the-bank-black-money-box-n1446/N27980-N105000_N1446.html,Versace Break the bank Black Money-Box - Home Collection | US Online Store,250.0,USD,meta_product_price
versace,N1446,B_2024_2026,202410,20241015062223,https://web.archive.org/web/20241015062223/https://www.versace.com/us/en/home-lifestyle/living/decor/break-the-bank-money-box-gold/N27980-N426157_RTU_TU_N1446__.html?cgid=421000,Break the bank Money Box Gold | VERSACE US,,USD,no_price_found
versace,N1446,B_2024_2026,202411,20241104181739,https://web.archive.org/web/20241104181739/https://www.versace.com/us/en/break-the-bank-money-box-gold/N27980-N426157_RTU_TU_N1446__.html,Break the bank Money Box Gold | VERSACE US,395.00,USD,jsonld_offer_price
versace,N1446,B_2024_2026,202512,20251231123127,https://web.archive.org/web/20251231123127/https://www.versace.com/us/en/seo-pages/rosenthal/medusa-madness-vase-26-cm-print/N26026-N403728_N1446.html,,,,no_price_found
versace,N1446,B_2024_2026,202601,20260105181103,https://web.archive.org/web/20260105181103/https://www.versace.com/us/es/seo-pages/rosenthal/jarron-medusa-madness-de-26%C2%A0cm/N26026-N403728_N1446.html,,,,no_price_found
versace,N1409,A_2018_2020,201801,20180126202309,https://web.archive.org/web/20180126202309/http://www.versace.com/us/en-us/home-collection/living/vases/etoiles-de-la-mer-porceleain-vase-n1409/N26026-N403647_N1409.html?cgid=420700,Versace Étoiles de la Mer Porceleain Vase - Home Collection | US Online Store,545.0,USD,meta_product_price+usd_from_us_site_url
versace,N1409,A_2018_2020,201803,20180323215645,https://web.archive.org/web/20180323215645/https://www.versace.com/us/en-us/home-collection/living/home-accents/medusa-ashtray-24-cm-n1409/N27243-N102721_N1409.html,,,,fetch_failed
versace,N1409,A_2018_2020,201907,20190722162202,https://web.archive.org/web/20190722162202/https://www.versace.com/us/en-us/home-collection/living/ashtrays/reflections-of-holidays-ashtray-n1409/N27243-N409946_N1409.html,Versace Reflections of Holidays Ashtray - Home Collection | US Online Store,500.0,USD,meta_product_price
versace,N1409,A_2018_2020,201909,20190922141023,https://web.archive.org/web/20190922141023/https://www.versace.com/us/en-us/home-collection/living/ashtrays/i-%E2%99%A1-baroque-ashtray-24-cm-n1409/N27243-N403651_N1409.html?cgid=420800,Versace I ♡ Baroque Ashtray 24 cm - Home Collection | US Online Store,595.0,USD,meta_product_price
versace,N1409,A_2018_2020,201910,20191020161811,https://web.archive.org/web/20191020161811/https://www.versace.com/us/en-us/home-collection/i-love-baroque/i-%E2%99%A1-baroque-ashtray-24-cm-n1409/N27243-N403651_N1409.html,Versace I ♡ Baroque Ashtray 24 cm - Home Collection | US Online Store,595.0,USD,meta_product_price
versace,N1409,A_2018_2020,201911,20191119203119,https://web.archive.org/web/20191119203119/https://www.versace.com/us/en-us/home-collection/living/i-%E2%99%A1-baroque-ashtray-14-cm-n1409/N27233-N403651_N1409.html?cgid=470000,Versace I ♡ Baroque Ashtray 14 cm - Home Collection | US Online Store,350.0,USD,meta_product_price
versace,N1409,B_2024_2026,202510,20251016220943,https://web.archive.org/web/20251016220943/https://www.versace.com/us/en/seo-pages/rosenthal/medusa-vase-25-cm-print-red/N26026-N102721_N1409.html,,,,fetch_failed
versace,N1409,B_2024_2026,202602,20260205041836,https://web.archive.org/web/20260205041836/https://www.versace.com/us/en/seo-pages/rosenthal/medusa-vase-26-cm-print-red/N26026-N102721_N1409.html,,,,no_price_found
versace,DG25591,A_2018_2020,201801,20180104050222,https://web.archive.org/web/20180104050222/http://www.versace.com/us/en-us/men/accessories/fashion-jewelry/earrings/medusa-head-stud-earrings-d00k/DG25591-DMT1_D00K.html,Versace Medusa Head stud earrings for Men | US Online Store,225.0,USD,meta_product_price+usd_from_us_site_url
versace,DG25591,A_2018_2020,201907,20190718070430,https://web.archive.org/web/20190718070430/https://www.versace.com/us/en-us/men/accessories/fashion-jewelry/medusa-head-stud-earrings-d00h/DG25591-DMT1_D00H.html?cgid=243000,Versace Medusa Head stud earrings for Men | US Online Store,195.0,USD,meta_product_price
versace,DG25591,A_2018_2020,201910,20191028215251,https://web.archive.org/web/20191028215251/https://www.versace.com/us/en-us/men/accessories/fashion-jewelry/medusa-head-stud-earrings-d00h/DG25591-DMT1_D00H.html?cgid=243000,Versace Medusa Head stud earrings for Men | US Online Store,195.0,USD,meta_product_price
versace,DG25591,A_2018_2020,201911,20191112184948,https://web.archive.org/web/20191112184948/https://www.versace.com/us/en-us/men/accessories/fashion-jewelry/medusa-head-stud-earrings-d00h/DG25591-DMT1_D00H.html?cgid=243000,Versace Medusa Head stud earrings for Men | US Online Store,195.0,USD,meta_product_price
versace,DG25591,A_2018_2020,201912,20191209152232,https://web.archive.org/web/20191209152232/https://www.versace.com/us/en-us/medusa-head-stud-earrings/DG25591-DMT1.html?geoip=geoip,Versace Medusa Head stud earrings for Men | US Online Store,225.0,USD,meta_product_price
versace,DG25591,B_2024_2026,202601,20260112033949,https://web.archive.org/web/20260112033949/https://www.versace.com/us/en/medusa-earrings/DG25591-DMT1.html,,,,no_price_found
versace,DG25591,B_2024_2026,202602,20260206090334,https://web.archive.org/web/20260206090334/https://www.versace.com/us/en/men/fashion-jewelry/earrings/medusa-earrings-gold/DG25591-DMT1_3J000.html,Medusa Earrings Gold | VERSACE US,295.00,USD,jsonld_offer_price
versace,R740011,A_2018_2020,201801,20180131112105,https://web.archive.org/web/20180131112105/http://www.versace.com:80/us/en-us/men/fragrances/eros-200-ml-rnul/R740011-R200MLS_RNUL.html?cgid=245000,Versace Eros 200 ml for Men | US Online Store,118.0,USD,meta_product_price+usd_from_us_site_url
versace,R740011,A_2018_2020,201802,20180207141415,https://web.archive.org/web/20180207141415/http://www.versace.com:80/us/en-us/men/fragrances/eros-200-ml-rnul/R740011-R200MLS_RNUL.html?,Versace Eros 200 ml for Men | US Online Store,118.0,USD,meta_product_price+usd_from_us_site_url
versace,R740011,B_2024_2026,202501,20250116221950,https://web.archive.org/web/20250116221950/https://www.versace.com/us/en/men/accessories/fragrances-body-care/eros/eros-edt-200-ml-blue/R740011-R200MLS_RNUL.html,,,,no_price_found
versace,R740011,B_2024_2026,202507,20250713224728,https://web.archive.org/web/20250713224728/https://www.versace.com/us/en/men/accessories/fragrances-body-care/eros/eros-edt-200-ml-blue/R740011-R200MLS_RNUL.html,Eros EDT 200 ml Blue | VERSACE US,140.00,USD,jsonld_offer_price
versace,R740011,B_2024_2026,202508,20250806162414,https://web.archive.org/web/20250806162414/https://www.versace.com/us/en/men/accessories/fragrances-body-care/eros/eros-edt-200-ml-blue/R740011-R200MLS_RNUL.html,,,,no_price_found
versace,R510036,A_2018_2020,201801,20180108092011,https://web.archive.org/web/20180108092011/http://www.versace.com:80/us/en-us/women/fragrances/bright-crystal-200-ml-rnul/R510036-R200MLS_RNUL.html,Versace Bright Crystal 200 ml for Women | US Online Store,136.0,USD,meta_product_price+usd_from_us_site_url
versace,R510036,A_2018_2020,201912,20191207005727,https://web.archive.org/web/20191207005727/https://www.versace.com/us/en-us/women/accessories/perfumes/bright-crystal-200-ml-rnul/R510036-R200MLS_RNUL.html?cgid=145000,Versace Bright Crystal 200 ml for Women | US Online Store,136.0,USD,meta_product_price
versace,R510036,B_2024_2026,202407,20240720093341,https://web.archive.org/web/20240720093341/https://www.versace.com/us/en/women/accessories/fragrances-body-care/bright-crystal/bright-crystal-edt-200-ml-pink/R510036-R200MLS_RNUL.html?dwvar_R510036-R200MLS__RNUL_color=RNUL,,,,fetch_failed
versace,R510036,B_2024_2026,202410,20241010133426,https://web.archive.org/web/20241010133426/https://www.versace.com/us/es/mujer/accesorios/perfumes/bright-crystal/bright-crystal-edt-200%C2%A0ml/R510036-R200MLS_RNUL.html,Bright Crystal EDT 200 ml Rosado | VERSACE,155.00,USD,jsonld_offer_price
versace,R510036,B_2024_2026,202501,20250121033940,https://web.archive.org/web/20250121033940/https://www.versace.com/us/en/women/accessories/fragrances-body-care/bright-crystal/bright-crystal-edt-200-ml-pink/R510036-R200MLS_RTU_TU_RNUL__.html,Bright Crystal EDT 200 ml Pink | VERSACE US,155.00,USD,jsonld_offer_price
versace,R510036,B_2024_2026,202507,20250710074225,https://web.archive.org/web/20250710074225/https://www.versace.com/us/en/women/accessories/fragrances-body-care/bright-crystal/bright-crystal-edt-200-ml-pink/R510036-R200MLS_RNUL.html,Bright Crystal EDT 200 ml Pink | VERSACE US,155.00,USD,jsonld_offer_price
versace,R510036,B_2024_2026,202508,20250821113715,https://web.archive.org/web/20250821113715/https://www.versace.com/us/en/women/accessories/fragrances-body-care/bright-crystal/bright-crystal-edt-200-ml-pink/R510036-R200MLS_RNUL.html,,,,no_price_found
versace,R510036,B_2024_2026,202601,20260119080705,https://web.archive.org/web/20260119080705/https://www.versace.com/us/en/women/accessories/fragrances-body-care/bright-crystal/bright-crystal-edt-200-ml-pink/R510036-R200MLS_RNUL.html,,,,fetch_failed
versace,R510036,B_2024_2026,202602,20260206085742,https://web.archive.org/web/20260206085742/https://www.versace.com/us/en/women/accessories/fragrances-body-care/bright-crystal/bright-crystal-edt-200-ml-pink/R510036-R200MLS_RNUL.html,Bright Crystal EDT 200 ml Pink | VERSACE US,179.00,USD,jsonld_offer_price
versace,R720010,A_2018_2020,201811,20181101031011,https://web.archive.org/web/20181101031011/https://www.versace.com/us/en-us/men/fragrances/pour-homme-100-ml-rnul/R720010-R100MLS_RNUL.html,Versace Pour Homme 100 ml for Men | US Online Store,82.0,USD,meta_product_price
versace,R720010,A_2018_2020,201911,20191121003305,https://web.archive.org/web/20191121003305/https://www.versace.com/us/en-us/men/accessories/perfumes/pour-homme-100-ml-rnul/R720010-R100MLS_RNUL.html,Versace Pour Homme 100 ml for Men | US Online Store,79.0,USD,meta_product_price
versace,R720010,B_2024_2026,202503,20250318044017,https://web.archive.org/web/20250318044017/https://www.versace.com/us/en/men/accessories/fragrances-body-care/pour-homme/pour-homme-edt-100-ml-blue/R720010-R100MLS_RNUL.html,Pour Homme EDT 100 ml Blue | VERSACE US,105.00,USD,jsonld_offer_price
versace,R720010,B_2024_2026,202504,20250427200429,https://web.archive.org/web/20250427200429/https://www.versace.com/us/en/men/accessories/fragrances-body-care/pour-homme/pour-homme-edt-100-ml-blue/R720010-R100MLS_RNUL.html,Pour Homme EDT 100 ml Blue | VERSACE US,115.00,USD,jsonld_offer_price
versace,R720010,B_2024_2026,202505,20250519013509,https://web.archive.org/web/20250519013509/https://www.versace.com/us/en/men/accessories/fragrances-body-care/pour-homme/pour-homme-edt-100-ml-blue/R720010-R100MLS_RTU_TU_RNUL__.html,Pour Homme EDT 100 ml Blue | VERSACE US,105.00,USD,jsonld_offer_price
versace,R720010,B_2024_2026,202508,20250804161424,https://web.archive.org/web/20250804161424/https://www.versace.com/us/en/men/accessories/fragrances-body-care/pour-homme-edt-100-ml-blue/R720010-R100MLS_RNUL.html?cgid=245000,Pour Homme EDT 100 ml Blue | VERSACE US,120.00,USD,jsonld_offer_price
versace,R720010,B_2024_2026,202509,20250915004858,https://web.archive.org/web/20250915004858/https://www.versace.com/us/en/men/accessories/fragrances-body-care/pour-homme-edt-100-ml-blue/R720010-R100MLS_RNUL.html?cgid=245000,Pour Homme EDT 100 ml Blue | VERSACE US,120.00,USD,jsonld_offer_price
versace,R720010,B_2024_2026,202510,20251017001351,https://web.archive.org/web/20251017001351/https://www.versace.com/us/en/men/accessories/fragrances-body-care/pour-homme/pour-homme-edt-100-ml-blue/R720010-R100MLS_RNUL.html,,,,no_price_found
versace,OGB18753,A_2018_2020,201908,20190826090754,https://web.archive.org/web/20190826090754/https://www.versace.com/us/en-us/men/accessories/sunglasses/black-medusa-biggie-sunglasses-onul/O4361-OGB18753_ONUL.html?cgid=246000,Versace Black Medusa Biggie Sunglasses for Men | US Online Store,295.0,USD,meta_product_price
versace,OGB18753,A_2018_2020,201911,20191120174506,https://web.archive.org/web/20191120174506/https://www.versace.com/us/en-us/men/accessories/sunglasses/black-medusa-biggie-sunglasses-onul/O4361-OGB18753_ONUL.html,Versace Black Medusa Biggie Sunglasses for Men | US Online Store,295.0,USD,meta_product_price
versace,OGB18753,B_2024_2026,202406,20240624190845,https://web.archive.org/web/20240624190845/https://www.versace.com/us/en/men/accessories/eyewear/medusa-biggie-sunglasses-black/O4361-OGB18753_ONUL.html?cgid=246000,Medusa Biggie Sunglasses Black | VERSACE US,,USD,no_price_found
versace,OGB18753,B_2024_2026,202407,20240714084644,https://web.archive.org/web/20240714084644/https://www.versace.com/us/en/men/accessories/eyewear/medusa-biggie-sunglasses-black/O4361-OGB18753_ONUL.html?cgid=246000,Medusa Biggie Sunglasses Black | VERSACE US,,USD,no_price_found
versace,OGB18753,B_2024_2026,202409,20240910143959,https://web.archive.org/web/20240910143959/https://www.versace.com/us/en/men/accessories/eyewear/sunglasses/medusa-biggie-sunglasses-black/O4361-OGB18753_ONUL.html?dwvar_O4361-OGB18753__ONUL_color=ONUL,Medusa Biggie Sunglasses Black | VERSACE US,360.00,USD,jsonld_offer_price
versace,OGB18753,B_2024_2026,202410,20241006130939,https://web.archive.org/web/20241006130939/https://www.versace.com/us/es/hombre/accesorios/gafas/gafas-de-sol/gafas-de-sol-medusa-biggie/O4361-OGB18753_ONUL.html,Gafas de sol Medusa Biggie Negro | VERSACE,360.00,USD,jsonld_offer_price
versace,OGB18753,B_2024_2026,202411,20241106210231,https://web.archive.org/web/20241106210231/https://www.versace.com/us/en/medusa-biggie-sunglasses-black/O4361-OGB18753_RTU_TU_ONUL__.html,Medusa Biggie Sunglasses Black | VERSACE US,360.00,USD,jsonld_offer_price
versace,OGB18753,B_2024_2026,202503,20250317194859,https://web.archive.org/web/20250317194859/https://www.versace.com/us/en/men/accessories/eyewear/sunglasses/medusa-biggie-sunglasses-black/O4361-OGB18753_ONUL.html,,,,no_price_found
versace,OGB18753,B_2024_2026,202504,20250422151909,https://web.archive.org/web/20250422151909/https://www.versace.com/us/en/men/accessories/eyewear/sunglasses/medusa-biggie-sunglasses-black/O4361-OGB18753_ONUL.html,,,,no_price_found
versace,OGB18753,B_2024_2026,202507,20250714000644,https://web.archive.org/web/20250714000644/https://www.versace.com/us/en/men/accessories/eyewear/sunglasses/medusa-biggie-sunglasses-black/O4361-OGB18753_ONUL.html?dwvar_O4361-OGB18753__ONUL_color=ONUL,Medusa Biggie Sunglasses Black | VERSACE US,380.00,USD,jsonld_offer_price
versace,OGB18753,B_2024_2026,202510,20251012110836,https://web.archive.org/web/20251012110836/https://www.versace.com/us/en/men/accessories/eyewear/sunglasses/medusa-biggie-sunglasses-black/O4361-OGB18753_ONUL.html?wt_mc=US.affiliate.rakuten.10.1815993.Skimlinks.com&utm_source=rakutenadvertising&utm_medium=affiliate&utm_campaign=2116208%3ASkimlinks.com&utm_content=10&ranMID=50522&ranEAID=TnL5HPStwNw&ranSiteID=TnL5HPStwNw-Ch049cOZBNjswyUQ22qAQw,Medusa Biggie Sunglasses Black | VERSACE US,380.00,USD,jsonld_offer_price
versace,OGB18753,B_2024_2026,202512,20251218042440,https://web.archive.org/web/20251218042440/https://www.versace.com/us/en/men/accessories/eyewear/sunglasses/medusa-biggie-sunglasses-black/O4361-OGB18753_ONUL.html,,,,no_price_found
versace,OGB18753,B_2024_2026,202601,20260102105915,https://web.archive.org/web/20260102105915/https://www.versace.com/us/en/men/accessories/eyewear/sunglasses/medusa-biggie-sunglasses-black/O4361-OGB18753_ONUL.html,,,,no_price_found
versace,OGB18753,B_2024_2026,202602,20260206083648,https://web.archive.org/web/20260206083648/https://www.versace.com/us/en/women/accessories/eyewear/sunglasses/medusa-plaque-sunglasses-black/O4497U-OGB18753_ONUL.html,Medusa Plaque Sunglasses Black | VERSACE US,385.00,USD,jsonld_offer_price
versace,OGB18753,B_2024_2026,202607,20260711145101,https://web.archive.org/web/20260711145101/https://www.versace.com/us/en/men/accessories/eyewear/sunglasses/medusa-biggie-sunglasses-black/O4361-OGB18753_ONUL.html?dwvar_O4361-OGB18753__ONUL_color=ONUL,Medusa Biggie Sunglasses Black | VERSACE US,380.00,USD,jsonld_offer_price
versace,OGB18754,A_2018_2020,201908,20190826100607,https://web.archive.org/web/20190826100607/https://www.versace.com/us/en-us/women/accessories/sunglasses/black-v-medusa-sunglasses-onul/O4373-OGB18754_ONUL.html?cgid=146000,Versace Black V-Medusa Sunglasses for Women | US Online Store,295.0,USD,meta_product_price
versace,OGB18754,A_2018_2020,201912,20191218101331,https://web.archive.org/web/20191218101331/https://www.versace.com/us/en-us/women/accessories/sunglasses/black-v-medusa-sunglasses-onul/O4373-OGB18754_ONUL.html,,,,fetch_failed
versace,OGB18754,B_2024_2026,202407,20240715044614,https://web.archive.org/web/20240715044614/https://www.versace.com/us/en/women/accessories/eyewear/sunglasses/medusa-medallion-sunglasses-black/O4473U-OGB18754_ONUL.html?dwvar_O4473U-OGB18754_color=ONUL,Medusa Medallion Sunglasses Black | VERSACE US,485.00,USD,jsonld_offer_price
versace,OGB18754,B_2024_2026,202408,20240804050537,https://web.archive.org/web/20240804050537/https://www.versace.com/us/en/women/accessories/eyewear/sunglasses/medusa-medallion-sunglasses-black/O4473U-OGB18754_ONUL.html,Medusa Medallion Sunglasses Black | VERSACE US,485.00,USD,jsonld_offer_price
versace,OGB18754,B_2024_2026,202409,20240930135851,https://web.archive.org/web/20240930135851/https://www.versace.com/us/en/women/accessories/eyewear/sunglasses/medusa-plaque-geometric-sunglasses-black/O4466U-OGB18754_ONUL.html,,,,no_price_found
versace,OGB18754,B_2024_2026,202410,20241005005717,https://web.archive.org/web/20241005005717/https://www.versace.com/us/es/mujer/accesorios/gafas/gafas-de-sol/gafas-de-sol-geometricas-medusa-plaque/O4466U-OGB18754_ONUL.html,Gafas de sol geométricas Medusa Plaque Negro | VERSACE,305.00,USD,jsonld_offer_price
versace,OGB18754,B_2024_2026,202504,20250428121240,https://web.archive.org/web/20250428121240/https://www.versace.com/us/en/men/accessories/eyewear/sunglasses/maxi-medusa-biggie-sunglasses-black/O4425U-OGB18754_RTU_TU_ONUL__.html,,,,no_price_found
versace,OGB18754,B_2024_2026,202506,20250619031247,https://web.archive.org/web/20250619031247/https://www.versace.com/us/en/men/accessories/eyewear/sunglasses/maxi-medusa-biggie-sunglasses-black/O4425U-OGB18754_ONUL.html?dwvar_O4425U-OGB18754__ONUL_color=ONUL,Maxi Medusa Biggie Sunglasses Black | VERSACE US,385.00,USD,jsonld_offer_price
versace,OGB18754,B_2024_2026,202507,20250716041324,https://web.archive.org/web/20250716041324/https://www.versace.com/us/en/men/accessories/eyewear/sunglasses/maxi-medusa-biggie-sunglasses-black/O4425U-OGB18754_ONUL.html,Maxi Medusa Biggie Sunglasses Black | VERSACE US,385.00,USD,jsonld_offer_price
versace,OGB18754,B_2024_2026,202508,20250825062402,https://web.archive.org/web/20250825062402/https://www.versace.com/us/en/men/accessories/eyewear/sunglasses/maxi-medusa-biggie-sunglasses-black/O4425U-OGB18754_ONUL.html,,,,fetch_failed
versace,OGB18754,B_2024_2026,202510,20251016225725,https://web.archive.org/web/20251016225725/https://www.versace.com/us/en/women/accessories/eyewear/sunglasses/greca-cat-eye-sunglasses-black-gold/O4501-OGB18754_ONUL.html,,,,no_price_found
versace,OGB18754,B_2024_2026,202512,20251210234609,https://web.archive.org/web/20251210234609/https://www.versace.com/us/en/women/accessories/eyewear/sunglasses/signature-squared-sunglasses-black/O4496U-OGB18754_RTU_TU_ONUL__.html,,,,no_price_found
versace,OGB18754,B_2024_2026,202601,20260102105914,https://web.archive.org/web/20260102105914/https://www.versace.com/us/en/women/accessories/eyewear/sunglasses/greca-cat-eye-sunglasses-black-gold/O4501-OGB18754_ONUL.html,,,,no_price_found
versace,OGB18754,B_2024_2026,202602,20260206090909,https://web.archive.org/web/20260206090909/https://www.versace.com/us/en/women/accessories/eyewear/sunglasses/greca-cat-eye-sunglasses-black-gold/O4501-OGB18754_ONUL.html,"Greca Cat-Eye Sunglasses Black,Gold | VERSACE US",385.00,USD,jsonld_offer_price
versace,OGB18752,A_2018_2020,201910,20191017051208,https://web.archive.org/web/20191017051208/https://www.versace.com/us/en-us/black-medusa-ares-stud-sunglasses/O4358-OGB18752.html?geoip=geoip,Black Medusa Ares Stud Sunglasses - Versace US,435.0,USD,meta_product_price
versace,OGB18752,A_2018_2020,201912,20191206185953,https://web.archive.org/web/20191206185953/https://www.versace.com/us/en-us/women/accessories/sunglasses/black-medusa-ares-stud-sunglasses-onul/O4358-OGB18752_ONUL.html,Versace Black Medusa Ares Stud Sunglasses for Women | US Online Store,435.0,USD,meta_product_price
versace,OGB18752,B_2024_2026,202408,20240813045608,https://web.archive.org/web/20240813045608/https://www.versace.com/us/en/women/accessories/eyewear/sunglasses/medusa-medallion-sunglasses-black/O4474U-OGB18752_ONUL.html?dwvar_O4474U-OGB18752_color=ONUL,Medusa Medallion Sunglasses Black | VERSACE US,485.00,USD,jsonld_offer_price
versace,OGB18752,B_2024_2026,202511,20251129050526,https://web.archive.org/web/20251129050526/https://www.versace.com/us/en/men/accessories/eyewear/sunglasses/signature-squared-sunglasses-black/O4486-OGB18752_RTU_TU_ONUL__.html,,,,no_price_found
versace,OGB18752,B_2024_2026,202602,20260206083859,https://web.archive.org/web/20260206083859/https://www.versace.com/us/en/men/accessories/eyewear/sunglasses/classic-top-sunglasses-black/O4464-OGB18752_ONUL.html,Classic Top Sunglasses Black | VERSACE US,346.00,USD,jsonld_offer_price
versace,SLUG:terms-and-conditions,A_2018_2020,201907,20190727092103,https://web.archive.org/web/20190727092103/https://www.versace.com/us/en-us/customer-care/terms-and-conditions.html,Purchase Conditions - Supplies and Services | Versace US,,,no_price_found
versace,SLUG:terms-and-conditions,A_2018_2020,201908,20190824022233,https://web.archive.org/web/20190824022233/https://www.versace.com/us/en-us/customer-care/terms-and-conditions.html,Purchase Conditions - Supplies and Services | Versace US,,,no_price_found
versace,SLUG:terms-and-conditions,A_2018_2020,202001,20200115180530,https://web.archive.org/web/20200115180530/https://www.versace.com/us/en-us/customer-care/terms-and-conditions.html,Purchase Conditions - Supplies and Services | Versace US,,,no_price_found
versace,SLUG:terms-and-conditions,A_2018_2020,202003,20200328221449,https://web.archive.org/web/20200328221449/https://www.versace.com/us/en-us/customer-care/terms-and-conditions.html,Purchase Conditions - Supplies and Services | Versace US,,,no_price_found
versace,SLUG:terms-and-conditions,B_2024_2026,202409,20240910132222,https://web.archive.org/web/20240910132222/https://www.versace.com/us/en/legal/terms-and-conditions.html?service=true,Versace Purchase Conditions - Supplies and Services | US Online Store,,,no_price_found
versace,SLUG:terms-and-conditions,B_2024_2026,202410,20241007203344,https://web.archive.org/web/20241007203344/https://www.versace.com/us/en/legal/terms-and-conditions.html,Versace Purchase Conditions - Supplies and Services | US Online Store,,,no_price_found
versace,SLUG:terms-and-conditions,B_2024_2026,202505,20250518190254,https://web.archive.org/web/20250518190254/https://www.versace.com/us/en/legal/terms-and-conditions.html?service=true,Versace Purchase Conditions - Supplies and Services | US Online Store,,,no_price_found
versace,SLUG:terms-and-conditions,B_2024_2026,202506,20250620174313,https://web.archive.org/web/20250620174313/https://www.versace.com/us/en/legal/terms-and-conditions.html,,,,no_price_found
versace,SLUG:terms-and-conditions,B_2024_2026,202509,20250916193748,https://web.archive.org/web/20250916193748/https://www.versace.com/us/en/legal/terms-and-conditions.html,Versace Purchase Conditions - Supplies and Services | US Online Store,,,no_price_found
versace,SLUG:terms-and-conditions,B_2024_2026,202510,20251022023103,https://web.archive.org/web/20251022023103/https://www.versace.com/us/en/legal/terms-and-conditions.html,,,,no_price_found
versace,SLUG:terms-and-conditions,B_2024_2026,202512,20251214140412,https://web.archive.org/web/20251214140412/https://www.versace.com/us/es/avisos-legales/terms-and-conditions.html,Versace - Términos y Condiciones | Tienda Online Oficial,,,no_price_found
versace,SLUG:terms-and-conditions,B_2024_2026,202601,20260130082403,https://web.archive.org/web/20260130082403/https://www.versace.com/us/en/legal/terms-and-conditions.html,,,,no_price_found
versace,SLUG:terms-and-conditions,B_2024_2026,202602,20260206083636,https://web.archive.org/web/20260206083636/https://www.versace.com/us/en/legal/terms-and-conditions.html?service=true,Versace Purchase Conditions - Supplies and Services | US Online Store,,,no_price_found
versace,SLUG:terms-and-conditions,B_2024_2026,202604,20260418194658,https://web.archive.org/web/20260418194658/https://www.versace.com/us/en/legal/terms-and-conditions.html,Versace Purchase Conditions - Supplies and Services | US Online Store,,,no_price_found
versace,SLUG:help-and-faqs,A_2018_2020,201911,20191115050943,https://web.archive.org/web/20191115050943/https://www.versace.com/us/en-us/customer-care/help-and-faqs.html,Versace Help & FAQ | US Online Store,,,no_price_found
versace,SLUG:help-and-faqs,A_2018_2020,202001,20200115170103,https://web.archive.org/web/20200115170103/https://www.versace.com/us/en-us/customer-care/help-and-faqs.html,Versace Help & FAQ | US Online Store,,,no_price_found
versace,SLUG:help-and-faqs,A_2018_2020,202003,20200328190758,https://web.archive.org/web/20200328190758/https://www.versace.com/us/en-us/customer-care/help-and-faqs.html,Versace Help & FAQ | US Online Store,,,no_price_found
versace,SLUG:help-and-faqs,B_2024_2026,202407,20240716032349,https://web.archive.org/web/20240716032349/https://www.versace.com/us/en/client-service/help-and-faqs.html?service=true,Versace Help & FAQ | US Online Store,,,no_price_found
versace,SLUG:help-and-faqs,B_2024_2026,202408,20240804044927,https://web.archive.org/web/20240804044927/https://www.versace.com/us/en/client-service/help-and-faqs.html,Versace Help & FAQ | US Online Store,,,no_price_found
versace,SLUG:help-and-faqs,B_2024_2026,202410,20241006124036,https://web.archive.org/web/20241006124036/https://www.versace.com/us/es/atencion-al-cliente/help-and-faqs.html?service=true,Versace - Asistencia y FAQ | Tienda Online Oficial,,,no_price_found
versace,SLUG:help-and-faqs,B_2024_2026,202504,20250417125059,https://web.archive.org/web/20250417125059/https://www.versace.com/us/en/client-service/help-and-faqs.html,,,,no_price_found
versace,SLUG:help-and-faqs,B_2024_2026,202505,20250520010244,https://web.archive.org/web/20250520010244/https://www.versace.com/us/en/client-service/help-and-faqs.html,Versace Help & FAQ | US Online Store,,,no_price_found
versace,SLUG:help-and-faqs,B_2024_2026,202508,20250806144359,https://web.archive.org/web/20250806144359/https://www.versace.com/us/en/client-service/help-and-faqs.html,Versace Help & FAQ | US Online Store,,,no_price_found
versace,SLUG:help-and-faqs,B_2024_2026,202510,20251017050047,https://web.archive.org/web/20251017050047/https://www.versace.com/us/en/client-service/help-and-faqs.html,,,,no_price_found
versace,SLUG:help-and-faqs,B_2024_2026,202601,20260102024929,https://web.archive.org/web/20260102024929/https://www.versace.com/us/es/atencion-al-cliente/help-and-faqs.html,,,,no_price_found
versace,SLUG:help-and-faqs,B_2024_2026,202602,20260203022814,https://web.archive.org/web/20260203022814/https://www.versace.com/us/es/atencion-al-cliente/help-and-faqs.html,,,,no_price_found
versace,SLUG:djmt-l-kot,A_2018_2020,201908,20190823181817,https://web.archive.org/web/20190823181817/https://www.versace.com/us/en-us/medusa-chain-bracelet-kot/DG06996-DJMT_DG0_L_KOT__.html,Versace Medusa Chain Bracelet for Men | US Online Store,625.0,USD,meta_product_price
versace,SLUG:djmt-l-kot,A_2018_2020,201912,20191210135206,https://web.archive.org/web/20191210135206/https://www.versace.com/us/en-us/medusa-chain-bracelet-kot/DG06996-DJMT_DG0_L_KOT__.html,Versace Medusa Chain Bracelet for Men | US Online Store,595.0,USD,meta_product_price
versace,SLUG:djmt-l-kot,B_2024_2026,202507,20250719113905,https://web.archive.org/web/20250719113905/https://www.versace.com/us/en/women/fashion-jewelry/bracelets/medusa-chain-bracelet-gold/DG06996-DJMT_DG0_L_KOT__.html,Medusa Chain Bracelet Gold | VERSACE US,725.00,USD,jsonld_offer_price
versace,SLUG:djmt-l-kot,B_2024_2026,202508,20250819053557,https://web.archive.org/web/20250819053557/https://www.versace.com/us/en/women/fashion-jewelry/bracelets/medusa-chain-bracelet-gold/DG06996-DJMT_DG0_L_KOT__.html,,,,no_price_found
versace,SLUG:djmt-l-kot,B_2024_2026,202509,20250909071641,https://web.archive.org/web/20250909071641/https://www.versace.com/us/en/women/fashion-jewelry/bracelets/medusa-chain-bracelet-gold/DG06996-DJMT_DG0_L_KOT__.html,,,,no_price_found
versace,SLUG:order-and-shipping,A_2018_2020,202001,20200115180150,https://web.archive.org/web/20200115180150/https://www.versace.com/us/en-us/customer-care/order-and-shipping.html,Orders and Shipping Information | Versace US,,,no_price_found
versace,SLUG:order-and-shipping,A_2018_2020,202003,20200328183253,https://web.archive.org/web/20200328183253/https://www.versace.com/us/en-us/customer-care/order-and-shipping.html,Orders and Shipping Information | Versace US,,,no_price_found
versace,SLUG:order-and-shipping,B_2024_2026,202410,20241003104434,https://web.archive.org/web/20241003104434/https://www.versace.com/us/en/client-service/order-and-shipping.html?service=true,Versace Orders and Shipping Information | US Online Store,,,no_price_found
versace,SLUG:order-and-shipping,B_2024_2026,202411,20241109235540,https://web.archive.org/web/20241109235540/https://www.versace.com/us/es/atencion-al-cliente/order-and-shipping.html?service=true,Versace - Informaciones sobre Pedidos y Envíos | Tienda Online Oficial,,,no_price_found
versace,SLUG:order-and-shipping,B_2024_2026,202412,20241202024248,https://web.archive.org/web/20241202024248/https://www.versace.com/us/en/client-service/order-and-shipping.html,,,,no_price_found
versace,SLUG:order-and-shipping,B_2024_2026,202504,20250416180200,https://web.archive.org/web/20250416180200/https://www.versace.com/us/en/client-service/order-and-shipping.html,,,,no_price_found
versace,SLUG:order-and-shipping,B_2024_2026,202505,20250514233917,https://web.archive.org/web/20250514233917/https://www.versace.com/us/en/client-service/order-and-shipping.html,Versace Orders and Shipping Information | US Online Store,,,no_price_found
versace,SLUG:order-and-shipping,B_2024_2026,202506,20250617082257,https://web.archive.org/web/20250617082257/https://www.versace.com/us/en/client-service/order-and-shipping.html,,,,no_price_found
versace,SLUG:order-and-shipping,B_2024_2026,202511,20251122235857,https://web.archive.org/web/20251122235857/https://www.versace.com/us/en/client-service/order-and-shipping.html,,,,fetch_failed
versace,SLUG:order-and-shipping,B_2024_2026,202512,20251212161620,https://web.archive.org/web/20251212161620/https://www.versace.com/us/en/client-service/order-and-shipping.html,Versace Orders and Shipping Information | US Online Store,,,no_price_found
versace,SLUG:order-and-shipping,B_2024_2026,202601,20260128022934,https://web.archive.org/web/20260128022934/https://www.versace.com/us/es/atencion-al-cliente/order-and-shipping.html,,,,no_price_found
versace,SLUG:order-and-shipping,B_2024_2026,202602,20260202094149,https://web.archive.org/web/20260202094149/https://www.versace.com/us/en/client-service/order-and-shipping.html,,,,no_price_found
versace,SLUG:return-and-refunds,A_2018_2020,202001,20200115180426,https://web.archive.org/web/20200115180426/https://www.versace.com/us/en-us/customer-care/return-and-refunds.html,Returns and Refunds Information | Versace US,,,no_price_found
versace,SLUG:return-and-refunds,A_2018_2020,202003,20200328194314,https://web.archive.org/web/20200328194314/https://www.versace.com/us/en-us/customer-care/return-and-refunds.html,Returns and Refunds Information | Versace US,,,no_price_found
versace,SLUG:return-and-refunds,B_2024_2026,202409,20240920231805,https://web.archive.org/web/20240920231805/https://www.versace.com/us/en/client-service/return-and-refunds.html,Versace Returns and Refunds Information | US Online Store,,,no_price_found
versace,SLUG:return-and-refunds,B_2024_2026,202410,20241007203516,https://web.archive.org/web/20241007203516/https://www.versace.com/us/en/client-service/return-and-refunds.html?service=true,Versace Returns and Refunds Information | US Online Store,,,no_price_found
versace,SLUG:return-and-refunds,B_2024_2026,202504,20250407070054,https://web.archive.org/web/20250407070054/https://www.versace.com/us/en/client-service/return-and-refunds.html,,,,no_price_found
versace,SLUG:return-and-refunds,B_2024_2026,202505,20250504154535,https://web.archive.org/web/20250504154535/https://www.versace.com/us/en/client-service/return-and-refunds.html,,,,no_price_found
versace,SLUG:return-and-refunds,B_2024_2026,202507,20250730192417,https://web.archive.org/web/20250730192417/https://www.versace.com/us/en/client-service/return-and-refunds.html,,,,no_price_found
versace,SLUG:return-and-refunds,B_2024_2026,202508,20250803071139,https://web.archive.org/web/20250803071139/https://www.versace.com/us/en/client-service/return-and-refunds.html,Versace Returns and Refunds Information | US Online Store,,,no_price_found
versace,SLUG:return-and-refunds,B_2024_2026,202509,20250916222309,https://web.archive.org/web/20250916222309/https://www.versace.com/us/en/client-service/return-and-refunds.html,,,,no_price_found
versace,SLUG:return-and-refunds,B_2024_2026,202510,20251001131622,https://web.archive.org/web/20251001131622/https://www.versace.com/us/en/client-service/return-and-refunds.html,,,,no_price_found
versace,SLUG:return-and-refunds,B_2024_2026,202511,20251117154436,https://web.archive.org/web/20251117154436/https://www.versace.com/us/en/client-service/return-and-refunds.html?service=true,Versace Returns and Refunds Information | US Online Store,,,no_price_found
versace,SLUG:return-and-refunds,B_2024_2026,202512,20251213114756,https://web.archive.org/web/20251213114756/https://www.versace.com/us/en/client-service/return-and-refunds.html,,,,no_price_found
versace,SLUG:return-and-refunds,B_2024_2026,202601,20260105043610,https://web.archive.org/web/20260105043610/https://www.versace.com/us/en/client-service/return-and-refunds.html,,,,no_price_found
versace,SLUG:return-and-refunds,B_2024_2026,202602,20260206085148,https://web.archive.org/web/20260206085148/https://www.versace.com/us/en/client-service/return-and-refunds.html,Versace Returns and Refunds Information | US Online Store,,,no_price_found
versace,SLUG:return-and-refunds,B_2024_2026,202604,20260427234825,https://web.archive.org/web/20260427234825/https://www.versace.com/us/en/client-service/return-and-refunds.html,,,,fetch_failed
