brand,product_code,window,month,snapshot_timestamp,snapshot_url,page_title,price,currency,method
levi,723340134,A_2018_2020,201801,20180128145908,https://web.archive.org/web/20180128145908/http://www.levi.com:80/US/en_US/c/p/723340134?,The Trucker Jacket | Rinse |Levi's® United States (US),98.00,USD,meta_product_price+usd_from_us_site_url
levi,723340134,A_2018_2020,201802,20180211012118,https://web.archive.org/web/20180211012118/http://www.levi.com:80/US/en_US/mens-clothing-jackets/p/723340134?,The Trucker Jacket | Rinse |Levi's® United States (US),89.50,USD,meta_product_price+usd_from_us_site_url
levi,723340134,A_2018_2020,201803,20180302063030,https://web.archive.org/web/20180302063030/http://www.levi.com:80/US/en_US/c/p/723340134?,The Trucker Jacket | Rinse |Levi's® United States (US),89.50,USD,meta_product_price+usd_from_us_site_url
levi,723340134,A_2018_2020,201809,20180927073448,https://web.archive.org/web/20180927073448/http://www.levi.com/US/en_US/mens-clothing-jackets/p/723340134?clickid=&irgwc=1&camp=IR_10078_366459,US Levi.com Maintenance Page,,,no_price_found
levi,723340134,A_2018_2020,201908,20190803103033,https://web.archive.org/web/20190803103033/https://www.levi.com/US/en_US/clothing/men/outerwear/trucker-jacket/p/723340134,Trucker Jacket - Dark Wash | Levi's® US,69.99,USD,jsonld_offer_price
levi,723340134,A_2018_2020,201909,20190922140953,https://web.archive.org/web/20190922140953/https://www.levi.com/US/en_US/clothing/men/outerwear/trucker-jacket/p/723340134,Trucker Jacket - Dark Wash | Levi's® US,69.99,USD,jsonld_offer_price
levi,723340134,A_2018_2020,201912,20191211105147,https://web.archive.org/web/20191211105147/https://www.levi.com/US/en_US/clothing/men/outerwear/trucker-jacket/p/723340134,Trucker Jacket - Dark Wash | Levi's® US,89.5,USD,jsonld_offer_price
levi,723340134,A_2018_2020,202003,20200327134552,https://web.archive.org/web/20200327134552/https://www.levi.com/US/en_US/clothing/men/outerwear/trucker-jacket/p/723340134,Trucker Jacket - Dark Wash | Levi's® US,89.5,USD,jsonld_offer_price
levi,723340134,B_2024_2026,202503,20250315184637,https://web.archive.org/web/20250315184637/https://www.levi.com/US/en_US/mens-clothing-jackets/p/723340134,,,,no_price_found
levi,723340134,B_2024_2026,202504,20250428140412,https://web.archive.org/web/20250428140412/https://www.levi.com/US/en_US/clothing/men/outerwear/trucker-jacket/p/723340134,,,,no_price_found
levi,723340134,B_2024_2026,202505,20250506171700,https://web.archive.org/web/20250506171700/https://www.levi.com/US/en_US/clothing/men/outerwear/trucker-jacket/p/723340134?srsltid=AfmBOopxokHW91zHo3TvdUyYTsou7gvHG7RvBOwEWO1ww0dEAYAzkdS-pF0&gQT=2,,,,no_price_found
levi,723340134,B_2024_2026,202507,20250721052332,https://web.archive.org/web/20250721052332/https://www.levi.com/US/en_US/clothing/men/outerwear/trucker-jacket/p/723340134?utm_term=UCNFVl0Sp2AN0d2uALmaOarg&utm_medium=product_shelf&utm_source=youtube&srsltid=AfmBOopT-rR_OuozQSP8Sik6Oc8Ykollo863fXvNBgIqUaITSOjGF0XELJE&utm_content=YT3-2C9xpg-rMA26wI_LE6ePrix0aaNsQC7_YEvL-ycnODoQPbM2nR_dF9Z9x5y5z1YBWh_nlt0C__uHEga9b1KoA7zi,,,,no_price_found
levi,723340134,B_2024_2026,202508,20250830064949,https://web.archive.org/web/20250830064949/https://www.levi.com/US/en_US/clothing/men/outerwear/trucker-jacket/p/723340134,,,,fetch_failed
levi,723340134,B_2024_2026,202509,20250907035134,https://web.archive.org/web/20250907035134/https://www.levi.com/US/en_US/clothing/men/outerwear/trucker-jacket/p/723340134,,,,no_price_found
levi,723340134,B_2024_2026,202511,20251114123134,https://web.archive.org/web/20251114123134/https://www.levi.com/US/en_US/clothing/men/outerwear/trucker-jacket/p/723340134?srsltid=AfmBOopxokHW91zHo3TvdUyYTsou7gvHG7RvBOwEWO1ww0dEAYAzkdS-pF0,,,,no_price_found
levi,723340134,B_2024_2026,202601,20260103214834,https://web.archive.org/web/20260103214834/https://www.levi.com/US/en_US/clothing/men/outerwear/trucker-jacket/p/723340134,,,,no_price_found
levi,723340134,B_2024_2026,202605,20260520223202,https://web.archive.org/web/20260520223202/https://www.levi.com/US/en_US/clothing/men/outerwear/trucker-jacket/p/723340134?utm_source=google&utm_medium=cpc&adpos=&camp=PLA*EC*US*EN*18071339178*PMAX*goog*&gad_source=1&gad_campaignid=18072507802&gbraid=0AAAAAC-PMYXo1uUSY4R7WB5tQByIf3qPp&gclid=Cj0KCQjwvajDBhCNARIsAEE29WqG6K9NG7qoyrSs5kLmi2KVZHVq7QGlaycNbxxGHvtI0aoXfrucIgEaAp_OEALw_wcB,Trucker Jacket - Dark Wash | Levi's® US,62.97,USD,jsonld_offer_price
levi,723340130,A_2018_2020,201801,20180129102450,https://web.archive.org/web/20180129102450/http://www.levi.com:80/US/en_US/c/p/723340130,The Trucker Jacket | Medium Stonewash |Levi's® United States (US),98.00,USD,meta_product_price+usd_from_us_site_url
levi,723340130,A_2018_2020,201803,20180302201637,https://web.archive.org/web/20180302201637/http://www.levi.com:80/US/en_US/c/p/723340130,The Trucker Jacket | Medium Stonewash |Levi's® United States (US),89.50,USD,meta_product_price+usd_from_us_site_url
levi,723340130,A_2018_2020,201808,20180823173904,https://web.archive.org/web/20180823173904/https://www.levi.com/US/en_US/clothing/men/outerwear/trucker-jacket/p/723340130,Trucker Jacket - Medium Wash | Levi's® US,69.99,USD,jsonld_offer_price
levi,723340130,A_2018_2020,201903,20190315085841,https://web.archive.org/web/20190315085841/https://www.levi.com/US/en_US/clothing/men/outerwear/trucker-jacket/p/723340130,Trucker Jacket - Medium Wash | Levi's® US,69.99,USD,jsonld_offer_price
levi,723340130,A_2018_2020,201911,20191101234924,https://web.archive.org/web/20191101234924/https://www.levi.com/US/en_US/clothing/men/outerwear/trucker-jacket/p/723340130,Trucker Jacket - Medium Wash | Levi's® US,89.5,USD,jsonld_offer_price
levi,723340130,A_2018_2020,201912,20191202201738,https://web.archive.org/web/20191202201738/https://www.levi.com/US/en_US/clothing/men/outerwear/trucker-jacket/p/723340130,Trucker Jacket - Medium Wash | Levi's® US,89.5,USD,jsonld_offer_price
levi,723340130,A_2018_2020,202003,20200318170718,https://web.archive.org/web/20200318170718/https://www.levi.com/US/en_US/clothing/men/outerwear/trucker-jacket/p/723340130,Trucker Jacket - Medium Wash | Levi's® US,69.99,USD,jsonld_offer_price
levi,723340130,B_2024_2026,202406,20240604171441,https://web.archive.org/web/20240604171441/https://www.levi.com/US/en_US/clothing/men/outerwear/trucker-jacket/p/723340130,Trucker Jacket - Medium Wash | Levi's® US,62.65,USD,jsonld_offer_price
levi,723340130,B_2024_2026,202408,20240827232532,https://web.archive.org/web/20240827232532/https://www.levi.com/US/en_US/clothing/men/outerwear/trucker-jacket/p/723340130?utm_source=google&utm_medium=cpc&adpos=&camp=PLA*EC*US*EN*18071339178*PMAX*goog*&gad_source=1&gclid=CjwKCAjw8rW2BhAgEiwAoRO5rAtdosoP5q3qONA5pjoyTmFvihKat4Iv0HodhfBZGxnBBIknHyjOeRoCf_8QAvD_BwE&camp=AFF_DR_Levis_EU_Rakuten___Skimlinks.com_____2116208_____10&ranMID=53154&ranEAID=TnL5HPStwNw&ranSiteID=TnL5HPStwNw-9HY7ZBLhWWBcbXy1tlBDXg,Trucker Jacket - Medium Wash | Levi's® US,58.98,USD,jsonld_offer_price
levi,723340130,B_2024_2026,202409,20240912000349,https://web.archive.org/web/20240912000349/https://www.levi.com/US/en_US/clothing/men/outerwear/trucker-jacket/p/723340130,Trucker Jacket - Medium Wash | Levi's® US,58.98,USD,jsonld_offer_price
levi,723340130,B_2024_2026,202411,20241121033839,https://web.archive.org/web/20241121033839/https://www.levi.com/US/en_US/clothing/men/outerwear/trucker-jacket/p/723340130,,,,no_price_found
levi,723340130,B_2024_2026,202501,20250119133956,https://web.archive.org/web/20250119133956/https://www.levi.com/US/en_US/best-sellers/men/trucker-jacket/p/723340130,Trucker Jacket - Medium Wash | Levi's® US,58.98,USD,jsonld_offer_price
levi,723340130,B_2024_2026,202502,20250202153345,https://web.archive.org/web/20250202153345/https://www.levi.com/US/en_US/Clothing/Men/Outerwear/Trucker-Jacket/p/723340130,,,,no_price_found
levi,723340130,B_2024_2026,202507,20250724150818,https://web.archive.org/web/20250724150818/https://www.levi.com/US/en_US/clothing/men/outerwear/trucker-jacket/p/723340130?srsltid=AfmBOoolqq_FqD6j-9EfvrguLfNhL6wgJO1DFCwAGBx9aGYbJdjR6Llgl9E&utm_content=YT3-7dEHOQ72d3rml1umW8SLSm-E04hwm_UzCCacJsWJ0L9OcrM-wEIAVyV4WQC14EYAZvhLBJaIOTv_moIJDfky7QGv&utm_term=UCNFVl0Sp2AN0d2uALmaOarg&utm_medium=product_shelf&utm_source=youtube,,,,no_price_found
levi,723340130,B_2024_2026,202511,20251116182334,https://web.archive.org/web/20251116182334/https://www.levi.com/US/en_US/clothing/men/outerwear/trucker-jacket/p/723340130?srsltid=AfmBOoq4p9R8QY00rgvi0oEDE57w5T0t-yQ3tZBsG0X9_txqvujv3QqJ,,,,fetch_failed
levi,723340130,B_2024_2026,202602,20260213004706,https://web.archive.org/web/20260213004706/https://www.levi.com/US/en_US/clothing/unisex/outerwear/jean-jackets-truckers/trucker-jacket/p/723340130?utm_source=google&utm_medium=cpc&adpos=&camp=PLA*EC*US*EN*18071339178*PMAX*goog*&gclid=Cj0KCQiAx6ugBhCcARIsAGNmMbh-EvpyfOcBqcOdClPZnUtAg-EplPhxXesDEyNs4lPbzwQqbb5Sm8AaAr6IEALw_wcB,Trucker Jacket - Medium Wash | Levi's® US,58.98,USD,jsonld_offer_price
levi,723340130,B_2024_2026,202605,20260510030915,https://web.archive.org/web/20260510030915/https://www.levi.com/US/en_US/mens-clothing-jackets/p/723340130,Trucker Jacket - Medium Wash | Levi's® US,34.97,USD,jsonld_offer_price
levi,005010115,A_2018_2020,201802,20180205020110,https://web.archive.org/web/20180205020110/http://www.levi.com:80/US/en_US/mens-jeans/p/005010115?,Dark Blue Button Fly 501® Jeans for Men | Levi's®,69.50,USD,meta_product_price+usd_from_us_site_url
levi,005010115,A_2018_2020,201803,20180308211110,https://web.archive.org/web/20180308211110/http://www.levi.com:80/US/en_US/mens-jeans/p/005010115?,Dark Blue Button Fly 501® Jeans for Men | Levi's®,59.50,USD,meta_product_price+usd_from_us_site_url
levi,005010115,A_2018_2020,201908,20190819162044,https://web.archive.org/web/20190819162044/https://www.levi.com/US/en_US/clothing/men/jeans/501-original-fit-mens-jeans/p/005010115,501® Original Fit Men's Jeans - Dark Wash | Levi's® US,39.99,USD,jsonld_offer_price
levi,005010115,A_2018_2020,201909,20190922162600,https://web.archive.org/web/20190922162600/https://www.levi.com/US/en_US/clothing/men/jeans/501-original-fit-mens-jeans/p/005010115,501® Original Fit Men's Jeans - Dark Wash | Levi's® US,49.99,USD,jsonld_offer_price
levi,005010115,A_2018_2020,201910,20191009155528,https://web.archive.org/web/20191009155528/https://www.levi.com/US/en_US/clothing/men/jeans/501-original-fit-mens-jeans/p/005010115,501® Original Fit Men's Jeans - Dark Wash | Levi's® US,35.7,USD,jsonld_offer_price
levi,005010115,A_2018_2020,201912,20191217145845,https://web.archive.org/web/20191217145845/https://www.levi.com/US/en_US/clothing/men/jeans/501-original-fit-mens-jeans/p/005010115,501® Original Fit Men's Jeans - Dark Wash | Levi's® US,59.5,USD,jsonld_offer_price
levi,005010115,A_2018_2020,202001,20200114160103,https://web.archive.org/web/20200114160103/https://www.levi.com/US/en_US/clothing/men/jeans/501-original-fit-mens-jeans/p/005010115,501® Original Fit Men's Jeans - Dark Wash | Levi's® US,59.5,USD,jsonld_offer_price
levi,005010115,B_2024_2026,202409,20240914151820,https://web.archive.org/web/20240914151820/https://www.levi.com/US/en_US/clothing/men/jeans/straight/501-original-fit-mens-jeans/p/005010115?Division=EC&Country=US&Language=EN&camp=rak&Targeting=10&Time=2024-09-13T23%3A02%3A22Z&ranMID=53220&ranEAID=Fr%2F49%2F7rhGg&ranSiteID=Fr_49_7rhGg-5koMJ.CxEfKglkAuZ6YNvA,501® Original Fit Men's Jeans - Dark Wash | Levi's® US,79.5,USD,jsonld_offer_price
levi,005010115,B_2024_2026,202410,20241007102934,https://web.archive.org/web/20241007102934/https://www.levi.com/US/en_US/clothing/men/jeans/straight/501-original-fit-mens-jeans/p/005010115,501® Original Fit Men's Jeans - Dark Wash | Levi's® US,79.5,USD,jsonld_offer_price
levi,005010115,B_2024_2026,202412,20241205033652,https://web.archive.org/web/20241205033652/https://www.levi.com/US/en_US/clothing/men/jeans/straight/501-original-fit-mens-jeans/p/005010115,,,,no_price_found
levi,005010115,B_2024_2026,202501,20250125001935,https://web.archive.org/web/20250125001935/https://www.levi.com/US/en_US/clothing/men/jeans/straight/501-original-fit-mens-jeans/p/005010115,,,,no_price_found
levi,005010115,B_2024_2026,202503,20250320012115,https://web.archive.org/web/20250320012115/https://www.levi.com/US/en_US/clothing/men/jeans/straight/501-original-fit-mens-jeans/p/005010115?srsltid=AfmBOopndyQnzMa4HSZ4i3LBDhlQEm_afbkQmQc5-7YYIa3aThO8bkCCIXM,501® Original Fit Men's Jeans - Dark Wash | Levi's® US,55.65,USD,jsonld_offer_price
levi,005010115,B_2024_2026,202504,20250426103900,https://web.archive.org/web/20250426103900/https://www.levi.com/US/en_US/clothing/men/jeans/straight/501-original-fit-mens-jeans/p/005010115,,,,no_price_found
levi,005010115,B_2024_2026,202505,20250505061214,https://web.archive.org/web/20250505061214/https://www.levi.com/US/en_US/clothing/men/jeans/straight/501-original-fit-mens-jeans/p/005010115,,,,no_price_found
levi,005010115,B_2024_2026,202507,20250727121551,https://web.archive.org/web/20250727121551/https://www.levi.com/US/en_US/clothing/men/jeans/straight/501-original-fit-mens-jeans/p/005010115,,,,no_price_found
levi,005010115,B_2024_2026,202509,20250912151024,https://web.archive.org/web/20250912151024/https://www.levi.com/US/en_US/clothing/men/jeans/straight/501-original-fit-mens-jeans/p/005010115,,,,no_price_found
levi,005010115,B_2024_2026,202510,20251006210213,https://web.archive.org/web/20251006210213/https://www.levi.com/US/en_US/mens-jeans/p/005010115,,,,fetch_failed
levi,005010115,B_2024_2026,202511,20251115004113,https://web.archive.org/web/20251115004113/https://www.levi.com/US/en_US/clothing/men/jeans/straight/501-original-fit-mens-jeans/p/005010115,,,,no_price_found
levi,005010115,B_2024_2026,202512,20251211020458,https://web.archive.org/web/20251211020458/https://www.levi.com/US/en_US/mens-jeans/p/005010115,,,,no_price_found
levi,005010115,B_2024_2026,202605,20260518174707,https://web.archive.org/web/20260518174707/https://www.levi.com/US/en_US/clothing/men/jeans/straight/501-original-fit-mens-jeans/p/005010115,501® Original Men's Jeans - Dark Wash | Levi's® US,84.95,USD,jsonld_offer_price
levi,005054886,A_2018_2020,201802,20180227233654,https://web.archive.org/web/20180227233654/http://www.levi.com:80/US/en_US/p/005054886?,Dark Blue Stone Washed 505™ Jeans for Men | Levi's®,59.50,USD,meta_product_price+usd_from_us_site_url
levi,005054886,A_2018_2020,201803,20180303225640,https://web.archive.org/web/20180303225640/http://www.levi.com:80/US/en_US/mens-jeans/p/005054886/?,Dark Blue Stone Washed 505™ Jeans for Men | Levi's®,59.50,USD,meta_product_price+usd_from_us_site_url
levi,005054886,A_2018_2020,201810,20181005141125,https://web.archive.org/web/20181005141125/https://www.levi.com/US/en_US/clothing/men/jeans/505-regular-fit-jeans/p/005054886,505™ Regular Fit Jeans - Dark Wash | Levi's® US,36.99,USD,jsonld_offer_price
levi,005054886,A_2018_2020,201901,20190105202609,https://web.archive.org/web/20190105202609/https://www.levi.com/US/en_US/clothing/men/jeans/505-regular-fit-jeans/p/005054886,505™ Regular Fit Jeans - Dark Wash | Levi's® US,59.5,USD,jsonld_offer_price
levi,005054886,A_2018_2020,202002,20200215114249,https://web.archive.org/web/20200215114249/https://www.levi.com/US/en_US/clothing/men/jeans/505-regular-fit-mens-jeans/p/005054886,,,,fetch_failed
levi,005054886,B_2024_2026,202502,20250210231605,https://web.archive.org/web/20250210231605/https://www.levi.com/US/en_US/p/005054886,Dark Blue Stone Washed 505™ Jeans for Men | Levi's®,59.50,USD,meta_product_price+usd_from_us_site_url
levi,005054886,B_2024_2026,202503,20250320145509,https://web.archive.org/web/20250320145509/https://www.levi.com/US/en_US/jeans-by-fit-number/men/jeans/505/505-regular-fit-mens-jeans/p/005054886?srsltid=AfmBOoqQ9eH7MLch1iXyF3aca9KzYb81wWzFRfCICpVdFnRjSnM3kZVrvJg,505™ Regular Fit Men's Jeans - Dark Wash | Levi's® US,59.99,USD,jsonld_offer_price
levi,005054886,B_2024_2026,202504,20250426044036,https://web.archive.org/web/20250426044036/https://www.levi.com/US/en_US/jeans-by-fit-number/men/jeans/505TM/505TM-regular-fit-mens-jeans/p/005054886,,,,no_price_found
levi,005054886,B_2024_2026,202505,20250515181300,https://web.archive.org/web/20250515181300/https://www.levi.com/US/en_US/jeans-by-fit-number/men/jeans/505/505-regular-fit-mens-jeans/p/005054886?srsltid=AfmBOoomP_R9FhadUqZk-b_JtAV8lWsqt01xLUvkqR59TFz9T-J7L5AQMYE,505™ Regular Fit Men's Jeans - Dark Wash | Levi's® US,69.5,USD,jsonld_offer_price
levi,005054886,B_2024_2026,202507,20250709070406,https://web.archive.org/web/20250709070406/https://www.levi.com/US/en_US/jeans-by-fit-number/men/jeans/505/505-regular-fit-mens-jeans/p/005054886,,,,no_price_found
levi,005054886,B_2024_2026,202512,20251205034321,https://web.archive.org/web/20251205034321/https://www.levi.com/US/en_US/jeans-by-fit-number/men/jeans/505TM/505TM-regular-fit-mens-jeans/p/005054886,,,,fetch_failed
levi,005054886,B_2024_2026,202602,20260209204855,https://web.archive.org/web/20260209204855/https://www.levi.com/US/en_US/jeans-by-fit-number/men/jeans/505TM/505TM-regular-fit-mens-jeans/p/005054886,505™ Regular Fit Men's Jeans - Dark Wash | Levi's® US,74.95,USD,jsonld_offer_price
levi,005054886,B_2024_2026,202603,20260313195300,https://web.archive.org/web/20260313195300/https://www.levi.com/US/en_US/jeans-by-fit-number/men/jeans/505TM/505TM-regular-mens-jeans/p/005054886,,,,no_price_found
levi,005054886,B_2024_2026,202604,20260411022243,https://web.archive.org/web/20260411022243/https://www.levi.com/US/en_US/jeans-by-fit-number/men/jeans/505TM/505TM-regular-mens-jeans/p/005054886,,,,no_price_found
levi,005054891,A_2018_2020,201801,20180101075349,https://web.archive.org/web/20180101075349/http://www.levi.com:80/US/en_US/mens-jeans/p/005054891?bvrrp=9090-en_us/reviews/product/2/005054891.htm,505™ Regular Fit Jeans | Medium Stonewash |Levi's® United States (US),59.50,USD,meta_product_price+usd_from_us_site_url
levi,005054891,A_2018_2020,201802,20180201035843,https://web.archive.org/web/20180201035843/http://www.levi.com:80/US/en_US/mens-jeans/p/005054891?,505™ Regular Fit Jeans | Medium Stonewash |Levi's® United States (US),59.50,USD,meta_product_price+usd_from_us_site_url
levi,005054891,A_2018_2020,201908,20190810030954,https://web.archive.org/web/20190810030954/https://www.levi.com/US/en_US/clothing/men/jeans/505-regular-fit-mens-jeans/p/005054891,505™ Regular Fit Men's Jeans - Medium Wash | Levi's® US,39.99,USD,jsonld_offer_price
levi,005054891,A_2018_2020,201911,20191109115506,https://web.archive.org/web/20191109115506/https://www.levi.com/US/en_US/clothing/men/jeans/505-regular-fit-mens-jeans/p/005054891,505™ Regular Fit Men's Jeans - Medium Wash | Levi's® US,59.5,USD,jsonld_offer_price
levi,005054891,A_2018_2020,201912,20191224233020,https://web.archive.org/web/20191224233020/https://www.levi.com/US/en_US/clothing/men/jeans/505-regular-fit-mens-jeans/p/005054891,,,,fetch_failed
levi,005054891,B_2024_2026,202406,20240604122309,https://web.archive.org/web/20240604122309/https://www.levi.com/US/en_US/clothing/men/jeans/505-regular-fit-mens-jeans/p/005054891,505™ Regular Fit Men's Jeans - Medium Wash | Levi's® US,39.99,USD,jsonld_offer_price
levi,005054891,B_2024_2026,202407,20240717131748,https://web.archive.org/web/20240717131748/https://www.levi.com/US/en_US/p/005054891,505™ Regular Fit Men's Jeans - Medium Wash | Levi's® US,69.5,USD,jsonld_offer_price
levi,005054891,B_2024_2026,202409,20240924212213,https://web.archive.org/web/20240924212213/https://www.levi.com/US/en_US/jeans-by-fit-number/men/jeans/505/505-regular-fit-mens-jeans/p/005054891?utm_source=google&utm_medium=cpc&adpos=&camp=PLA*EC*US*EN*17004636363*PMAX*goog*&gad_source=1&gbraid=0AAAAAC-PMYXz7aoLaVD_KZ7uvg5pQPlPX&gclid=Cj0KCQjwxsm3BhDrARIsAMtVz6NgID049I4gG-_Gj0fr11RVe6DLZNtdcSaumtEZXmk0_WE64p9yQcUaAgJ-EALw_wcB,505™ Regular Fit Men's Jeans - Medium Wash | Levi's® US,48.65,USD,jsonld_offer_price
levi,005054891,B_2024_2026,202410,20241012054157,https://web.archive.org/web/20241012054157/https://www.levi.com/US/en_US/jeans-by-fit-number/men/jeans/505/505-regular-fit-mens-jeans/p/005054891?utm_source=affiliate&Division=EC&Country=CA&Language=EN&camp=rak&Targeting=10&Time=2024-10-12T05%3A41%3A44Z&ranMID=53219&ranEAID=TnL5HPStwNw&ranSiteID=TnL5HPStwNw-nB7TInW1P_I1J0Zl5TKqwQ,505™ Regular Fit Men's Jeans - Medium Wash | Levi's® US,39.99,USD,jsonld_offer_price
levi,005054891,B_2024_2026,202412,20241213060948,https://web.archive.org/web/20241213060948/https://www.levi.com/US/en_US/jeans-by-fit-number/men/jeans/505/505-regular-fit-mens-jeans/p/005054891,505™ Regular Fit Men's Jeans - Medium Wash | Levi's® US,48.65,USD,jsonld_offer_price
levi,005054891,B_2024_2026,202501,20250119125840,https://web.archive.org/web/20250119125840/https://www.levi.com/US/en_US/apparel/clothing/bottoms/505-regular-fit-mens-jeans/p/005054891,,,,fetch_failed
levi,005054891,B_2024_2026,202502,20250217065437,https://web.archive.org/web/20250217065437/https://www.levi.com/US/en_US/jeans-by-fit-number/men/jeans/505/505-regular-fit-mens-jeans/p/005054891?srsltid=AfmBOoq7zmGMDNDNBRUZwGXrjJfwxwRYujghjZ7eqYJEKXAgbE9666AtWhE,505™ Regular Fit Men's Jeans - Medium Wash | Levi's® US,41.7,USD,jsonld_offer_price
levi,005054891,B_2024_2026,202504,20250426044035,https://web.archive.org/web/20250426044035/https://www.levi.com/US/en_US/jeans-by-fit-number/men/jeans/505TM/505TM-regular-fit-mens-jeans/p/005054891,,,,no_price_found
levi,005054891,B_2024_2026,202505,20250517062320,https://web.archive.org/web/20250517062320/https://www.levi.com/US/en_US/jeans-by-fit-number/men/jeans/505/505-regular-fit-mens-jeans/p/005054891?srsltid=AfmBOoqwiHnPHX_WGjzoMny0aDNRYdeY-K24a68egBqa91ao-3O3G8QPwco,505™ Regular Fit Men's Jeans - Medium Wash | Levi's® US,69.5,USD,jsonld_offer_price
levi,005054891,B_2024_2026,202506,20250629015529,https://web.archive.org/web/20250629015529/https://www.levi.com/US/en_US/jeans-by-fit-number/men/jeans/505/505-regular-fit-mens-jeans/p/005054891,,,,no_price_found
levi,005054891,B_2024_2026,202508,20250801000257,https://web.archive.org/web/20250801000257/https://www.levi.com/US/en_US/jeans-by-fit-number/men/jeans/505/505-regular-fit-mens-jeans/p/005054891,,,,no_price_found
levi,005054891,B_2024_2026,202509,20250911113739,https://web.archive.org/web/20250911113739/https://www.levi.com/US/en_US/jeans-by-fit-number/men/jeans/505/505-regular-fit-mens-jeans/p/005054891,,,,no_price_found
levi,005054891,B_2024_2026,202511,20251127200840,https://web.archive.org/web/20251127200840/https://www.levi.com/US/en_US/jeans-by-fit-number/men/jeans/505/505-regular-fit-mens-jeans/p/005054891,,,,no_price_found
levi,005054891,B_2024_2026,202512,20251214003056,https://web.archive.org/web/20251214003056/https://www.levi.com/US/en_US/jeans-by-fit-number/men/jeans/505/505-regular-fit-mens-jeans/p/005054891?mi_u=62cfab167e8e6e02114c74cf997c009f&mi_campaign=CME*EC*US*EN*US_20250125_US_Levis_Dedicated_30OFF_Select_Styles_MenAd_Hoc_Promo*cme_adh*cord*Men*20250125&mi_loyalty=&mi_gender=CLICK_MAN&camp=CME*EC*US*EN*US_20250125_US_Levis_Dedicated_30OFF_Select_Styles_MenAd_Hoc_Promo*cme_adh*cord*Men*20250125&mcID=1998%3A6792e3776396725f1b09a498%3Aot&cmid=20250125_US_Levis_Dedicated_30OFF_Select_Styles_Men&cid=65d8d2aabc39bc74de0a1b65,505™ Regular Fit Men's Jeans - Medium Wash | Levi's® US,41.7,USD,jsonld_offer_price
levi,005054891,B_2024_2026,202601,20260118080325,https://web.archive.org/web/20260118080325/https://www.levi.com/US/en_US/apparel/clothing/bottoms/505-regular-fit-mens-jeans/p/005054891,505™ Regular Fit Men's Jeans - Medium Wash | Levi's® US,74.95,USD,jsonld_offer_price
levi,005054891,B_2024_2026,202602,20260207141422,https://web.archive.org/web/20260207141422/https://www.levi.com/US/en_US/jeans-by-fit-number/men/jeans/505/505-regular-fit-mens-jeans/p/005054891,505™ Regular Fit Men's Jeans - Medium Wash | Levi's® US,74.95,USD,jsonld_offer_price
levi,005054891,B_2024_2026,202603,20260313195310,https://web.archive.org/web/20260313195310/https://www.levi.com/US/en_US/jeans-by-fit-number/men/jeans/505/505-regular-mens-jeans/p/005054891,,,,no_price_found
levi,005054891,B_2024_2026,202604,20260415215033,https://web.archive.org/web/20260415215033/https://www.levi.com/US/en_US/jeans-by-fit-number/men/jeans/505/505-regular-mens-jeans/p/005054891,505™ Regular Men's Jeans - Medium Wash | Levi's® US,74.95,USD,jsonld_offer_price
levi,005054891,B_2024_2026,202605,20260521043047,https://web.archive.org/web/20260521043047/https://www.levi.com/US/en_US/clothing/men/jeans/505-regular-fit-mens-jeans/p/005054891,505™ Regular Men's Jeans - Medium Wash | Levi's® US,74.95,USD,jsonld_offer_price
levi,188820023,A_2018_2020,201802,20180220025629,https://web.archive.org/web/20180220025629/http://www.levi.com/US/en_US/womens-jeans/p/188820023,721 High Rise Skinny Jeans | Cast Shadows |Levi's® United States (US),89.50,USD,meta_product_price+usd_from_us_site_url
levi,188820023,A_2018_2020,201803,20180301081556,https://web.archive.org/web/20180301081556/http://www.levi.com/US/en_US/womens-jeans/p/188820023,721 High Rise Skinny Jeans | Cast Shadows |Levi's® United States (US),89.50,USD,meta_product_price+usd_from_us_site_url
levi,188820023,A_2018_2020,201804,20180404044849,https://web.archive.org/web/20180404044849/https://www.levi.com/US/en_US/clothing/women/jeans/721-high-rise-skinny-jeans/p/188820023,721 High Rise Skinny Jeans - Dark Wash | Levi's® US,40.0,USD,jsonld_offer_price
levi,188820023,A_2018_2020,201805,20180502085258,https://web.archive.org/web/20180502085258/https://www.levi.com/US/en_US/clothing/women/jeans/721-high-rise-skinny-jeans/p/188820023,721 High Rise Skinny Jeans - Dark Wash | Levi's® US,59.5,USD,jsonld_offer_price
levi,188820023,A_2018_2020,201806,20180602003133,https://web.archive.org/web/20180602003133/https://www.levi.com/US/en_US/clothing/women/jeans/721-high-rise-skinny-jeans/p/188820023,721 High Rise Skinny Jeans - Dark Wash | Levi's® US,40.0,USD,jsonld_offer_price
levi,188820023,B_2024_2026,202407,20240712133805,https://web.archive.org/web/20240712133805/https://www.levi.com/US/en_US/womens-jeans/p/188820023,721 High Rise Skinny Women's Jeans - Dark Wash | Levi's® US,69.5,USD,jsonld_offer_price
levi,188820023,B_2024_2026,202409,20240912002349,https://web.archive.org/web/20240912002349/https://www.levi.com/US/en_US/clothing/women/jeans/skinny/721-high-rise-skinny-womens-jeans/p/188820023,721 High Rise Skinny Women's Jeans - Dark Wash | Levi's® US,69.5,USD,jsonld_offer_price
levi,188820023,B_2024_2026,202501,20250119132402,https://web.archive.org/web/20250119132402/https://www.levi.com/US/en_US/clothing/women/jeans/721-high-rise-skinny-womens-jeans/p/188820023,721 High Rise Skinny Women's Jeans - Dark Wash | Levi's® US,69.5,USD,jsonld_offer_price
levi,188820023,B_2024_2026,202504,20250425235612,https://web.archive.org/web/20250425235612/https://www.levi.com/US/en_US/clothing/women/jeans/skinny/721-high-rise-skinny-womens-jeans/p/188820023,,,,no_price_found
levi,188820023,B_2024_2026,202508,20250803004524,https://web.archive.org/web/20250803004524/https://www.levi.com/US/en_US/clothing/women/jeans/skinny/721-high-rise-skinny-womens-jeans/p/188820023,,,,no_price_found
levi,188820023,B_2024_2026,202512,20251206122354,https://web.archive.org/web/20251206122354/https://www.levi.com/US/en_US/clothing/women/jeans/721-high-rise-skinny-womens-jeans/p/188820023,721 High Rise Skinny Women's Jeans - Dark Wash | Levi's® US,69.5,USD,jsonld_offer_price
levi,045114406,A_2018_2020,201811,20181104024555,https://web.archive.org/web/20181104024555/https://www.levi.com/US/en_US/clothing/men/jeans/511-slim-fit-stretch-jeans/p/045114406,511™ Slim Fit Stretch Jeans - Black | Levi's® US,48.99,USD,jsonld_offer_price
levi,045114406,A_2018_2020,201812,20181201071403,https://web.archive.org/web/20181201071403/https://www.levi.com/US/en_US/clothing/men/jeans/511-slim-fit-stretch-jeans/p/045114406,511™ Slim Fit Stretch Jeans - Black | Levi's® US,48.99,USD,jsonld_offer_price
levi,045114406,A_2018_2020,201902,20190201000958,https://web.archive.org/web/20190201000958/https://www.levi.com/US/en_US/clothing/men/jeans/511-slim-fit-stretch-jeans/p/045114406,511™ Slim Fit Stretch Jeans - Black | Levi's® US,59.99,USD,jsonld_offer_price
levi,045114406,A_2018_2020,201903,20190301071210,https://web.archive.org/web/20190301071210/https://www.levi.com/US/en_US/clothing/men/jeans/511-slim-fit-stretch-jeans/p/045114406,511™ Slim Fit Stretch Jeans - Black | Levi's® US,59.99,USD,jsonld_offer_price
levi,045114406,A_2018_2020,201909,20190922163934,https://web.archive.org/web/20190922163934/https://www.levi.com/US/en_US/clothing/men/jeans/511-slim-fit-mens-jeans/p/045114406,511™ Slim Fit Men's Jeans - Black | Levi's® US,59.99,USD,jsonld_offer_price
levi,045114406,A_2018_2020,201912,20191206075140,https://web.archive.org/web/20191206075140/https://www.levi.com/US/en_US/apparel/clothing/bottoms/511-slim-fit-mens-jeans/p/045114406,511™ Slim Fit Men's Jeans - Black | Levi's® US,48.98,USD,jsonld_offer_price
levi,045114406,A_2018_2020,202003,20200304024311,https://web.archive.org/web/20200304024311/https://www.levi.com/US/en_US/apparel/clothing/bottoms/511-slim-fit-mens-jeans/p/045114406,511™ Slim Fit Men's Jeans - Black | Levi's® US,39.98,USD,jsonld_offer_price
levi,045114406,B_2024_2026,202409,20240919170918,https://web.archive.org/web/20240919170918/https://www.levi.com/US/en_US/mens-jeans/p/045114406?camp=CAGPLA_DF:04511440603830:LEVI,511™ Slim Fit Men's Jeans - Black | Levi's® US,29.98,USD,jsonld_offer_price
levi,045114406,B_2024_2026,202411,20241118172814,https://web.archive.org/web/20241118172814/https://www.levi.com/US/en_US/clothing/men/jeans/511-slim-fit-stretch-jeans/p/045114406,,,,no_price_found
levi,045114406,B_2024_2026,202501,20250125020641,https://web.archive.org/web/20250125020641/https://www.levi.com/US/en_US/mens-jeans/p/045114406,511™ Slim Fit Men's Jeans - Black | Levi's® US,29.98,USD,jsonld_offer_price
levi,045114406,B_2024_2026,202510,20251006204505,https://web.archive.org/web/20251006204505/https://www.levi.com/US/en_US/mens-jeans/p/045114406,511™ Slim Fit Men's Jeans - Black | Levi's® US,29.98,USD,jsonld_offer_price
levi,045114406,B_2024_2026,202511,20251109074250,https://web.archive.org/web/20251109074250/https://www.levi.com/US/en_US/clothing/men/jeans/511-slim-fit-mens-jeans/p/045114406,511™ Slim Fit Men's Jeans - Black | Levi's® US,29.98,USD,jsonld_offer_price
levi,295070053,A_2018_2020,201801,20180128234235,https://web.archive.org/web/20180128234235/http://www.levi.com:80/US/en_US/mens-jeans/p/295070053,502™ Regular Taper Fit Stretch Jeans | Panda |Levi's® United States (US),69.50,USD,meta_product_price+usd_from_us_site_url
levi,295070053,A_2018_2020,201802,20180224082457,https://web.archive.org/web/20180224082457/http://www.levi.com:80/US/en_US/mens-jeans/p/295070053?,502™ Regular Taper Fit Stretch Jeans | Panda |Levi's® United States (US),59.50,USD,meta_product_price+usd_from_us_site_url
levi,295070053,A_2018_2020,201803,20180302061624,https://web.archive.org/web/20180302061624/http://www.levi.com:80/US/en_US/c/p/295070053,502™ Regular Taper Fit Stretch Jeans | Panda |Levi's® United States (US),59.50,USD,meta_product_price+usd_from_us_site_url
levi,295070053,A_2018_2020,201910,20191020065034,https://web.archive.org/web/20191020065034/https://www.levi.com/US/en_US/clothing/men/jeans/502-taper-fit-advanced-stretch-mens-jeans/p/295070053,502™ Taper Fit Advanced Stretch Men's Jeans - Dark Wash | Levi's® US,59.5,USD,jsonld_offer_price
levi,295070053,B_2024_2026,202412,20241206080912,https://web.archive.org/web/20241206080912/https://www.levi.com/US/en_US/clothing/men/jeans/taper/502-taper-levis-flex-mens-jeans/p/295070053,502™ Taper Fit Men's Jeans - Dark Wash | Levi's® US,69.5,USD,jsonld_offer_price
levi,295070053,B_2024_2026,202501,20250127102706,https://web.archive.org/web/20250127102706/https://www.levi.com/US/en_US/clothing/men/jeans/taper/502-taper-fit-mens-jeans/p/295070053,,,,no_price_found
levi,295070053,B_2024_2026,202502,20250207010232,https://web.archive.org/web/20250207010232/https://www.levi.com/US/en_US/clothing/men/jeans/502-taper-fit-levis-flex-mens-jeans/p/295070053,,,,no_price_found
levi,295070053,B_2024_2026,202508,20250827102449,https://web.archive.org/web/20250827102449/https://www.levi.com/US/en_US/clothing/men/jeans/taper/502-taper-fit-mens-jeans/p/295070053,,,,no_price_found
levi,295070053,B_2024_2026,202509,20250904054537,https://web.archive.org/web/20250904054537/https://www.levi.com/US/en_US/clothing/men/jeans/taper/502-taper-fit-mens-jeans/p/295070053,,,,no_price_found
levi,295070053,B_2024_2026,202512,20251202030529,https://web.archive.org/web/20251202030529/https://www.levi.com/US/en_US/clothing/men/jeans/taper/502TM-taper-fit-mens-jeans/p/295070053,,,,no_price_found
levi,295070053,B_2024_2026,202601,20260113153617,https://web.archive.org/web/20260113153617/https://www.levi.com/US/en_US/clothing/men/jeans/taper/502TM-taper-fit-mens-jeans/p/295070053,502™ Taper Fit Men's Jeans - Dark Wash | Levi's® US,47.98,USD,jsonld_offer_price
levi,299440012,A_2018_2020,201801,20180129115044,https://web.archive.org/web/20180129115044/http://www.levi.com:80/US/en_US/levi/p/299440012?,Ex-Boyfriend Trucker Jacket | Concrete Indigo |Levi's® United States (US),128.00,USD,meta_product_price+usd_from_us_site_url
levi,299440012,A_2018_2020,201803,20180312072508,https://web.archive.org/web/20180312072508/http://www.levi.com:80/US/en_US/c/p/299440012,Ex-Boyfriend Trucker Jacket | Concrete Indigo |Levi's® United States (US),89.95,USD,meta_product_price+usd_from_us_site_url
levi,299440012,A_2018_2020,201812,20181230080557,https://web.archive.org/web/20181230080557/https://www.levi.com/US/en_US/clothing/women/outerwear/ex-boyfriend-trucker-jacket/p/299440012?camp=CAGPLA_DF:2994400120L,Ex-boyfriend Trucker Jacket - Medium Wash | Levi's® US,64.5,USD,jsonld_offer_price
levi,299440012,A_2018_2020,201902,20190226224457,https://web.archive.org/web/20190226224457/https://www.levi.com/US/en_US/clothing/women/outerwear/ex-boyfriend-trucker-jacket/p/299440012?clickid=&irgwc=1&camp=IR_10078_366459,Ex-boyfriend Trucker Jacket - Medium Wash | Levi's® US,54.99,USD,jsonld_offer_price
levi,299440012,A_2018_2020,201904,20190413130017,https://web.archive.org/web/20190413130017/https://www.levi.com/US/en_US/clothing/women/outerwear/ex-boyfriend-trucker-jacket/p/299440012,Ex-boyfriend Trucker Jacket - Medium Wash | Levi's® US,49.99,USD,jsonld_offer_price
levi,299440012,B_2024_2026,202407,20240722040219,https://web.archive.org/web/20240722040219/https://www.levi.com/US/en_US/sale/womens-sale/ex-boyfriend-trucker-jacket/p/299440012,,58.98,USD,jsonld_offer_price
levi,299440012,B_2024_2026,202411,20241102213019,https://web.archive.org/web/20241102213019/https://www.levi.com/US/en_US/clothing/women/outerwear/ex-boyfriend-trucker-jacket/p/299440012,Ex-boyfriend Trucker Jacket - Medium Wash | Levi's® US,58.98,USD,jsonld_offer_price
levi,299440012,B_2024_2026,202507,20250709053717,https://web.archive.org/web/20250709053717/https://www.levi.com/US/en_US/sale/womens-sale/ex-boyfriend-trucker-jacket/p/299440012,Ex-boyfriend Trucker Jacket - Medium Wash | Levi's® US,58.98,USD,jsonld_offer_price
levi,299440012,B_2024_2026,202605,20260513092353,https://web.archive.org/web/20260513092353/https://www.levi.com/US/en_US/sale/womens-sale/ex-boyfriend-trucker-jacket/p/299440012,Ex-boyfriend Trucker Jacket - Medium Wash | Levi's® US,27.97,USD,jsonld_offer_price
levi,323170035,A_2018_2020,201802,20180228090801,https://web.archive.org/web/20180228090801/http://www.levi.com:80/US/en_US/c/p/323170035,501® Shorts | Waveline |Levi's® United States (US),58.00,USD,meta_product_price+usd_from_us_site_url
levi,323170035,A_2018_2020,201804,20180422081712,https://web.archive.org/web/20180422081712/https://www.levi.com/US/en_US/clothing/women/shorts/501-shorts/p/323170035,501® Shorts - Light Wash | Levi's® US,59.5,USD,jsonld_offer_price
levi,323170035,A_2018_2020,201807,20180704155404,https://web.archive.org/web/20180704155404/https://www.levi.com/US/en_US/clothing/women/shorts/501-shorts/p/323170035,501® Shorts - Light Wash | Levi US Site,59.5,USD,jsonld_offer_price
levi,323170035,A_2018_2020,201901,20190105203724,https://web.archive.org/web/20190105203724/https://www.levi.com/US/en_US/clothing/women/shorts/501-shorts/p/323170035,501® Shorts - Medium Wash | Levi's® US,59.5,USD,jsonld_offer_price
levi,323170035,B_2024_2026,202406,20240625214507,https://web.archive.org/web/20240625214507/https://www.levi.com/US/en_US/womens-clothing-shorts-capris/p/323170035,501® Women's Shorts - Medium Wash | Levi's® US,48.98,USD,jsonld_offer_price
levi,323170035,B_2024_2026,202407,20240719152033,https://web.archive.org/web/20240719152033/https://www.levi.com/US/en_US/sale/womens-sale/shorts-capris/501-womens-shorts/p/323170035,,48.98,USD,jsonld_offer_price
levi,323170035,B_2024_2026,202506,20250617043651,https://web.archive.org/web/20250617043651/https://www.levi.com/US/en_US/womens-clothing-shorts-capris/p/323170035,501® Women's Shorts - Medium Wash | Levi's® US,48.98,USD,jsonld_offer_price
levi,323170035,B_2024_2026,202507,20250720071827,https://web.archive.org/web/20250720071827/https://www.levi.com/US/en_US/sale/womens-sale/shorts-capris/501-womens-shorts/p/323170035,501® Women's Shorts - Medium Wash | Levi's® US,48.98,USD,jsonld_offer_price
levi,723340131,A_2018_2020,201801,20180128141121,https://web.archive.org/web/20180128141121/http://www.levi.com:80/US/en_US/c/p/723340131,The Trucker Jacket | Light stonewash |Levi's® United States (US),98.00,USD,meta_product_price+usd_from_us_site_url
levi,723340131,A_2018_2020,201803,20180302212455,https://web.archive.org/web/20180302212455/http://www.levi.com:80/US/en_US/c/p/723340131,The Trucker Jacket | Light stonewash |Levi's® United States (US),89.50,USD,meta_product_price+usd_from_us_site_url
levi,723340131,A_2018_2020,201905,20190505141319,https://web.archive.org/web/20190505141319/https://www.levi.com/US/en_US/clothing/men/outerwear/trucker-jacket/p/723340131,Trucker Jacket - Light Wash | Levi's® US,69.99,USD,jsonld_offer_price
levi,723340131,A_2018_2020,201910,20191008083537,https://web.archive.org/web/20191008083537/https://www.levi.com/US/en_US/clothing/men/outerwear/trucker-jacket/p/723340131,Trucker Jacket - Light Wash | Levi's® US,89.5,USD,jsonld_offer_price
levi,723340131,A_2018_2020,202001,20200115173727,https://web.archive.org/web/20200115173727/https://www.levi.com/US/en_US/clothing/men/outerwear/trucker-jacket/p/723340131,Trucker Jacket - Light Wash | Levi's® US,89.5,USD,jsonld_offer_price
levi,723340131,B_2024_2026,202407,20240727202536,https://web.archive.org/web/20240727202536/https://www.levi.com/US/en_US/clothing/men/outerwear/trucker-jacket/p/723340131?clickid=&utm_source=affiliate&Division=EC&Country=US&Language=EN&camp=IR_10078_366459&Medium=mediapartner&Targeting=ONLINE_TRACKING_LINK&Time=1722111935939&irgwc=1,Trucker Jacket - Light Wash | Levi's® US,89.5,USD,jsonld_offer_price
levi,723340131,B_2024_2026,202412,20241201185905,https://web.archive.org/web/20241201185905/https://www.levi.com/US/en_US/clothing/men/outerwear/trucker-jacket/p/723340131,,,,no_price_found
levi,723340131,B_2024_2026,202501,20250118234920,https://web.archive.org/web/20250118234920/https://www.levi.com/US/en_US/Clothing/Men/Outerwear/Trucker-Jacket/p/723340131,,,,no_price_found
levi,723340131,B_2024_2026,202510,20251026004919,https://web.archive.org/web/20251026004919/https://www.levi.com/US/en_US/clothing/men/outerwear/trucker-jacket/p/723340131?utm_source=affiliate&Division=EC&Country=US&Language=EN&camp=rak&Targeting=10&Time=2025-10-26T00%3A49%3A19Z&ranMID=53220&ranEAID=y9ozrjBcgg8&ranSiteID=y9ozrjBcgg8-gRpgB86Aq_ZekhovcwOn1g,Trucker Jacket - Light Wash | Levi's® US,44.98,USD,jsonld_offer_price
levi,723340207,A_2018_2020,201801,20180129124545,https://web.archive.org/web/20180129124545/http://www.levi.com:80/US/en_US/c/p/723340207,The Trucker Jacket | Rigid Two |Levi's® United States (US),98.00,USD,meta_product_price+usd_from_us_site_url
levi,723340207,A_2018_2020,201802,20180220021702,https://web.archive.org/web/20180220021702/http://www.levi.com:80/US/en_US/levi/p/723340207?,The Trucker Jacket | Rigid Two |Levi's® United States (US),98.00,USD,meta_product_price+usd_from_us_site_url
levi,723340207,A_2018_2020,201803,20180302214856,https://web.archive.org/web/20180302214856/http://www.levi.com:80/US/en_US/c/p/723340207,The Trucker Jacket | Rigid Two |Levi's® United States (US),89.50,USD,meta_product_price+usd_from_us_site_url
levi,723340207,A_2018_2020,201804,20180420214757,https://web.archive.org/web/20180420214757/https://www.levi.com/US/en_US/clothing/men/outerwear/trucker-jacket/p/723340207?irgwc=1&camp=IR_10078_366459,Trucker Jacket - Dark Wash | Levi's® US,89.5,USD,jsonld_offer_price
levi,723340207,A_2018_2020,201805,20180501180606,https://web.archive.org/web/20180501180606/https://www.levi.com/US/en_US/clothing/men/outerwear/trucker-jacket/p/723340207?irgwc=1&camp=IR_10078_366459,Trucker Jacket - Dark Wash | Levi's® US,89.5,USD,jsonld_offer_price
levi,723340207,A_2018_2020,201806,20180609064136,https://web.archive.org/web/20180609064136/https://www.levi.com/US/en_US/clothing/men/outerwear/trucker-jacket/p/723340207,Trucker Jacket - Dark Wash | Levi's® US,70.0,USD,jsonld_offer_price
levi,723340207,A_2018_2020,201807,20180714223045,https://web.archive.org/web/20180714223045/https://www.levi.com/US/en_US/clothing/men/outerwear/trucker-jacket/p/723340207,Trucker Jacket - Dark Wash | Levi US Site,89.5,USD,jsonld_offer_price
levi,723340207,A_2018_2020,201808,20180816071349,https://web.archive.org/web/20180816071349/https://www.levi.com/US/en_US/clothing/men/outerwear/trucker-jacket/p/723340207,Trucker Jacket - Dark Wash | Levi's® US,69.99,USD,jsonld_offer_price
levi,723340207,A_2018_2020,201811,20181107001546,https://web.archive.org/web/20181107001546/https://www.levi.com/US/en_US/clothing/men/outerwear/trucker-jacket/p/723340207,Trucker Jacket - Dark Wash | Levi's® US,89.5,USD,jsonld_offer_price
levi,723340207,A_2018_2020,201812,20181205020226,https://web.archive.org/web/20181205020226/https://www.levi.com/US/en_US/clothing/men/outerwear/trucker-jacket/p/723340207,Trucker Jacket - Dark Wash | Levi's® US,89.5,USD,jsonld_offer_price
levi,723340207,A_2018_2020,201901,20190102035517,https://web.archive.org/web/20190102035517/https://www.levi.com/US/en_US/clothing/men/outerwear/trucker-jacket/p/723340207,,,,fetch_failed
levi,723340207,A_2018_2020,201903,20190301042655,https://web.archive.org/web/20190301042655/https://www.levi.com/US/en_US/clothing/men/outerwear/trucker-jacket/p/723340207,Trucker Jacket - Dark Wash | Levi's® US,69.99,USD,jsonld_offer_price
levi,723340207,A_2018_2020,201906,20190609131603,https://web.archive.org/web/20190609131603/https://www.levi.com/US/en_US/clothing/men/outerwear/trucker-jacket/p/723340207,Trucker Jacket - Dark Wash | Levi's® US,69.99,USD,jsonld_offer_price
levi,723340207,A_2018_2020,201907,20190723215416,https://web.archive.org/web/20190723215416/https://www.levi.com/US/en_US/clothing/men/outerwear/trucker-jacket/p/723340207,Trucker Jacket - Dark Wash | Levi's® US,89.5,USD,jsonld_offer_price
levi,723340207,B_2024_2026,202501,20250128042130,https://web.archive.org/web/20250128042130/https://www.levi.com/US/en_US/clothing/men/outerwear/trucker-jacket/p/723340207,,,,no_price_found
levi,723340207,B_2024_2026,202508,20250829084447,https://web.archive.org/web/20250829084447/https://www.levi.com/US/en_US/p/723340207,Trucker Jacket - Dark Wash | Levi's® US,37.98,USD,jsonld_offer_price
levi,723340207,B_2024_2026,202509,20250917054633,https://web.archive.org/web/20250917054633/https://www.levi.com/US/en_US/clothing/men/outerwear/trucker-jacket/p/723340207,,,,no_price_found
levi,723340207,B_2024_2026,202512,20251216092036,https://web.archive.org/web/20251216092036/https://www.levi.com/US/en_US/clothing/men/outerwear/trucker-jacket/p/723340207,Trucker Jacket - Dark Wash | Levi's® US,37.98,USD,jsonld_offer_price
levi,286600000,A_2018_2020,201801,20180107021933,https://web.archive.org/web/20180107021933/http://www.levi.com/US/en_US/levi-men-clothing-jackets/p/286600000,Levi's® Commuter™ Trucker Jacket with Jacquard™ by Google | Jacquard Rinse |Levi's® United States (US),350.00,USD,meta_product_price+usd_from_us_site_url
levi,286600000,A_2018_2020,201802,20180227043054,https://web.archive.org/web/20180227043054/http://www.levi.com:80/US/en_US/mens-clothing-jackets/p/286600000,Levi's® Commuter™ Trucker Jacket with Jacquard™ by Google | Jacquard Rinse |Levi's® United States (US),350.00,USD,meta_product_price+usd_from_us_site_url
levi,286600000,A_2018_2020,201803,20180307172342,https://web.archive.org/web/20180307172342/http://www.levi.com/US/en_US/mens-clothing-jackets/p/286600000,Levi's® Commuter™ Trucker Jacket with Jacquard™ by Google | Jacquard Rinse |Levi's® United States (US),350.00,USD,meta_product_price+usd_from_us_site_url
levi,286600000,A_2018_2020,201805,20180514221210,https://web.archive.org/web/20180514221210/https://www.levi.com/US/en_US/clothing/men/outerwear/levis-commuter-x-jacquard-by-google/p/286600000,Levi's® Commuter X Jacquard By Google - Dark Wash | Levi's® US,350.0,USD,jsonld_offer_price
levi,286600000,A_2018_2020,201806,20180615140235,https://web.archive.org/web/20180615140235/https://www.levi.com/US/en_US/clothing/men/outerwear/levis-commuter-x-jacquard-by-google/p/286600000,Levi's® Commuter X Jacquard By Google - Dark Wash | Levi US Site,350.0,USD,jsonld_offer_price
levi,286600000,A_2018_2020,201807,20180703131207,https://web.archive.org/web/20180703131207/https://www.levi.com/US/en_US/clothing/men/outerwear/levis-commuter-x-jacquard-by-google/p/286600000?irgwc=1&camp=IR_10078_366459,Levi's® Commuter X Jacquard By Google - Dark Wash | Levi US Site,350.0,USD,jsonld_offer_price
levi,286600000,A_2018_2020,201809,20180908160821,https://web.archive.org/web/20180908160821/https://www.levi.com/US/en_US/clothing/men/outerwear/levis-commuter-x-jacquard-by-google/p/286600000,Levi's® Commuter X Jacquard By Google - Dark Wash | Levi's® US,350.0,USD,jsonld_offer_price
levi,286600000,A_2018_2020,201902,20190203183542,https://web.archive.org/web/20190203183542/https://www.levi.com/US/en_US/clothing/men/outerwear/levis-commuter-x-jacquard-by-google/p/286600000,Levi's® Commuter X Jacquard By Google - Dark Wash | Levi's® US,350.0,USD,jsonld_offer_price
levi,286600000,A_2018_2020,201905,20190502082921,https://web.archive.org/web/20190502082921/https://www.levi.com/US/en_US/clothing/men/outerwear/levis-commuter-x-jacquard-by-google/p/286600000?Camp=SEM*EC*US*EN*DSA%20-%20Men*goog**20181102*&gclid=Cj0KCQiAmuHhBRD0ARIsAFWyPwgcjUDZhmnBr1bQKkl3XlZ3zdTNnMpUkoGipqSE_enTbQbTVPyF_80aAoUlEALw_wcB&gclsrc=aw.ds,Levi's® Commuter X Jacquard By Google - Dark Wash | Levi's® US,350.0,USD,jsonld_offer_price
levi,286600000,A_2018_2020,201907,20190725181756,https://web.archive.org/web/20190725181756/https://www.levi.com/US/en_US/clothing/men/outerwear/levis-commuter-x-jacquard-by-google/p/286600000,Levi's® Commuter X Jacquard By Google - Dark Wash | Levi's® US,350.0,USD,jsonld_offer_price
levi,286600000,A_2018_2020,201908,20190801093108,https://web.archive.org/web/20190801093108/https://www.levi.com/US/en_US/clothing/men/outerwear/levis-commuter-x-jacquard-by-google/p/286600000,Levi's® Commuter X Jacquard By Google - Dark Wash | Levi's® US,350.0,USD,jsonld_offer_price
levi,286600000,B_2024_2026,202409,20240911211846,https://web.archive.org/web/20240911211846/https://www.levi.com/US/en_US/apparel/clothing/tops/levis-commuter-x-jacquard-by-google-trucker-jacket/p/286600000,Levi's® Commuter X Jacquard By Google Trucker Jacket - Dark Wash | Levi's® US,244.98,USD,jsonld_offer_price
levi,286600000,B_2024_2026,202410,20241004094249,https://web.archive.org/web/20241004094249/https://www.levi.com/US/en_US/sale/mens-sale/outerwear/levis-commuter-x-jacquard-by-google-trucker-jacket/p/286600000,Levi's® Commuter X Jacquard By Google Trucker Jacket - Dark Wash | Levi's® US,244.98,USD,jsonld_offer_price
levi,286600000,B_2024_2026,202412,20241213065233,https://web.archive.org/web/20241213065233/https://www.levi.com/US/en_US/clothing/men/outerwear/levis-commuter-x-jacquard-by-google/p/286600000,Levi's® Commuter X Jacquard By Google Trucker Jacket - Dark Wash | Levi's® US,244.98,USD,jsonld_offer_price
levi,286600000,B_2024_2026,202604,20260420221104,https://web.archive.org/web/20260420221104/https://www.levi.com/US/en_US/mens-clothing-jackets/p/286600000,Levi's® Commuter X Jacquard By Google Trucker Jacket - Dark Wash | Levi's® US,244.98,USD,jsonld_offer_price
levi,295070001,A_2018_2020,201801,20180125125220,https://web.archive.org/web/20180125125220/http://www.levi.com:80/US/en_US/levi/p/295070001?,502™ Regular Taper Fit Jeans | Native Cali |Levi's® United States (US),59.50,USD,meta_product_price+usd_from_us_site_url
levi,295070001,A_2018_2020,201802,20180209003906,https://web.archive.org/web/20180209003906/http://www.levi.com:80/US/en_US/mens-jeans/p/295070001?,502™ Regular Taper Fit Jeans | Native Cali |Levi's® United States (US),59.50,USD,meta_product_price+usd_from_us_site_url
levi,295070001,A_2018_2020,201803,20180312064120,https://web.archive.org/web/20180312064120/http://www.levi.com:80/US/en_US/mens-jeans/p/295070001?,502™ Regular Taper Fit Jeans | Native Cali |Levi's® United States (US),59.50,USD,meta_product_price+usd_from_us_site_url
levi,295070001,A_2018_2020,201811,20181121013555,https://web.archive.org/web/20181121013555/https://www.levi.com/US/en_US/clothing/men/jeans/502-regular-taper-fit-stretch-jeans/p/295070001,502™ Regular Taper Fit Stretch Jeans - Black | Levi's® US,59.5,USD,jsonld_offer_price
levi,295070001,B_2024_2026,202407,20240720062523,https://web.archive.org/web/20240720062523/https://www.levi.com/US/en_US/clothing/men/jeans/502-regular-taper-fit-stretch-jeans/p/295070001,,69.5,USD,jsonld_offer_price
levi,295070001,B_2024_2026,202508,20250801000144,https://web.archive.org/web/20250801000144/https://www.levi.com/US/en_US/clothing/men/jeans/taper/502-taper-fit-mens-jeans/p/295070001,,,,no_price_found
levi,295070001,B_2024_2026,202511,20251106204713,https://web.archive.org/web/20251106204713/https://www.levi.com/US/en_US/clothing/men/jeans/502-regular-taper-fit-stretch-jeans/p/295070001,502™ Taper Fit Men's Jeans - Black | Levi's® US,69.5,USD,jsonld_offer_price
levi,295070001,B_2024_2026,202512,20251206215457,https://web.archive.org/web/20251206215457/https://www.levi.com/US/en_US/clothing/men/jeans/taper/502-taper-fit-mens-jeans/p/295070001,,,,no_price_found
levi,295070001,B_2024_2026,202601,20260106101751,https://web.archive.org/web/20260106101751/https://www.levi.com/US/en_US/clothing/men/jeans/taper/502TM-taper-fit-mens-jeans/p/295070001,,,,no_price_found
levi,295070001,B_2024_2026,202602,20260210095912,https://web.archive.org/web/20260210095912/https://www.levi.com/US/en_US/clothing/men/jeans/taper/502-taper-fit-mens-jeans/p/295070001,502™ Taper Fit Men's Jeans - Black | Levi's® US,74.95,USD,jsonld_offer_price
levi,295070001,B_2024_2026,202604,20260411144132,https://web.archive.org/web/20260411144132/https://www.levi.com/US/en_US/clothing/men/jeans/taper/502-taper-mens-jeans/p/295070001,502™ Taper Men's Jeans - Black | Levi's® US,52.47,USD,jsonld_offer_price
levi,005010651,A_2018_2020,201801,20180129035519,https://web.archive.org/web/20180129035519/http://www.levi.com:80/US/en_US/mens-jeans/p/005010651,501® Original Fit Jeans | Optic White |Levi's® United States (US),148.00,USD,meta_product_price+usd_from_us_site_url
levi,005010651,A_2018_2020,201802,20180201031539,https://web.archive.org/web/20180201031539/http://www.levi.com:80/US/en_US/mens-jeans/p/005010651,501® Original Fit Jeans | Optic White |Levi's® United States (US),69.50,USD,meta_product_price+usd_from_us_site_url
levi,005010651,A_2018_2020,201803,20180316105946,https://web.archive.org/web/20180316105946/http://www.levi.com:80/US/en_US/neutral/p/005010651,501® Original Fit Jeans | Optic White |Levi's® United States (US),59.50,USD,meta_product_price+usd_from_us_site_url
levi,005010651,A_2018_2020,201911,20191112052040,https://web.archive.org/web/20191112052040/https://www.levi.com/US/en_US/clothing/men/jeans/501-original-fit-mens-jeans/p/005010651,501® Original Fit Men's Jeans - White | Levi's® US,59.5,USD,jsonld_offer_price
levi,005010651,B_2024_2026,202407,20240721075805,https://web.archive.org/web/20240721075805/https://www.levi.com/US/en_US/mens-jeans/p/005010651,,79.5,USD,jsonld_offer_price
levi,005010651,B_2024_2026,202408,20240815181502,https://web.archive.org/web/20240815181502/https://www.levi.com/US/en_US/mens-jeans/p/005010651?camp=Brand:2015FallWomen:PaidZoeReport,501® Original Fit Men's Jeans - White | Levi's® US,55.65,USD,jsonld_offer_price
levi,005010651,B_2024_2026,202503,20250313012825,https://web.archive.org/web/20250313012825/https://www.levi.com/US/en_US/clothing/men/jeans/straight/501-original-fit-mens-jeans/p/005010651,,,,no_price_found
levi,005010651,B_2024_2026,202504,20250426103908,https://web.archive.org/web/20250426103908/https://www.levi.com/US/en_US/clothing/men/jeans/straight/501-original-fit-mens-jeans/p/005010651,,,,no_price_found
levi,005010651,B_2024_2026,202505,20250505061214,https://web.archive.org/web/20250505061214/https://www.levi.com/US/en_US/clothing/men/jeans/straight/501-original-fit-mens-jeans/p/005010651,,,,no_price_found
levi,005010651,B_2024_2026,202507,20250722231841,https://web.archive.org/web/20250722231841/https://www.levi.com/US/en_US/clothing/men/jeans/straight/501-original-fit-mens-jeans/p/005010651?utm_content=YT3-7VVctEDMw9MKl1pSQ3LCB5T2ynxbAtk7BYFrPc1YmsRAlv4-_FOKne8raiRfhVWggUGpLkbs2jA495VcVXisZqs&utm_term=UCNFVl0Sp2AN0d2uALmaOarg&utm_medium=product_shelf&utm_source=youtube&srsltid=AfmBOorj8NOX_Tg1ooPiLtUqqnjK7AxIDEAcQE3wo2y77rNC80sNFtygzTs,,,,no_price_found
levi,005010651,B_2024_2026,202508,20250811171028,https://web.archive.org/web/20250811171028/https://www.levi.com/US/en_US/mens-jeans/p/005010651,501® Original Fit Men's Jeans - White | Levi's® US,55.65,USD,jsonld_offer_price
levi,005010651,B_2024_2026,202509,20250903163138,https://web.archive.org/web/20250903163138/https://www.levi.com/US/en_US/clothing/men/jeans/straight/501-original-fit-mens-jeans/p/005010651,,,,no_price_found
levi,005010651,B_2024_2026,202511,20251119231114,https://web.archive.org/web/20251119231114/https://www.levi.com/US/en_US/clothing/men/jeans/straight/501-original-fit-mens-jeans/p/005010651,,,,no_price_found
levi,005010651,B_2024_2026,202512,20251219115320,https://web.archive.org/web/20251219115320/https://www.levi.com/US/en_US/clothing/men/jeans/straight/501-original-fit-mens-jeans/p/005010651?utm_term=UCNFVl0Sp2AN0d2uALmaOarg&utm_medium=product_shelf&utm_source=youtube&srsltid=AfmBOopfyYQyeKofNnHZZSHJYQp83iIl35fnitdBH1babwner0wtTUe4QDU&utm_content=YT3-2AU5NxQWBd8ueiz1LpLSiVbM-Sm2gtq8on0Vqz3v0bGJiFPta8y_tNUYzQ7p4EODjbgeyjEG62-Frtb-r-uVanBF,,,,no_price_found
levi,005010651,B_2024_2026,202601,20260108022320,https://web.archive.org/web/20260108022320/https://www.levi.com/US/en_US/clothing/men/jeans/straight/501-original-fit-mens-jeans/p/005010651?srsltid=AfmBOooWhyzmFw-gUQbA0J6JhpntPlEUONYjAua7cwC-ysrPBn4iv-heDcQ&utm_content=YT3-DMrzfkZ9VQPk4p8HRB7UbvkudAn6M3fiLqySLyRhswGNuyNER49dZ3F_xVpRxxjGn4VuoWafSxj_BAu6s06QY6M3&utm_term=UCNFVl0Sp2AN0d2uALmaOarg&utm_medium=product_shelf&utm_source=youtube,,,,no_price_found
levi,005010651,B_2024_2026,202602,20260213163722,https://web.archive.org/web/20260213163722/https://www.levi.com/US/en_US/clothing/men/jeans/straight/501-original-fit-mens-jeans/p/005010651?utm_medium=product_shelf&utm_source=youtube&srsltid=AfmBOopAMRjJw7WLgqA_4arMwZ4SRpSo9J1b7C2PVgdCRzcNyFl5kx-sjfw&utm_content=YT3-n03hqZZA_m3nsJg7WXInRihWuix9wm01N5SaOuO8FMqBLkACapSojvVfp_8-ZYNG2Un1Mlsgf5rh0XN5wWzRpwf5&utm_term=UCNFVl0Sp2AN0d2uALmaOarg,,,,no_price_found
levi,005010651,B_2024_2026,202603,20260313051931,https://web.archive.org/web/20260313051931/https://www.levi.com/US/en_US/clothing/men/jeans/straight/501-original-fit-mens-jeans/p/005010651,501® Original Men's Jeans - White | Levi's® US,84.95,USD,jsonld_offer_price
levi,015504886,A_2018_2020,201801,20180129042800,https://web.archive.org/web/20180129042800/http://www.levi.com:80/US/en_US/mens-jeans/p/015504886,550™ Relaxed Fit Jeans (Big & Tall) | Dark Stonewash |Levi's® United States (US),69.50,USD,meta_product_price+usd_from_us_site_url
levi,015504886,A_2018_2020,201802,20180209004834,https://web.archive.org/web/20180209004834/http://www.levi.com:80/US/en_US/mens-jeans/p/015504886,550™ Relaxed Fit Jeans (Big & Tall) | Dark Stonewash |Levi's® United States (US),69.50,USD,meta_product_price+usd_from_us_site_url
levi,015504886,A_2018_2020,201803,20180315202244,https://web.archive.org/web/20180315202244/http://www.levi.com:80/US/en_US/mens-jeans/p/015504886,550™ Relaxed Fit Jeans (Big & Tall) | Dark Stonewash |Levi's® United States (US),69.50,USD,meta_product_price+usd_from_us_site_url
levi,015504886,A_2018_2020,201809,20180907041811,https://web.archive.org/web/20180907041811/http://www.levi.com:80/US/en_US/mens-jeans/p/015504886,US Levi.com Maintenance Page,,,no_price_found
levi,015504886,B_2024_2026,202411,20241126223958,https://web.archive.org/web/20241126223958/https://www.levi.com/US/en_US/p/015504886,,,,no_price_found
levi,015504886,B_2024_2026,202412,20241203155108,https://web.archive.org/web/20241203155108/https://www.levi.com/US/en_US/clothing/men/jeans/relaxed/550-relaxed-fit-mens-jeans-big-tall/p/015504886,,,,no_price_found
levi,015504886,B_2024_2026,202501,20250117021133,https://web.archive.org/web/20250117021133/https://www.levi.com/US/en_US/clothing/men/jeans/relaxed/550-relaxed-fit-mens-jeans-big-tall/p/015504886?srsltid=AfmBOopcXOlhG7Y-RzURNDtpZq-z7PuMKdbPWoSaDaLe1qEdqvu3f57xWuU,550™ Relaxed Fit Men's Jeans (big & Tall) - Dark Wash | Levi's® US,69.5,USD,jsonld_offer_price
levi,015504886,B_2024_2026,202503,20250317151702,https://web.archive.org/web/20250317151702/https://www.levi.com/US/en_US/clothing/men/jeans/relaxed/550-relaxed-fit-mens-jeans-big-tall/p/015504886?srsltid=AfmBOoqTnGoNoHhI8kvvllbj6Rwj3Te4ohb3JkwuFO5QDvb0jCdeS0MmYH4,550™ Relaxed Fit Men's Jeans (big & Tall) - Dark Wash | Levi's® US,59.99,USD,jsonld_offer_price
levi,015504886,B_2024_2026,202504,20250425134041,https://web.archive.org/web/20250425134041/https://www.levi.com/US/en_US/clothing/men/jeans/relaxed/550-relaxed-fit-mens-jeans-big-tall/p/015504886?srsltid=AfmBOorvfEx7ksiTa6Ni77HLBoJXGzyLVePwkzpXw6X9MngqOIVrsu1dftU,550™ Relaxed Fit Men's Jeans (big & Tall) - Dark Wash | Levi's® US,69.5,USD,jsonld_offer_price
levi,015504886,B_2024_2026,202505,20250512183608,https://web.archive.org/web/20250512183608/https://www.levi.com/US/en_US/clothing/men/jeans/relaxed/550-relaxed-fit-mens-jeans-big-tall/p/015504886?srsltid=AfmBOorc6cfU2XjpPPTAYQFZZHjLQi0ZE0L30OqiyZuZZWA6d9y93EE-qGI,550™ Relaxed Fit Men's Jeans (big & Tall) - Dark Wash | Levi's® US,69.5,USD,jsonld_offer_price
levi,015504886,B_2024_2026,202506,20250605142817,https://web.archive.org/web/20250605142817/https://www.levi.com/US/en_US/clothing/men/jeans/relaxed/550TM-relaxed-fit-mens-jeans-big-tall/p/015504886,550™ Relaxed Fit Men's Jeans (big & Tall) - Dark Wash | Levi's® US,48.65,USD,jsonld_offer_price
levi,015504886,B_2024_2026,202507,20250707213355,https://web.archive.org/web/20250707213355/https://www.levi.com/US/en_US/clothing/men/jeans/relaxed/550TM-relaxed-fit-mens-jeans-big-tall/p/015504886,,,,no_price_found
levi,015504886,B_2024_2026,202509,20250912023937,https://web.archive.org/web/20250912023937/https://www.levi.com/US/en_US/clothing/men/jeans/relaxed/550-relaxed-fit-mens-jeans-big--tall/p/015504886,550™ Relaxed Fit Men's Jeans (big & Tall) - Dark Wash | Levi's® US,59.99,USD,jsonld_offer_price
levi,015504886,B_2024_2026,202512,20251226043219,https://web.archive.org/web/20251226043219/https://www.levi.com/US/en_US/clothing/men/jeans/relaxed/550TM-relaxed-fit-mens-jeans-big-tall/p/015504886,,,,no_price_found
levi,045054886,A_2018_2020,201801,20180129040808,https://web.archive.org/web/20180129040808/http://www.levi.com:80/US/en_US/mens-jeans/p/045054886,505™ Regular Fit Jeans (Big & Tall) | Dark Stonewash |Levi's® United States (US),69.50,USD,meta_product_price+usd_from_us_site_url
levi,045054886,A_2018_2020,201802,20180204080452,https://web.archive.org/web/20180204080452/http://www.levi.com:80/US/en_US/mens-jeans/p/045054886,505™ Regular Fit Jeans (Big & Tall) | Dark Stonewash |Levi's® United States (US),69.50,USD,meta_product_price+usd_from_us_site_url
levi,045054886,A_2018_2020,201803,20180308214445,https://web.archive.org/web/20180308214445/http://www.levi.com:80/US/en_US/mens-jeans/p/045054886,505™ Regular Fit Jeans (Big & Tall) | Dark Stonewash |Levi's® United States (US),69.50,USD,meta_product_price+usd_from_us_site_url
levi,045054886,A_2018_2020,201910,20191016093604,https://web.archive.org/web/20191016093604/https://www.levi.com/US/en_US/clothing/men/jeans/505-regular-fit-mens-jeans-big-tall/p/045054886,505™ Regular Fit Men's Jeans (big & Tall) - Dark Wash | Levi's® US,69.5,USD,jsonld_offer_price
levi,045054886,A_2018_2020,201912,20191225110030,https://web.archive.org/web/20191225110030/https://www.levi.com/US/en_US/clothing/men/jeans/505-regular-fit-mens-jeans-big-tall/p/045054886,505™ Regular Fit Men's Jeans (big & Tall) - Dark Wash | Levi's® US,49.99,USD,jsonld_offer_price
levi,045054886,B_2024_2026,202504,20250427000122,https://web.archive.org/web/20250427000122/https://www.levi.com/US/en_US/big-tall/505TM-regular-fit-mens-jeans-big-tall/p/045054886,,,,no_price_found
levi,045054886,B_2024_2026,202505,20250509033616,https://web.archive.org/web/20250509033616/https://www.levi.com/US/en_US/big-tall/505TM-regular-fit-mens-jeans-big-tall/p/045054886,,,,no_price_found
levi,045054886,B_2024_2026,202603,20260315042748,https://web.archive.org/web/20260315042748/https://www.levi.com/US/en_US/big-tall/505TM-regular-fit-mens-jeans-big-tall/p/045054886,505™ Regular Fit Men's Jeans (big & Tall) - Dark Wash | Levi's® US,35.98,USD,jsonld_offer_price
levi,045054886,B_2024_2026,202605,20260516031122,https://web.archive.org/web/20260516031122/https://www.levi.com/US/en_US/big-tall/505-regular-fit-mens-jeans-big-tall/p/045054886,505™ Regular Fit Men's Jeans (big & Tall) - Dark Wash | Levi's® US,35.98,USD,jsonld_offer_price
levi,005010194,A_2018_2020,201803,20180318144719,https://web.archive.org/web/20180318144719/http://www.levi.com:80/US/en_US/p/005010194,Dark Stonewashed Levi's 501® Jeans for Men | Levi's®,59.50,USD,meta_product_price+usd_from_us_site_url
levi,005010194,A_2018_2020,201901,20190105193645,https://web.archive.org/web/20190105193645/https://www.levi.com/US/en_US/clothing/men/jeans/501-original-fit-jeans/p/005010194,501® Original Fit Jeans - Dark Wash | Levi's® US,59.5,USD,jsonld_offer_price
levi,005010194,A_2018_2020,201910,20191019093035,https://web.archive.org/web/20191019093035/https://www.levi.com/US/en_US/clothing/men/jeans/501-original-fit-mens-jeans/p/005010194,,,,fetch_failed
levi,005010194,A_2018_2020,202001,20200111070342,https://web.archive.org/web/20200111070342/https://www.levi.com/US/en_US/clothing/men/jeans/501-original-fit-mens-jeans/p/005010194,501® Original Fit Men's Jeans - Dark Wash | Levi's® US,59.5,USD,jsonld_offer_price
levi,005010194,B_2024_2026,202409,20240915092714,https://web.archive.org/web/20240915092714/https://www.levi.com/US/en_US/clothing/men/jeans/501-original-fit-mens-jeans/p/005010194,501® Original Fit Men's Jeans - Dark Wash | Levi's® US,79.5,USD,jsonld_offer_price
levi,005010194,B_2024_2026,202410,20241007102824,https://web.archive.org/web/20241007102824/https://www.levi.com/US/en_US/clothing/men/jeans/straight/501-original-fit-mens-jeans/p/005010194,501® Original Fit Men's Jeans - Dark Wash | Levi's® US,79.5,USD,jsonld_offer_price
levi,005010194,B_2024_2026,202412,20241209144548,https://web.archive.org/web/20241209144548/https://www.levi.com/US/en_US/clothing/men/jeans/straight/501-original-fit-mens-jeans/p/005010194,,,,no_price_found
levi,005010194,B_2024_2026,202501,20250125002824,https://web.archive.org/web/20250125002824/https://www.levi.com/US/en_US/clothing/men/jeans/straight/501-original-fit-mens-jeans/p/005010194,,,,no_price_found
levi,005010194,B_2024_2026,202503,20250319155318,https://web.archive.org/web/20250319155318/https://www.levi.com/US/en_US/clothing/men/jeans/straight/501-original-fit-mens-jeans/p/005010194?srsltid=AfmBOorkPwS7nOoKpghjYOXeEudL59gwtqjvv7qwVRhmaZh-Mo7a4ze0CiQ,501® Original Fit Men's Jeans - Dark Wash | Levi's® US,69.99,USD,jsonld_offer_price
levi,005010194,B_2024_2026,202504,20250426103859,https://web.archive.org/web/20250426103859/https://www.levi.com/US/en_US/clothing/men/jeans/straight/501-original-fit-mens-jeans/p/005010194,,,,no_price_found
levi,005010194,B_2024_2026,202505,20250505061212,https://web.archive.org/web/20250505061212/https://www.levi.com/US/en_US/clothing/men/jeans/straight/501-original-fit-mens-jeans/p/005010194,,,,no_price_found
levi,005010194,B_2024_2026,202506,20250613095154,https://web.archive.org/web/20250613095154/https://www.levi.com/US/en_US/clothing/men/jeans/501-original-fit-jeans/p/005010194,501® Original Fit Men's Jeans - Dark Wash | Levi's® US,55.65,USD,jsonld_offer_price
levi,005010194,B_2024_2026,202507,20250720040902,https://web.archive.org/web/20250720040902/https://www.levi.com/US/en_US/clothing/men/jeans/straight/501-original-fit-mens-jeans/p/005010194,501® Original Fit Men's Jeans - Dark Wash | Levi's® US,55.65,USD,jsonld_offer_price
levi,005010194,B_2024_2026,202508,20250801013340,https://web.archive.org/web/20250801013340/https://www.levi.com/US/en_US/clothing/men/jeans/straight/501-original-fit-mens-jeans/p/005010194?utm_term=UCNFVl0Sp2AN0d2uALmaOarg&utm_medium=product_shelf&utm_source=youtube&srsltid=AfmBOoohW9VIOWOTgSaWmMp0SBgyCmvjsZBnwVT5Vd00O9D75O9ae116Alk&utm_content=YT3-aNm5wVfph07yHvqfI4QtQ80Ai7Vc4thSuAUmQuS4p4zXQu8skm0_nK94oklQzr1aeUJX6t6NaoN9DrBeJFb6E5I,,,,no_price_found
levi,005010194,B_2024_2026,202509,20250907040222,https://web.archive.org/web/20250907040222/https://www.levi.com/US/en_US/clothing/men/jeans/straight/501-original-fit-mens-jeans/p/005010194,,,,no_price_found
levi,005010194,B_2024_2026,202510,20251011095616,https://web.archive.org/web/20251011095616/https://www.levi.com/US/en_US/clothing/men/jeans/501-original-fit-mens-jeans/p/005010194,501® Original Fit Men's Jeans - Dark Wash | Levi's® US,55.65,USD,jsonld_offer_price
levi,005010194,B_2024_2026,202511,20251119231114,https://web.archive.org/web/20251119231114/https://www.levi.com/US/en_US/clothing/men/jeans/straight/501-original-fit-mens-jeans/p/005010194,,,,no_price_found
levi,005010194,B_2024_2026,202602,20260201222522,https://web.archive.org/web/20260201222522/https://www.levi.com/US/en_US/clothing/men/jeans/straight/501-original-fit-mens-jeans/p/005010194,,,,no_price_found
levi,005010194,B_2024_2026,202604,20260411090628,https://web.archive.org/web/20260411090628/https://www.levi.com/US/en_US/clothing/men/jeans/straight/501-original-fit-mens-jeans/p/005010194?utm_campaign=PHBP_Week47B&utm_medium=bitly&utm_source=Saturday,501® Original Men's Jeans - Dark Wash | Levi's® US,50.97,USD,jsonld_offer_price
levi,005010194,B_2024_2026,202605,20260519012422,https://web.archive.org/web/20260519012422/https://www.levi.com/US/en_US/clothing/men/jeans/straight/501-original-fit-mens-jeans/p/005010194,501® Original Men's Jeans - Dark Wash | Levi's® US,84.95,USD,jsonld_offer_price
levi,299450012,A_2018_2020,201801,20180129203947,https://web.archive.org/web/20180129203947/http://www.levi.com:80/US/en_US/womens-clothing-jackets-vests/p/299450012,Original Trucker Jacket | Jeanie |Levi's® United States (US),188.00,USD,meta_product_price+usd_from_us_site_url
levi,299450012,A_2018_2020,201802,20180202115857,https://web.archive.org/web/20180202115857/http://www.levi.com:80/US/en_US/womens-clothing-jackets-vests/p/299450012,Original Trucker Jacket | Jeanie |Levi's® United States (US),89.50,USD,meta_product_price+usd_from_us_site_url
levi,299450012,A_2018_2020,201803,20180306225419,https://web.archive.org/web/20180306225419/http://www.levi.com:80/US/en_US/womens-clothing-jackets-vests/p/299450012,Original Trucker Jacket | Jeanie |Levi's® United States (US),89.50,USD,meta_product_price+usd_from_us_site_url
levi,299450012,A_2018_2020,201902,20190217054711,https://web.archive.org/web/20190217054711/https://www.levi.com/US/en_US/clothing/women/outerwear/original-trucker-jacket/p/299450012,Original Trucker Jacket - Medium Wash | Levi's® US,64.5,USD,jsonld_offer_price
levi,299450012,A_2018_2020,201904,20190407073557,https://web.archive.org/web/20190407073557/https://www.levi.com/US/en_US/clothing/women/outerwear/original-trucker-jacket/p/299450012,Original Trucker Jacket - Medium Wash | Levi's® US,64.5,USD,jsonld_offer_price
levi,299450012,A_2018_2020,201911,20191121204809,https://web.archive.org/web/20191121204809/https://www.levi.com/US/en_US/clothing/women/outerwear/original-trucker-jacket/p/299450012,Original Trucker Jacket - Medium Wash | Levi's® US,64.99,USD,jsonld_offer_price
levi,299450012,B_2024_2026,202407,20240718170133,https://web.archive.org/web/20240718170133/https://www.levi.com/US/en_US/clothing/women/outerwear/sherpa/original-trucker-jacket/p/299450012,Original Trucker Jacket - Light Wash | Levi's® US,49.98,USD,jsonld_offer_price
levi,299450012,B_2024_2026,202408,20240816175421,https://web.archive.org/web/20240816175421/https://www.levi.com/US/en_US/clothing/women/outerwear/original-trucker-jacket/p/299450012?utm_source=affiliate&Division=EC&Country=US&Language=EN&camp=rak&Targeting=10&Time=2024-08-16T17%3A54%3A21Z&ranMID=53220&ranEAID=pfLaClXlf20&ranSiteID=pfLaClXlf20-1aDuEBXnsz2E_xDaUqunkw,,,,fetch_failed
levi,299450012,B_2024_2026,202502,20250210210853,https://web.archive.org/web/20250210210853/https://www.levi.com/US/en_US/clothing/women/outerwear/original-trucker-jacket/p/299450012,,,,no_price_found
levi,299450012,B_2024_2026,202509,20250906080702,https://web.archive.org/web/20250906080702/https://www.levi.com/US/en_US/clothing/women/outerwear/original-trucker-jacket/p/299450012,Original Trucker Jacket - Light Wash | Levi's® US,49.98,USD,jsonld_offer_price
levi,196310001,A_2018_2020,201802,20180209032356,https://web.archive.org/web/20180209032356/http://www.levi.com:80/US/en_US/womens-jeans/p/196310001?,314 Shaping Straight Jeans | Darkest Sky |Levi's® United States (US),64.50,USD,meta_product_price+usd_from_us_site_url
levi,196310001,A_2018_2020,201803,20180301081501,https://web.archive.org/web/20180301081501/http://www.levi.com/US/en_US/womens-jeans/p/196310001,314 Shaping Straight Jeans | Darkest Sky |Levi's® United States (US),64.50,USD,meta_product_price+usd_from_us_site_url
levi,196310001,A_2018_2020,201804,20180404044749,https://web.archive.org/web/20180404044749/https://www.levi.com/US/en_US/clothing/women/jeans/314-shaping-straight-jeans/p/196310001,314 Shaping Straight Jeans - Dark Wash | Levi's® US,50.0,USD,jsonld_offer_price
levi,196310001,A_2018_2020,201805,20180502085205,https://web.archive.org/web/20180502085205/https://www.levi.com/US/en_US/clothing/women/jeans/314-shaping-straight-jeans/p/196310001,314 Shaping Straight Jeans - Dark Wash | Levi's® US,69.5,USD,jsonld_offer_price
levi,196310001,A_2018_2020,201806,20180602003034,https://web.archive.org/web/20180602003034/https://www.levi.com/US/en_US/clothing/women/jeans/314-shaping-straight-jeans/p/196310001,314 Shaping Straight Jeans - Dark Wash | Levi's® US,50.0,USD,jsonld_offer_price
levi,196310001,B_2024_2026,202407,20240720064400,https://web.archive.org/web/20240720064400/https://www.levi.com/US/en_US/womens-jeans/p/196310001?camp=PJ_AD:43737_2-210510,,69.5,USD,jsonld_offer_price
levi,196310001,B_2024_2026,202506,20250614072817,https://web.archive.org/web/20250614072817/https://www.levi.com/US/en_US/womens-jeans/p/196310001,314 Shaping Straight Women's Jeans - Dark Wash | Levi's® US,48.65,USD,jsonld_offer_price
levi,196310001,B_2024_2026,202512,20251230212851,https://web.archive.org/web/20251230212851/https://www.levi.com/US/en_US/clothing/women/jeans/straight/314-shaping-straight-womens-jeans/p/196310001,,,,no_price_found
levi,196310001,B_2024_2026,202601,20260122155352,https://web.archive.org/web/20260122155352/https://www.levi.com/US/en_US/clothing/women/jeans/straight/314-shaping-straight-womens-jeans/p/196310001,314 Shaping Straight Women's Jeans - Dark Wash | Levi's® US,74.95,USD,jsonld_offer_price
levi,005012453,A_2018_2020,201801,20180129112708,https://web.archive.org/web/20180129112708/http://www.levi.com:80/US/en_US/c/p/005012453,Levi's® Made in the USA 501® Original Fit Jeans | Rinse |Levi's® United States (US),168.00,USD,meta_product_price+usd_from_us_site_url
levi,005012453,A_2018_2020,201802,20180228085447,https://web.archive.org/web/20180228085447/http://www.levi.com:80/US/en_US/levi/p/005012453?,,,,fetch_failed
levi,005012453,A_2018_2020,201803,20180302194027,https://web.archive.org/web/20180302194027/http://www.levi.com:80/US/en_US/c/p/005012453,Levi's® Made in the USA 501® Original Fit Jeans | Rinse |Levi's® United States (US),168.00,USD,meta_product_price+usd_from_us_site_url
levi,005012453,B_2024_2026,202408,20240815175944,https://web.archive.org/web/20240815175944/https://www.levi.com/US/en_US/levi/p/005012453?camp=CME%7CEC%7CUS%7CEN%7CUS_Levis_ProductSpotlight_M_MadeintheUSA_W_720_Product_MEN%7Ccme_adh%7Cresp%7CMEN%7C20180125&camp_id=levis.1232622&rmid=20180125_US_Levis_ProductSpotlight_M_MadeintheUSA_W_720_Product_MEN&rrid=621148842&e_id_s25511=d0f42318af11a5d0501d490dff909c8ce372357ad7ce0d2753c5df49d0680e2c&e_id_m25511=c27d6c62258876afd47cf5281e059c71,Levi's® Made In The Usa 501® Original Fit Men's Jeans - Dark Wash | Levi's® US,34.98,USD,jsonld_offer_price
levi,005012453,B_2024_2026,202504,20250420132011,https://web.archive.org/web/20250420132011/https://www.levi.com/US/en_US/clothing/men/jeans/straight/levis-made-in-the-usa-501-original-fit-mens-jeans/p/005012453,Levi's® Made In The Usa 501® Original Fit Men's Jeans - Dark Wash | Levi's® US,34.98,USD,jsonld_offer_price
levi,005012453,B_2024_2026,202509,20250917233325,https://web.archive.org/web/20250917233325/https://www.levi.com/US/en_US/levi/p/005012453?camp=CME%7CEC%7CUS%7CEN%7CUS_Levis_ProductSpotlight_M_MadeintheUSA_W_720_Product_MEN%7Ccme_adh%7Cresp%7CMEN%7C20180125&camp_id=levis.1232622&rmid=20180125_US_Levis_ProductSpotlight_M_MadeintheUSA_W_720_Product_MEN&rrid=621148842&e_id_s25511=d0f42318af11a5d0501d490dff909c8ce372357ad7ce0d2753c5df49d0680e2c&e_id_m25511=c27d6c62258876afd47cf5281e059c71,Levi's® Made In The Usa 501® Original Fit Men's Jeans - Dark Wash | Levi's® US,34.98,USD,jsonld_offer_price
levi,005012453,B_2024_2026,202605,20260508091946,https://web.archive.org/web/20260508091946/https://www.levi.com/US/en_US/clothing/men/jeans/straight/levis-made-in-the-usa-501-original-fit-mens-jeans/p/005012453,Levi's® Made In The Usa 501® Original Fit Men's Jeans - Dark Wash | Levi's® US,34.98,USD,jsonld_offer_price
levi,702400073,A_2018_2020,201801,20180128165312,https://web.archive.org/web/20180128165312/http://www.levi.com:80/US/en_US/c/p/702400073,Classic Trucker Jacket | Belle Blue | Levi's® US,59.50,USD,meta_product_price+usd_from_us_site_url
levi,702400073,A_2018_2020,201803,20180302065706,https://web.archive.org/web/20180302065706/http://www.levi.com:80/US/en_US/c/p/702400073,Classic Trucker Jacket | Belle Blue | Levi's® US,59.50,USD,meta_product_price+usd_from_us_site_url
levi,702400073,A_2018_2020,201910,20191014181142,https://web.archive.org/web/20191014181142/https://www.levi.com/US/en_US/clothing/women/outerwear/classic-stretch-trucker-jacket/p/702400073,Classic Stretch Trucker Jacket - Dark Wash | Levi's® US,55.0,USD,jsonld_offer_price
levi,702400073,B_2024_2026,202408,20240803191550,https://web.archive.org/web/20240803191550/https://www.levi.com/US/en_US/womens-clothing-jackets-vests/p/702400073?brand=Levis,Classic Stretch Trucker Jacket - Dark Wash | Levi's® US,55.0,USD,jsonld_offer_price
levi,702400073,B_2024_2026,202512,20251213195828,https://web.archive.org/web/20251213195828/https://www.levi.com/US/en_US/womens-clothing-jackets-vests/p/702400073,Classic Stretch Trucker Jacket - Dark Wash | Levi's® US,55.0,USD,jsonld_offer_price
levi,702400073,B_2024_2026,202601,20260115175551,https://web.archive.org/web/20260115175551/https://www.levi.com/US/en_US/levi-women-clothing-jackets-vests/p/702400073?camp=CAGPLA_DF:7024000730S:LEVI,Classic Stretch Trucker Jacket - Dark Wash | Levi's® US,55.0,USD,jsonld_offer_price
levi,723340133,A_2018_2020,201801,20180129124207,https://web.archive.org/web/20180129124207/http://www.levi.com:80/US/en_US/levi/p/723340133?,The Trucker Jacket | Dark stonewash |Levi's® United States (US),98.00,USD,meta_product_price+usd_from_us_site_url
levi,723340133,A_2018_2020,201802,20180209023547,https://web.archive.org/web/20180209023547/http://www.levi.com:80/US/en_US/c/p/723340133,The Trucker Jacket | Dark stonewash |Levi's® United States (US),88.00,USD,meta_product_price+usd_from_us_site_url
levi,723340133,A_2018_2020,201803,20180316123403,https://web.archive.org/web/20180316123403/http://www.levi.com:80/US/en_US/c/p/723340133,The Trucker Jacket | Dark stonewash |Levi's® United States (US),89.50,USD,meta_product_price+usd_from_us_site_url
levi,723340133,B_2024_2026,202408,20240805101521,https://web.archive.org/web/20240805101521/https://www.levi.com/US/en_US/clothing/men/outerwear/trucker-jacket/p/723340133,Trucker Jacket - Dark Wash | Levi's® US,44.98,USD,jsonld_offer_price
levi,723340133,B_2024_2026,202409,20240914201521,https://web.archive.org/web/20240914201521/https://www.levi.com/US/en_US/mens-clothing-jackets/p/723340133,Trucker Jacket - Dark Wash | Levi's® US,44.98,USD,jsonld_offer_price
levi,723340133,B_2024_2026,202412,20241213232723,https://web.archive.org/web/20241213232723/https://www.levi.com/US/en_US/clothing/men/outerwear/trucker-jacket/p/723340133,,,,no_price_found
levi,723340144,A_2018_2020,201801,20180125142318,https://web.archive.org/web/20180125142318/http://www.levi.com:80/US/en_US/levi/p/723340144?,The Trucker Jacket | Berkman |Levi's® United States (US),89.50,USD,meta_product_price+usd_from_us_site_url
levi,723340144,A_2018_2020,201802,20180209031015,https://web.archive.org/web/20180209031015/http://www.levi.com:80/US/en_US/c/p/723340144,The Trucker Jacket | Berkman |Levi's® United States (US),88.00,USD,meta_product_price+usd_from_us_site_url
levi,723340144,A_2018_2020,201803,20180316083820,https://web.archive.org/web/20180316083820/http://www.levi.com:80/US/en_US/c/p/723340144,The Trucker Jacket | Berkman |Levi's® United States (US),89.50,USD,meta_product_price+usd_from_us_site_url
levi,723340144,A_2018_2020,201812,20181201203632,https://web.archive.org/web/20181201203632/https://www.levi.com/US/en_US/clothing/men/outerwear/trucker-jacket/p/723340144,Trucker Jacket - Black | Levi's® US,89.5,USD,jsonld_offer_price
levi,723340144,B_2024_2026,202412,20241208025422,https://web.archive.org/web/20241208025422/https://www.levi.com/US/en_US/sale/trucker-jacket/p/723340144?utm_source=google&utm_medium=cpc&adpos=&camp=PLA%2AEC%2AUS%2AEN%2A71700000086654284%2Apla%2Agoog%2A%2A%3A92700066065060968%3ALEVI&gclid=CjwKCAjwzOqKBhAWEiwArQGwaJqQk1IKhQKMWCDmZr1mtAn4XCLd4erXNR9ENxpLbSAm0VRrJRs84RoCJZMQAvD_BwE&gclsrc=aw.ds,,,,no_price_found
levi,723340144,B_2024_2026,202508,20250807044703,https://web.archive.org/web/20250807044703/https://www.levi.com/US/en_US/clothing/men/outerwear/trucker-jacket/p/723340144,Trucker Jacket - Black | Levi's® US,39.98,USD,jsonld_offer_price
levi,723340144,B_2024_2026,202509,20250905123106,https://web.archive.org/web/20250905123106/https://www.levi.com/US/en_US/sale/mens-sale/outerwear/trucker-jacket/p/723340144,Trucker Jacket - Black | Levi's® US,39.98,USD,jsonld_offer_price
levi,005144010,A_2018_2020,201802,20180224093356,https://web.archive.org/web/20180224093356/http://www.levi.com:80/US/en_US/levi-men-jeans/p/005144010?,514™ Straight Fit Jeans | Tumbled Rigid |Levi's® United States (US),59.50,USD,meta_product_price+usd_from_us_site_url
levi,005144010,A_2018_2020,201905,20190521231846,https://web.archive.org/web/20190521231846/https://www.levi.com/US/en_US/clothing/men/jeans/514-straight-fit-jeans/p/005144010,514™ Straight Fit Jeans - Dark Wash | Levi's® US,59.5,USD,jsonld_offer_price
levi,005144010,A_2018_2020,201912,20191211105112,https://web.archive.org/web/20191211105112/https://www.levi.com/US/en_US/clothing/men/jeans/514-straight-fit-mens-jeans/p/005144010,514™ Straight Fit Men's Jeans - Dark Wash | Levi's® US,69.5,USD,jsonld_offer_price
levi,005144010,B_2024_2026,202406,20240615102811,https://web.archive.org/web/20240615102811/https://www.levi.com/US/en_US/mens-jeans/p/005144010,514™ Straight Fit Men's Jeans - Dark Wash | Levi's® US,27.98,USD,jsonld_offer_price
levi,005144010,B_2024_2026,202410,20241009161359,https://web.archive.org/web/20241009161359/https://www.levi.com/US/en_US/mens-jeans/p/005144010,514™ Straight Fit Men's Jeans - Dark Wash | Levi's® US,27.98,USD,jsonld_offer_price
levi,005144010,B_2024_2026,202509,20250912094633,https://web.archive.org/web/20250912094633/https://www.levi.com/US/en_US/mens-jeans/p/005144010,514™ Straight Fit Men's Jeans - Dark Wash | Levi's® US,27.98,USD,jsonld_offer_price
levi,361360000,A_2018_2020,201801,20180124143821,https://web.archive.org/web/20180124143821/http://www.levi.com:80/US/en_US/levi-women-clothing-jackets-vests/p/361360000,Sherpa Trucker | Divided Blue |Levi's® United States (US),89.50,USD,meta_product_price+usd_from_us_site_url
levi,361360000,A_2018_2020,201802,20180222005202,https://web.archive.org/web/20180222005202/http://www.levi.com:80/US/en_US/levi-women-clothing-jackets-vests/p/361360000?,Sherpa Trucker | Divided Blue |Levi's® United States (US),89.50,USD,meta_product_price+usd_from_us_site_url
levi,361360000,A_2018_2020,201812,20181226181053,https://web.archive.org/web/20181226181053/https://www.levi.com/US/en_US/clothing/women/outerwear/original-sherpa-trucker-jacket/p/361360000,Original Sherpa Trucker Jacket - Medium Wash | Levi's® US,69.98,USD,jsonld_offer_price
levi,361360000,B_2024_2026,202412,20241201194340,https://web.archive.org/web/20241201194340/https://www.levi.com/US/en_US/clothing/women/outerwear/sherpa/original-sherpa-trucker-jacket/p/361360000,,,,no_price_found
levi,361360000,B_2024_2026,202502,20250215024507,https://web.archive.org/web/20250215024507/https://www.levi.com/US/en_US/clothing/women/outerwear/sherpa/original-sherpa-trucker-jacket/p/361360000?utm_source=google&utm_medium=cpc&adpos=&camp=PLA*EC*US*EN*18084909062*PMAX*goog*&gclid=Cj0KCQjw4vKpBhCZARIsAOKHoWQgtq8Pa8qc_04lST7PsjS5fsY9eecDv3pWnVY5nUKoKF3wDXmiFqEaApEoEALw_wcB,Original Sherpa Trucker Jacket - Medium Wash | Levi's® US,70.98,USD,jsonld_offer_price
levi,361360000,B_2024_2026,202505,20250517230101,https://web.archive.org/web/20250517230101/https://www.levi.com/US/en_US/clothing/women/outerwear/original-sherpa-trucker-jacket/p/361360000,Original Sherpa Trucker Jacket - Medium Wash | Levi's® US,70.98,USD,jsonld_offer_price
levi,361360000,B_2024_2026,202510,20251021132613,https://web.archive.org/web/20251021132613/https://www.levi.com/US/en_US/womens-clothing-jackets-vests/p/361360000,Original Sherpa Trucker Jacket - Medium Wash | Levi's® US,70.98,USD,jsonld_offer_price
levi,361360000,B_2024_2026,202601,20260120233635,https://web.archive.org/web/20260120233635/https://www.levi.com/US/en_US/clothing/women/outerwear/sherpa/original-sherpa-trucker-jacket/p/361360000?utm_source=google&utm_medium=cpc&adpos=&camp=PLA*EC*US*EN*18084909062*PMAX*goog*&gclid=Cj0KCQjw4vKpBhCZARIsAOKHoWQgtq8Pa8qc_04lST7PsjS5fsY9eecDv3pWnVY5nUKoKF3wDXmiFqEaApEoEALw_wcB,Original Sherpa Trucker Jacket - Medium Wash | Levi's® US,70.98,USD,jsonld_offer_price
levi,005012370,A_2018_2020,201801,20180125142314,https://web.archive.org/web/20180125142314/http://www.levi.com:80/US/en_US/levi/p/005012370?,501® Original Fit Stretch Jeans | DiRienzo |Levi's® United States (US),69.50,USD,meta_product_price+usd_from_us_site_url
levi,005012370,A_2018_2020,201802,20180228093443,https://web.archive.org/web/20180228093443/http://www.levi.com:80/US/en_US/levi/p/005012370?,501® Original Fit Stretch Jeans | DiRienzo |Levi's® United States (US),59.50,USD,meta_product_price+usd_from_us_site_url
levi,005012370,A_2018_2020,201803,20180312061709,https://web.archive.org/web/20180312061709/http://www.levi.com:80/US/en_US/mens-jeans/p/005012370,501® Original Fit Stretch Jeans | DiRienzo |Levi's® United States (US),79.50,USD,meta_product_price+usd_from_us_site_url
levi,005012370,A_2018_2020,201910,20191020060338,https://web.archive.org/web/20191020060338/https://www.levi.com/US/en_US/clothing/men/jeans/501-original-fit-stretch-mens-jeans/p/005012370,501® Original Fit Stretch Men's Jeans - Grey | Levi's® US,59.5,USD,jsonld_offer_price
levi,005012370,B_2024_2026,202410,20241007103059,https://web.archive.org/web/20241007103059/https://www.levi.com/US/en_US/clothing/men/jeans/straight/501-original-fit-mens-jeans/p/005012370,501® Original Fit Men's Jeans - Grey | Levi's® US,79.5,USD,jsonld_offer_price
levi,005012370,B_2024_2026,202412,20241231210858,https://web.archive.org/web/20241231210858/https://www.levi.com/US/en_US/clothing/men/jeans/straight/501-original-fit-mens-jeans/p/005012370,501® Original Fit Men's Jeans - Grey | Levi's® US,39.98,USD,jsonld_offer_price
levi,005012370,B_2024_2026,202603,20260305201739,https://web.archive.org/web/20260305201739/https://www.levi.com/US/en_US/clothing/men/jeans/straight/501-original-fit-mens-jeans/p/005012370,501® Original Fit Men's Jeans - Grey | Levi's® US,84.95,USD,jsonld_offer_price
levi,372470018,A_2018_2020,201801,20180124143539,https://web.archive.org/web/20180124143539/http://www.levi.com:80/US/en_US/levi/p/372470018,Boys 8-20 505™ Straight Fit Jeans | Clouded Tones |Levi's® United States (US),40.00,USD,meta_product_price+usd_from_us_site_url
levi,372470018,A_2018_2020,201802,20180209025734,https://web.archive.org/web/20180209025734/http://www.levi.com:80/US/en_US/levi/p/372470018,Boys 8-20 505™ Straight Fit Jeans | Clouded Tones |Levi's® United States (US),40.00,USD,meta_product_price+usd_from_us_site_url
levi,372470018,A_2018_2020,201803,20180315213105,https://web.archive.org/web/20180315213105/http://www.levi.com:80/US/en_US/levi/p/372470018,Boys 8-20 505™ Regular Fit Jeans | Clouded Tones |Levi's® United States (US),40.00,USD,meta_product_price+usd_from_us_site_url
levi,372470018,B_2024_2026,202411,20241106135106,https://web.archive.org/web/20241106135106/https://www.levi.com/US/en_US/clothing/kids/big-boys/505-regular-fit-big-boys-jeans-8-20/p/372470018,505™ Regular Fit Big Boys Jeans 8-20 - Medium Wash | Levi's® US,48.0,USD,jsonld_offer_price
levi,372470018,B_2024_2026,202511,20251117005740,https://web.archive.org/web/20251117005740/https://www.levi.com/US/en_US/clothing/kids/big-boys/505TM-regular-fit-big-boys-jeans-8-20/p/372470018,,,,no_price_found
levi,372470018,B_2024_2026,202512,20251206150744,https://web.archive.org/web/20251206150744/https://www.levi.com/US/en_US/clothing/kids/big-boys/505-regular-fit-big-boys-jeans-8-20/p/372470018,505™ Regular Fit Big Boys Jeans 8-20 - Medium Wash | Levi's® US,48.0,USD,jsonld_offer_price
levi,381260027,A_2018_2020,201801,20180111014845,https://web.archive.org/web/20180111014845/http://www.levi.com:80/US/en_US/levi/p/381260027,Batwing Tote | Ecru |Levi's® United States (US),20.00,USD,meta_product_price+usd_from_us_site_url
levi,381260027,A_2018_2020,201802,20180209161239,https://web.archive.org/web/20180209161239/http://www.levi.com:80/US/en_US/neutral/p/381260027,Levi's® Batwing Tote Bag | Ecru |Levi's® United States (US),20.00,USD,meta_product_price+usd_from_us_site_url
levi,381260027,A_2018_2020,201803,20180315211854,https://web.archive.org/web/20180315211854/http://www.levi.com:80/US/en_US/neutral/p/381260027,Levi's® Batwing Tote Bag | Ecru |Levi's® United States (US),20.00,USD,meta_product_price+usd_from_us_site_url
levi,381260027,B_2024_2026,202507,20250709070306,https://web.archive.org/web/20250709070306/https://www.levi.com/US/en_US/accessories/women/batwing-tote/p/381260027,,,,no_price_found
levi,381260027,B_2024_2026,202601,20260114145028,https://web.archive.org/web/20260114145028/https://www.levi.com/US/en_US/accessories/women/batwing-tote/p/381260027,Batwing Tote - White | Levi's® US,25.0,USD,jsonld_offer_price
levi,381260027,B_2024_2026,202602,20260204133135,https://web.archive.org/web/20260204133135/https://www.levi.com/US/en_US/accessories/women/batwing-tote/p/381260027?tgid=2319,,,,no_price_found
levi,408500074,A_2018_2020,201801,20180121183938,https://web.archive.org/web/20180121183938/http://www.levi.com:80/US/en_US/mens-clothing-t-shirts-polos/p/408500074?,1950s Sportswear T-Shirt | White |Levi's® United States (US),88.00,USD,meta_product_price+usd_from_us_site_url
levi,408500074,A_2018_2020,201802,20180222005749,https://web.archive.org/web/20180222005749/http://www.levi.com:80/US/en_US/mens-clothing-t-shirts-polos/p/408500074?,1950s Sportswear T-Shirt | White |Levi's® United States (US),88.00,USD,meta_product_price+usd_from_us_site_url
levi,408500074,A_2018_2020,201907,20190728220511,https://web.archive.org/web/20190728220511/https://www.levi.com/US/en_US/clothing/men/shirts/1950s-sportswear-t-shirt/p/408500074,1950's Sportswear T-shirt - White | Levi's® US,88.0,USD,jsonld_offer_price
levi,408500074,B_2024_2026,202501,20250116205346,https://web.archive.org/web/20250116205346/https://www.levi.com/US/en_US/clothing/men/shirts/1950s-sportswear-t-shirt/p/408500074,,,,no_price_found
levi,408500074,B_2024_2026,202507,20250725083346,https://web.archive.org/web/20250725083346/https://www.levi.com/US/en_US/clothing/men/shirts/1950s-sportswear-t-shirt/p/408500074,,,,no_price_found
levi,408500074,B_2024_2026,202509,20250924145043,https://web.archive.org/web/20250924145043/https://www.levi.com/US/en_US/clothing/men/shirts/1950s-sportswear-t-shirt/p/408500074,,,,no_price_found
levi,408500074,B_2024_2026,202603,20260313112004,https://web.archive.org/web/20260313112004/https://www.levi.com/US/en_US/clothing/men/shirts/1950s-sportswear-t-shirt/p/408500074,1950s Sportswear T-shirt - White | Levi's® US,56.98,USD,jsonld_offer_price
levi,005500260,A_2018_2020,201801,20180129130941,https://web.archive.org/web/20180129130941/http://www.levi.com:80/US/en_US/mens-jeans/p/005500260?,550™ Relaxed Fit Jeans | Black |Levi's® United States (US),59.50,USD,meta_product_price+usd_from_us_site_url
levi,005500260,A_2018_2020,201803,20180302063531,https://web.archive.org/web/20180302063531/http://www.levi.com:80/US/en_US/mens-jeans/p/005500260?,550™ Relaxed Fit Jeans | Black |Levi's® United States (US),59.50,USD,meta_product_price+usd_from_us_site_url
levi,005500260,A_2018_2020,201808,20180814042825,https://web.archive.org/web/20180814042825/http://www.levi.com:80/US/en_US/mens-jeans/p/005500260?,US Levi.com Maintenance Page,,,no_price_found
levi,005500260,B_2024_2026,202501,20250116044504,https://web.archive.org/web/20250116044504/https://www.levi.com/US/en_US/p/005500260,550™ Relaxed Fit Men's Jeans - Black | Levi's® US,69.5,USD,jsonld_offer_price
levi,005500260,B_2024_2026,202502,20250211091913,https://web.archive.org/web/20250211091913/https://www.levi.com/US/en_US/mens-jeans/p/005500260,550™ Relaxed Fit Men's Jeans - Black | Levi's® US,69.5,USD,jsonld_offer_price
levi,005500260,B_2024_2026,202504,20250426211929,https://web.archive.org/web/20250426211929/https://www.levi.com/US/en_US/clothing/men/jeans/relaxed/550TM-relaxed-fit-mens-jeans/p/005500260,,,,fetch_failed
levi,005500260,B_2024_2026,202505,20250516064305,https://web.archive.org/web/20250516064305/https://www.levi.com/US/en_US/clothing/men/jeans/relaxed/550TM-relaxed-fit-mens-jeans/p/005500260,,,,no_price_found
levi,005500260,B_2024_2026,202508,20250809214114,https://web.archive.org/web/20250809214114/https://www.levi.com/US/en_US/clothing/men/jeans/550-relaxed-fit-mens-jeans/p/005500260,550™ Relaxed Fit Men's Jeans - Black | Levi's® US,48.65,USD,jsonld_offer_price
levi,005500260,B_2024_2026,202512,20251204091152,https://web.archive.org/web/20251204091152/https://www.levi.com/US/en_US/clothing/men/jeans/relaxed/550-relaxed-fit-mens-jeans/p/005500260,,,,no_price_found
levi,055104173,A_2018_2020,201803,20180308212529,https://web.archive.org/web/20180308212529/http://www.levi.com:80/US/en_US/mens-jeans/p/055104173?,510™ Skinny Fit Stretch Jeans | Jet |Levi's® United States (US),69.50,USD,meta_product_price+usd_from_us_site_url
levi,055104173,A_2018_2020,201906,20190610013920,https://web.archive.org/web/20190610013920/https://www.levi.com/US/en_US/clothing/unisex/jeans/510-skinny-fit-jeans/p/055104173,510™ Skinny Fit Jeans - Black | Levi's® US,48.99,USD,jsonld_offer_price
levi,055104173,A_2018_2020,201911,20191128043535,https://web.archive.org/web/20191128043535/https://www.levi.com/US/en_US/apparel/clothing/bottoms/510-skinny-fit-mens-jeans/p/055104173,510™ Skinny Fit Men's Jeans - Black | Levi's® US,17.98,USD,jsonld_offer_price
levi,055104173,B_2024_2026,202406,20240615115932,https://web.archive.org/web/20240615115932/https://www.levi.com/US/en_US/mens-jeans/p/055104173,510™ Skinny Fit Men's Jeans - Black | Levi's® US,17.98,USD,jsonld_offer_price
levi,055104173,B_2024_2026,202410,20241010034002,https://web.archive.org/web/20241010034002/https://www.levi.com/US/en_US/clothing/unisex/jeans/510-skinny-fit-jeans/p/055104173,510™ Skinny Fit Men's Jeans - Black | Levi's® US,17.98,USD,jsonld_offer_price
levi,055104173,B_2024_2026,202412,20241216124004,https://web.archive.org/web/20241216124004/https://www.levi.com/US/en_US/clothing/unisex/jeans/510-skinny-fit-stretch-jeans/p/055104173,,,,no_price_found
levi,115010000,A_2018_2020,201801,20180129042333,https://web.archive.org/web/20180129042333/http://www.levi.com:80/US/en_US/mens-jeans/p/115010000,501® Shrink-to-Fit™ Jeans (Big & Tall) | Rigid |Levi's® United States (US),69.50,USD,meta_product_price+usd_from_us_site_url
levi,115010000,A_2018_2020,201802,20180224082917,https://web.archive.org/web/20180224082917/http://www.levi.com:80/US/en_US/mens-jeans/p/115010000,501® Shrink-to-Fit™ Jeans (Big & Tall) | Rigid |Levi's® United States (US),69.50,USD,meta_product_price+usd_from_us_site_url
levi,115010000,A_2018_2020,201803,20180316104733,https://web.archive.org/web/20180316104733/http://www.levi.com:80/US/en_US/mens-jeans/p/115010000,501® Shrink-to-Fit™ Jeans (Big & Tall) | Rigid |Levi's® United States (US),69.50,USD,meta_product_price+usd_from_us_site_url
levi,115010000,B_2024_2026,202410,20241001094614,https://web.archive.org/web/20241001094614/https://www.levi.com/US/en_US/big-tall/jeans/501-shrink-to-fit-mens-jeans-big-tall/p/115010000,,,,no_price_found
levi,115010000,B_2024_2026,202412,20241201091056,https://web.archive.org/web/20241201091056/https://www.levi.com/US/en_US/big-tall/jeans/501-shrink-to-fit-mens-jeans-big-tall/p/115010000,,,,no_price_found
levi,115010000,B_2024_2026,202501,20250121091509,https://web.archive.org/web/20250121091509/https://www.levi.com/US/en_US/big-tall/jeans/501-shrink-to-fit-mens-jeans-big-tall/p/115010000,,,,no_price_found
levi,115010000,B_2024_2026,202504,20250426094116,https://web.archive.org/web/20250426094116/https://www.levi.com/US/en_US/big-tall/jeans/501-shrink-to-fitTM-mens-jeans-big-tall/p/115010000,,,,no_price_found
levi,115010000,B_2024_2026,202505,20250520103252,https://web.archive.org/web/20250520103252/https://www.levi.com/US/en_US/big-tall/jeans/501-shrink-to-fitTM-mens-jeans-big-tall/p/115010000,501® Shrink-to-fit™ Men's Jeans (big & Tall) - Dark Wash | Levi's® US,79.5,USD,jsonld_offer_price
levi,115010000,B_2024_2026,202506,20250623122849,https://web.archive.org/web/20250623122849/https://www.levi.com/US/en_US/big-tall/jeans/501-shrink-to-fitTM-mens-jeans-big-tall/p/115010000,,,,no_price_found
levi,115010000,B_2024_2026,202507,20250731011647,https://web.archive.org/web/20250731011647/https://www.levi.com/US/en_US/big-tall/jeans/501-shrink-to-fit-mens-jeans-big-tall/p/115010000,,,,no_price_found
levi,115010000,B_2024_2026,202509,20250911112156,https://web.archive.org/web/20250911112156/https://www.levi.com/US/en_US/Big-Tall/Jeans/501-Shrink-to-Fit-Mens-Jeans-Big-Tall/p/115010000,501® Shrink-to-fit™ Men's Jeans (big & Tall) - Dark Wash | Levi's® US,69.99,USD,jsonld_offer_price
levi,115010000,B_2024_2026,202602,20260208054133,https://web.archive.org/web/20260208054133/https://www.levi.com/US/en_US/big-tall/jeans/501-shrink-to-fit-mens-jeans-big-tall/p/115010000,501® Shrink-to-fit™ Men's Jeans (big & Tall) - Dark Wash | Levi's® US,84.95,USD,jsonld_offer_price
levi,295070036,A_2018_2020,201801,20180128234230,https://web.archive.org/web/20180128234230/http://www.levi.com:80/US/en_US/mens-jeans/p/295070036,502™ Regular Taper Fit Stretch Jeans | Dark Hollow |Levi's® United States (US),69.50,USD,meta_product_price+usd_from_us_site_url
levi,295070036,A_2018_2020,201802,20180220022323,https://web.archive.org/web/20180220022323/http://www.levi.com:80/US/en_US/neutral/p/295070036,502™ Regular Taper Fit Stretch Jeans | Dark Hollow |Levi's® United States (US),59.50,USD,meta_product_price+usd_from_us_site_url
levi,295070036,A_2018_2020,201803,20180302203842,https://web.archive.org/web/20180302203842/http://www.levi.com:80/US/en_US/mens-jeans/p/295070036,502™ Regular Taper Fit Stretch Jeans | Dark Hollow |Levi's® United States (US),59.50,USD,meta_product_price+usd_from_us_site_url
levi,295070036,B_2024_2026,202501,20250125124727,https://web.archive.org/web/20250125124727/https://www.levi.com/US/en_US/p/295070036,502™ Taper Fit Men's Jeans - Dark Wash | Levi's® US,69.5,USD,jsonld_offer_price
levi,295070036,B_2024_2026,202502,20250214182259,https://web.archive.org/web/20250214182259/https://www.levi.com/US/en_US/mens-jeans/p/295070036,502™ Taper Fit Men's Jeans - Dark Wash | Levi's® US,41.7,USD,jsonld_offer_price
levi,295070036,B_2024_2026,202508,20250810151510,https://web.archive.org/web/20250810151510/https://www.levi.com/US/en_US/clothing/men/jeans/taper/502TM-taper-fit-mens-jeans/p/295070036,,,,no_price_found
levi,295070036,B_2024_2026,202509,20250909235123,https://web.archive.org/web/20250909235123/https://www.levi.com/US/en_US/clothing/men/jeans/taper/502-taper-fit-mens-jeans/p/295070036,,,,no_price_found
levi,295070036,B_2024_2026,202511,20251101135839,https://web.archive.org/web/20251101135839/https://www.levi.com/US/en_US/clothing/men/jeans/taper/502-taper-fit-mens-jeans/p/295070036,,,,no_price_found
levi,295070036,B_2024_2026,202512,20251222024038,https://web.archive.org/web/20251222024038/https://www.levi.com/US/en_US/clothing/men/jeans/taper/502-taper-fit-mens-jeans/p/295070036,,,,no_price_found
levi,295070036,B_2024_2026,202603,20260316035019,https://web.archive.org/web/20260316035019/https://www.levi.com/US/en_US/clothing/men/jeans/taper/502TM-taper-fit-mens-jeans/p/295070036,502™ Taper Men's Jeans - Dark Wash | Levi's® US,74.95,USD,jsonld_offer_price
levi,295070036,B_2024_2026,202605,20260514224529,https://web.archive.org/web/20260514224529/https://www.levi.com/US/en_US/clothing/men/jeans/taper/502-taper-mens-jeans/p/295070036,502™ Taper Men's Jeans - Dark Wash | Levi's® US,49.99,USD,jsonld_offer_price
levi,177780034,A_2018_2020,201801,20180102215315,https://web.archive.org/web/20180102215315/http://www.levi.com:80/US/en_US/womens-jeans/p/177780034?bvrrp=9090-en_us/reviews/product/4/177780034.htm,710 Super Skinny Jeans | Secluded Echo |Levi's® United States (US),54.50,USD,meta_product_price+usd_from_us_site_url
levi,177780034,A_2018_2020,201802,20180209002926,https://web.archive.org/web/20180209002926/http://www.levi.com:80/US/en_US/womens-jeans/p/177780034?,710 Super Skinny Jeans | Secluded Echo |Levi's® United States (US),54.50,USD,meta_product_price+usd_from_us_site_url
levi,177780034,A_2018_2020,201803,20180315202320,https://web.archive.org/web/20180315202320/http://www.levi.com:80/US/en_US/womens-jeans/p/177780034?,710 Super Skinny Jeans | Secluded Echo |Levi's® United States (US),54.50,USD,meta_product_price+usd_from_us_site_url
levi,177780034,B_2024_2026,202412,20241210221815,https://web.archive.org/web/20241210221815/https://www.levi.com/US/en_US/womens-jeans/p/177780034,710 Super Skinny Women's Jeans - Black | Levi's® US,52.98,USD,jsonld_offer_price
levi,177780034,B_2024_2026,202502,20250216155000,https://web.archive.org/web/20250216155000/https://www.levi.com/US/en_US/womens-jeans/p/177780034?camp=CAGPLA_DF:17778003402430:LEVI,710 Super Skinny Women's Jeans - Black | Levi's® US,52.98,USD,jsonld_offer_price
levi,177780034,B_2024_2026,202601,20260120035822,https://web.archive.org/web/20260120035822/https://www.levi.com/US/en_US/womens-jeans/p/177780034,710 Super Skinny Women's Jeans - Black | Levi's® US,52.98,USD,jsonld_offer_price
levi,196260000,A_2018_2020,201803,20180315203338,https://web.archive.org/web/20180315203338/http://www.levi.com:80/US/en_US/womens-jeans/p/196260000?,311 Shaping Skinny Jeans | Soft Black |Levi's® United States (US),64.50,USD,meta_product_price+usd_from_us_site_url
levi,196260000,A_2018_2020,201807,20180710151205,https://web.archive.org/web/20180710151205/https://www.levi.com/US/en_US/clothing/women/jeans/311-shaping-skinny-jeans/p/196260000,311 Shaping Skinny Jeans - Black | Levi US Site,69.5,USD,jsonld_offer_price
levi,196260000,A_2018_2020,201809,20180927161544,https://web.archive.org/web/20180927161544/https://www.levi.com/US/en_US/clothing/women/jeans/311-shaping-skinny-jeans/p/196260000?clickid=&irgwc=1&camp=IR_10078_366459,311 Shaping Skinny Jeans - Black | Levi's® US,69.5,USD,jsonld_offer_price
levi,196260000,B_2024_2026,202412,20241202132307,https://web.archive.org/web/20241202132307/https://www.levi.com/US/en_US/clothing/women/jeans/311-shaping-skinny-womens-jeans/p/196260000,311 Shaping Skinny Women's Jeans - Black | Levi's® US,41.7,USD,jsonld_offer_price
levi,196260000,B_2024_2026,202501,20250116193052,https://web.archive.org/web/20250116193052/https://www.levi.com/US/en_US/p/196260000,,,,fetch_failed
levi,196260000,B_2024_2026,202503,20250325031513,https://web.archive.org/web/20250325031513/https://www.levi.com/US/en_US/clothing/women/jeans/skinny/311-shaping-skinny-womens-jeans/p/196260000?srsltid=AfmBOopFkgQcaPuyhxGGz1YYPmszaSsP-F_HEqPYivzQxIN8w2oBSW02420,311 Shaping Skinny Women's Jeans - Black | Levi's® US,69.5,USD,jsonld_offer_price
levi,196260000,B_2024_2026,202504,20250427104212,https://web.archive.org/web/20250427104212/https://www.levi.com/US/en_US/clothing/women/jeans/skinny/311-shaping-skinny-womens-jeans/p/196260000?srsltid=AfmBOooaQV7rxiVYiBazJALHp8W2B3hA8Plmj9SfJsWeAnem26dHdFKMSzE,311 Shaping Skinny Women's Jeans - Black | Levi's® US,48.65,USD,jsonld_offer_price
levi,196260000,B_2024_2026,202505,20250506101017,https://web.archive.org/web/20250506101017/https://www.levi.com/US/en_US/clothing/women/jeans/skinny/311-shaping-skinny-womens-jeans/p/196260000,,,,no_price_found
levi,196260000,B_2024_2026,202509,20250906013535,https://web.archive.org/web/20250906013535/https://www.levi.com/US/en_US/clothing/women/jeans/skinny/311-shaping-skinny-womens-jeans/p/196260000,,,,no_price_found
levi,196260000,B_2024_2026,202512,20251207002944,https://web.archive.org/web/20251207002944/https://www.levi.com/US/en_US/clothing/women/jeans/311-shaping-skinny-womens-jeans/p/196260000,,,,no_price_found
levi,196260000,B_2024_2026,202601,20260111003001,https://web.archive.org/web/20260111003001/https://www.levi.com/US/en_US/clothing/women/jeans/311-shaping-skinny-womens-jeans/p/196260000,,,,no_price_found
levi,196260000,B_2024_2026,202602,20260202125542,https://web.archive.org/web/20260202125542/https://www.levi.com/US/en_US/clothing/women/jeans/311-shaping-skinny-womens-jeans/p/196260000,,,,no_price_found
levi,196260001,A_2018_2020,201801,20180128152349,https://web.archive.org/web/20180128152349/http://www.levi.com:80/US/en_US/womens-jeans/p/196260001?,311 Shaping Skinny Jeans | Darkest Sky |Levi's® United States (US),88.00,USD,meta_product_price+usd_from_us_site_url
levi,196260001,A_2018_2020,201910,20191023084347,https://web.archive.org/web/20191023084347/https://www.levi.com/US/en_US/clothing/women/jeans/311-shaping-skinny-womens-jeans/p/196260001,311 Shaping Skinny Women's Jeans - Dark Wash | Levi's® US,59.5,USD,jsonld_offer_price
levi,196260001,A_2018_2020,201911,20191123144415,https://web.archive.org/web/20191123144415/https://www.levi.com/US/en_US/clothing/women/jeans/311-shaping-skinny-womens-jeans/p/196260001?camp=Brand:2015LevisHolidayBrand:Paid:Refinery29,311 Shaping Skinny Women's Jeans - Dark Wash | Levi's® US,39.99,USD,jsonld_offer_price
levi,196260001,B_2024_2026,202412,20241227035008,https://web.archive.org/web/20241227035008/https://www.levi.com/US/en_US/clothing/women/jeans/skinny/311-shaping-skinny-womens-jeans/p/196260001?utm_source=affiliate&Division=EC&Country=US&Language=EN&camp=rak&Targeting=10&Time=2024-12-26T13%3A46%3A17Z&ranMID=53220&ranEAID=OHlcvPYhHQM&ranSiteID=OHlcvPYhHQM-8FWBf7hTEZL90m7xJ3ADIg,,,,fetch_failed
levi,196260001,B_2024_2026,202501,20250113235244,https://web.archive.org/web/20250113235244/https://www.levi.com/US/en_US/clothing/women/jeans/skinny/311-shaping-skinny-womens-jeans/p/196260001,311 Shaping Skinny Women's Jeans - Dark Wash | Levi's® US,69.5,USD,jsonld_offer_price
levi,196260001,B_2024_2026,202512,20251228053514,https://web.archive.org/web/20251228053514/https://www.levi.com/US/en_US/clothing/women/jeans/311-shaping-skinny-womens-jeans/p/196260001,,,,no_price_found
levi,196260001,B_2024_2026,202605,20260516081502,https://web.archive.org/web/20260516081502/https://www.levi.com/US/en_US/clothing/women/jeans/skinny/311-shaping-skinny-womens-jeans/p/196260001,311 Shaping Skinny Women's Jeans - Dark Wash | Levi's® US,74.95,USD,jsonld_offer_price
levi,771380632,A_2018_2020,201804,20180428180420,https://web.archive.org/web/20180428180420/https://www.levi.com/US/en_US/accessories/men/paisley-bandana/p/771380632,Paisley Bandana - Red | Levi's® US,14.0,USD,jsonld_offer_price
levi,771380632,A_2018_2020,201810,20181005060940,https://web.archive.org/web/20181005060940/https://www.levi.com/US/en_US/accessories/men/paisley-bandana/p/771380632,Paisley Bandana - Red | Levi's® US,9.99,USD,jsonld_offer_price
levi,771380632,A_2018_2020,201901,20190104144050,https://web.archive.org/web/20190104144050/https://www.levi.com/US/en_US/accessories/men/paisley-bandana/p/771380632,Paisley Bandana - Red | Levi's® US,14.0,USD,jsonld_offer_price
levi,771380632,B_2024_2026,202407,20240720073825,https://web.archive.org/web/20240720073825/https://www.levi.com/US/en_US/accessories/p/771380632?camp=CAGPLA_DF:77138063201:LEVI,,14.5,USD,jsonld_offer_price
levi,771380632,B_2024_2026,202408,20240804170718,https://web.archive.org/web/20240804170718/https://www.levi.com/US/en_US/accessories/p/771380632,Paisley Bandana - Red | Levi's® US,14.5,USD,jsonld_offer_price
levi,771380632,B_2024_2026,202502,20250213170020,https://web.archive.org/web/20250213170020/https://www.levi.com/US/en_US/accessories/men/paisley-bandana/p/771380632,Paisley Bandana - Red | Levi's® US,10.15,USD,jsonld_offer_price
levi,771380632,B_2024_2026,202505,20250529032646,https://web.archive.org/web/20250529032646/https://www.levi.com/US/en_US/accessories/men/paisley-bandana/p/771380632,,,,no_price_found
levi,771380632,B_2024_2026,202506,20250601064439,https://web.archive.org/web/20250601064439/https://www.levi.com/US/en_US/accessories/men/paisley-bandana/p/771380632,,,,no_price_found
levi,771380632,B_2024_2026,202507,20250717025010,https://web.archive.org/web/20250717025010/https://www.levi.com/US/en_US/accessories/men/paisley-bandana/p/771380632,,,,no_price_found
levi,771380632,B_2024_2026,202508,20250822095902,https://web.archive.org/web/20250822095902/https://www.levi.com/US/en_US/accessories/p/771380632,,,,no_price_found
levi,771380632,B_2024_2026,202509,20250908145410,https://web.archive.org/web/20250908145410/https://www.levi.com/US/en_US/accessories/men/paisley-bandana/p/771380632,,,,fetch_failed
levi,771380632,B_2024_2026,202512,20251205150003,https://web.archive.org/web/20251205150003/https://www.levi.com/US/en_US/accessories/men/paisley-bandana/p/771380632,Paisley Bandana - Red | Levi's® US,14.5,USD,jsonld_offer_price
levi,005010134,A_2018_2020,201907,20190707005821,https://web.archive.org/web/20190707005821/https://www.levi.com/US/en_US/clothing/men/jeans/501-original-fit-mens-jeans/p/005010134,501® Original Fit Men's Jeans - Light Wash | Levi's® US,59.5,USD,jsonld_offer_price
levi,005010134,A_2018_2020,201910,20191015055704,https://web.archive.org/web/20191015055704/https://www.levi.com/US/en_US/clothing/men/jeans/501-original-fit-mens-jeans/p/005010134,501® Original Fit Men's Jeans - Light Wash | Levi's® US,35.7,USD,jsonld_offer_price
levi,005010134,A_2018_2020,202002,20200215114401,https://web.archive.org/web/20200215114401/https://www.levi.com/US/en_US/clothing/men/jeans/501-original-fit-mens-jeans/p/005010134,501® Original Fit Men's Jeans - Light Wash | Levi's® US,59.5,USD,jsonld_offer_price
levi,005010134,B_2024_2026,202409,20240912030605,https://web.archive.org/web/20240912030605/https://www.levi.com/US/en_US/clothing/men/jeans/straight/501-original-fit-mens-jeans/p/005010134?camp=AFF_DR_Levis_EU_Rakuten___Skimlinks.com_____2116208_____10&ranMID=53154&ranEAID=TnL5HPStwNw&ranSiteID=TnL5HPStwNw-JSkfqZOBjOHEzVSPmJmxsA,501® Original Fit Men's Jeans - Light Wash | Levi's® US,79.5,USD,jsonld_offer_price
levi,005010134,B_2024_2026,202410,20241007102835,https://web.archive.org/web/20241007102835/https://www.levi.com/US/en_US/clothing/men/jeans/straight/501-original-fit-mens-jeans/p/005010134,501® Original Fit Men's Jeans - Light Wash | Levi's® US,79.5,USD,jsonld_offer_price
levi,005010134,B_2024_2026,202412,20241214072808,https://web.archive.org/web/20241214072808/https://www.levi.com/US/en_US/clothing/men/jeans/501-original-fit-mens-jeans/p/005010134,501® Original Fit Men's Jeans - Light Wash | Levi's® US,47.7,USD,jsonld_offer_price
levi,005010134,B_2024_2026,202501,20250130034513,https://web.archive.org/web/20250130034513/https://www.levi.com/US/en_US/clothing/men/jeans/501-original-fit-mens-jeans/p/005010134?camp=rak&Division=EC&ranEAID=OHlcvPYhHQM&ranSiteID=OHlcvPYhHQM-c_pTGcrw4BjrufBbZFZb1g&utm_source=affiliate&Time=2025-01-30T03%3A45%3A13Z&Targeting=10&Language=EN&ranMID=53220&Country=US,,,,no_price_found
levi,005010134,B_2024_2026,202504,20250426103859,https://web.archive.org/web/20250426103859/https://www.levi.com/US/en_US/clothing/men/jeans/straight/501-original-fit-mens-jeans/p/005010134,,,,no_price_found
levi,005010134,B_2024_2026,202505,20250505061212,https://web.archive.org/web/20250505061212/https://www.levi.com/US/en_US/clothing/men/jeans/straight/501-original-fit-mens-jeans/p/005010134,,,,fetch_failed
levi,005010134,B_2024_2026,202506,20250629223245,https://web.archive.org/web/20250629223245/https://www.levi.com/US/en_US/clothing/men/jeans/straight/501-original-fit-mens-jeans/p/005010134,,,,no_price_found
levi,005010134,B_2024_2026,202507,20250709070336,https://web.archive.org/web/20250709070336/https://www.levi.com/US/en_US/clothing/men/jeans/straight/501-original-fit-mens-jeans/p/005010134,,,,no_price_found
levi,005010134,B_2024_2026,202508,20250804145822,https://web.archive.org/web/20250804145822/https://www.levi.com/US/en_US/clothing/men/jeans/501-original-fit-mens-jeans/p/005010134,,,,no_price_found
levi,005010134,B_2024_2026,202509,20250907204157,https://web.archive.org/web/20250907204157/https://www.levi.com/US/en_US/clothing/men/jeans/straight/501-original-fit-mens-jeans/p/005010134,,,,no_price_found
levi,005010134,B_2024_2026,202511,20251115172408,https://web.archive.org/web/20251115172408/https://www.levi.com/US/en_US/clothing/men/jeans/straight/501-original-fit-mens-jeans/p/005010134?mi_u=62cfab167e8e6e02114c74cf997c009f&mi_gender=CLICK_MAN&mi_campaign=CME*EC*US*EN*US_20250817_US_Levis_Dedicated_Warehouse_Ends_MenAd_Hoc_Promo*cme_adh*cord*DUAL*20250817&camp=CME*EC*US*EN*US_20250817_US_Levis_Dedicated_Warehouse_Ends_MenAd_Hoc_Promo*cme_adh*cord*DUAL*20250817&mcID=1998%3A689c3709d4a88e26e50eae56%3Aot&cmid=20250817_US_Levis_Dedicated_Warehouse_Ends_Men&cid=65d8d2aabc39bc74de0a1b65,501® Original Fit Men's Jeans - Light Wash | Levi's® US,63.98,USD,jsonld_offer_price
levi,005010134,B_2024_2026,202512,20251207121645,https://web.archive.org/web/20251207121645/https://www.levi.com/US/en_US/clothing/men/jeans/501-original-fit-jeans/p/005010134,501® Original Fit Men's Jeans - Light Wash | Levi's® US,63.98,USD,jsonld_offer_price
levi,005010134,B_2024_2026,202601,20260123234450,https://web.archive.org/web/20260123234450/https://www.levi.com/US/en_US/clothing/men/jeans/501-original-fit-mens-jeans/p/005010134,501® Original Fit Men's Jeans - Light Wash | Levi's® US,63.98,USD,jsonld_offer_price
levi,173690389,A_2018_2020,201907,20190721035755,https://web.archive.org/web/20190721035755/https://www.levi.com/US/en_US/customize/womens-custom-blank-perfect-tee-shirt/p/173690389,Women's Custom Blank Perfect Tee Shirt - White | Levi's® US,25.0,USD,jsonld_offer_price
levi,173690389,A_2018_2020,201908,20190812024051,https://web.archive.org/web/20190812024051/https://www.levi.com/US/en_US/customize/womens-custom-blank-perfect-tee-shirt/p/173690389,Women's Custom Blank Perfect Tee Shirt - White | Levi's® US,25.0,USD,jsonld_offer_price
levi,173690389,A_2018_2020,201912,20191224231753,https://web.archive.org/web/20191224231753/https://www.levi.com/US/en_US/customize/womens-blank-perfect-tee-shirt/p/173690389,,,,no_price_found
levi,173690389,B_2024_2026,202410,20241008052204,https://web.archive.org/web/20241008052204/https://www.levi.com/US/en_US/sale/womens-sale/tops/artist-t-shirt/p/173690389,Artist T-shirt - White | Levi's® US,9.98,USD,jsonld_offer_price
levi,173690389,B_2024_2026,202412,20241214064054,https://web.archive.org/web/20241214064054/https://www.levi.com/US/en_US/customize/womens-blank-perfect-tee-shirt/p/173690389,Artist T-shirt - White | Levi's® US,9.98,USD,jsonld_offer_price
levi,173690389,B_2024_2026,202501,20250119070338,https://web.archive.org/web/20250119070338/https://www.levi.com/US/en_US/customize/womens-blank-perfect-t-shirt/p/173690389?recipeId=58353JBS,Artist T-shirt - White | Levi's® US,9.98,USD,jsonld_offer_price
levi,173690389,B_2024_2026,202605,20260517114624,https://web.archive.org/web/20260517114624/https://www.levi.com/US/en_US/sale/womens-sale/tops/artist-t-shirt/p/173690389,Artist T-shirt - White | Levi's® US,9.98,USD,jsonld_offer_price
