date,retailer,parent,segment,url,final_url,sku,name,brand,price,list_price,currency,availability,origin,origin_text,category,http_status,note
2026-10-03,burberry,Burberry Group,luxury,https://us.burberry.com/reversible-tropical-gabardine-bloomsbury-harrington-jacket-p81270251,https://us.burberry.com/reversible-tropical-gabardine-bloomsbury-harrington-jacket-p81270251,81270251001,"Reversible Tropical Gabardine Bloomsbury Harrington Jacket in Honey beige - Men, Wool | Burberry® Official",Burberry,2595,,USD,InStock,Italy,roduct Details The Bloomsbury jacket is made in Italy from shower-resistant tropical gabardin,https://us.burberry.com/l/mens-clothing/,200,
2026-10-03,burberry,Burberry Group,luxury,https://us.burberry.com/long-sleeve-cotton-polo-shirt-p81353741,https://us.burberry.com/long-sleeve-cotton-polo-shirt-p81353741,81353741001,Long-sleeve Cotton Polo Shirt in Teal blue - Men | Burberry® Official,Burberry,510,,USD,InStock,,,https://us.burberry.com/l/mens-clothing/,200,
2026-10-03,burberry,Burberry Group,luxury,https://us.burberry.com/cropped-tropical-gabardine-leadenham-trench-coat-p81300001,https://us.burberry.com/cropped-tropical-gabardine-leadenham-trench-coat-p81300001,81300001001,"Cropped Tropical Gabardine Leadenham Trench Coat in Black - Men, Cotton | Burberry® Official",Burberry,2050,,USD,InStock,,,https://us.burberry.com/l/mens-clothing/,200,
2026-10-03,burberry,Burberry Group,luxury,https://us.burberry.com/three-pack-cotton-t-shirt-p81297041,https://us.burberry.com/three-pack-cotton-t-shirt-p81297041,81297041001,Three-pack Cotton T-shirt in Grey/black/white - Men | Burberry® Official,Burberry,690,,USD,InStock,,,https://us.burberry.com/l/mens-clothing/,200,
2026-10-03,burberry,Burberry Group,luxury,https://us.burberry.com/check-cashmere-patch-cotton-t-shirt-p81329221,https://us.burberry.com/check-cashmere-patch-cotton-t-shirt-p81329221,81329221001,Check Cashmere Patch Cotton T-shirt in Chalk white - Men | Burberry® Official,Burberry,540,,USD,InStock,,,https://us.burberry.com/l/mens-clothing/,200,
2026-10-03,burberry,Burberry Group,luxury,https://us.burberry.com/gabardine-glenfields-harrington-jacket-p81258241,https://us.burberry.com/gabardine-glenfields-harrington-jacket-p81258241,81258241001,"Gabardine Glenfields Harrington Jacket in Tundra white - Men, Cotton | Burberry® Official",Burberry,1795,,USD,InStock,,,https://us.burberry.com/l/mens-clothing/,200,
2026-10-03,burberry,Burberry Group,luxury,https://us.burberry.com/check-trim-cotton-polo-shirt-p81276851,https://us.burberry.com/check-trim-cotton-polo-shirt-p81276851,81276851001,Check Trim Cotton Polo Shirt in Officers blue - Men | Burberry® Official,Burberry,495,,USD,InStock,,,https://us.burberry.com/l/mens-clothing/,200,
2026-10-03,burberry,Burberry Group,luxury,https://us.burberry.com/check-cashmere-sweater-p81325171,https://us.burberry.com/check-cashmere-sweater-p81325171,81325171001,Check Cashmere Sweater in Sand beige - Men | Burberry® Official,Burberry,1395,,USD,InStock,,,https://us.burberry.com/l/mens-clothing/,200,
2026-10-03,burberry,Burberry Group,luxury,https://us.burberry.com/knight-check-cotton-t-shirt-p81326831,https://us.burberry.com/knight-check-cotton-t-shirt-p81326831,81326831001,Knight Check Cotton T-shirt in Chalk white - Men | Burberry® Official,Burberry,540,,USD,InStock,,,https://us.burberry.com/l/mens-clothing/,200,
2026-10-03,burberry,Burberry Group,luxury,https://us.burberry.com/long-sleeve-cotton-top-p81282991,https://us.burberry.com/long-sleeve-cotton-top-p81282991,81282991001,Long-sleeve Cotton top in Chalk - Men | Burberry® Official,Burberry,595,,USD,InStock,,,https://us.burberry.com/l/mens-clothing/,200,
2026-10-03,burberry,Burberry Group,luxury,https://us.burberry.com/check-cotton-boxer-shorts-p81330461,https://us.burberry.com/check-cotton-boxer-shorts-p81330461,81330461001,Check Cotton Boxer Shorts in Archive beige - Men | Burberry® Official,Burberry,120,,USD,InStock,,,https://us.burberry.com/l/mens-clothing/,200,
2026-10-03,burberry,Burberry Group,luxury,https://us.burberry.com/short-kensington-heritage-trench-coat-p80793891,https://us.burberry.com/short-kensington-heritage-trench-coat-p80793891,80793891001,"Short Kensington Heritage Trench Coat in Black - Men, Cotton Gabardine | Burberry® Official",Burberry,2850,,USD,InStock,,,https://us.burberry.com/l/mens-clothing/,200,
2026-10-03,burberry,Burberry Group,luxury,https://us.burberry.com/cotton-polo-shirt-p81276621,https://us.burberry.com/cotton-polo-shirt-p81276621,81276621001,Cotton Polo Shirt in Pansy purple - Men | Burberry® Official,Burberry,395,,USD,InStock,,,https://us.burberry.com/l/mens-clothing/,200,
2026-10-03,burberry,Burberry Group,luxury,https://us.burberry.com/check-flag-cotton-t-shirt-p81281961,https://us.burberry.com/check-flag-cotton-t-shirt-p81281961,81281961001,Check Flag Cotton T-shirt in Black - Men | Burberry® Official,Burberry,540,,USD,InStock,,,https://us.burberry.com/l/mens-clothing/,200,
2026-10-03,burberry,Burberry Group,luxury,https://us.burberry.com/cotton-polo-shirt-p81269371,https://us.burberry.com/cotton-polo-shirt-p81269371,81269371003,Cotton Polo Shirt in White - Men | Burberry® Official,Burberry,395,,USD,InStock,,,https://us.burberry.com/l/mens-clothing/,200,
2026-10-03,burberry,Burberry Group,luxury,https://us.burberry.com/cotton-polo-shirt-p81269311,https://us.burberry.com/cotton-polo-shirt-p81269311,81269311002,Cotton Polo Shirt in Mallow pink - Men | Burberry® Official,Burberry,395,,USD,InStock,,,https://us.burberry.com/l/mens-clothing/,200,
2026-10-03,burberry,Burberry Group,luxury,https://us.burberry.com/short-kensington-heritage-trench-coat-p81172331,https://us.burberry.com/short-kensington-heritage-trench-coat-p81172331,81172331001,"Short Kensington Heritage Trench Coat in Black - Men, Cotton Gabardine | Burberry® Official",Burberry,2850,,USD,InStock,,,https://us.burberry.com/l/mens-clothing/,200,
2026-10-03,burberry,Burberry Group,luxury,https://us.burberry.com/relaxed-fit-check-cotton-shirt-p81330761,https://us.burberry.com/relaxed-fit-check-cotton-shirt-p81330761,81330761001,Relaxed Fit Check Cotton Shirt in Sepia brown - Men | Burberry® Official,Burberry,795,,USD,InStock,,,https://us.burberry.com/l/mens-clothing/,200,
2026-10-03,burberry,Burberry Group,luxury,https://us.burberry.com/check-flag-cotton-t-shirt-p81281971,https://us.burberry.com/check-flag-cotton-t-shirt-p81281971,81281971001,Check Flag Cotton T-shirt in Chalk white - Men | Burberry® Official,Burberry,540,,USD,InStock,,,https://us.burberry.com/l/mens-clothing/,200,
2026-10-03,burberry,Burberry Group,luxury,https://us.burberry.com/relaxed-fit-check-cotton-shirt-p81302381,https://us.burberry.com/relaxed-fit-check-cotton-shirt-p81302381,81302381001,Relaxed Fit Check Cotton Shirt in Sand beige - Men | Burberry® Official,Burberry,560,,USD,InStock,,,https://us.burberry.com/l/mens-clothing/,200,
2026-10-03,burberry,Burberry Group,luxury,https://us.burberry.com/short-tropical-gabardine-foxfield-trench-coat-p81301431,https://us.burberry.com/short-tropical-gabardine-foxfield-trench-coat-p81301431,81301431002,Short Tropical Gabardine Foxfield Trench Coat in Vineyard red - Women | Burberry® Official,Burberry,2995,,USD,InStock,,,https://us.burberry.com/l/womens-clothing/,200,
2026-10-03,burberry,Burberry Group,luxury,https://us.burberry.com/relaxed-fit-check-cotton-shirt-p81277631,https://us.burberry.com/relaxed-fit-check-cotton-shirt-p81277631,81277631002,Relaxed Fit Check Cotton Shirt in Flora pink - Women | Burberry® Official,Burberry,715,,USD,InStock,,,https://us.burberry.com/l/womens-clothing/,200,
2026-10-03,burberry,Burberry Group,luxury,https://us.burberry.com/tropical-gabardine-tickhill-jacket-p81275441,https://us.burberry.com/tropical-gabardine-tickhill-jacket-p81275441,81275441002,Tropical Gabardine Tickhill Jacket in Saltmarsh beige - Women | Burberry® Official,Burberry,1995,,USD,InStock,,,https://us.burberry.com/l/womens-clothing/,200,
2026-10-03,burberry,Burberry Group,luxury,https://us.burberry.com/long-sleeve-wool-polo-shirt-p81324511,https://us.burberry.com/long-sleeve-wool-polo-shirt-p81324511,81324511001,Long-sleeve Wool Polo Shirt in Grape purple - Women | Burberry® Official,Burberry,960,,USD,InStock,,,https://us.burberry.com/l/womens-clothing/,200,
2026-10-03,burberry,Burberry Group,luxury,https://us.burberry.com/cropped-tropical-gabardine-hayfield-harrington-jacket-p81283191,https://us.burberry.com/cropped-tropical-gabardine-hayfield-harrington-jacket-p81283191,81283191002,Cropped Tropical Gabardine Hayfield Harrington Jacket in Compact pink - Women | Burberry® Official,Burberry,1795,,USD,InStock,,,https://us.burberry.com/l/womens-clothing/,200,
2026-10-03,burberry,Burberry Group,luxury,https://us.burberry.com/check-trim-stretch-cotton-t-shirt-p81210671,https://us.burberry.com/check-trim-stretch-cotton-t-shirt-p81210671,81210671002,Check Trim Stretch Cotton T-shirt in Black - Women | Burberry® Official,Burberry,390,,USD,InStock,,,https://us.burberry.com/l/womens-clothing/,200,
2026-10-03,burberry,Burberry Group,luxury,https://us.burberry.com/cropped-tropical-gabardine-trench-jacket-p81279081,https://us.burberry.com/cropped-tropical-gabardine-trench-jacket-p81279081,81279081002,Cropped Tropical Gabardine Swarby Trench Jacket in Tundra white - Women | Burberry® Official,Burberry,2295,,USD,InStock,,,https://us.burberry.com/l/womens-clothing/,200,
2026-10-03,burberry,Burberry Group,luxury,https://us.burberry.com/relaxed-fit-striped-silk-shirt-p81273321,https://us.burberry.com/relaxed-fit-striped-silk-shirt-p81273321,81273321002,Relaxed Fit Striped Silk Shirt in Chalk white/rhubarb pink - Women | Burberry® Official,Burberry,1295,,USD,InStock,,,https://us.burberry.com/l/womens-clothing/,200,
2026-10-03,burberry,Burberry Group,luxury,https://us.burberry.com/classic-fit-check-cotton-shirt-p81335291,https://us.burberry.com/classic-fit-check-cotton-shirt-p81335291,81335291002,Classic Fit Check Cotton Shirt in Yarn beige - Women | Burberry® Official,Burberry,715,,USD,InStock,,,https://us.burberry.com/l/womens-clothing/,200,
2026-10-03,burberry,Burberry Group,luxury,https://us.burberry.com/check-trim-cotton-t-shirt-p81375391,https://us.burberry.com/check-trim-cotton-t-shirt-p81375391,81375391001,Check Trim Cotton T-shirt in Bouquet pink - Women | Burberry® Official,Burberry,390,,USD,InStock,,,https://us.burberry.com/l/womens-clothing/,200,
2026-10-03,burberry,Burberry Group,luxury,https://us.burberry.com/slim-fit-check-cotton-poplin-shirt-p80876291,https://us.burberry.com/slim-fit-check-cotton-poplin-shirt-p80876291,80876291001,Slim Fit Check Cotton Poplin Shirt in Sand beige - Women | Burberry® Official,Burberry,715,,USD,InStock,,,https://us.burberry.com/l/womens-clothing/,200,
2026-10-03,burberry,Burberry Group,luxury,https://us.burberry.com/check-trim-cotton-t-shirt-p81232821,https://us.burberry.com/check-trim-cotton-t-shirt-p81232821,81232821001,Check Trim Cotton T-shirt in Chalk white - Women | Burberry® Official,Burberry,390,,USD,InStock,,,https://us.burberry.com/l/womens-clothing/,200,
2026-10-03,burberry,Burberry Group,luxury,https://us.burberry.com/classic-fit-check-cotton-shirt-p81277581,https://us.burberry.com/classic-fit-check-cotton-shirt-p81277581,81277581002,Classic Fit Check Cotton Shirt in Sand beige - Women | Burberry® Official,Burberry,570,,USD,InStock,,,https://us.burberry.com/l/womens-clothing/,200,
2026-10-03,burberry,Burberry Group,luxury,https://us.burberry.com/gabardine-trench-mini-skirt-p81160061,https://us.burberry.com/gabardine-trench-mini-skirt-p81160061,81160061002,Gabardine Trench Mini Skirt in Quill beige - Women | Burberry® Official,Burberry,1450,,USD,InStock,,,https://us.burberry.com/l/womens-clothing/,200,
2026-10-03,burberry,Burberry Group,luxury,https://us.burberry.com/check-trim-wool-cardigan-p81352131,https://us.burberry.com/check-trim-wool-cardigan-p81352131,81352131001,Check Trim Wool Cardigan in Black - Women | Burberry® Official,Burberry,1050,,USD,InStock,,,https://us.burberry.com/l/womens-clothing/,200,
2026-10-03,burberry,Burberry Group,luxury,https://us.burberry.com/check-wool-kilt-p81268891,https://us.burberry.com/check-wool-kilt-p81268891,81268891002,Check Wool Kilt in Sandstone beige - Women | Burberry® Official,Burberry,1695,,USD,InStock,,,https://us.burberry.com/l/womens-clothing/,200,
2026-10-03,burberry,Burberry Group,luxury,https://us.burberry.com/check-cotton-shirt-dress-p81268501,https://us.burberry.com/check-cotton-shirt-dress-p81268501,81268501002,Check Cotton Shirt Dress in Sesame beige - Women | Burberry® Official,Burberry,1350,,USD,InStock,,,https://us.burberry.com/l/womens-clothing/,200,
2026-10-03,burberry,Burberry Group,luxury,https://us.burberry.com/check-cotton-shirt-dress-p81117011,https://us.burberry.com/check-cotton-shirt-dress-p81117011,81117011002,Check Cotton Shirt Dress in Sand beige - Women | Burberry® Official,Burberry,1350,,USD,InStock,,,https://us.burberry.com/l/womens-clothing/,200,
2026-10-03,burberry,Burberry Group,luxury,https://us.burberry.com/wool-polo-shirt-dress-p81299681,https://us.burberry.com/wool-polo-shirt-dress-p81299681,81299681001,Wool Polo Shirt Dress in Black - Women | Burberry® Official,Burberry,1495,,USD,InStock,,,https://us.burberry.com/l/womens-clothing/,200,
2026-10-03,burberry,Burberry Group,luxury,https://us.burberry.com/check-collar-cotton-polo-shirt-dress-p81280271,https://us.burberry.com/check-collar-cotton-polo-shirt-dress-p81280271,81280271001,Check Collar Cotton Polo Shirt Dress in Vineyard red - Women | Burberry® Official,Burberry,915,,USD,InStock,,,https://us.burberry.com/l/womens-clothing/,200,
2026-10-03,jcrew,J.Crew Group (private),premium,https://www.jcrew.com/p/mens/categories/clothing/blazers/blazers/CW081?display=standard&fit=Classic&colorProductCode=CW081&colorCode=WZ8524,https://www.jcrew.com/p/mens/categories/clothing/blazers/blazers/CW081?display=standard&fit=Classic&colorProductCode=CW081&colorCode=WZ8524,CW081-WZ8524,Sportcoat in Irish wool,J.Crew,798,,USD,InStock,Imported,cuffs. Partially lined. Dry clean only. Imported. Select stores. Item CW081. Size & Fit ,https://www.jcrew.com/plp/mens/categories/clothing,200,
2026-10-03,jcrew,J.Crew Group (private),premium,https://www.jcrew.com/p/mens/categories/clothing/pants-and-chinos/chino/CV868?display=standard&fit=Classic&colorProductCode=CV868&colorCode=WZ8810,https://www.jcrew.com/p/mens/categories/clothing/pants-and-chinos/chino/CV868?display=standard&fit=Classic&colorProductCode=CV868&colorCode=WZ8810,CV868-WZ8810,Relaxed-fit double-pleated corduroy pant,J.Crew,168,,USD,InStock,Imported,", back flap pockets. Machine wash cold. Imported. Select stores. Item CV868. Size & Fit ",https://www.jcrew.com/plp/mens/categories/clothing,200,
2026-10-03,jcrew,J.Crew Group (private),premium,https://www.jcrew.com/p/mens/categories/clothing/coats-and-jackets/chore-coats/CX073?display=standard&fit=Classic&colorProductCode=CX073&colorCode=PR0423,https://www.jcrew.com/p/mens/categories/clothing/coats-and-jackets/chore-coats/CX073?display=standard&fit=Classic&colorProductCode=CX073&colorCode=PR0423,CX073-PR0423,Wallace &amp; Barnes lined canvas work jacket,J.Crew,268,,USD,InStock,Imported,ool/45% polyester lining. Machine wash. Imported. Select stores. Item CX073. Size & Fit ,https://www.jcrew.com/plp/mens/categories/clothing,200,
2026-10-03,jcrew,J.Crew Group (private),premium,https://www.jcrew.com/p/mens/categories/clothing/sweatshirts-and-sweatpants/zip-up/CV462?display=standard&fit=Classic&colorProductCode=CV462&colorCode=HT0486,https://www.jcrew.com/p/mens/categories/clothing/sweatshirts-and-sweatpants/zip-up/CV462?display=standard&fit=Classic&colorProductCode=CV462&colorCode=HT0486,CV462-HT0486,'83 fleece quarter-zip polo sweatshirt,J.Crew,148,,USD,InStock,Imported, trim at cuffs and waist. Machine wash. Imported. Item CV462. Size & Fit Please note tha,https://www.jcrew.com/plp/mens/categories/clothing,200,
2026-10-03,jcrew,J.Crew Group (private),premium,https://www.jcrew.com/p/mens/categories/clothing/pants-and-chinos/chino/CV868?display=standard&fit=Classic&colorProductCode=CV868&colorCode=WZ8813,https://www.jcrew.com/p/mens/categories/clothing/pants-and-chinos/chino/CV868?display=standard&fit=Classic&colorProductCode=CV868&colorCode=WZ8813,CV868-WZ8810,Relaxed-fit double-pleated corduroy pant,J.Crew,168,,USD,InStock,Imported,", back flap pockets. Machine wash cold. Imported. Select stores. Item CV868. Size & Fit ",https://www.jcrew.com/plp/mens/categories/clothing,200,
2026-10-03,jcrew,J.Crew Group (private),premium,https://www.jcrew.com/p/mens/categories/clothing/sweaters/crewneck/CW135?display=standard&fit=Classic&colorProductCode=CW135&colorCode=HT2096,https://www.jcrew.com/p/mens/categories/clothing/sweaters/crewneck/CW135?display=standard&fit=Classic&colorProductCode=CW135&colorCode=HT2096,CW135-HT2096,Soft-washed wool sweater,J.Crew,158,,USD,InStock,Imported,the right choice. 100% wool. Hand wash. Imported. Online only. Item CW135. Size & Fit  N,https://www.jcrew.com/plp/mens/categories/clothing,200,
2026-10-03,jcrew,J.Crew Group (private),premium,https://www.jcrew.com/p/mens/categories/clothing/shirts/wallace-and-barnes/CW031?display=standard&fit=Classic&colorProductCode=CW031&colorCode=YA1412,https://www.jcrew.com/p/mens/categories/clothing/shirts/wallace-and-barnes/CW031?display=standard&fit=Classic&colorProductCode=CW031&colorCode=YA1412,CW031-YA1412,Wallace &amp; Barnes flannel workshirt,J.Crew,168,,USD,InStock,Imported,00% cotton. Point collar. Machine wash. Imported. Select stores. Item CW031. Size & Fit ,https://www.jcrew.com/plp/mens/categories/clothing,200,
2026-10-03,jcrew,J.Crew Group (private),premium,https://www.jcrew.com/p/mens/categories/clothing/blazers/blazers/CW076?display=standard&fit=Classic&colorProductCode=CW076&colorCode=WZ9004,https://www.jcrew.com/p/mens/categories/clothing/blazers/blazers/CW076?display=standard&fit=Classic&colorProductCode=CW076&colorCode=WZ9004,CW076-WZ9004,Blazer in English merino wool,J.Crew,598,,USD,InStock,Imported, at cuffs. Fully lined. Dry clean only. Imported. Select stores. Item CW076. Size & Fit ,https://www.jcrew.com/plp/mens/categories/clothing,200,
2026-10-03,jcrew,J.Crew Group (private),premium,https://www.jcrew.com/p/mens/categories/clothing/dress-shirts/ludlow-premium-dress-shirts/CW592?display=standard&fit=Classic&colorProductCode=CW592&colorCode=YA1673,https://www.jcrew.com/p/mens/categories/clothing/dress-shirts/ludlow-premium-dress-shirts/CW592?display=standard&fit=Classic&colorProductCode=CW592&colorCode=YA1673,CW592-YA1673,Ludlow Premium cotton dress shirt,J.Crew,148,,USD,InStock,Imported,00% cotton. Point collar. Machine wash. Imported. Select stores. Item CW592. Size & Fit ,https://www.jcrew.com/plp/mens/categories/clothing,200,
2026-10-03,jcrew,J.Crew Group (private),premium,https://www.jcrew.com/p/mens/categories/clothing/sweaters/v-neck/CW125?display=standard&fit=Classic&colorProductCode=CW125&colorCode=SX0082,https://www.jcrew.com/p/mens/categories/clothing/sweaters/v-neck/CW125?display=standard&fit=Classic&colorProductCode=CW125&colorCode=SX0082,CW125-SX0082,Soft-washed wool V-neck sweater in stripe,J.Crew,168,,USD,InStock,Imported,the right choice. 100% wool. Hand wash. Imported. Online only. Item CW125. Size & Fit  N,https://www.jcrew.com/plp/mens/categories/clothing,200,
2026-10-03,jcrew,J.Crew Group (private),premium,https://www.jcrew.com/p/mens/categories/clothing/sweatshirts-and-sweatpants/pullovers/CO450?display=standard&fit=Classic&colorProductCode=CO450&colorCode=PP7838,https://www.jcrew.com/p/mens/categories/clothing/sweatshirts-and-sweatpants/pullovers/CO450?display=standard&fit=Classic&colorProductCode=CO450&colorCode=PP7838,CO450-PP7838,Quilted quarter-zip pullover,J.Crew,128,,USD,InStock,Imported,ocket. Rib trim at cuffs. Machine wash. Imported. Item CO450. Size & Fit Fits true to si,https://www.jcrew.com/plp/mens/categories/clothing,200,
2026-10-03,jcrew,J.Crew Group (private),premium,https://www.jcrew.com/p/mens/categories/clothing/suits-and-tuxedos/suit-pants/BZ632?display=standard&fit=Classic&colorProductCode=BZ632&colorCode=WZ6548,https://www.jcrew.com/p/mens/categories/clothing/suits-and-tuxedos/suit-pants/BZ632?display=standard&fit=Classic&colorProductCode=BZ632&colorCode=WZ6548,BZ632-WZ6548,Relaxed-fit double-pleated trouser in Italian wool cavalry twill,J.Crew,298,,USD,InStock,Imported,de slant pockets. Plain hem. Dry clean. Imported. Select stores. Item BZ632. Size & Fit ,https://www.jcrew.com/plp/mens/categories/clothing,200,
2026-10-03,jcrew,J.Crew Group (private),premium,https://www.jcrew.com/p/mens/categories/clothing/shirts/madison/CW032?display=standard&fit=Classic&colorProductCode=CW032&colorCode=YA1596,https://www.jcrew.com/p/mens/categories/clothing/shirts/madison/CW032?display=standard&fit=Classic&colorProductCode=CW032&colorCode=YA1596,CW032-YA1596,Madison cotton-blend twill shirt,J.Crew,128,,USD,InStock,Imported,ion. 87% cotton/13% wool. Machine wash. Imported. Item CW032. Size & Fit Regular fit. FI,https://www.jcrew.com/plp/mens/categories/clothing,200,
2026-10-03,jcrew,J.Crew Group (private),premium,https://www.jcrew.com/p/mens/categories/clothing/sweaters/crewneck/CW135?display=standard&fit=Classic&colorProductCode=CW135&colorCode=BR6359,https://www.jcrew.com/p/mens/categories/clothing/sweaters/crewneck/CW135?display=standard&fit=Classic&colorProductCode=CW135&colorCode=BR6359,CW135-HT2096,Soft-washed wool sweater,J.Crew,158,,USD,InStock,Imported,the right choice. 100% wool. Hand wash. Imported. Online only. Item CW135. Size & Fit  N,https://www.jcrew.com/plp/mens/categories/clothing,200,
2026-10-03,jcrew,J.Crew Group (private),premium,https://www.jcrew.com/p/mens/categories/clothing/tshirts-and-polos/t-shirts/CV409?display=standard&fit=Classic&colorProductCode=CV409&colorCode=GR7240,https://www.jcrew.com/p/mens/categories/clothing/tshirts-and-polos/t-shirts/CV409?display=standard&fit=Classic&colorProductCode=CV409&colorCode=GR7240,CV409-GR7240,Washed piqu&eacute; button-down shirt,J.Crew,128,,USD,InStock,Imported,00% cotton. Long sleeves. Machine wash. Imported. Item CV409. Size & Fit Fits true to si,https://www.jcrew.com/plp/mens/categories/clothing,200,
2026-10-03,jcrew,J.Crew Group (private),premium,https://www.jcrew.com/p/mens/categories/clothing/blazers/blazers/CW080?display=standard&fit=Classic&colorProductCode=CW080&colorCode=WZ8575,https://www.jcrew.com/p/mens/categories/clothing/blazers/blazers/CW080?display=standard&fit=Classic&colorProductCode=CW080&colorCode=WZ8575,CW080-WZ8575,Sportcoat in Italian cotton corduroy,J.Crew,598,,USD,InStock,Imported,cuffs. Partially lined. Dry clean only. Imported. Select stores. Item CW080. Size & Fit ,https://www.jcrew.com/plp/mens/categories/clothing,200,
2026-10-03,jcrew,J.Crew Group (private),premium,https://www.jcrew.com/p/mens/categories/clothing/pants-and-chinos/athletic/CW723?display=standard&fit=Classic&colorProductCode=CW723&colorCode=WZ6622,https://www.jcrew.com/p/mens/categories/clothing/pants-and-chinos/athletic/CW723?display=standard&fit=Classic&colorProductCode=CW723&colorCode=WZ6622,CW723-WZ6622,Athletic Straight-fit stretch corduroy five-pocket pant,J.Crew,128,,USD,InStock,Imported,al 5-pocket styling. Machine wash cold. Imported. Online only. Item CW723. Size & Fit Si,https://www.jcrew.com/plp/mens/categories/clothing,200,
2026-10-03,jcrew,J.Crew Group (private),premium,https://www.jcrew.com/p/mens/categories/clothing/sweaters/cardigan/CW100?display=standard&fit=Classic&colorProductCode=CW100&colorCode=BL7398,https://www.jcrew.com/p/mens/categories/clothing/sweaters/cardigan/CW100?display=standard&fit=Classic&colorProductCode=CW100&colorCode=BL7398,CW100-BL7398,Heritage cotton polo cardigan sweater,J.Crew,128,,USD,InStock,Imported,nd layering. 100% cotton. Machine wash. Imported. Online only. Item CW100. Size & Fit  N,https://www.jcrew.com/plp/mens/categories/clothing,200,
2026-10-03,jcrew,J.Crew Group (private),premium,https://www.jcrew.com/p/mens/categories/clothing/sweaters/v-neck/CW136?display=standard&fit=Classic&colorProductCode=CW136&colorCode=SX0821,https://www.jcrew.com/p/mens/categories/clothing/sweaters/v-neck/CW136?display=standard&fit=Classic&colorProductCode=CW136&colorCode=SX0821,CW136-SX0821,Fair Isle V-neck sweater in wool,J.Crew,178,,USD,InStock,Imported,ly warm and cozy. 100% wool. Hand wash. Imported. Select stores. Item CW136. Size & Fit ,https://www.jcrew.com/plp/mens/categories/clothing,200,
2026-10-03,jcrew,J.Crew Group (private),premium,https://www.jcrew.com/p/mens/categories/clothing/pants-and-chinos/corduroy/CM717?display=standard&fit=Classic&colorProductCode=CM717&colorCode=WZ6597,https://www.jcrew.com/p/mens/categories/clothing/pants-and-chinos/corduroy/CM717?display=standard&fit=Classic&colorProductCode=CM717&colorCode=WZ6597,CM717-WZ6597,Broken-in Straight pant in stretch corduroy,J.Crew,128,,USD,InStock,Imported,kets for easy entry. Machine wash cold. Imported. Item CM717. Size & Fit Model is 6'0 we,https://www.jcrew.com/plp/mens/categories/clothing,200,
2026-10-03,jcrew,J.Crew Group (private),premium,https://www.jcrew.com/p/mens/categories/clothing/coats-and-jackets/leather-and-suede-jacket/CV264?display=standard&fit=Classic&colorProductCode=CV264&colorCode=WZ2991,https://www.jcrew.com/p/mens/categories/clothing/coats-and-jackets/leather-and-suede-jacket/CV264?display=standard&fit=Classic&colorProductCode=CV264&colorCode=WZ2991,CV264-WZ2991,Two-pocket field jacket in Italian suede,J.Crew,898,,USD,InStock,Imported,stable sleeve cuffs. Lined. Spot clean. Imported. Select stores. Item CV264. Size & Fit ,https://www.jcrew.com/plp/mens/categories/clothing,200,
2026-10-03,jcrew,J.Crew Group (private),premium,https://www.jcrew.com/p/mens/categories/clothing/sweaters/crewneck/CW135?display=standard&fit=Classic&colorProductCode=CW135&colorCode=HT2094,https://www.jcrew.com/p/mens/categories/clothing/sweaters/crewneck/CW135?display=standard&fit=Classic&colorProductCode=CW135&colorCode=HT2094,CW135-HT2096,Soft-washed wool sweater,J.Crew,158,,USD,InStock,Imported,the right choice. 100% wool. Hand wash. Imported. Online only. Item CW135. Size & Fit  N,https://www.jcrew.com/plp/mens/categories/clothing,200,
2026-10-03,jcrew,J.Crew Group (private),premium,https://www.jcrew.com/p/mens/categories/clothing/shirts/wallace-and-barnes/CW350?display=standard&fit=Classic&colorProductCode=CW350&colorCode=YA1659,https://www.jcrew.com/p/mens/categories/clothing/shirts/wallace-and-barnes/CW350?display=standard&fit=Classic&colorProductCode=CW350&colorCode=YA1659,CW350-YA1659,Wallace &amp; Barnes brushed twill workshirt,J.Crew,148,,USD,InStock,Imported,00% cotton. Point collar. Machine wash. Imported. Select stores. Item CW350. Size & Fit ,https://www.jcrew.com/plp/mens/categories/clothing,200,
2026-10-03,jcrew,J.Crew Group (private),premium,https://www.jcrew.com/p/mens/categories/clothing/sweaters/zip-up/CW144?display=standard&fit=Classic&colorProductCode=CW144&colorCode=SX0341,https://www.jcrew.com/p/mens/categories/clothing/sweaters/zip-up/CW144?display=standard&fit=Classic&colorProductCode=CW144&colorCode=SX0341,CW144-SX0341,Wallace &amp; Barnes shawl-collar full-zip loon cardigan in wool,J.Crew,398,,USD,InStock,Imported,ool. Full zip. Welt pockets. Hand wash. Imported. Select stores. Item CW144. Size & Fit ,https://www.jcrew.com/plp/mens/categories/clothing,200,
2026-10-03,jcrew,J.Crew Group (private),premium,https://www.jcrew.com/p/mens/categories/clothing/sweaters/polo/CV665?display=standard&fit=Classic&colorProductCode=CV665&colorCode=HT3699,https://www.jcrew.com/p/mens/categories/clothing/sweaters/polo/CV665?display=standard&fit=Classic&colorProductCode=CV665&colorCode=HT3699,CV665-HT3699,Cashmere sweater-polo,J.Crew,228,,USD,InStock,Imported,polo. 100% Grade-A cashmere. Hand wash. Imported. Select stores. Item CV665. GOOD CASHME,https://www.jcrew.com/plp/mens/categories/clothing,200,
2026-10-03,jcrew,J.Crew Group (private),premium,https://www.jcrew.com/p/mens/categories/clothing/sweaters/v-neck/CW137?display=standard&fit=Classic&colorProductCode=CW137&colorCode=SX0675,https://www.jcrew.com/p/mens/categories/clothing/sweaters/v-neck/CW137?display=standard&fit=Classic&colorProductCode=CW137&colorCode=SX0675,CW137-SX0675,Fair Isle sweater-vest in wool,J.Crew,138,,USD,InStock,Imported, go out of style. 100% wool. Hand wash. Imported. Select stores. Item CW137. Size & Fit ,https://www.jcrew.com/plp/mens/categories/clothing,200,
2026-10-03,jcrew,J.Crew Group (private),premium,https://www.jcrew.com/p/mens/categories/clothing/sweatshirts-and-sweatpants/pullovers/CO450?display=standard&fit=Classic&colorProductCode=CO450&colorCode=PP7841,https://www.jcrew.com/p/mens/categories/clothing/sweatshirts-and-sweatpants/pullovers/CO450?display=standard&fit=Classic&colorProductCode=CO450&colorCode=PP7841,CO450-PP7838,Quilted quarter-zip pullover,J.Crew,128,,USD,InStock,Imported,ocket. Rib trim at cuffs. Machine wash. Imported. Item CO450. Size & Fit Fits true to si,https://www.jcrew.com/plp/mens/categories/clothing,200,
2026-10-03,jcrew,J.Crew Group (private),premium,https://www.jcrew.com/p/mens/categories/clothing/shirts/wallace-and-barnes/CW350?display=standard&fit=Classic&colorProductCode=CW350&colorCode=YA2037,https://www.jcrew.com/p/mens/categories/clothing/shirts/wallace-and-barnes/CW350?display=standard&fit=Classic&colorProductCode=CW350&colorCode=YA2037,CW350-YA1659,Wallace &amp; Barnes brushed twill workshirt,J.Crew,148,,USD,InStock,Imported,00% cotton. Point collar. Machine wash. Imported. Select stores. Item CW350. Size & Fit ,https://www.jcrew.com/plp/mens/categories/clothing,200,
2026-10-03,jcrew,J.Crew Group (private),premium,https://www.jcrew.com/p/mens/categories/clothing/sweaters/crewneck/CW135?display=standard&fit=Classic&colorProductCode=CW135&colorCode=SU2813,https://www.jcrew.com/p/mens/categories/clothing/sweaters/crewneck/CW135?display=standard&fit=Classic&colorProductCode=CW135&colorCode=SU2813,CW135-HT2096,Soft-washed wool sweater,J.Crew,158,,USD,InStock,Imported,the right choice. 100% wool. Hand wash. Imported. Online only. Item CW135. Size & Fit  N,https://www.jcrew.com/plp/mens/categories/clothing,200,
2026-10-03,jcrew,J.Crew Group (private),premium,https://www.jcrew.com/p/mens/categories/clothing/blazers/blazers/CZ126?display=standard&fit=Classic&colorProductCode=CZ126&colorCode=WZ8630,https://www.jcrew.com/p/mens/categories/clothing/blazers/blazers/CZ126?display=standard&fit=Classic&colorProductCode=CZ126&colorCode=WZ8630,CZ126-WZ8630,Wallace &amp; Barnes chore blazer in English melton wool,J.Crew,598,,USD,InStock,Imported,cuffs. Partially lined. Dry clean only. Imported. Select stores. Item CZ126. Size & Fit ,https://www.jcrew.com/plp/mens/categories/clothing,200,
2026-10-03,jcrew,J.Crew Group (private),premium,https://www.jcrew.com/p/mens/categories/clothing/sweaters/crewneck/CW126?display=standard&fit=Classic&colorProductCode=CW126&colorCode=SR9720,https://www.jcrew.com/p/mens/categories/clothing/sweaters/crewneck/CW126?display=standard&fit=Classic&colorProductCode=CW126&colorCode=SR9720,CW126-SR9720,Soft-washed wool sweater in stripe,J.Crew,168,,USD,InStock,Imported,the right choice. 100% wool. Hand wash. Imported. Online only. Item CW126. Size & Fit  N,https://www.jcrew.com/plp/mens/categories/clothing,200,
2026-10-03,jcrew,J.Crew Group (private),premium,https://www.jcrew.com/p/mens/categories/clothing/coats-and-jackets/chore-coats/CX073?display=standard&fit=Classic&colorProductCode=CX073&colorCode=BL8278,https://www.jcrew.com/p/mens/categories/clothing/coats-and-jackets/chore-coats/CX073?display=standard&fit=Classic&colorProductCode=CX073&colorCode=BL8278,CX073-PR0423,Wallace &amp; Barnes lined canvas work jacket,J.Crew,268,,USD,InStock,Imported,ool/45% polyester lining. Machine wash. Imported. Select stores. Item CX073. Size & Fit ,https://www.jcrew.com/plp/mens/categories/clothing,200,
2026-10-03,jcrew,J.Crew Group (private),premium,https://www.jcrew.com/p/mens/categories/clothing/sweatshirts-and-sweatpants/crewneck/CV925?display=standard&fit=Classic&colorProductCode=CV925&colorCode=PP8494,https://www.jcrew.com/p/mens/categories/clothing/sweatshirts-and-sweatpants/crewneck/CV925?display=standard&fit=Classic&colorProductCode=CV925&colorCode=PP8494,CV925-PP8494,Wallace &amp; Barnes Loon Lake graphic sweatshirt,J.Crew,158,,USD,InStock,Imported, polyester. Long sleeves. Machine wash. Imported. Select stores. Item CV925. Size & Fit ,https://www.jcrew.com/plp/mens/categories/clothing,200,
2026-10-03,jcrew,J.Crew Group (private),premium,https://www.jcrew.com/p/mens/categories/clothing/shirts/wallace-and-barnes/CW031?display=standard&fit=Classic&colorProductCode=CW031&colorCode=YA1416,https://www.jcrew.com/p/mens/categories/clothing/shirts/wallace-and-barnes/CW031?display=standard&fit=Classic&colorProductCode=CW031&colorCode=YA1416,CW031-YA1412,Wallace &amp; Barnes flannel workshirt,J.Crew,168,,USD,InStock,Imported,00% cotton. Point collar. Machine wash. Imported. Select stores. Item CW031. Size & Fit ,https://www.jcrew.com/plp/mens/categories/clothing,200,
2026-10-03,jcrew,J.Crew Group (private),premium,https://www.jcrew.com/p/mens/categories/clothing/sweaters/turtleneck/CW141?display=standard&fit=Classic&colorProductCode=CW141&colorCode=SU2821,https://www.jcrew.com/p/mens/categories/clothing/sweaters/turtleneck/CW141?display=standard&fit=Classic&colorProductCode=CW141&colorCode=SU2821,CW141-SU2821,Mockneck sweater in wool,J.Crew,258,,USD,InStock,Imported,eather cools off. 100% wool. Hand wash. Imported. Online only. Item CW141. Size & Fit  N,https://www.jcrew.com/plp/mens/categories/clothing,200,
2026-10-03,jcrew,J.Crew Group (private),premium,https://www.jcrew.com/p/mens/categories/clothing/shirts/madison/CW032?display=standard&fit=Classic&colorProductCode=CW032&colorCode=YA2206,https://www.jcrew.com/p/mens/categories/clothing/shirts/madison/CW032?display=standard&fit=Classic&colorProductCode=CW032&colorCode=YA2206,CW032-YA1596,Madison cotton-blend twill shirt,J.Crew,128,,USD,InStock,Imported,ion. 87% cotton/13% wool. Machine wash. Imported. Item CW032. Size & Fit Regular fit. FI,https://www.jcrew.com/plp/mens/categories/clothing,200,
2026-10-03,jcrew,J.Crew Group (private),premium,https://www.jcrew.com/p/mens/categories/clothing/coats-and-jackets/denim/CV268?display=standard&fit=Classic&colorProductCode=CV268&colorCode=WZ6958,https://www.jcrew.com/p/mens/categories/clothing/coats-and-jackets/denim/CV268?display=standard&fit=Classic&colorProductCode=CV268&colorCode=WZ6958,CV268-WZ6958,Suede-collar lined denim jacket,J.Crew,268,,USD,InStock,Imported,ester houndstooth lining. Machine wash. Imported. Select stores. Item CV268. Size & Fit ,https://www.jcrew.com/plp/mens/categories/clothing,200,
2026-10-03,jcrew,J.Crew Group (private),premium,https://www.jcrew.com/p/mens/categories/clothing/sweaters/crewneck/CO760?display=standard&fit=Classic&colorProductCode=CO760&colorCode=HT3740,https://www.jcrew.com/p/mens/categories/clothing/sweaters/crewneck/CO760?display=standard&fit=Classic&colorProductCode=CO760&colorCode=HT3740,CO760-HT3740,Wallace &amp; Barnes wool cable-knit sweater,J.Crew,248,,USD,InStock,Imported,coast of Ireland. 100% wool. Dry clean. Imported. Select stores. Item CO760. Size & Fit ,https://www.jcrew.com/plp/mens/categories/clothing,200,
2026-10-03,jcrew,J.Crew Group (private),premium,https://www.jcrew.com/p/mens/categories/clothing/sweatshirts-and-sweatpants/zip-up/CV462?display=standard&fit=Classic&colorProductCode=CV462&colorCode=PP6599,https://www.jcrew.com/p/mens/categories/clothing/sweatshirts-and-sweatpants/zip-up/CV462?display=standard&fit=Classic&colorProductCode=CV462&colorCode=PP6599,CV462-HT0486,'83 fleece quarter-zip polo sweatshirt,J.Crew,148,,USD,InStock,Imported, trim at cuffs and waist. Machine wash. Imported. Item CV462. Size & Fit Please note tha,https://www.jcrew.com/plp/mens/categories/clothing,200,
2026-10-03,jcrew,J.Crew Group (private),premium,https://www.jcrew.com/p/mens/categories/clothing/sweatshirts-and-sweatpants/hoodie/CO176?display=standard&fit=Classic&colorProductCode=CO176&colorCode=WP4730,https://www.jcrew.com/p/mens/categories/clothing/sweatshirts-and-sweatpants/hoodie/CO176?display=standard&fit=Classic&colorProductCode=CO176&colorCode=WP4730,CO176-WP4730,'83 fleece hoodie,J.Crew,128,,USD,InStock,Imported,ocket. Rib trim at cuffs. Machine wash. Imported. Item CO176. Size & Fit Fits true to si,https://www.jcrew.com/plp/mens/categories/clothing,200,
2026-10-03,jcrew,J.Crew Group (private),premium,https://www.jcrew.com/p/mens/categories/clothing/coats-and-jackets/bomber-jacket/CX072?display=standard&fit=Classic&colorProductCode=CX072&colorCode=WZ8840,https://www.jcrew.com/p/mens/categories/clothing/coats-and-jackets/bomber-jacket/CX072?display=standard&fit=Classic&colorProductCode=CX072&colorCode=WZ8840,CX072-WZ8840,Wallace &amp; Barnes wool jacket in buffalo plaid,J.Crew,448,,USD,InStock,Imported, wool. PrimaLoft insulation. Dry clean. Imported. Select stores. Item CX072. Size & Fit ,https://www.jcrew.com/plp/mens/categories/clothing,200,
2026-10-03,jcrew,J.Crew Group (private),premium,https://www.jcrew.com/p/mens/categories/clothing/sweaters/cardigan/CW100?display=standard&fit=Classic&colorProductCode=CW100&colorCode=GR1983,https://www.jcrew.com/p/mens/categories/clothing/sweaters/cardigan/CW100?display=standard&fit=Classic&colorProductCode=CW100&colorCode=GR1983,CW100-BL7398,Heritage cotton polo cardigan sweater,J.Crew,128,,USD,InStock,Imported,nd layering. 100% cotton. Machine wash. Imported. Online only. Item CW100. Size & Fit  N,https://www.jcrew.com/plp/mens/categories/clothing,200,
2026-10-03,jcrew,J.Crew Group (private),premium,https://www.jcrew.com/p/mens/categories/clothing/pants-and-chinos/trouser/CX063?display=standard&fit=Classic&colorProductCode=CX063&colorCode=WZ1829,https://www.jcrew.com/p/mens/categories/clothing/pants-and-chinos/trouser/CX063?display=standard&fit=Classic&colorProductCode=CX063&colorCode=WZ1829,CX063-WZ1829,Wallace &amp; Barnes creased carpenter pant in canvas,J.Crew,188,,USD,InStock,Imported,forced back pockets. Machine wash cold. Imported. Select stores. Item CX063. Size & Fit ,https://www.jcrew.com/plp/mens/categories/clothing,200,
2026-10-03,jcrew,J.Crew Group (private),premium,https://www.jcrew.com/p/mens/categories/clothing/tshirts-and-polos/t-shirts/CV409?display=standard&fit=Classic&colorProductCode=CV409&colorCode=BL8405,https://www.jcrew.com/p/mens/categories/clothing/tshirts-and-polos/t-shirts/CV409?display=standard&fit=Classic&colorProductCode=CV409&colorCode=BL8405,CV409-GR7240,Washed piqu&eacute; button-down shirt,J.Crew,128,,USD,InStock,Imported,00% cotton. Long sleeves. Machine wash. Imported. Item CV409. Size & Fit Fits true to si,https://www.jcrew.com/plp/mens/categories/clothing,200,
2026-10-03,jcrew,J.Crew Group (private),premium,https://www.jcrew.com/p/mens/categories/clothing/shirts/madison/CW032?display=standard&fit=Classic&colorProductCode=CW032&colorCode=BK0074,https://www.jcrew.com/p/mens/categories/clothing/shirts/madison/CW032?display=standard&fit=Classic&colorProductCode=CW032&colorCode=BK0074,CW032-YA1596,Madison cotton-blend twill shirt,J.Crew,128,,USD,InStock,Imported,ion. 87% cotton/13% wool. Machine wash. Imported. Item CW032. Size & Fit Regular fit. FI,https://www.jcrew.com/plp/mens/categories/clothing,200,
2026-10-03,jcrew,J.Crew Group (private),premium,https://www.jcrew.com/p/mens/categories/clothing/sweaters/pullover/CW974?display=standard&fit=Classic&colorProductCode=CW974&colorCode=GR6674,https://www.jcrew.com/p/mens/categories/clothing/sweaters/pullover/CW974?display=standard&fit=Classic&colorProductCode=CW974&colorCode=GR6674,CW974-GR6674,Quarter-zip sweater in ribbed wool,J.Crew,268,,USD,InStock,Imported,ure and interest. 100% wool. Hand wash. Imported. Online only. Item CW974. Size & Fit  N,https://www.jcrew.com/plp/mens/categories/clothing,200,
2026-10-03,jcrew,J.Crew Group (private),premium,https://www.jcrew.com/p/mens/categories/clothing/tshirts-and-polos/t-shirts/CV430?display=standard&fit=Classic&colorProductCode=CV430&colorCode=GR7851,https://www.jcrew.com/p/mens/categories/clothing/tshirts-and-polos/t-shirts/CV430?display=standard&fit=Classic&colorProductCode=CV430&colorCode=GR7851,CV430-GR7851,Wallace &amp; Barnes heritage-weight cotton long-sleeve T-shirt,J.Crew,69.5,,USD,InStock,Imported,00% cotton. Long sleeves. Machine wash. Imported. Online only. Item CV430. Size & Fit  N,https://www.jcrew.com/plp/mens/categories/clothing,200,
2026-10-03,jcrew,J.Crew Group (private),premium,https://www.jcrew.com/p/mens/categories/clothing/sweatshirts-and-sweatpants/pullovers/CO450?display=standard&fit=Classic&colorProductCode=CO450&colorCode=PP8652,https://www.jcrew.com/p/mens/categories/clothing/sweatshirts-and-sweatpants/pullovers/CO450?display=standard&fit=Classic&colorProductCode=CO450&colorCode=PP8652,CO450-PP7838,Quilted quarter-zip pullover,J.Crew,128,,USD,InStock,Imported,ocket. Rib trim at cuffs. Machine wash. Imported. Item CO450. Size & Fit Fits true to si,https://www.jcrew.com/plp/mens/categories/clothing,200,
2026-10-03,jcrew,J.Crew Group (private),premium,https://www.jcrew.com/p/mens/categories/clothing/sweaters/crewneck/CV662?display=standard&fit=Classic&colorProductCode=CV662&colorCode=SX0714,https://www.jcrew.com/p/mens/categories/clothing/sweaters/crewneck/CV662?display=standard&fit=Classic&colorProductCode=CV662&colorCode=SX0714,CV662-SX0714,Midweight cashmere sweater in stripe,J.Crew,248,,USD,InStock,Imported,ater. 100% Grade-A cashmere. Hand wash. Imported. Select stores. Item CV662. GOOD CASHME,https://www.jcrew.com/plp/mens/categories/clothing,200,
2026-10-03,jcrew,J.Crew Group (private),premium,https://www.jcrew.com/p/mens/categories/clothing/sweaters/pullover/CV666?display=standard&fit=Classic&colorProductCode=CV666&colorCode=HT0804,https://www.jcrew.com/p/mens/categories/clothing/sweaters/pullover/CV666?display=standard&fit=Classic&colorProductCode=CV666&colorCode=HT0804,CV666-HT0804,Cashmere cable-knit quarter-zip sweater,J.Crew,278,,USD,InStock,Imported,h it. 100% Grade-A cashmere. Hand wash. Imported. Online only. Item CV666. GOOD CASHMERE,https://www.jcrew.com/plp/mens/categories/clothing,200,
2026-10-03,banana_republic,Gap Inc,premium,https://bananarepublic.gap.com/browse/product.do?pid=1180225012&vid=1&pcid=1158705&cid=1158705,https://bananarepublic.gap.com/browse/product.do?pid=1180225012&vid=1&pcid=1158705&cid=1158705#pdp-page-content,1180225012,Marled Wool-Cotton Fringe Sweater,Banana Republic,180.00,,USD,InStock,Imported,"& care 55% wool, 45% cotton. Dry clean. Imported. Shipping & returns Featured Items Wool",https://bananarepublic.gap.com/browse/category.do?cid=1158705,200,
2026-10-03,banana_republic,Gap Inc,premium,https://bananarepublic.gap.com/browse/product.do?pid=1187863002&vid=1&pcid=1158705&cid=1158705,https://bananarepublic.gap.com/browse/product.do?pid=1187863002&vid=1&pcid=1158705&cid=1158705#pdp-page-content,1187863002,Suede Mini Skirt,Banana Republic,348.00,,USD,InStock,Imported,rayon. Professional leather clean only. Imported. Shipping & returns Featured Items Stre,https://bananarepublic.gap.com/browse/category.do?cid=1158705,200,
2026-10-03,banana_republic,Gap Inc,premium,https://bananarepublic.gap.com/browse/product.do?pid=904782012&vid=1&pcid=1158705&cid=1158705,https://bananarepublic.gap.com/browse/product.do?pid=904782012&vid=1&pcid=1158705&cid=1158705#pdp-page-content,904782012,Italian Leather Knee-High Boot,Banana Republic,378.00,,USD,InStock,Portugal,oam cushioned footbed. Pull-on styling. Made in Portugal. Product #904782 Size & fit B width. He,https://bananarepublic.gap.com/browse/category.do?cid=1158705,200,
2026-10-03,banana_republic,Gap Inc,premium,https://bananarepublic.gap.com/browse/product.do?pid=910813002&vid=1&pcid=1158705&cid=1158705,https://bananarepublic.gap.com/browse/product.do?pid=910813002&vid=1&pcid=1158705&cid=1158705#pdp-page-content,910813002,Archive Reissue Double-Faced Cape-Back Trench Coat,Banana Republic,348.00,,USD,InStock,Imported," polyester, 9% other fibers. Dry clean. Imported. Shipping & returns Featured Items Arch",https://bananarepublic.gap.com/browse/category.do?cid=1158705,200,
2026-10-03,banana_republic,Gap Inc,premium,https://bananarepublic.gap.com/browse/product.do?pid=1180215022&vid=1&pcid=1158705&cid=1158705,https://bananarepublic.gap.com/browse/product.do?pid=1180215022&vid=1&pcid=1158705&cid=1158705#pdp-page-content,1180215022,Italian Alpaca-Blend Cropped Sweater,Banana Republic,220.00,,USD,InStock,Imported," care 85% alpaca, 15% nylon. Dry clean. Imported. Shipping & returns Featured Items Wool",https://bananarepublic.gap.com/browse/category.do?cid=1158705,200,
2026-10-03,banana_republic,Gap Inc,premium,https://bananarepublic.gap.com/browse/product.do?pid=1181557012&vid=1&pcid=1158705&cid=1158705,https://bananarepublic.gap.com/browse/product.do?pid=1181557012&vid=1&pcid=1158705&cid=1158705#pdp-page-content,1181557012,High-Rise Super Flare Flocked Pant,Banana Republic,180.00,,USD,InStock,Imported,only. Do not dry clean. Can be steamed. Imported. Shipping & returns Featured Items Stre,https://bananarepublic.gap.com/browse/category.do?cid=1158705,200,
2026-10-03,banana_republic,Gap Inc,premium,https://bananarepublic.gap.com/browse/product.do?pid=1180194012&vid=1&pcid=1158705&cid=1158705,https://bananarepublic.gap.com/browse/product.do?pid=1180194012&vid=1&pcid=1158705&cid=1158705#pdp-page-content,1180194012,Archive Reissue Throwster Sweater,Banana Republic,160.00,,USD,InStock,Imported,"on, 35% wool, 12% polyester. Dry clean. Imported. Shipping & returns Featured Items Wool",https://bananarepublic.gap.com/browse/category.do?cid=1158705,200,
2026-10-03,banana_republic,Gap Inc,premium,https://bananarepublic.gap.com/browse/product.do?pid=1180270022&vid=1&pcid=1158705&cid=1158705,https://bananarepublic.gap.com/browse/product.do?pid=1180270022&vid=1&pcid=1158705&cid=1158705#pdp-page-content,1180270022,Mid-Rise Relaxed Corduroy Painter Pull-On Pant,Banana Republic,120.00,,USD,InStock,Imported," 99% cotton, 1% elastane. Machine wash. Imported. Shipping & returns Featured Items The ",https://bananarepublic.gap.com/browse/category.do?cid=1158705,200,
2026-10-03,banana_republic,Gap Inc,premium,https://bananarepublic.gap.com/browse/product.do?pid=914663012&vid=1&pcid=1158705&cid=1158705,https://bananarepublic.gap.com/browse/product.do?pid=9146630120000&vid=1&pcid=1158705&cid=1158705#pdp-page-content,914663012,Throwster Scarf,Banana Republic,90.00,,USD,InStock,Imported,"on, 35% wool, 12% polyester. Dry clean. Imported. Shipping & returns Featured Items Jers",https://bananarepublic.gap.com/browse/category.do?cid=1158705,200,
2026-10-03,banana_republic,Gap Inc,premium,https://bananarepublic.gap.com/browse/product.do?pid=1180208022&vid=1&pcid=1158705&cid=1158705,https://bananarepublic.gap.com/browse/product.do?pid=1180208022&vid=1&pcid=1158705&cid=1158705#pdp-page-content,1180208022,Wool-Blend Funnel-Neck Sweater,Banana Republic,260.00,,USD,InStock,Imported,"hine wash cold, gentle cycle, line dry. Imported. Shipping & returns Featured Items Ital",https://bananarepublic.gap.com/browse/category.do?cid=1158705,200,
2026-10-03,banana_republic,Gap Inc,premium,https://bananarepublic.gap.com/browse/product.do?pid=1180164002&vid=1&pcid=1158705&cid=1158705,https://bananarepublic.gap.com/browse/product.do?pid=1180164002&vid=1&pcid=1158705&cid=1158705#pdp-page-content,1180164002,Ribbed Buttoned Sweater Dress,Banana Republic,248.00,,USD,InStock,Imported," & care 55% wool, 45% nylon. Dry clean. Imported. Shipping & returns Featured Items Mesh",https://bananarepublic.gap.com/browse/category.do?cid=1158705,200,
2026-10-03,banana_republic,Gap Inc,premium,https://bananarepublic.gap.com/browse/product.do?pid=904733002&vid=1&pcid=1158705&cid=1158705,https://bananarepublic.gap.com/browse/product.do?pid=904733002&vid=1&pcid=1158705&cid=1158705#pdp-page-content,904733002,Italian Block-Heel Bootie,Banana Republic,278.00,,USD,InStock,Portugal,m foam cushioned footbed. Rubber soles. Made in Portugal. Product #904733 Size & fit Heel height,https://bananarepublic.gap.com/browse/category.do?cid=1158705,200,
2026-10-03,banana_republic,Gap Inc,premium,https://bananarepublic.gap.com/browse/product.do?pid=1180286022&vid=1&pcid=1158705&cid=1158705,https://bananarepublic.gap.com/browse/product.do?pid=1180286022&vid=1&pcid=1158705&cid=1158705#pdp-page-content,1180286022,Faux Fur Jacket,Banana Republic,298.00,,USD,InStock,Imported, lining: 100% viscose rayon. Dry clean. Imported. Shipping & returns Featured Items Cord,https://bananarepublic.gap.com/browse/category.do?cid=1158705,200,
2026-10-03,banana_republic,Gap Inc,premium,https://bananarepublic.gap.com/browse/product.do?pid=1180130012&vid=1&pcid=1158705&cid=1158705,https://bananarepublic.gap.com/browse/product.do?pid=1180130012&vid=1&pcid=1158705&cid=1158705#pdp-page-content,1180130012,Organza Tiered Maxi Dress,Banana Republic,248.00,,USD,InStock,Imported,"entle cycle, tumble dry low, cool iron. Imported. Shipping & returns Featured Items Laye",https://bananarepublic.gap.com/browse/category.do?cid=1158705,200,
2026-10-03,banana_republic,Gap Inc,premium,https://bananarepublic.gap.com/browse/product.do?pid=1184015012&vid=1&pcid=1158705&cid=1158705,https://bananarepublic.gap.com/browse/product.do?pid=11840150120000&vid=1&pcid=1158705&cid=1158705#pdp-page-content,1184015012,Maja Bag By Bembien,Banana Republic,380.00,,USD,InStock,Imported, Body: 100% suede. Lining: 100% cotton. Imported. Shipping & returns Featured Items Mabe,https://bananarepublic.gap.com/browse/category.do?cid=1158705,200,
2026-10-03,banana_republic,Gap Inc,premium,https://bananarepublic.gap.com/browse/product.do?pid=910755002&vid=1&pcid=1158705&cid=1158705,https://bananarepublic.gap.com/browse/product.do?pid=910755002&vid=1&pcid=1158705&cid=1158705#pdp-page-content,910755002,Stretch-Satin Lace-Trim Camisole,Banana Republic,120.00,,USD,InStock,Imported,m controlled or certified wood sources. Imported. Shipping & returns Featured Items Geor,https://bananarepublic.gap.com/browse/category.do?cid=1158705,200,
2026-10-03,banana_republic,Gap Inc,premium,https://bananarepublic.gap.com/browse/product.do?pid=909595032&vid=1&pcid=1158705&cid=1158705,https://bananarepublic.gap.com/browse/product.do?pid=909595032&vid=1&pcid=1158705&cid=1158705#pdp-page-content,909595032,Stretch-Satin Lace-Trim Midi Skirt,Banana Republic,160.00,,USD,InStock,Imported,m controlled or certified wood sources. Imported. Shipping & returns Featured Items Sued,https://bananarepublic.gap.com/browse/category.do?cid=1158705,200,
2026-10-03,banana_republic,Gap Inc,premium,https://bananarepublic.gap.com/browse/product.do?pid=1180327012&vid=1&pcid=1158705&cid=1158705,https://bananarepublic.gap.com/browse/product.do?pid=1180327012&vid=1&pcid=1158705&cid=1158705#pdp-page-content,1180327012,Jersey Draped Gigot Sleeve Maxi Dress,Banana Republic,248.00,,USD,InStock,Imported,"old, gentle cycle, line dry, cool iron. Imported. Shipping & returns Featured Items Wrap",https://bananarepublic.gap.com/browse/category.do?cid=1158705,200,
2026-10-03,banana_republic,Gap Inc,premium,https://bananarepublic.gap.com/browse/product.do?pid=915788022&vid=1&pcid=1158705&cid=1158705,https://bananarepublic.gap.com/browse/product.do?pid=915788022&vid=1&pcid=1158705&cid=1158705#pdp-page-content,915788022,Satin-Stretch Tie-Neck Top,Banana Republic,120.00,,USD,InStock,Imported,"cle, line dry, warm iron, or dry clean. Imported. Shipping & returns Featured Items Meri",https://bananarepublic.gap.com/browse/category.do?cid=1158705,200,
2026-10-03,banana_republic,Gap Inc,premium,https://bananarepublic.gap.com/browse/product.do?pid=1180268012&vid=1&pcid=1158705&cid=1158705,https://bananarepublic.gap.com/browse/product.do?pid=1180268012&vid=1&pcid=1158705&cid=1158705#pdp-page-content,1180268012,Stretch-Satin Balloon Cargo Pant,Banana Republic,170.00,,USD,InStock,Imported,m controlled or certified wood sources. Imported. Shipping & returns Featured Items High,https://bananarepublic.gap.com/browse/category.do?cid=1158705,200,
2026-10-03,banana_republic,Gap Inc,premium,https://bananarepublic.gap.com/browse/product.do?pid=1180159012&vid=1&pcid=1158705&cid=1158705,https://bananarepublic.gap.com/browse/product.do?pid=1180159012&vid=1&pcid=1158705&cid=1158705#pdp-page-content,1180159012,Crinkle Chiffon Mini Dess,Banana Republic,198.00,,USD,InStock,Imported,m controlled or certified wood sources. Imported. Shipping & returns Featured Items Deni,https://bananarepublic.gap.com/browse/category.do?cid=1158705,200,
2026-10-03,banana_republic,Gap Inc,premium,https://bananarepublic.gap.com/browse/product.do?pid=1180466002&vid=1&pcid=1158705&cid=1158705,https://bananarepublic.gap.com/browse/product.do?pid=1180466002&vid=1&pcid=1158705&cid=1158705#pdp-page-content,1180466002,Italian Wool-Blend Top Coat,Banana Republic,498.00,,USD,InStock,Imported,ng: 100% viscose rayon. Dry clean only. Imported. Shipping & returns Featured Items Doub,https://bananarepublic.gap.com/browse/category.do?cid=1158705,200,
2026-10-03,banana_republic,Gap Inc,premium,https://bananarepublic.gap.com/browse/product.do?pid=1180990012&vid=1&pcid=1158705&cid=1158705,https://bananarepublic.gap.com/browse/product.do?pid=1180990012&vid=1&pcid=1158705&cid=1158705#pdp-page-content,1180990012,Georgette Tie-Neck Blouse,Banana Republic,120.00,,USD,InStock,Imported,"old, gentle cycle, dry flat, cool iron. Imported. Shipping & returns Featured Items Visc",https://bananarepublic.gap.com/browse/category.do?cid=1158705,200,
2026-10-03,banana_republic,Gap Inc,premium,https://bananarepublic.gap.com/browse/product.do?pid=915541002&vid=1&pcid=1158705&cid=1158705,https://bananarepublic.gap.com/browse/product.do?pid=915541002&vid=1&pcid=1158705&cid=1158705#pdp-page-content,915541002,Drapey Georgette Maxi Skirt,Banana Republic,180.00,,USD,InStock,Imported,m controlled or certified wood sources. Imported. Shipping & returns Featured Items Stre,https://bananarepublic.gap.com/browse/category.do?cid=1158705,200,
2026-10-03,banana_republic,Gap Inc,premium,https://bananarepublic.gap.com/browse/product.do?pid=579807012&vid=1&pcid=1158705&cid=1158705,https://bananarepublic.gap.com/browse/product.do?pid=579807012&vid=1&pcid=1158705&cid=1158705#pdp-page-content,579807012,Refined Scoop-Neck T-Shirt,Banana Republic,35.00,,USD,InStock,Imported,"e 91% cotton, 9% spandex. Machine wash. Imported. Shipping & returns Style It With  EVER",https://bananarepublic.gap.com/browse/category.do?cid=1158705,200,
2026-10-03,banana_republic,Gap Inc,premium,https://bananarepublic.gap.com/browse/product.do?pid=915793012&vid=1&pcid=1158705&cid=1158705,https://bananarepublic.gap.com/browse/product.do?pid=915793012&vid=1&pcid=1158705&cid=1158705#pdp-page-content,915793012,Larkspur Cotton-Silk Crew-Neck Sweater,Banana Republic,95.00,,USD,InStock,Imported,"cle, dry flat, cool iron, or dry clean. Imported. Shipping & returns Featured Items Lark",https://bananarepublic.gap.com/browse/category.do?cid=1158705,200,
2026-10-03,banana_republic,Gap Inc,premium,https://bananarepublic.gap.com/browse/product.do?pid=826977012&vid=1&pcid=1158705&cid=1158705,https://bananarepublic.gap.com/browse/product.do?pid=826977012&vid=1&pcid=1158705&cid=1158705#pdp-page-content,826977012,The Icon Classic Wide-Leg Jean,Banana Republic,100.00,,USD,OutOfStock,Imported,"entle cycle, tumble dry low, warm iron. Imported. Shipping & returns Style It With  LIGH",https://bananarepublic.gap.com/browse/category.do?cid=1158705,200,
2026-10-03,banana_republic,Gap Inc,premium,https://bananarepublic.gap.com/browse/product.do?pid=826978032&vid=1&pcid=1158705&cid=1158705,https://bananarepublic.gap.com/browse/product.do?pid=826978032&vid=1&pcid=1158705&cid=1158705#pdp-page-content,826978032,Mid-Rise 90s Classic Relaxed Jean,Banana Republic,100.00,,USD,InStock,Imported,fiber from responsibly-harvested trees. Imported. Shipping & returns Style It With  LARK,https://bananarepublic.gap.com/browse/category.do?cid=1158705,200,
2026-10-03,banana_republic,Gap Inc,premium,https://bananarepublic.gap.com/browse/product.do?pid=915609002&vid=1&pcid=1158705&cid=1158705,https://bananarepublic.gap.com/browse/product.do?pid=915609002&vid=1&pcid=1158705&cid=1158705#pdp-page-content,915609002,Oversized Merino-Cotton Crew-Neck Sweater,Banana Republic,115.00,,USD,InStock,Imported," and dry flat, cool iron, or dry clean. Imported. Shipping & returns Style It With  HIGH",https://bananarepublic.gap.com/browse/category.do?cid=1158705,200,
2026-10-03,banana_republic,Gap Inc,premium,https://bananarepublic.gap.com/browse/product.do?pid=1180184002&vid=1&pcid=1158705&cid=1158705,https://bananarepublic.gap.com/browse/product.do?pid=1180184002&vid=1&pcid=1158705&cid=1158705#pdp-page-content,1180184002,Relaxed Cotton-Twill Popover Shirt,Banana Republic,95.00,,USD,InStock,Imported,"entle cycle, tumble dry low, cool iron. Imported. Shipping & returns Style It With  SUED",https://bananarepublic.gap.com/browse/category.do?cid=1158705,200,
2026-10-03,banana_republic,Gap Inc,premium,https://bananarepublic.gap.com/browse/product.do?pid=915793052&vid=1&pcid=1158705&cid=1158705,https://bananarepublic.gap.com/browse/product.do?pid=915793052&vid=1&pcid=1158705&cid=1158705#pdp-page-content,915793052,Larkspur Cotton-Silk Crew-Neck Sweater,Banana Republic,95.00,,USD,OutOfStock,Imported,"cle, dry flat, cool iron, or dry clean. Imported. Shipping & returns Style It With  HIGH",https://bananarepublic.gap.com/browse/category.do?cid=1158705,200,
2026-10-03,banana_republic,Gap Inc,premium,https://bananarepublic.gap.com/browse/product.do?pid=1180227012&vid=1&pcid=1158705&cid=1158705,https://bananarepublic.gap.com/browse/product.do?pid=1180227012&vid=1&pcid=1158705&cid=1158705#pdp-page-content,1180227012,Italian Merino-Blend Crew-Neck Sweater,Banana Republic,220.00,,USD,InStock,Imported,"fine Merino wool, 20% nylon. Dry clean. Imported. Shipping & returns Featured Items Meri",https://bananarepublic.gap.com/browse/category.do?cid=1158705,200,
2026-10-03,banana_republic,Gap Inc,premium,https://bananarepublic.gap.com/browse/product.do?pid=579807002&vid=1&pcid=1158705&cid=1158705,https://bananarepublic.gap.com/browse/product.do?pid=579807002&vid=1&pcid=1158705&cid=1158705#pdp-page-content,579807002,Refined Scoop-Neck T-Shirt,Banana Republic,35.00,,USD,InStock,Imported,"e 91% cotton, 9% spandex. Machine wash. Imported. Shipping & returns Style It With  ULTR",https://bananarepublic.gap.com/browse/category.do?cid=1158705,200,
2026-10-03,banana_republic,Gap Inc,premium,https://bananarepublic.gap.com/browse/product.do?pid=1182818002&vid=1&pcid=1158705&cid=1158705,https://bananarepublic.gap.com/browse/product.do?pid=11828180020000&vid=1&pcid=1158705&cid=1158705#pdp-page-content,1182818002,Two-Tone Link Chain Earrings,Banana Republic,45.00,,USD,InStock,Imported, to oxidation-causing air and humidity. Imported. Shipping & returns Featured Items Chai,https://bananarepublic.gap.com/browse/category.do?cid=1158705,200,
2026-10-03,banana_republic,Gap Inc,premium,https://bananarepublic.gap.com/browse/product.do?pid=1180198002&vid=1&pcid=1158705&cid=1158705,https://bananarepublic.gap.com/browse/product.do?pid=1180198002&vid=1&pcid=1158705&cid=1158705#pdp-page-content,1180198002,Wool-Cotton Drape-Neck Sweater,Banana Republic,115.00,,USD,InStock,Imported," and dry flat, cool iron, or dry clean. Imported. Shipping & returns Style It With  LOW-",https://bananarepublic.gap.com/browse/category.do?cid=1158705,200,
2026-10-03,banana_republic,Gap Inc,premium,https://bananarepublic.gap.com/browse/product.do?pid=1180265002&vid=1&pcid=1158705&cid=1158705,https://bananarepublic.gap.com/browse/product.do?pid=1180265002&vid=1&pcid=1158705&cid=1158705#pdp-page-content,1180265002,The Everyday Wide-Leg Pant in Corduroy,Banana Republic,148.00,,USD,InStock,Imported," 99% cotton, 1% elastane. Machine wash. Imported. Shipping & returns Featured Items Mid-",https://bananarepublic.gap.com/browse/category.do?cid=1158705,200,
2026-10-03,banana_republic,Gap Inc,premium,https://bananarepublic.gap.com/browse/product.do?pid=826938012&vid=1&pcid=1158705&cid=1158705,https://bananarepublic.gap.com/browse/product.do?pid=826938012&vid=1&pcid=1158705&cid=1158705#pdp-page-content,826938012,High-Rise Wide-Leg Everywhere Ponte Pull-On Pant,Banana Republic,100.00,,USD,InStock,Imported,urced from responsibly managed forests. Imported. Shipping & returns Style It With  RIBB,https://bananarepublic.gap.com/browse/category.do?cid=1158705,200,
2026-10-03,banana_republic,Gap Inc,premium,https://bananarepublic.gap.com/browse/product.do?pid=1180225002&vid=1&pcid=1158705&cid=1158705,https://bananarepublic.gap.com/browse/product.do?pid=1180225002&vid=1&pcid=1158705&cid=1158705#pdp-page-content,1180225002,Marled Wool-Cotton Fringe Sweater,Banana Republic,180.00,,USD,InStock,Imported,"& care 55% wool, 45% cotton. Dry clean. Imported. Shipping & returns Featured Items Wool",https://bananarepublic.gap.com/browse/category.do?cid=1158705,200,
2026-10-03,banana_republic,Gap Inc,premium,https://bananarepublic.gap.com/browse/product.do?pid=826977002&vid=1&pcid=1158705&cid=1158705,https://bananarepublic.gap.com/browse/product.do?pid=826977002&vid=1&pcid=1158705&cid=1158705#pdp-page-content,826977002,The Icon Classic Wide-Leg Jean,Banana Republic,100.00,,USD,InStock,Imported,"entle cycle, tumble dry low, warm iron. Imported. Shipping & returns Style It With  SILK",https://bananarepublic.gap.com/browse/category.do?cid=1158705,200,
2026-10-03,banana_republic,Gap Inc,premium,https://bananarepublic.gap.com/browse/product.do?pid=915606022&vid=1&pcid=1158705&cid=1158705,https://bananarepublic.gap.com/browse/product.do?pid=915606022&vid=1&pcid=1158705&cid=1158705#pdp-page-content,915606022,Larkspur Cotton-Silk Mock-Neck Cardigan,Banana Republic,148.00,,USD,InStock,Imported,"cle, dry flat, cool iron, or dry clean. Imported. Shipping & returns Style It With  HIGH",https://bananarepublic.gap.com/browse/category.do?cid=1158705,200,
2026-10-03,banana_republic,Gap Inc,premium,https://bananarepublic.gap.com/browse/product.do?pid=1180980042&vid=1&pcid=1158705&cid=1158705,https://bananarepublic.gap.com/browse/product.do?pid=1180980042&vid=1&pcid=1158705&cid=1158705#pdp-page-content,1180980042,Luxe Wool-Blend Turtleneck T-Shirt,Banana Republic,80.00,,USD,InStock,Imported,"cle, line dry, cool iron, or dry clean. Imported. Shipping & returns Featured Items Luxe",https://bananarepublic.gap.com/browse/category.do?cid=1158705,200,
2026-10-03,banana_republic,Gap Inc,premium,https://bananarepublic.gap.com/browse/product.do?pid=826978022&vid=1&pcid=1158705&cid=1158705,https://bananarepublic.gap.com/browse/product.do?pid=826978022&vid=1&pcid=1158705&cid=1158705#pdp-page-content,826978022,Mid-Rise 90s Classic Relaxed Jean,Banana Republic,100.00,,USD,OutOfStock,Imported,fiber from responsibly-harvested trees. Imported. Shipping & returns Featured Items The ,https://bananarepublic.gap.com/browse/category.do?cid=1158705,200,
2026-10-03,banana_republic,Gap Inc,premium,https://bananarepublic.gap.com/browse/product.do?pid=915609022&vid=1&pcid=1158705&cid=1158705,https://bananarepublic.gap.com/browse/product.do?pid=915609022&vid=1&pcid=1158705&cid=1158705#pdp-page-content,915609022,Oversized Merino-Cotton Crew-Neck Sweater,Banana Republic,115.00,,USD,InStock,Imported," and dry flat, cool iron, or dry clean. Imported. Shipping & returns Style It With  COTT",https://bananarepublic.gap.com/browse/category.do?cid=1158705,200,
2026-10-03,banana_republic,Gap Inc,premium,https://bananarepublic.gap.com/browse/product.do?pid=445853002&vid=1&pcid=1158705&cid=1158705,https://bananarepublic.gap.com/browse/product.do?pid=445853002&vid=1&pcid=1158705&cid=1158705#pdp-page-content,445853002,Straight Everywhere Ponte Ankle Pant,Banana Republic,100.00,,USD,InStock,Imported,urced from responsibly managed forests. Imported. Shipping & returns Style It With  SLIM,https://bananarepublic.gap.com/browse/category.do?cid=1158705,200,
2026-10-03,banana_republic,Gap Inc,premium,https://bananarepublic.gap.com/browse/product.do?pid=915793042&vid=1&pcid=1158705&cid=1158705,https://bananarepublic.gap.com/browse/product.do?pid=915793042&vid=1&pcid=1158705&cid=1158705#pdp-page-content,915793042,Larkspur Cotton-Silk Crew-Neck Sweater,Banana Republic,95.00,,USD,InStock,Imported,"cle, dry flat, cool iron, or dry clean. Imported. Shipping & returns Style It With  HIGH",https://bananarepublic.gap.com/browse/category.do?cid=1158705,200,
2026-10-03,banana_republic,Gap Inc,premium,https://bananarepublic.gap.com/browse/product.do?pid=1180212002&vid=1&pcid=1158705&cid=1158705,https://bananarepublic.gap.com/browse/product.do?pid=1180212002&vid=1&pcid=1158705&cid=1158705#pdp-page-content,1180212002,Felted Wool Belted Cardigan,Banana Republic,240.00,,USD,InStock,Imported,XS. Fabric & care 100% wool. Dry clean. Imported. Shipping & returns Featured Items Ital,https://bananarepublic.gap.com/browse/category.do?cid=1158705,200,
2026-10-03,banana_republic,Gap Inc,premium,https://bananarepublic.gap.com/browse/product.do?pid=1180979002&vid=1&pcid=1158705&cid=1158705,https://bananarepublic.gap.com/browse/product.do?pid=1180979002&vid=1&pcid=1158705&cid=1158705#pdp-page-content,1180979002,Luxe Wool-Blend Crew-Neck Top,Banana Republic,80.00,,USD,InStock,Imported,"cle, line dry, cool iron, or dry clean. Imported. Shipping & returns Featured Items Luxe",https://bananarepublic.gap.com/browse/category.do?cid=1158705,200,
2026-10-03,banana_republic,Gap Inc,premium,https://bananarepublic.gap.com/browse/product.do?pid=915748002&vid=1&pcid=1158705&cid=1158705,https://bananarepublic.gap.com/browse/product.do?pid=915748002&vid=1&pcid=1158705&cid=1158705#pdp-page-content,915748002,Corduroy Bomber Jacket,Banana Republic,220.00,,USD,InStock,Imported,"e dry low, cool iron. Do not dry clean. Imported. Shipping & returns Featured Items Arch",https://bananarepublic.gap.com/browse/category.do?cid=1158705,200,
2026-10-03,banana_republic,Gap Inc,premium,https://bananarepublic.gap.com/browse/product.do?pid=859896052&vid=1&pcid=1158705&cid=1158705,https://bananarepublic.gap.com/browse/product.do?pid=859896052&vid=1&pcid=1158705&cid=1158705#pdp-page-content,859896052,Bias-Cut Chiffon Maxi Dress,Banana Republic,248.00,,USD,InStock,Imported,"old, gentle cycle, line dry, warm iron. Imported. Shipping & returns Featured Items Mesh",https://bananarepublic.gap.com/browse/category.do?cid=1158705,200,
2026-10-03,banana_republic,Gap Inc,premium,https://bananarepublic.gap.com/browse/product.do?pid=506573002&vid=1&pcid=1158705&cid=1158705,https://bananarepublic.gap.com/browse/product.do?pid=506573002&vid=1&pcid=1158705&cid=1158705#pdp-page-content,506573002,Refined Crew-Neck T-Shirt,Banana Republic,55.00,,USD,InStock,Imported,"e 91% cotton, 9% spandex. Machine wash. Imported. Shipping & returns Style It With  HERI",https://bananarepublic.gap.com/browse/category.do?cid=1158705,200,
2026-10-03,everlane,Everlane (private),premium,https://www.everlane.com/products/mens-essential-organic-crew-uniform-white,https://www.everlane.com/products/mens-essential-organic-crew-uniform-white,,The Essential Organic Crew | White,Everlane,34.00,,USD,,,,https://www.everlane.com/collections/mens-tees,200,shopify_js
2026-10-03,everlane,Everlane (private),premium,https://www.everlane.com/products/mens-essential-organic-dyed-crew-agave-green,https://www.everlane.com/products/mens-essential-organic-dyed-crew-agave-green,,The Essential Organic Garment-Dyed Crew | Agave Green,Everlane,24.00,48.00,USD,,,,https://www.everlane.com/collections/mens-tees,200,shopify_js
2026-10-03,everlane,Everlane (private),premium,https://www.everlane.com/products/mens-archive-cotton-relaxed-fit-crew-heathered-oatmeal,https://www.everlane.com/products/mens-archive-cotton-relaxed-fit-crew-heathered-oatmeal,,Archive Relaxed-Fit Cotton Crew | Heathered Oatmeal,Everlane,38.00,,USD,,,,https://www.everlane.com/collections/mens-tees,200,shopify_js
2026-10-03,everlane,Everlane (private),premium,https://www.everlane.com/products/mens-archive-standard-fit-cotton-crew-burnished-lilac,https://www.everlane.com/products/mens-archive-standard-fit-cotton-crew-burnished-lilac,,Archive Standard-Fit Cotton Crew | Burnished Lilac,Everlane,27.00,38.00,USD,,,,https://www.everlane.com/collections/mens-tees,200,shopify_js
2026-10-03,everlane,Everlane (private),premium,https://www.everlane.com/products/mens-classic-pique-polo-heathered-graphite,https://www.everlane.com/products/mens-classic-pique-polo-heathered-graphite,,Classic Piqué Polo | Heathered Graphite,Everlane,68.00,,USD,,,,https://www.everlane.com/collections/mens-tees,200,shopify_js
2026-10-03,everlane,Everlane (private),premium,https://www.everlane.com/products/mens-vintage-rib-tank-beech,https://www.everlane.com/products/mens-vintage-rib-tank-beech,,Vintage Rib Tank | Beech,Everlane,34.00,48.00,USD,,,,https://www.everlane.com/collections/mens-tees,200,shopify_js
2026-10-03,everlane,Everlane (private),premium,https://www.everlane.com/products/mens-vintage-rugby-pullover-overdye-navy,https://www.everlane.com/products/mens-vintage-rugby-pullover-overdye-navy,,Vintage Rugby Pullover | Navy / Black,Everlane,118.00,,USD,,,,https://www.everlane.com/collections/mens-tees,200,shopify_js
2026-10-03,everlane,Everlane (private),premium,https://www.everlane.com/products/m-t-fvj-crew-tee-olv,https://www.everlane.com/products/m-t-fvj-crew-tee-olv,,Archive Standard-Fit Cotton Crew | Olive Night,Everlane,38.00,,USD,,,,https://www.everlane.com/collections/mens-tees,200,shopify_js
2026-10-03,everlane,Everlane (private),premium,https://www.everlane.com/products/m-t-fvj-crew-tee-dbrn,https://www.everlane.com/products/m-t-fvj-crew-tee-dbrn,,Archive Standard-Fit Cotton Crew | Coffee Bean,Everlane,38.00,,USD,,,,https://www.everlane.com/collections/mens-tees,200,shopify_js
2026-10-03,everlane,Everlane (private),premium,https://www.everlane.com/products/m-t-fvj-crew-tee-nvystpe,https://www.everlane.com/products/m-t-fvj-crew-tee-nvystpe,,Archive Standard-Fit Cotton Crew | Navy / Burgundy,Everlane,38.00,,USD,,,,https://www.everlane.com/collections/mens-tees,200,shopify_js
2026-10-03,everlane,Everlane (private),premium,https://www.everlane.com/products/mens-essential-organic-crew-uniform-black,https://www.everlane.com/products/mens-essential-organic-crew-uniform-black,,The Essential Organic Crew | Black,Everlane,34.00,,USD,,,,https://www.everlane.com/collections/mens-tees,200,shopify_js
2026-10-03,everlane,Everlane (private),premium,https://www.everlane.com/products/mens-essential-organic-crew-uniform-deep-navy,https://www.everlane.com/products/mens-essential-organic-crew-uniform-deep-navy,,The Essential Organic Crew | Deep Navy,Everlane,34.00,,USD,,,,https://www.everlane.com/collections/mens-tees,200,shopify_js
2026-10-03,everlane,Everlane (private),premium,https://www.everlane.com/products/mens-essential-organic-crew-uniform-heathered-grey,https://www.everlane.com/products/mens-essential-organic-crew-uniform-heathered-grey,,The Essential Organic Crew |  Heathered Grey,Everlane,34.00,,USD,,,,https://www.everlane.com/collections/mens-tees,200,shopify_js
2026-10-03,everlane,Everlane (private),premium,https://www.everlane.com/products/mens-essential-organic-crew-uniform-coffee-bean,https://www.everlane.com/products/mens-essential-organic-crew-uniform-coffee-bean,,The Essential Organic Crew | Coffee Bean,Everlane,34.00,,USD,,,,https://www.everlane.com/collections/mens-tees,200,shopify_js
2026-10-03,everlane,Everlane (private),premium,https://www.everlane.com/products/mens-essential-organic-crew-uniform-heathered-charcoal,https://www.everlane.com/products/mens-essential-organic-crew-uniform-heathered-charcoal,,The Essential Organic Crew | Heathered Charcoal,Everlane,34.00,,USD,,,,https://www.everlane.com/collections/mens-tees,200,shopify_js
2026-10-03,everlane,Everlane (private),premium,https://www.everlane.com/products/mens-essential-organic-crew-uniform-heathered-oat,https://www.everlane.com/products/mens-essential-organic-crew-uniform-heathered-oat,,The Essential Organic Crew | Heathered Oat,Everlane,34.00,,USD,,,,https://www.everlane.com/collections/mens-tees,200,shopify_js
2026-10-03,everlane,Everlane (private),premium,https://www.everlane.com/products/mens-archive-standard-fit-cotton-crew-white,https://www.everlane.com/products/mens-archive-standard-fit-cotton-crew-white,,Archive Standard-Fit Cotton Crew | White,Everlane,38.00,,USD,,,,https://www.everlane.com/collections/mens-tees,200,shopify_js
2026-10-03,everlane,Everlane (private),premium,https://www.everlane.com/products/mens-archive-cotton-relaxed-fit-crew-white,https://www.everlane.com/products/mens-archive-cotton-relaxed-fit-crew-white,,Archive Relaxed-Fit Cotton Crew | White,Everlane,38.00,,USD,,,,https://www.everlane.com/collections/mens-tees,200,shopify_js
2026-10-03,everlane,Everlane (private),premium,https://www.everlane.com/products/mens-archive-standard-fit-cotton-crew-black,https://www.everlane.com/products/mens-archive-standard-fit-cotton-crew-black,,Archive Standard-Fit Cotton Crew | Black,Everlane,38.00,,USD,,,,https://www.everlane.com/collections/mens-tees,200,shopify_js
2026-10-03,everlane,Everlane (private),premium,https://www.everlane.com/products/mens-essential-organic-crew-uniform-overland,https://www.everlane.com/products/mens-essential-organic-crew-uniform-overland,,The Essential Organic Crew | Overland,Everlane,34.00,,USD,,,,https://www.everlane.com/collections/mens-tees,200,shopify_js
2026-10-03,everlane,Everlane (private),premium,https://www.everlane.com/products/mens-essential-organic-ls-tee-uniform-black,https://www.everlane.com/products/mens-essential-organic-ls-tee-uniform-black,,The Essential Organic Long-Sleeve Tee | Black,Everlane,48.00,,USD,,,,https://www.everlane.com/collections/mens-tees,200,shopify_js
2026-10-03,everlane,Everlane (private),premium,https://www.everlane.com/products/mens-archive-standard-fit-cotton-crew-heathered-oatmeal,https://www.everlane.com/products/mens-archive-standard-fit-cotton-crew-heathered-oatmeal,,Archive Standard-Fit Cotton Crew | Heathered Oatmeal,Everlane,38.00,,USD,,,,https://www.everlane.com/collections/mens-tees,200,shopify_js
2026-10-03,everlane,Everlane (private),premium,https://www.everlane.com/products/mens-essential-organic-ls-tee-uniform-deep-navy,https://www.everlane.com/products/mens-essential-organic-ls-tee-uniform-deep-navy,,The Essential Organic Long-Sleeve Tee | Deep Navy,Everlane,48.00,,USD,,,,https://www.everlane.com/collections/mens-tees,200,shopify_js
2026-10-03,everlane,Everlane (private),premium,https://www.everlane.com/products/mens-archive-standard-fit-cotton-crew-vintage-heather-grey,https://www.everlane.com/products/mens-archive-standard-fit-cotton-crew-vintage-heather-grey,,Archive Standard-Fit Cotton Crew | Vintage Heather Grey,Everlane,38.00,,USD,,,,https://www.everlane.com/collections/mens-tees,200,shopify_js
2026-10-03,everlane,Everlane (private),premium,https://www.everlane.com/products/mens-archive-standard-fit-cotton-crew-midnight-navy,https://www.everlane.com/products/mens-archive-standard-fit-cotton-crew-midnight-navy,,Archive Standard-Fit Cotton Crew | Midnight Navy,Everlane,38.00,,USD,,,,https://www.everlane.com/collections/mens-tees,200,shopify_js
2026-10-03,everlane,Everlane (private),premium,https://www.everlane.com/products/mens-essential-organic-v-tee-uniform-white,https://www.everlane.com/products/mens-essential-organic-v-tee-uniform-white,,The Essential Organic V-Neck Tee | White,Everlane,34.00,,USD,,,,https://www.everlane.com/collections/mens-tees,200,shopify_js
2026-10-03,everlane,Everlane (private),premium,https://www.everlane.com/products/m-t-fvj-prm-ls-blk,https://www.everlane.com/products/m-t-fvj-prm-ls-blk,,Archive Long-Sleeve Crew | Black,Everlane,48.00,,USD,,,,https://www.everlane.com/collections/mens-tees,200,shopify_js
2026-10-03,everlane,Everlane (private),premium,https://www.everlane.com/products/mens-archive-cotton-relaxed-fit-crew-vintage-heather-grey,https://www.everlane.com/products/mens-archive-cotton-relaxed-fit-crew-vintage-heather-grey,,Archive Relaxed-Fit Cotton Crew | Vintage Heather Grey,Everlane,38.00,,USD,,,,https://www.everlane.com/collections/mens-tees,200,shopify_js
2026-10-03,everlane,Everlane (private),premium,https://www.everlane.com/products/mens-essential-organic-ls-tee-uniform-white,https://www.everlane.com/products/mens-essential-organic-ls-tee-uniform-white,,The Essential Organic Long-Sleeve Tee | White,Everlane,48.00,,USD,,,,https://www.everlane.com/collections/mens-tees,200,shopify_js
2026-10-03,everlane,Everlane (private),premium,https://www.everlane.com/products/mens-essential-organic-v-tee-uniform-black,https://www.everlane.com/products/mens-essential-organic-v-tee-uniform-black,,The Essential Organic V-Neck Tee | Black,Everlane,34.00,,USD,,,,https://www.everlane.com/collections/mens-tees,200,shopify_js
2026-10-03,everlane,Everlane (private),premium,https://www.everlane.com/products/mens-thermal-cozy-waffle-henley-heathered-oatmeal,https://www.everlane.com/products/mens-thermal-cozy-waffle-henley-heathered-oatmeal,,Thermal Henley in Cozy Waffle | Heathered Oatmeal,Everlane,88.00,,USD,,,,https://www.everlane.com/collections/mens-tees,200,shopify_js
2026-10-03,everlane,Everlane (private),premium,https://www.everlane.com/products/m-t-fvj-prm-ls-nvystpe,https://www.everlane.com/products/m-t-fvj-prm-ls-nvystpe,,Archive Long-Sleeve Crew | Navy / Off White Stripe,Everlane,48.00,,USD,,,,https://www.everlane.com/collections/mens-tees,200,shopify_js
2026-10-03,everlane,Everlane (private),premium,https://www.everlane.com/products/mens-archive-cotton-relaxed-fit-crew-black,https://www.everlane.com/products/mens-archive-cotton-relaxed-fit-crew-black,,Archive Relaxed-Fit Cotton Crew | Black,Everlane,38.00,,USD,,,,https://www.everlane.com/collections/mens-tees,200,shopify_js
2026-10-03,everlane,Everlane (private),premium,https://www.everlane.com/products/mens-vintage-rugby-pullover-overdye-olive-night,https://www.everlane.com/products/mens-vintage-rugby-pullover-overdye-olive-night,,Vintage Rugby Pullover | Overdye Olive Night,Everlane,118.00,,USD,,,,https://www.everlane.com/collections/mens-tees,200,shopify_js
2026-10-03,everlane,Everlane (private),premium,https://www.everlane.com/products/m-t-fvj-prm-ls-wht,https://www.everlane.com/products/m-t-fvj-prm-ls-wht,,Archive Long-Sleeve Crew | White,Everlane,48.00,,USD,,,,https://www.everlane.com/collections/mens-tees,200,shopify_js
2026-10-03,everlane,Everlane (private),premium,https://www.everlane.com/products/mens-thermal-cozy-waffle-henley-black,https://www.everlane.com/products/mens-thermal-cozy-waffle-henley-black,,Thermal Henley in Cozy Waffle | Black,Everlane,88.00,,USD,,,,https://www.everlane.com/collections/mens-tees,200,shopify_js
2026-10-03,everlane,Everlane (private),premium,https://www.everlane.com/products/mens-thermal-cozy-waffle-henley-bone,https://www.everlane.com/products/mens-thermal-cozy-waffle-henley-bone,,Thermal Henley in Cozy Waffle | Bone,Everlane,88.00,,USD,,,,https://www.everlane.com/collections/mens-tees,200,shopify_js
2026-10-03,everlane,Everlane (private),premium,https://www.everlane.com/products/mens-essential-organic-v-tee-uniform-heathered-charcoal,https://www.everlane.com/products/mens-essential-organic-v-tee-uniform-heathered-charcoal,,The Essential Organic V-Neck Tee | Heathered Charcoal,Everlane,34.00,,USD,,,,https://www.everlane.com/collections/mens-tees,200,shopify_js
2026-10-03,everlane,Everlane (private),premium,https://www.everlane.com/products/mens-classic-pique-polo-black,https://www.everlane.com/products/mens-classic-pique-polo-black,,Classic Piqué Polo | Black,Everlane,68.00,,USD,,,,https://www.everlane.com/collections/mens-tees,200,shopify_js
2026-10-03,everlane,Everlane (private),premium,https://www.everlane.com/products/mens-classic-pique-polo-navy,https://www.everlane.com/products/mens-classic-pique-polo-navy,,Classic Piqué Polo | Navy,Everlane,68.00,,USD,,,,https://www.everlane.com/collections/mens-tees,200,shopify_js
2026-10-03,everlane,Everlane (private),premium,https://www.everlane.com/products/mens-waffle-knit-crew-midnight-navy,https://www.everlane.com/products/mens-waffle-knit-crew-midnight-navy,,Waffle Knit Crew | Midnight Navy,Everlane,98.00,,USD,,,,https://www.everlane.com/collections/mens-tees,200,shopify_js
2026-10-03,everlane,Everlane (private),premium,https://www.everlane.com/products/m-t-fvj-prm-ls-dbrn,https://www.everlane.com/products/m-t-fvj-prm-ls-dbrn,,Archive Long-Sleeve Crew | Coffee Bean,Everlane,48.00,,USD,,,,https://www.everlane.com/collections/mens-tees,200,shopify_js
2026-10-03,everlane,Everlane (private),premium,https://www.everlane.com/products/mens-waffle-knit-crew-black,https://www.everlane.com/products/mens-waffle-knit-crew-black,,Waffle Knit Crew | Black,Everlane,98.00,,USD,,,,https://www.everlane.com/collections/mens-tees,200,shopify_js
2026-10-03,everlane,Everlane (private),premium,https://www.everlane.com/products/mens-thermal-cozy-waffle-henley-heather-beech,https://www.everlane.com/products/mens-thermal-cozy-waffle-henley-heather-beech,,Thermal Henley in Cozy Waffle | Heather Beech,Everlane,88.00,,USD,,,,https://www.everlane.com/collections/mens-tees,200,shopify_js
2026-10-03,everlane,Everlane (private),premium,https://www.everlane.com/products/mens-essential-organic-v-tee-uniform-deep-navy,https://www.everlane.com/products/mens-essential-organic-v-tee-uniform-deep-navy,,The Essential Organic V-Neck Tee | Deep Navy,Everlane,34.00,,USD,,,,https://www.everlane.com/collections/mens-tees,200,shopify_js
2026-10-03,everlane,Everlane (private),premium,https://www.everlane.com/products/m-swts-frc-ctn-rag-coco,https://www.everlane.com/products/m-swts-frc-ctn-rag-coco,,Luxe Fleece Rugby Polo | Cocoa,Everlane,88.00,,USD,,,,https://www.everlane.com/collections/mens-tees,200,shopify_js
2026-10-03,everlane,Everlane (private),premium,https://www.everlane.com/products/m-swts-frc-ctn-rag-nvy,https://www.everlane.com/products/m-swts-frc-ctn-rag-nvy,,Luxe Fleece Rugby Polo | Deep Navy,Everlane,88.00,,USD,,,,https://www.everlane.com/collections/mens-tees,200,shopify_js
2026-10-03,everlane,Everlane (private),premium,https://www.everlane.com/products/mens-essential-organic-crew-uniform-cashmere-blue,https://www.everlane.com/products/mens-essential-organic-crew-uniform-cashmere-blue,,The Essential Organic Crew | Cashmere Blue,Everlane,34.00,,USD,,,,https://www.everlane.com/collections/mens-tees,200,shopify_js
2026-10-03,everlane,Everlane (private),premium,https://www.everlane.com/products/mens-archive-cotton-relaxed-fit-crew-midnight-navy,https://www.everlane.com/products/mens-archive-cotton-relaxed-fit-crew-midnight-navy,,Archive Relaxed-Fit Cotton Crew | Midnight Navy,Everlane,38.00,,USD,,,,https://www.everlane.com/collections/mens-tees,200,shopify_js
2026-10-03,everlane,Everlane (private),premium,https://www.everlane.com/products/m-t-fvj-prm-ls-hgry,https://www.everlane.com/products/m-t-fvj-prm-ls-hgry,,Archive Long-Sleeve Crew |  Heathered Grey,Everlane,48.00,,USD,,,,https://www.everlane.com/collections/mens-tees,200,shopify_js
2026-10-03,athleta,Gap Inc,premium,https://athleta.gap.com/browse/product.do?pid=599749732&vid=1&pcid=3043230&cid=3043230,https://athleta.gap.com/browse/product.do?pid=599749732&vid=1&pcid=3043230&cid=3043230#pdp-page-content,599749732,Salutation Stash High Rise Legging,Athleta,65.40,,USD,InStock,Imported,llent Protection) Machine wash and dry. Imported. Shipping & returns Customers Also View,https://athleta.gap.com/browse/new/all-womens?cid=3043230,200,
2026-10-03,athleta,Gap Inc,premium,https://athleta.gap.com/browse/product.do?pid=657490492&vid=1&pcid=3043230&cid=3043230,https://athleta.gap.com/browse/product.do?pid=657490492&vid=1&pcid=3043230&cid=3043230#pdp-page-content,657490492,Salutation Jacket,Athleta,77.40,,USD,InStock,Imported,achine wash cold and tumble dry on low. Imported. Shipping & returns Customers Also View,https://athleta.gap.com/browse/new/all-womens?cid=3043230,200,
2026-10-03,athleta,Gap Inc,premium,https://athleta.gap.com/browse/product.do?pid=533636562&vid=1&pcid=3043230&cid=3043230,https://athleta.gap.com/browse/product.do?pid=533636562&vid=1&pcid=3043230&cid=3043230#pdp-page-content,533636562,Endless High Rise Pant,Athleta,65.40,,USD,InStock,Imported, the garment Machine wash and line dry. Imported. Shipping & returns Customers Also View,https://athleta.gap.com/browse/new/all-womens?cid=3043230,200,
2026-10-03,athleta,Gap Inc,premium,https://athleta.gap.com/browse/product.do?pid=1174532052&vid=1&pcid=3043230&cid=3043230,https://athleta.gap.com/browse/product.do?pid=1174532052&vid=1&pcid=3043230&cid=3043230#pdp-page-content,1174532052,Signature Rib V-Neck Muscle Tank,Athleta,29.40,,USD,OutOfStock,Imported, a second thought Machine wash and dry. Imported. Shipping & returns Customers Also View,https://athleta.gap.com/browse/new/all-womens?cid=3043230,200,
2026-10-03,athleta,Gap Inc,premium,https://athleta.gap.com/browse/product.do?pid=588653032&vid=1&pcid=3043230&cid=3043230,https://athleta.gap.com/browse/product.do?pid=588653032&vid=1&pcid=3043230&cid=3043230#pdp-page-content,,BodyMove Crew Neck Long Sleeve Top | Athleta,,35,,USD,,Imported, breaking a sweat Machine wash and dry. Imported. Shipping & returns  This is a carousel,https://athleta.gap.com/browse/new/all-womens?cid=3043230,200,no_jsonld
2026-10-03,athleta,Gap Inc,premium,https://athleta.gap.com/browse/product.do?pid=650012202&vid=1&pcid=3043230&cid=3043230,https://athleta.gap.com/browse/product.do?pid=650012202&vid=1&pcid=3043230&cid=3043230#pdp-page-content,650012202,Skyline High Rise Barrel Leg Pant,Athleta,83.40,,USD,InStock,Imported,xcellent Protection) Machine wash cold. Imported. Shipping & returns Customers Also View,https://athleta.gap.com/browse/new/all-womens?cid=3043230,200,
2026-10-03,athleta,Gap Inc,premium,https://athleta.gap.com/browse/product.do?pid=659287702&vid=1&pcid=3043230&cid=3043230,https://athleta.gap.com/browse/product.do?pid=659287702&vid=1&pcid=3043230&cid=3043230#pdp-page-content,659287702,Coaster Luxe Recover Sweatshirt,Athleta,47.40,,USD,InStock,Imported,d sources Machine wash and hang to dry. Imported. Shipping & returns  This is a carousel,https://athleta.gap.com/browse/new/all-womens?cid=3043230,200,
2026-10-03,athleta,Gap Inc,premium,https://athleta.gap.com/browse/product.do?pid=658312462&vid=1&pcid=3043230&cid=3043230,https://athleta.gap.com/browse/product.do?pid=658312462&vid=1&pcid=3043230&cid=3043230#pdp-page-content,658312462,Coaster Luxe High Rise Jogger,Athleta,47.40,,USD,InStock,Imported,he garment Machine wash and hang to dry Imported. Shipping & returns Customers Also View,https://athleta.gap.com/browse/new/all-womens?cid=3043230,200,
2026-10-03,gap,Gap Inc,mass,https://www.gap.com/browse/product.do?pid=904963032&vid=1&pcid=1127944&cid=1127944,https://www.gap.com/browse/product.do?pid=904963032&vid=1&pcid=1127944&cid=1127944#pdp-page-content,904963032,Oversized Utility Jacket,Gap,76.00,,USD,InStock,Imported,"sh cold, gentle cycle. Tumble dry low.  Imported. Shipping & returns Customers also view",https://www.gap.com/browse/category.do?cid=1127944,200,
2026-10-03,gap,Gap Inc,mass,https://www.gap.com/browse/product.do?pid=715775072&vid=1&pcid=1127944&cid=1127944,https://www.gap.com/browse/product.do?pid=715775072&vid=1&pcid=1127944&cid=1127944#pdp-page-content,715775072,Adult Heavyweight Crop T-Shirt,Gap,35.00,,USD,InStock,Imported,abric & care 100% Cotton. Machine wash. Imported. Shipping & returns Customers also view,https://www.gap.com/browse/category.do?cid=1127944,200,
2026-10-03,gap,Gap Inc,mass,https://www.gap.com/browse/product.do?pid=805765002&vid=1&pcid=1127944&cid=1127944,https://www.gap.com/browse/product.do?pid=805765002&vid=1&pcid=1127944&cid=1127944#pdp-page-content,805765002,Relaxed Straight Jeans,Gap,55.00,,USD,OutOfStock,Imported,100% Regenerative Cotton. Machine wash. Imported. Shipping & returns  Video player  Cust,https://www.gap.com/browse/category.do?cid=1127944,200,
2026-10-03,gap,Gap Inc,mass,https://www.gap.com/browse/product.do?pid=907280032&vid=1&pcid=1127944&cid=1127944,https://www.gap.com/browse/product.do?pid=907280032&vid=1&pcid=1127944&cid=1127944#pdp-page-content,907280032,Relaxed Polo Sweater,Gap,55.00,,USD,InStock,Imported,"ash cold, gentle cycle. Tumble dry low. Imported. Shipping & returns Customers also view",https://www.gap.com/browse/category.do?cid=1127944,200,
2026-10-03,gap,Gap Inc,mass,https://www.gap.com/browse/product.do?pid=804527002&vid=1&pcid=1127944&cid=1127944,https://www.gap.com/browse/product.do?pid=804527002&vid=1&pcid=1127944&cid=1127944#pdp-page-content,804527002,Heavyweight Denim Jacket,Gap,58.00,,USD,InStock,Imported,"sh cold, gentle cycle. Lay flat to dry. Imported. Shipping & returns Customers also view",https://www.gap.com/browse/category.do?cid=1127944,200,
2026-10-03,gap,Gap Inc,mass,https://www.gap.com/browse/product.do?pid=786895002&vid=1&pcid=1127944&cid=1127944,https://www.gap.com/browse/product.do?pid=786895002&vid=1&pcid=1127944&cid=1127944#pdp-page-content,786895002,Straight Jeans,Gap,39.00,,USD,InStock,Imported,", Elastane 1%, Cotton 94% Machine wash. Imported. Shipping & returns  Video player  Cust",https://www.gap.com/browse/category.do?cid=1127944,200,
2026-10-03,gap,Gap Inc,mass,https://www.gap.com/browse/product.do?pid=428038472&vid=1&pcid=1127944&cid=1127944,https://www.gap.com/browse/product.do?pid=428038472&vid=1&pcid=1127944&cid=1127944#pdp-page-content,428038472,Organic Cotton T-Shirt,Gap,27.00,,USD,InStock,Imported,care 100% Organic Cotton. Machine wash. Imported. Shipping & returns Customers also view,https://www.gap.com/browse/category.do?cid=1127944,200,
2026-10-03,gap,Gap Inc,mass,https://www.gap.com/browse/product.do?pid=888476002&vid=1&pcid=1127944&cid=1127944,https://www.gap.com/browse/product.do?pid=888476002&vid=1&pcid=1127944&cid=1127944#pdp-page-content,888476002,'90s Loose Carpenter Jeans,Gap,53.00,,USD,InStock,Imported,. Machine wash warm. Tumble dry medium. Imported. Shipping & returns  Video player  Cust,https://www.gap.com/browse/category.do?cid=1127944,200,
2026-10-03,gap,Gap Inc,mass,https://www.gap.com/browse/product.do?pid=888474012&vid=1&pcid=1127944&cid=1127944,https://www.gap.com/browse/product.do?pid=888474012&vid=1&pcid=1127944&cid=1127944#pdp-page-content,888474012,Boot Jeans,Gap,31.00,,USD,InStock,Imported,. Machine wash warm. Tumble dry medium. Imported. Shipping & returns  Video player  Cust,https://www.gap.com/browse/category.do?cid=1127944,200,
2026-10-03,gap,Gap Inc,mass,https://www.gap.com/browse/product.do?pid=913479002&vid=1&pcid=1127944&cid=1127944,https://www.gap.com/browse/product.do?pid=913479002&vid=1&pcid=1127944&cid=1127944#pdp-page-content,913479002,UltraSoft Denim Relaxed Utility Shirt,Gap,71.00,,USD,OutOfStock,Imported,CEL. Machine wash cold. Tumble dry low. Imported. Shipping & returns Customers also view,https://www.gap.com/browse/category.do?cid=1127944,200,
2026-10-03,gap,Gap Inc,mass,https://www.gap.com/browse/product.do?pid=440775132&vid=1&pcid=1127944&cid=1127944,https://www.gap.com/browse/product.do?pid=440775132&vid=1&pcid=1127944&cid=1127944#pdp-page-content,440775132,Classic T-Shirt,Gap,15.00,,USD,InStock,Imported,Fabric & care Cotton 100% Machine wash. Imported. Shipping & returns Customers also view,https://www.gap.com/browse/category.do?cid=1127944,200,
2026-10-03,gap,Gap Inc,mass,https://www.gap.com/browse/product.do?pid=907829022&vid=1&pcid=1127944&cid=1127944,https://www.gap.com/browse/product.do?pid=907829022&vid=1&pcid=1127944&cid=1127944#pdp-page-content,907829022,Herringbone '90s Loose Pants,Gap,62.00,,USD,InStock,Imported,ton. Machine wash cold. Tumble dry low. Imported. Shipping & returns Customers also view,https://www.gap.com/browse/category.do?cid=1127944,200,
2026-10-03,gap,Gap Inc,mass,https://www.gap.com/browse/product.do?pid=847912202&vid=1&pcid=1127944&cid=1127944,https://www.gap.com/browse/product.do?pid=847912202&vid=1&pcid=1127944&cid=1127944#pdp-page-content,847912202,Plaid Oxford Button-Down Shirt,Gap,23.00,,USD,InStock,Imported,"sh cold, gentle cycle. Lay flat to dry. Imported. Shipping & returns Customers also view",https://www.gap.com/browse/category.do?cid=1127944,200,
2026-10-03,gap,Gap Inc,mass,https://www.gap.com/browse/product.do?pid=455517002&vid=1&pcid=1127944&cid=1127944,https://www.gap.com/browse/product.do?pid=455517002&vid=1&pcid=1127944&cid=1127944#pdp-page-content,455517002,'90s Loose Jeans,Gap,47.00,,USD,OutOfStock,Imported, Regenerative Cotton 100% Machine wash. Imported. Shipping & returns  Video player  Cust,https://www.gap.com/browse/category.do?cid=1127944,200,
2026-10-03,gap,Gap Inc,mass,https://www.gap.com/browse/product.do?pid=440775002&vid=1&pcid=1127944&cid=1127944,https://www.gap.com/browse/product.do?pid=440775002&vid=1&pcid=1127944&cid=1127944#pdp-page-content,440775002,Classic T-Shirt,Gap,15.00,,USD,InStock,Imported,Fabric & care Cotton 100% Machine wash. Imported. Shipping & returns Customers also view,https://www.gap.com/browse/category.do?cid=1127944,200,
2026-10-03,gap,Gap Inc,mass,https://www.gap.com/browse/product.do?pid=908078002&vid=1&pcid=1127944&cid=1127944,https://www.gap.com/browse/product.do?pid=908078002&vid=1&pcid=1127944&cid=1127944#pdp-page-content,908078002,Relaxed Quarter-Zip Sweater,Gap,63.00,,USD,InStock,Imported,"sh cold, gentle cycle. Tumble dry low.  Imported. Shipping & returns Customers also view",https://www.gap.com/browse/category.do?cid=1127944,200,
2026-10-03,gap,Gap Inc,mass,https://www.gap.com/browse/product.do?pid=909177072&vid=1&pcid=1127944&cid=1127944,https://www.gap.com/browse/product.do?pid=909177072&vid=1&pcid=1127944&cid=1127944#pdp-page-content,909177072,Relaxed Crop Straight-Hem Oxford Shirt,Gap,47.00,,USD,InStock,Imported,ane. Machine wash cold. Tumble dry low. Imported. Shipping & returns Customers also view,https://www.gap.com/browse/category.do?cid=1127944,200,
2026-10-03,gap,Gap Inc,mass,https://www.gap.com/browse/product.do?pid=881695002&vid=1&pcid=1127944&cid=1127944,https://www.gap.com/browse/product.do?pid=881695002&vid=1&pcid=1127944&cid=1127944#pdp-page-content,881695002,Heavyweight Twill '90s Loose Khakis,Gap,55.00,,USD,InStock,Imported,100% Regenerative Cotton. Machine wash. Imported. Shipping & returns Customers also view,https://www.gap.com/browse/category.do?cid=1127944,200,
2026-10-03,gap,Gap Inc,mass,https://www.gap.com/browse/product.do?pid=735031012&vid=1&pcid=1127944&cid=1127944,https://www.gap.com/browse/product.do?pid=735031012&vid=1&pcid=1127944&cid=1127944#pdp-page-content,735031012,Adult Heavyweight Relaxed T-Shirt,Gap,35.00,,USD,InStock,Imported,abric & care 100% Cotton. Machine wash. Imported. Shipping & returns Customers also view,https://www.gap.com/browse/category.do?cid=1127944,200,
2026-10-03,gap,Gap Inc,mass,https://www.gap.com/browse/product.do?pid=813054042&vid=1&pcid=1127944&cid=1127944,https://www.gap.com/browse/product.do?pid=813054042&vid=1&pcid=1127944&cid=1127944#pdp-page-content,813054042,Baggy Cargo Pants,Gap,35.00,,USD,InStock,Imported,"ton, 30% Recycled Cotton. Machine wash. Imported. Shipping & returns Customers also view",https://www.gap.com/browse/category.do?cid=1127944,200,
2026-10-03,gap,Gap Inc,mass,https://www.gap.com/browse/product.do?pid=624545002&vid=1&pcid=1127944&cid=1127944,https://www.gap.com/browse/product.do?pid=624545002&vid=1&pcid=1127944&cid=1127944#pdp-page-content,624545002,Extra Baggy Jeans,Gap,53.00,,USD,InStock,Imported,100% Regenerative Cotton. Machine wash. Imported. Shipping & returns  Video player  Cust,https://www.gap.com/browse/category.do?cid=1127944,200,
2026-10-03,gap,Gap Inc,mass,https://www.gap.com/browse/product.do?pid=907278042&vid=1&pcid=1127944&cid=1127944,https://www.gap.com/browse/product.do?pid=907278042&vid=1&pcid=1127944&cid=1127944#pdp-page-content,907278042,Relaxed Shaker Sweater,Gap,41.00,,USD,InStock,Imported,"sh cold, gentle cycle. Lay flat to dry. Imported. Shipping & returns Customers also view",https://www.gap.com/browse/category.do?cid=1127944,200,
2026-10-03,gap,Gap Inc,mass,https://www.gap.com/browse/product.do?pid=223627022&vid=1&pcid=1127944&cid=1127944,https://www.gap.com/browse/product.do?pid=223627022&vid=1&pcid=1127944&cid=1127944#pdp-page-content,223627022,Pique Polo Shirt,Gap,20.00,,USD,InStock,Imported,ane. Machine wash cold. Tumble dry low. Imported. Shipping & returns Customers also view,https://www.gap.com/browse/category.do?cid=1127944,200,
2026-10-03,gap,Gap Inc,mass,https://www.gap.com/browse/product.do?pid=881702022&vid=1&pcid=1127944&cid=1127944,https://www.gap.com/browse/product.do?pid=881702022&vid=1&pcid=1127944&cid=1127944#pdp-page-content,881702022,Heavyweight Twill Relaxed Straight Khakis,Gap,55.00,,USD,InStock,Imported,100% Regenerative Cotton. Machine wash. Imported. Shipping & returns Customers also view,https://www.gap.com/browse/category.do?cid=1127944,200,
2026-10-03,gap,Gap Inc,mass,https://www.gap.com/browse/product.do?pid=472757212&vid=1&pcid=1127944&cid=1127944,https://www.gap.com/browse/product.do?pid=472757212&vid=1&pcid=1127944&cid=1127944#pdp-page-content,472757212,Modern Straight Khakis,Gap,35.00,,USD,InStock,Imported," 98% Cotton, 2% Elastane. Machine wash. Imported. Shipping & returns Customers also view",https://www.gap.com/browse/category.do?cid=1127944,200,
2026-10-03,gap,Gap Inc,mass,https://www.gap.com/browse/product.do?pid=734040002&vid=1&pcid=1127944&cid=1127944,https://www.gap.com/browse/product.do?pid=734040002&vid=1&pcid=1127944&cid=1127944#pdp-page-content,734040002,Organic Cotton Poplin Classic Shirt,Gap,47.00,,USD,InStock,Imported,care 100% Organic Cotton. Machine wash. Imported. Shipping & returns Customers also view,https://www.gap.com/browse/category.do?cid=1127944,200,
2026-10-03,gap,Gap Inc,mass,https://www.gap.com/browse/product.do?pid=907829032&vid=1&pcid=1127944&cid=1127944,https://www.gap.com/browse/product.do?pid=907829032&vid=1&pcid=1127944&cid=1127944#pdp-page-content,907829032,Herringbone '90s Loose Pants,Gap,62.00,,USD,InStock,Imported,ton. Machine wash cold. Tumble dry low. Imported. Shipping & returns Customers also view,https://www.gap.com/browse/category.do?cid=1127944,200,
2026-10-03,gap,Gap Inc,mass,https://www.gap.com/browse/product.do?pid=907280022&vid=1&pcid=1127944&cid=1127944,https://www.gap.com/browse/product.do?pid=907280022&vid=1&pcid=1127944&cid=1127944#pdp-page-content,907280022,Relaxed Polo Sweater,Gap,55.00,,USD,InStock,Imported,"ash cold, gentle cycle. Tumble dry low. Imported. Shipping & returns Customers also view",https://www.gap.com/browse/category.do?cid=1127944,200,
2026-10-03,gap,Gap Inc,mass,https://www.gap.com/browse/product.do?pid=428038022&vid=1&pcid=1127944&cid=1127944,https://www.gap.com/browse/product.do?pid=428038022&vid=1&pcid=1127944&cid=1127944#pdp-page-content,428038022,Organic Cotton T-Shirt,Gap,20.00,,USD,InStock,Imported,care 100% Organic Cotton. Machine wash. Imported. Shipping & returns Customers also view,https://www.gap.com/browse/category.do?cid=1127944,200,
2026-10-03,gap,Gap Inc,mass,https://www.gap.com/browse/product.do?pid=621916002&vid=1&pcid=1127944&cid=1127944,https://www.gap.com/browse/product.do?pid=621916002&vid=1&pcid=1127944&cid=1127944#pdp-page-content,621916002,Extra Baggy Jeans,Gap,53.00,,USD,InStock,Imported,100% Regenerative Cotton. Machine wash. Imported. Shipping & returns  Video player  Cust,https://www.gap.com/browse/category.do?cid=1127944,200,
2026-10-03,gap,Gap Inc,mass,https://www.gap.com/browse/product.do?pid=1189438002&vid=1&pcid=1127944&cid=1127944,https://www.gap.com/browse/product.do?pid=1189438002&vid=1&pcid=1127944&cid=1127944#pdp-page-content,1189438002,VintageSoft Relaxed Zip Logo Hoodie,Gap,71.00,,USD,InStock,Imported,"ash cold, gentle cycle. Tumble dry low. Imported. Shipping & returns Shop the collection",https://www.gap.com/browse/category.do?cid=1127944,200,
2026-10-03,gap,Gap Inc,mass,https://www.gap.com/browse/product.do?pid=912706032&vid=1&pcid=1127944&cid=1127944,https://www.gap.com/browse/product.do?pid=912706032&vid=1&pcid=1127944&cid=1127944#pdp-page-content,912706032,Heavyweight Relaxed Sweatpants,Gap,47.00,,USD,InStock,Imported,"sh cold, gentle cycle. Tumble dry low.  Imported. Shipping & returns Shop the collection",https://www.gap.com/browse/category.do?cid=1127944,200,
2026-10-03,gap,Gap Inc,mass,https://www.gap.com/browse/product.do?pid=912700062&vid=1&pcid=1127944&cid=1127944,https://www.gap.com/browse/product.do?pid=912700062&vid=1&pcid=1127944&cid=1127944#pdp-page-content,912700062,Oversized Terry Sweatshirt,Gap,34.00,,USD,InStock,Imported,"ash cold, gentle cycle. Tumble dry low. Imported. Shipping & returns Shop the collection",https://www.gap.com/browse/category.do?cid=1127944,200,
2026-10-03,gap,Gap Inc,mass,https://www.gap.com/browse/product.do?pid=813054012&vid=1&pcid=1127944&cid=1127944,https://www.gap.com/browse/product.do?pid=813054012&vid=1&pcid=1127944&cid=1127944#pdp-page-content,813054012,Baggy Cargo Pants,Gap,35.00,,USD,InStock,Imported,"ton, 30% Recycled Cotton. Machine wash. Imported. Shipping & returns Customers also view",https://www.gap.com/browse/category.do?cid=1127944,200,
2026-10-03,gap,Gap Inc,mass,https://www.gap.com/browse/product.do?pid=715775052&vid=1&pcid=1127944&cid=1127944,https://www.gap.com/browse/product.do?pid=715775052&vid=1&pcid=1127944&cid=1127944#pdp-page-content,715775052,Adult Heavyweight Crop T-Shirt,Gap,35.00,,USD,InStock,Imported,abric & care 100% Cotton. Machine wash. Imported. Shipping & returns Customers also view,https://www.gap.com/browse/category.do?cid=1127944,200,
2026-10-03,gap,Gap Inc,mass,https://www.gap.com/browse/product.do?pid=821270212&vid=1&pcid=1127944&cid=1127944,https://www.gap.com/browse/product.do?pid=821270212&vid=1&pcid=1127944&cid=1127944#pdp-page-content,821270212,Adult Heavyweight Oversized Hoodie,Gap,39.00,,USD,InStock,Imported,", 14% Recycled Polyester. Machine wash. Imported. Shipping & returns Oversized Terry Swe",https://www.gap.com/browse/category.do?cid=1127944,200,
2026-10-03,gap,Gap Inc,mass,https://www.gap.com/browse/product.do?pid=910213022&vid=1&pcid=1127944&cid=1127944,https://www.gap.com/browse/product.do?pid=910213022&vid=1&pcid=1127944&cid=1127944#pdp-page-content,910213022,Relaxed Straight-Hem Flannel Shirt,Gap,48.00,,USD,OutOfStock,Imported,ton. Machine wash cold. Tumble dry low. Imported. Shipping & returns Customers also view,https://www.gap.com/browse/category.do?cid=1127944,200,
2026-10-03,gap,Gap Inc,mass,https://www.gap.com/browse/product.do?pid=440943562&vid=1&pcid=1127944&cid=1127944,https://www.gap.com/browse/product.do?pid=440943562&vid=1&pcid=1127944&cid=1127944#pdp-page-content,440943562,Modern Slim Khakis,Gap,41.00,,USD,InStock,Imported,ane. Machine wash cold. Tumble dry low. Imported. Shipping & returns Customers also view,https://www.gap.com/browse/category.do?cid=1127944,200,
2026-10-03,gap,Gap Inc,mass,https://www.gap.com/browse/product.do?pid=715036812&vid=1&pcid=1127944&cid=1127944,https://www.gap.com/browse/product.do?pid=715036812&vid=1&pcid=1127944&cid=1127944#pdp-page-content,715036812,Adult VintageSoft Arch Logo Hoodie,Gap,47.00,,USD,InStock,Imported,ter. Machine wash cold. Tumble dry low. Imported. Shipping & returns Adult Heavyweight O,https://www.gap.com/browse/category.do?cid=1127944,200,
2026-10-03,gap,Gap Inc,mass,https://www.gap.com/browse/product.do?pid=908078012&vid=1&pcid=1127944&cid=1127944,https://www.gap.com/browse/product.do?pid=908078012&vid=1&pcid=1127944&cid=1127944#pdp-page-content,908078012,Relaxed Quarter-Zip Sweater,Gap,63.00,,USD,InStock,Imported,"sh cold, gentle cycle. Tumble dry low.  Imported. Shipping & returns Customers also view",https://www.gap.com/browse/category.do?cid=1127944,200,
2026-10-03,gap,Gap Inc,mass,https://www.gap.com/browse/product.do?pid=907276022&vid=1&pcid=1127944&cid=1127944,https://www.gap.com/browse/product.do?pid=907276022&vid=1&pcid=1127944&cid=1127944#pdp-page-content,907276022,CashSoft Crew Sweater,Gap,55.00,,USD,InStock,Imported,"sh cold, gentle cycle. Lay flat to dry. Imported. Shipping & returns ( cashsoft ) Our be",https://www.gap.com/browse/category.do?cid=1127944,200,
2026-10-03,gap,Gap Inc,mass,https://www.gap.com/browse/product.do?pid=907261002&vid=1&pcid=1127944&cid=1127944,https://www.gap.com/browse/product.do?pid=907261002&vid=1&pcid=1127944&cid=1127944#pdp-page-content,907261002,Relaxed Henley T-Shirt,Gap,47.00,,USD,InStock,Imported,"sh cold, gentle cycle. Tumble dry low.  Imported. Shipping & returns Customers also view",https://www.gap.com/browse/category.do?cid=1127944,200,
2026-10-03,gap,Gap Inc,mass,https://www.gap.com/browse/product.do?pid=913461022&vid=1&pcid=1127944&cid=1127944,https://www.gap.com/browse/product.do?pid=913461022&vid=1&pcid=1127944&cid=1127944#pdp-page-content,913461022,Icon Corduroy Jacket,Gap,58.00,,USD,InStock,Imported,ton. Machine wash cold. Tumble dry low. Imported. Shipping & returns Customers also view,https://www.gap.com/browse/category.do?cid=1127944,200,
2026-10-03,gap,Gap Inc,mass,https://www.gap.com/browse/product.do?pid=909178002&vid=1&pcid=1127944&cid=1127944,https://www.gap.com/browse/product.do?pid=909178002&vid=1&pcid=1127944&cid=1127944#pdp-page-content,909178002,Recycled Vegan Leather Bomber Jacket,Gap,118.00,,USD,InStock,Imported,"sh cold, gentle cycle. Lay flat to dry. Imported. Shipping & returns Customers also view",https://www.gap.com/browse/category.do?cid=1127944,200,
2026-10-03,gap,Gap Inc,mass,https://www.gap.com/browse/product.do?pid=907263102&vid=1&pcid=1127944&cid=1127944,https://www.gap.com/browse/product.do?pid=907263102&vid=1&pcid=1127944&cid=1127944#pdp-page-content,907263102,Relaxed Waffle T-Shirt,Gap,35.00,,USD,InStock,Imported,"ash cold, gentle cycle. Tumble dry low. Imported. Shipping & returns Customers also view",https://www.gap.com/browse/category.do?cid=1127944,200,
2026-10-03,gap,Gap Inc,mass,https://www.gap.com/browse/product.do?pid=909177012&vid=1&pcid=1127944&cid=1127944,https://www.gap.com/browse/product.do?pid=909177012&vid=1&pcid=1127944&cid=1127944#pdp-page-content,909177012,Relaxed Crop Straight-Hem Oxford Shirt,Gap,47.00,,USD,InStock,Imported,ane. Machine wash cold. Tumble dry low. Imported. Shipping & returns Customers also view,https://www.gap.com/browse/category.do?cid=1127944,200,
2026-10-03,gap,Gap Inc,mass,https://www.gap.com/browse/product.do?pid=909185012&vid=1&pcid=1127944&cid=1127944,https://www.gap.com/browse/product.do?pid=909185012&vid=1&pcid=1127944&cid=1127944#pdp-page-content,909185012,Corduroy Shirt Jacket,Gap,44.00,,USD,InStock,Imported,ton. Machine wash cold. Tumble dry low. Imported. Shipping & returns Customers also view,https://www.gap.com/browse/category.do?cid=1127944,200,
2026-10-03,gap,Gap Inc,mass,https://www.gap.com/browse/product.do?pid=907280052&vid=1&pcid=1127944&cid=1127944,https://www.gap.com/browse/product.do?pid=907280052&vid=1&pcid=1127944&cid=1127944#pdp-page-content,907280052,Relaxed Polo Sweater,Gap,55.00,,USD,InStock,Imported,"ash cold, gentle cycle. Tumble dry low. Imported. Shipping & returns Customers also view",https://www.gap.com/browse/category.do?cid=1127944,200,
2026-10-03,gap,Gap Inc,mass,https://www.gap.com/browse/product.do?pid=428038502&vid=1&pcid=1127944&cid=1127944,https://www.gap.com/browse/product.do?pid=428038502&vid=1&pcid=1127944&cid=1127944#pdp-page-content,428038502,Organic Cotton T-Shirt,Gap,27.00,,USD,OutOfStock,Imported,care 100% Organic Cotton. Machine wash. Imported. Shipping & returns Customers also view,https://www.gap.com/browse/category.do?cid=1127944,200,
2026-10-03,gap,Gap Inc,mass,https://www.gap.com/browse/product.do?pid=912706042&vid=1&pcid=1127944&cid=1127944,https://www.gap.com/browse/product.do?pid=912706042&vid=1&pcid=1127944&cid=1127944#pdp-page-content,912706042,Heavyweight Relaxed Sweatpants,Gap,39.00,,USD,InStock,Imported,"sh cold, gentle cycle. Tumble dry low.  Imported. Shipping & returns Shop the collection",https://www.gap.com/browse/category.do?cid=1127944,200,
2026-10-03,american_eagle,American Eagle Outfitters,mass,https://www.ae.com/us/en/p/women/jeans/baggy-wide-leg-jeans/ae-low-rise-cozy-baggy-jean/0437_6438_992,https://www.ae.com/us/en/p/women/jeans/baggy-wide-leg-jeans/ae-low-rise-cozy-baggy-jean/0437_6438_992,,AE Low-Rise Cozy Baggy Jean,,79.95,,USD,,,,https://www.ae.com/us/en/c/men/jeans/cat6430041,200,no_jsonld
2026-10-03,american_eagle,American Eagle Outfitters,mass,https://www.ae.com/us/en/p/men/jeans/bootcut-jeans/ae-original-bootcut-jean/0115_6847_909,https://www.ae.com/us/en/p/men/jeans/bootcut-jeans/ae-original-bootcut-jean/0115_6847_909,0115_6847_909,AE Original Bootcut Jean,AE,41.96,,USD,InStock,,,https://www.ae.com/us/en/c/men/jeans/cat6430041,200,
2026-10-03,american_eagle,American Eagle Outfitters,mass,https://www.ae.com/us/en/p/men/jeans/baggy-loose-jeans/ae-loose-jean/1114_7584_952,https://www.ae.com/us/en/p/men/jeans/baggy-loose-jeans/ae-loose-jean/1114_7584_952,1114_7584_952,AE Loose Jean,AE,41.96,,USD,InStock,,,https://www.ae.com/us/en/c/men/jeans/cat6430041,200,
2026-10-03,american_eagle,American Eagle Outfitters,mass,https://www.ae.com/us/en/p/men/jeans/straight-leg-jeans/ae-original-straight-jean/0111_7244_928,https://www.ae.com/us/en/p/men/jeans/straight-leg-jeans/ae-original-straight-jean/0111_7244_928,0111_7244_928,AE Original Straight Jean,AE,41.96,,USD,InStock,,,https://www.ae.com/us/en/c/men/jeans/cat6430041,200,
2026-10-03,american_eagle,American Eagle Outfitters,mass,https://www.ae.com/us/en/p/men/jeans/bootcut-jeans/ae-original-bootcut-jean/0115_7589_451,https://www.ae.com/us/en/p/men/jeans/bootcut-jeans/ae-original-bootcut-jean/0115_7589_451,0115_7589_451,AE Original Bootcut Jean,AE,41.96,,USD,InStock,,,https://www.ae.com/us/en/c/men/jeans/cat6430041,200,
2026-10-03,american_eagle,American Eagle Outfitters,mass,https://www.ae.com/us/en/p/men/jeans/straight-leg-jeans/ae-original-straight-carpenter-jean/0111_7596_401,https://www.ae.com/us/en/p/men/jeans/straight-leg-jeans/ae-original-straight-carpenter-jean/0111_7596_401,0111_7596_401,AE Original Straight Carpenter Jean,AE,29.99,,USD,InStock,,,https://www.ae.com/us/en/c/men/jeans/cat6430041,200,
2026-10-03,american_eagle,American Eagle Outfitters,mass,https://www.ae.com/us/en/p/men/jeans/slim-fit-jeans/ae-slim-straight-jean/0116_6020_272,https://www.ae.com/us/en/p/men/jeans/slim-fit-jeans/ae-slim-straight-jean/0116_6020_272,0116_6020_272,AE Slim Straight Jean,AE,24.97,,USD,InStock,,,https://www.ae.com/us/en/c/men/jeans/cat6430041,200,
2026-10-03,american_eagle,American Eagle Outfitters,mass,https://www.ae.com/us/en/p/men/jeans/baggy-loose-jeans/ae-loose-jean/1114_7583_826,https://www.ae.com/us/en/p/men/jeans/baggy-loose-jeans/ae-loose-jean/1114_7583_826,1114_7583_826,AE Loose Jean,AE,48.96,,USD,InStock,,,https://www.ae.com/us/en/c/men/jeans/cat6430041,200,
2026-10-03,american_eagle,American Eagle Outfitters,mass,https://www.ae.com/us/en/p/men/jeans/straight-leg-jeans/ae-original-straight-jean/0111_7246_738,https://www.ae.com/us/en/p/men/jeans/straight-leg-jeans/ae-original-straight-jean/0111_7246_738,0111_7246_738,AE Original Straight Jean,AE,34.96,,USD,InStock,,,https://www.ae.com/us/en/c/men/jeans/cat6430041,200,
2026-10-03,american_eagle,American Eagle Outfitters,mass,https://www.ae.com/us/en/p/men/jeans/baggy-loose-jeans/ae-loose-jean/1114_7468_975,https://www.ae.com/us/en/p/men/jeans/baggy-loose-jeans/ae-loose-jean/1114_7468_975,1114_7468_975,AE Loose Jean,AE,34.97,,USD,InStock,,,https://www.ae.com/us/en/c/men/jeans/cat6430041,200,
2026-10-03,american_eagle,American Eagle Outfitters,mass,https://www.ae.com/us/en/p/men/jeans/bootcut-jeans/ae-original-bootcut-jean/0115_7450_167,https://www.ae.com/us/en/p/men/jeans/bootcut-jeans/ae-original-bootcut-jean/0115_7450_167,0115_7450_167,AE Original Bootcut Jean,AE,41.96,,USD,InStock,,,https://www.ae.com/us/en/c/men/jeans/cat6430041,200,
2026-10-03,american_eagle,American Eagle Outfitters,mass,https://www.ae.com/us/en/p/men/jeans/straight-leg-jeans/ae-original-straight-jean/0178_5492_040,https://www.ae.com/us/en/p/men/jeans/straight-leg-jeans/ae-original-straight-jean/0178_5492_040,0178_5492_040,AE Original Straight Jean,AE,41.96,,USD,InStock,,,https://www.ae.com/us/en/c/men/jeans/cat6430041,200,
2026-10-03,american_eagle,American Eagle Outfitters,mass,https://www.ae.com/us/en/p/men/jeans/baggy-loose-jeans/ae-x-lamine-yamal-ultra-baggy-jean/0122_7726_915,https://www.ae.com/us/en/p/men/jeans/baggy-loose-jeans/ae-x-lamine-yamal-ultra-baggy-jean/0122_7726_915,0122_7726_915,AE x Lamine Yamal Ultra Baggy Jean,AE,55.96,,USD,InStock,,,https://www.ae.com/us/en/c/men/jeans/cat6430041,200,
2026-10-03,american_eagle,American Eagle Outfitters,mass,https://www.ae.com/us/en/p/men/pants/utility-pants/ae-flex-baggy-double-knee-carpenter-pant/1523_5536_294,https://www.ae.com/us/en/p/men/pants/utility-pants/ae-flex-baggy-double-knee-carpenter-pant/1523_5536_294,1523_5536_294,AE Flex Baggy Double-Knee Carpenter Pant,AE,48.96,,USD,InStock,,,https://www.ae.com/us/en/c/men/jeans/cat6430041,200,
2026-10-03,american_eagle,American Eagle Outfitters,mass,https://www.ae.com/us/en/p/men/pants/utility-pants/ae-flex-loose-fit-lived-in-utility-pant/1523_5480_410,https://www.ae.com/us/en/p/men/pants/utility-pants/ae-flex-loose-fit-lived-in-utility-pant/1523_5480_410,1523_5480_410,AE Flex Loose Fit Lived-In Utility Pant,AE,55.96,,USD,InStock,,,https://www.ae.com/us/en/c/men/jeans/cat6430041,200,
2026-10-03,american_eagle,American Eagle Outfitters,mass,https://www.ae.com/us/en/p/men/jeans/baggy-loose-jeans/ae-x-lamine-yamal-ultra-baggy-jean/0122_7728_200,https://www.ae.com/us/en/p/men/jeans/baggy-loose-jeans/ae-x-lamine-yamal-ultra-baggy-jean/0122_7728_200,0122_7728_200,AE x Lamine Yamal Ultra Baggy Jean,AE,55.96,,USD,InStock,,,https://www.ae.com/us/en/c/men/jeans/cat6430041,200,
2026-10-03,american_eagle,American Eagle Outfitters,mass,https://www.ae.com/us/en/p/men/jeans/athletic-fit-jeans/ae-athletic-straight-jean/1115_7630_540,https://www.ae.com/us/en/p/men/jeans/athletic-fit-jeans/ae-athletic-straight-jean/1115_7630_540,1115_7630_540,AE Athletic Straight Jean,AE,29.97,,USD,InStock,,,https://www.ae.com/us/en/c/men/jeans/cat6430041,200,
2026-10-03,american_eagle,American Eagle Outfitters,mass,https://www.ae.com/us/en/p/men/jeans/bootcut-jeans/ae-original-bootcut-jean/0115_7656_970,https://www.ae.com/us/en/p/men/jeans/bootcut-jeans/ae-original-bootcut-jean/0115_7656_970,0115_7656_970,AE Original Bootcut Jean,AE,34.96,,USD,InStock,,,https://www.ae.com/us/en/c/men/jeans/cat6430041,200,
2026-10-03,american_eagle,American Eagle Outfitters,mass,https://www.ae.com/us/en/p/men/jeans/slim-fit-jeans/ae-slim-straight-jean/0116_7255_426,https://www.ae.com/us/en/p/men/jeans/slim-fit-jeans/ae-slim-straight-jean/0116_7255_426,0116_7255_426,AE Slim Straight Jean,AE,24.97,,USD,InStock,,,https://www.ae.com/us/en/c/men/jeans/cat6430041,200,
2026-10-03,american_eagle,American Eagle Outfitters,mass,https://www.ae.com/us/en/p/men/jeans/bootcut-jeans/ae-original-bootcut-jean/0115_7249_915,https://www.ae.com/us/en/p/men/jeans/bootcut-jeans/ae-original-bootcut-jean/0115_7249_915,0115_7249_915,AE Original Bootcut Jean,AE,34.96,,USD,InStock,,,https://www.ae.com/us/en/c/men/jeans/cat6430041,200,
2026-10-03,american_eagle,American Eagle Outfitters,mass,https://www.ae.com/us/en/p/men/jeans/straight-leg-jeans/ae-original-straight-jean/0111_7240_909,https://www.ae.com/us/en/p/men/jeans/straight-leg-jeans/ae-original-straight-jean/0111_7240_909,0111_7240_909,AE Original Straight Jean,AE,29.97,,USD,InStock,,,https://www.ae.com/us/en/c/men/jeans/cat6430041,200,
2026-10-03,american_eagle,American Eagle Outfitters,mass,https://www.ae.com/us/en/p/men/jeans/athletic-fit-jeans/ae-athletic-straight-jean/1115_7349_965,https://www.ae.com/us/en/p/men/jeans/athletic-fit-jeans/ae-athletic-straight-jean/1115_7349_965,1115_7349_965,AE Athletic Straight Jean,AE,34.96,,USD,InStock,,,https://www.ae.com/us/en/c/men/jeans/cat6430041,200,
2026-10-03,american_eagle,American Eagle Outfitters,mass,https://www.ae.com/us/en/p/men/jeans/straight-leg-jeans/ae-original-straight-jean/0111_7642_913,https://www.ae.com/us/en/p/men/jeans/straight-leg-jeans/ae-original-straight-jean/0111_7642_913,0111_7642_913,AE Original Straight Jean,AE,41.96,,USD,InStock,,,https://www.ae.com/us/en/c/men/jeans/cat6430041,200,
2026-10-03,american_eagle,American Eagle Outfitters,mass,https://www.ae.com/us/en/p/men/jeans/straight-leg-jeans/ae-original-straight-jean/0111_7058_001,https://www.ae.com/us/en/p/men/jeans/straight-leg-jeans/ae-original-straight-jean/0111_7058_001,0111_7058_001,AE Original Straight Jean,AE,34.96,,USD,InStock,,,https://www.ae.com/us/en/c/men/jeans/cat6430041,200,
2026-10-03,american_eagle,American Eagle Outfitters,mass,https://www.ae.com/us/en/p/men/jeans/baggy-loose-jeans/ae-loose-jean/0178_5485_200,https://www.ae.com/us/en/p/men/jeans/baggy-loose-jeans/ae-loose-jean/0178_5485_200,0178_5485_200,AE Loose Jean,AE,41.96,,USD,InStock,,,https://www.ae.com/us/en/c/men/jeans/cat6430041,200,
2026-10-03,american_eagle,American Eagle Outfitters,mass,https://www.ae.com/us/en/p/men/jeans/straight-leg-jeans/ae-relaxed-straight-jean/0112_7659_540,https://www.ae.com/us/en/p/men/jeans/straight-leg-jeans/ae-relaxed-straight-jean/0112_7659_540,0112_7659_540,AE Relaxed Straight Jean,AE,34.97,,USD,InStock,,,https://www.ae.com/us/en/c/men/jeans/cat6430041,200,
2026-10-03,american_eagle,American Eagle Outfitters,mass,https://www.ae.com/us/en/p/men/jeans/straight-leg-jeans/ae-original-straight-jean/0111_7594_001,https://www.ae.com/us/en/p/men/jeans/straight-leg-jeans/ae-original-straight-jean/0111_7594_001,0111_7594_001,AE Original Straight Jean,AE,41.96,,USD,InStock,,,https://www.ae.com/us/en/c/men/jeans/cat6430041,200,
2026-10-03,american_eagle,American Eagle Outfitters,mass,https://www.ae.com/us/en/p/men/pants/utility-pants/ae-flex-baggy-double-knee-carpenter-pant/1523_5481_212,https://www.ae.com/us/en/p/men/pants/utility-pants/ae-flex-baggy-double-knee-carpenter-pant/1523_5481_212,1523_5481_212,AE Flex Baggy Double-Knee Carpenter Pant,AE,48.96,,USD,InStock,,,https://www.ae.com/us/en/c/men/jeans/cat6430041,200,
2026-10-03,american_eagle,American Eagle Outfitters,mass,https://www.ae.com/us/en/p/men/pants/utility-pants/ae-flex-loose-fit-lived-in-utility-pant/1523_5547_094,https://www.ae.com/us/en/p/men/pants/utility-pants/ae-flex-loose-fit-lived-in-utility-pant/1523_5547_094,1523_5547_094,AE Flex Loose Fit Lived-In Utility Pant,AE,48.96,,USD,InStock,,,https://www.ae.com/us/en/c/men/jeans/cat6430041,200,
2026-10-03,american_eagle,American Eagle Outfitters,mass,https://www.ae.com/us/en/p/men/jeans/bootcut-jeans/ae-original-bootcut-jean/0115_7592_947,https://www.ae.com/us/en/p/men/jeans/bootcut-jeans/ae-original-bootcut-jean/0115_7592_947,0115_7592_947,AE Original Bootcut Jean,AE,34.96,,USD,InStock,,,https://www.ae.com/us/en/c/men/jeans/cat6430041,200,
2026-10-03,american_eagle,American Eagle Outfitters,mass,https://www.ae.com/us/en/p/men/jeans/straight-leg-jeans/ae-relaxed-straight-jean/0112_6950_947,https://www.ae.com/us/en/p/men/jeans/straight-leg-jeans/ae-relaxed-straight-jean/0112_6950_947,0112_6950_947,AE Relaxed Straight Jean,AE,24.97,,USD,InStock,,,https://www.ae.com/us/en/c/men/jeans/cat6430041,200,
2026-10-03,old_navy,Gap Inc,fast_fashion,https://oldnavy.gap.com/browse/product.do?pid=904894002&vid=1&pcid=55474&cid=55474,https://oldnavy.gap.com/browse/product.do?pid=904894002&vid=1&pcid=55474&cid=55474#pdp-page-content,904894002,Plaid Jacket,Old Navy,64.99,,USD,InStock,Imported,according to the care instruction label imported Shipping & returns  This is a carousel ,https://oldnavy.gap.com/browse/category.do?cid=55474,200,
2026-10-03,old_navy,Gap Inc,fast_fashion,https://oldnavy.gap.com/browse/product.do?pid=904893032&vid=1&pcid=55474&cid=55474,https://oldnavy.gap.com/browse/product.do?pid=904893032&vid=1&pcid=55474&cid=55474#pdp-page-content,904893032,Oversized Longline Overcoat,Old Navy,89.99,,USD,InStock,Imported,according to the care instruction label imported Shipping & returns  This is a carousel ,https://oldnavy.gap.com/browse/category.do?cid=55474,200,
2026-10-03,old_navy,Gap Inc,fast_fashion,https://oldnavy.gap.com/browse/product.do?pid=1181338002&vid=1&pcid=55474&cid=55474,https://oldnavy.gap.com/browse/product.do?pid=1181338002&vid=1&pcid=55474&cid=55474#pdp-page-content,1181338002,Calvary Denim Jacket,Old Navy,49.99,,USD,InStock,Imported,according to the care instruction label imported Shipping & returns  This is a carousel ,https://oldnavy.gap.com/browse/category.do?cid=55474,200,
2026-10-03,old_navy,Gap Inc,fast_fashion,https://oldnavy.gap.com/browse/product.do?pid=1181340002&vid=1&pcid=55474&cid=55474,https://oldnavy.gap.com/browse/product.do?pid=1181340002&vid=1&pcid=55474&cid=55474#pdp-page-content,1181340002,Oversized Full-Length Overcoat,Old Navy,89.99,,USD,InStock,Imported,according to the care instruction label imported Shipping & returns  This is a carousel ,https://oldnavy.gap.com/browse/category.do?cid=55474,200,
2026-10-03,old_navy,Gap Inc,fast_fashion,https://oldnavy.gap.com/browse/product.do?pid=905918002&vid=1&pcid=55474&cid=55474,https://oldnavy.gap.com/browse/product.do?pid=905918002&vid=1&pcid=55474&cid=55474#pdp-page-content,905918002,Loose Sherpa Mixed-Media Pullover,Old Navy,59.99,,USD,InStock,Imported,according to the care instruction label imported Shipping & returns  This is a carousel ,https://oldnavy.gap.com/browse/category.do?cid=55474,200,
2026-10-03,old_navy,Gap Inc,fast_fashion,https://oldnavy.gap.com/browse/product.do?pid=1188713002&vid=1&pcid=55474&cid=55474,https://oldnavy.gap.com/browse/product.do?pid=1188713002&vid=1&pcid=55474&cid=55474#pdp-page-content,1188713002,Twill Cape Jacket,Old Navy,64.99,,USD,InStock,Imported,according to the care instruction label imported Shipping & returns  This is a carousel ,https://oldnavy.gap.com/browse/category.do?cid=55474,200,
2026-10-03,old_navy,Gap Inc,fast_fashion,https://oldnavy.gap.com/browse/product.do?pid=1188714002&vid=1&pcid=55474&cid=55474,https://oldnavy.gap.com/browse/product.do?pid=1188714002&vid=1&pcid=55474&cid=55474#pdp-page-content,1188714002,Longline Twill Double-Breasted Blazer,Old Navy,64.99,,USD,InStock,Imported,according to the care instruction label imported Shipping & returns  This is a carousel ,https://oldnavy.gap.com/browse/category.do?cid=55474,200,
2026-10-03,old_navy,Gap Inc,fast_fashion,https://oldnavy.gap.com/browse/product.do?pid=900512022&vid=1&pcid=55474&cid=55474,https://oldnavy.gap.com/browse/product.do?pid=900512022&vid=1&pcid=55474&cid=55474#pdp-page-content,900512022,Cropped Barn Jacket,Old Navy,35.00,,USD,InStock,Imported,according to the care instruction label imported Shipping & returns  This is a carousel ,https://oldnavy.gap.com/browse/category.do?cid=55474,200,
2026-10-03,old_navy,Gap Inc,fast_fashion,https://oldnavy.gap.com/browse/product.do?pid=465150002&vid=1&pcid=55474&cid=55474,https://oldnavy.gap.com/browse/product.do?pid=465150002&vid=1&pcid=55474&cid=55474#pdp-page-content,465150002,Classic Jean Jacket,Old Navy,35.00,,USD,InStock,Imported,according to the care instruction label imported Shipping & returns  This is a carousel ,https://oldnavy.gap.com/browse/category.do?cid=55474,200,
2026-10-03,old_navy,Gap Inc,fast_fashion,https://oldnavy.gap.com/browse/product.do?pid=902836002&vid=1&pcid=55474&cid=55474,https://oldnavy.gap.com/browse/product.do?pid=902836002&vid=1&pcid=55474&cid=55474#pdp-page-content,902836002,Funnel-Neck Denim Jacket,Old Navy,40.00,,USD,InStock,Imported,according to the care instruction label imported Shipping & returns  This is a carousel ,https://oldnavy.gap.com/browse/category.do?cid=55474,200,
2026-10-03,old_navy,Gap Inc,fast_fashion,https://oldnavy.gap.com/browse/product.do?pid=905910002&vid=1&pcid=55474&cid=55474,https://oldnavy.gap.com/browse/product.do?pid=905910002&vid=1&pcid=55474&cid=55474#pdp-page-content,905910002,Oversized Twill Double-Breasted Blazer,Old Navy,40.00,,USD,InStock,Imported, 30% viscose rayon 2% spandex dry clean imported Shipping & returns  This is a carousel ,https://oldnavy.gap.com/browse/category.do?cid=55474,200,
2026-10-03,old_navy,Gap Inc,fast_fashion,https://oldnavy.gap.com/browse/product.do?pid=904895012&vid=1&pcid=55474&cid=55474,https://oldnavy.gap.com/browse/product.do?pid=904895012&vid=1&pcid=55474&cid=55474#pdp-page-content,904895012,Belted Utility Jacket,Old Navy,35.00,,USD,InStock,Imported,according to the care instruction label imported Shipping & returns  This is a carousel ,https://oldnavy.gap.com/browse/category.do?cid=55474,200,
2026-10-03,old_navy,Gap Inc,fast_fashion,https://oldnavy.gap.com/browse/product.do?pid=905914002&vid=1&pcid=55474&cid=55474,https://oldnavy.gap.com/browse/product.do?pid=905914002&vid=1&pcid=55474&cid=55474#pdp-page-content,905914002,Full-Length Trench Coat,Old Navy,84.99,,USD,InStock,Imported,according to the care instruction label imported Shipping & returns  This is a carousel ,https://oldnavy.gap.com/browse/category.do?cid=55474,200,
2026-10-03,old_navy,Gap Inc,fast_fashion,https://oldnavy.gap.com/browse/product.do?pid=1188715002&vid=1&pcid=55474&cid=55474,https://oldnavy.gap.com/browse/product.do?pid=1188715002&vid=1&pcid=55474&cid=55474#pdp-page-content,1188715002,Denim Cape Jacket,Old Navy,64.99,,USD,InStock,Imported,according to the care instruction label imported Shipping & returns  This is a carousel ,https://oldnavy.gap.com/browse/category.do?cid=55474,200,
2026-10-03,old_navy,Gap Inc,fast_fashion,https://oldnavy.gap.com/browse/product.do?pid=766312032&vid=1&pcid=55474&cid=55474,https://oldnavy.gap.com/browse/product.do?pid=766312032&vid=1&pcid=55474&cid=55474#pdp-page-content,766312032,Classic Double-Weave Blazer,Old Navy,49.99,,USD,InStock,Imported,spandex 100% polyester lining dry clean imported Shipping & returns  This is a carousel ,https://oldnavy.gap.com/browse/category.do?cid=55474,200,
2026-10-03,old_navy,Gap Inc,fast_fashion,https://oldnavy.gap.com/browse/product.do?pid=907272002&vid=1&pcid=55474&cid=55474,https://oldnavy.gap.com/browse/product.do?pid=907272002&vid=1&pcid=55474&cid=55474#pdp-page-content,907272002,Loose Sherpa Full-Zip Jacket,Old Navy,54.99,,USD,InStock,Imported,according to the care instruction label imported Shipping & returns  This is a carousel ,https://oldnavy.gap.com/browse/category.do?cid=55474,200,
2026-10-03,old_navy,Gap Inc,fast_fashion,https://oldnavy.gap.com/browse/product.do?pid=1184432002&vid=1&pcid=55474&cid=55474,https://oldnavy.gap.com/browse/product.do?pid=1184432002&vid=1&pcid=55474&cid=55474#pdp-page-content,1184432002,Old Navy x Altuzarra Sherpa Jacket,Old Navy,79.99,,USD,InStock,Imported,according to the care instruction label imported Shipping & returns  This is a carousel ,https://oldnavy.gap.com/browse/category.do?cid=55474,200,
2026-10-03,old_navy,Gap Inc,fast_fashion,https://oldnavy.gap.com/browse/product.do?pid=1195868002&vid=1&pcid=55474&cid=55474,https://oldnavy.gap.com/browse/product.do?pid=1195868002&vid=1&pcid=55474&cid=55474#pdp-page-content,1195868002,Utility Jacket,Old Navy,59.99,,USD,InStock,Imported,according to the care instruction label imported Shipping & returns  This is a carousel ,https://oldnavy.gap.com/browse/category.do?cid=55474,200,
2026-10-03,old_navy,Gap Inc,fast_fashion,https://oldnavy.gap.com/browse/product.do?pid=903175012&vid=1&pcid=55474&cid=55474,https://oldnavy.gap.com/browse/product.do?pid=903175012&vid=1&pcid=55474&cid=55474#pdp-page-content,903175012,Funnel-Neck Core Puffer Jacket,Old Navy,59.99,,USD,InStock,Imported,according to the care instruction label imported Shipping & returns  This is a carousel ,https://oldnavy.gap.com/browse/category.do?cid=55474,200,
2026-10-03,old_navy,Gap Inc,fast_fashion,https://oldnavy.gap.com/browse/product.do?pid=907290012&vid=1&pcid=55474&cid=55474,https://oldnavy.gap.com/browse/product.do?pid=907290012&vid=1&pcid=55474&cid=55474#pdp-page-content,907290012,Full-Zip Faux-Suede Harrington Jacket,Old Navy,69.99,,USD,InStock,Imported,according to the care instruction label imported Shipping & returns  This is a carousel ,https://oldnavy.gap.com/browse/category.do?cid=55474,200,
2026-10-03,old_navy,Gap Inc,fast_fashion,https://oldnavy.gap.com/browse/product.do?pid=1184436002&vid=1&pcid=55474&cid=55474,https://oldnavy.gap.com/browse/product.do?pid=1184436002&vid=1&pcid=55474&cid=55474#pdp-page-content,1184436002,Old Navy x Altuzarra Overcoat,Old Navy,119.99,,USD,InStock,Imported,according to the care instruction label imported Shipping & returns  This is a carousel ,https://oldnavy.gap.com/browse/category.do?cid=55474,200,
2026-10-03,old_navy,Gap Inc,fast_fashion,https://oldnavy.gap.com/browse/product.do?pid=1182183002&vid=1&pcid=55474&cid=55474,https://oldnavy.gap.com/browse/product.do?pid=1182183002&vid=1&pcid=55474&cid=55474#pdp-page-content,1182183002,Oversized Full-Length Overcoat,Old Navy,89.99,,USD,InStock,Imported,according to the care instruction label imported Shipping & returns  This is a carousel ,https://oldnavy.gap.com/browse/category.do?cid=55474,200,
2026-10-03,old_navy,Gap Inc,fast_fashion,https://oldnavy.gap.com/browse/product.do?pid=1184428002&vid=1&pcid=55474&cid=55474,https://oldnavy.gap.com/browse/product.do?pid=1184428002&vid=1&pcid=55474&cid=55474#pdp-page-content,1184428002,Old Navy x Altuzarra Oversized 2-In-1 Hooded Parka,Old Navy,144.99,,USD,InStock,Imported,according to the care instruction label imported Shipping & returns  This is a carousel ,https://oldnavy.gap.com/browse/category.do?cid=55474,200,
2026-10-03,old_navy,Gap Inc,fast_fashion,https://oldnavy.gap.com/browse/product.do?pid=903740002&vid=1&pcid=55474&cid=55474,https://oldnavy.gap.com/browse/product.do?pid=903740002&vid=1&pcid=55474&cid=55474#pdp-page-content,903740002,Loose Sherpa Half-Zip Pullover,Old Navy,49.99,,USD,InStock,Imported,according to the care instruction label imported Shipping & returns  This is a carousel ,https://oldnavy.gap.com/browse/category.do?cid=55474,200,
2026-10-03,old_navy,Gap Inc,fast_fashion,https://oldnavy.gap.com/browse/product.do?pid=1184413002&vid=1&pcid=55474&cid=55474,https://oldnavy.gap.com/browse/product.do?pid=1184413002&vid=1&pcid=55474&cid=55474#pdp-page-content,1184413002,Old Navy x Altuzarra Fitted Blazer,Old Navy,79.99,,USD,InStock,Imported,according to the care instruction label imported Shipping & returns  This is a carousel ,https://oldnavy.gap.com/browse/category.do?cid=55474,200,
2026-10-03,old_navy,Gap Inc,fast_fashion,https://oldnavy.gap.com/browse/product.do?pid=903680002&vid=1&pcid=55474&cid=55474,https://oldnavy.gap.com/browse/product.do?pid=903680002&vid=1&pcid=55474&cid=55474#pdp-page-content,903680002,Longline Sherpa Jacket,Old Navy,64.99,,USD,InStock,Imported,"d wear sizes s (4), l (12), and xl (18) imported Shipping & returns  This is a carousel ",https://oldnavy.gap.com/browse/category.do?cid=55474,200,
2026-10-03,old_navy,Gap Inc,fast_fashion,https://oldnavy.gap.com/browse/product.do?pid=903178002&vid=1&pcid=55474&cid=55474,https://oldnavy.gap.com/browse/product.do?pid=903178002&vid=1&pcid=55474&cid=55474#pdp-page-content,903178002,Oversized Rounded-Sleeve Anorak,Old Navy,64.99,,USD,InStock,Imported,according to the care instruction label imported Shipping & returns  This is a carousel ,https://oldnavy.gap.com/browse/category.do?cid=55474,200,
2026-10-03,old_navy,Gap Inc,fast_fashion,https://oldnavy.gap.com/browse/product.do?pid=1181342002&vid=1&pcid=55474&cid=55474,https://oldnavy.gap.com/browse/product.do?pid=1181342002&vid=1&pcid=55474&cid=55474#pdp-page-content,1181342002,Faux-Fur Collar Utility Bomber Jacket,Old Navy,59.99,,USD,InStock,Imported,according to the care instruction label imported Shipping & returns  This is a carousel ,https://oldnavy.gap.com/browse/category.do?cid=55474,200,
2026-10-03,old_navy,Gap Inc,fast_fashion,https://oldnavy.gap.com/browse/product.do?pid=904916002&vid=1&pcid=55474&cid=55474,https://oldnavy.gap.com/browse/product.do?pid=904916002&vid=1&pcid=55474&cid=55474#pdp-page-content,904916002,Cropped Denim Barn Jacket,Old Navy,35.00,,USD,InStock,Imported,according to the care instruction label imported Shipping & returns  This is a carousel ,https://oldnavy.gap.com/browse/category.do?cid=55474,200,
2026-10-03,old_navy,Gap Inc,fast_fashion,https://oldnavy.gap.com/browse/product.do?pid=916674002&vid=1&pcid=55474&cid=55474,https://oldnavy.gap.com/browse/product.do?pid=916674002&vid=1&pcid=55474&cid=55474#pdp-page-content,916674002,Hooded Sherpa Vest,Old Navy,39.99,,USD,InStock,Imported,according to the care instruction label imported Shipping & returns  This is a carousel ,https://oldnavy.gap.com/browse/category.do?cid=55474,200,
2026-10-03,old_navy,Gap Inc,fast_fashion,https://oldnavy.gap.com/browse/product.do?pid=900512012&vid=1&pcid=55474&cid=55474,https://oldnavy.gap.com/browse/product.do?pid=900512012&vid=1&pcid=55474&cid=55474#pdp-page-content,900512012,Cropped Barn Jacket,Old Navy,35.00,,USD,InStock,Imported,according to the care instruction label imported Shipping & returns  This is a carousel ,https://oldnavy.gap.com/browse/category.do?cid=55474,200,
2026-10-03,old_navy,Gap Inc,fast_fashion,https://oldnavy.gap.com/browse/product.do?pid=903173022&vid=1&pcid=55474&cid=55474,https://oldnavy.gap.com/browse/product.do?pid=903173022&vid=1&pcid=55474&cid=55474#pdp-page-content,903173022,Water-Resistant Puffer Vest,Old Navy,49.99,,USD,InStock,Imported,according to the care instruction label imported Shipping & returns  This is a carousel ,https://oldnavy.gap.com/browse/category.do?cid=55474,200,
2026-10-03,old_navy,Gap Inc,fast_fashion,https://oldnavy.gap.com/browse/product.do?pid=467752002&vid=1&pcid=55474&cid=55474,https://oldnavy.gap.com/browse/product.do?pid=467752002&vid=1&pcid=55474&cid=55474#pdp-page-content,467752002,Classic Jean Jacket,Old Navy,35.00,,USD,InStock,Imported,according to the care instruction label imported Shipping & returns  This is a carousel ,https://oldnavy.gap.com/browse/category.do?cid=55474,200,
2026-10-03,old_navy,Gap Inc,fast_fashion,https://oldnavy.gap.com/browse/product.do?pid=903183052&vid=1&pcid=55474&cid=55474,https://oldnavy.gap.com/browse/product.do?pid=903183052&vid=1&pcid=55474&cid=55474#pdp-page-content,903183052,Performance Fleece Funnel Neck Pullover,Old Navy,29.99,,USD,InStock,Imported,according to the care instruction label imported Shipping & returns  This is a carousel ,https://oldnavy.gap.com/browse/category.do?cid=55474,200,
2026-10-03,old_navy,Gap Inc,fast_fashion,https://oldnavy.gap.com/browse/product.do?pid=1184419002&vid=1&pcid=55474&cid=55474,https://oldnavy.gap.com/browse/product.do?pid=1184419002&vid=1&pcid=55474&cid=55474#pdp-page-content,1184419002,Old Navy x Altuzarra Embellished Bomber Barn Jacket,Old Navy,89.99,,USD,InStock,Imported,according to the care instruction label imported Shipping & returns  This is a carousel ,https://oldnavy.gap.com/browse/category.do?cid=55474,200,
2026-10-03,old_navy,Gap Inc,fast_fashion,https://oldnavy.gap.com/browse/product.do?pid=903176012&vid=1&pcid=55474&cid=55474,https://oldnavy.gap.com/browse/product.do?pid=903176012&vid=1&pcid=55474&cid=55474#pdp-page-content,903176012,Water-Resistant Oversized Bubble-Hem Zip Bomber Jacket,Old Navy,64.99,,USD,InStock,Imported,according to the care instruction label imported Shipping & returns  This is a carousel ,https://oldnavy.gap.com/browse/category.do?cid=55474,200,
2026-10-03,old_navy,Gap Inc,fast_fashion,https://oldnavy.gap.com/browse/product.do?pid=1188714012&vid=1&pcid=55474&cid=55474,https://oldnavy.gap.com/browse/product.do?pid=1188714012&vid=1&pcid=55474&cid=55474#pdp-page-content,1188714012,Longline Twill Double-Breasted Blazer,Old Navy,64.99,,USD,InStock,Imported,according to the care instruction label imported Shipping & returns  This is a carousel ,https://oldnavy.gap.com/browse/category.do?cid=55474,200,
2026-10-03,old_navy,Gap Inc,fast_fashion,https://oldnavy.gap.com/browse/product.do?pid=907272012&vid=1&pcid=55474&cid=55474,https://oldnavy.gap.com/browse/product.do?pid=907272012&vid=1&pcid=55474&cid=55474#pdp-page-content,907272012,Loose Sherpa Full-Zip Jacket,Old Navy,54.99,,USD,InStock,Imported,according to the care instruction label imported Shipping & returns  This is a carousel ,https://oldnavy.gap.com/browse/category.do?cid=55474,200,
2026-10-03,old_navy,Gap Inc,fast_fashion,https://oldnavy.gap.com/browse/product.do?pid=766312012&vid=1&pcid=55474&cid=55474,https://oldnavy.gap.com/browse/product.do?pid=766312012&vid=1&pcid=55474&cid=55474#pdp-page-content,766312012,Classic Double-Weave Blazer,Old Navy,49.99,,USD,InStock,Imported,spandex 100% polyester lining dry clean imported Shipping & returns  This is a carousel ,https://oldnavy.gap.com/browse/category.do?cid=55474,200,
2026-10-03,old_navy,Gap Inc,fast_fashion,https://oldnavy.gap.com/browse/product.do?pid=903184002&vid=1&pcid=55474&cid=55474,https://oldnavy.gap.com/browse/product.do?pid=903184002&vid=1&pcid=55474&cid=55474#pdp-page-content,903184002,Fitted Performance Fleece Full-Zip Jacket,Old Navy,29.99,,USD,InStock,Imported,ash according to care instruction label imported Shipping & returns  This is a carousel ,https://oldnavy.gap.com/browse/category.do?cid=55474,200,
2026-10-03,old_navy,Gap Inc,fast_fashion,https://oldnavy.gap.com/browse/product.do?pid=903724002&vid=1&pcid=55474&cid=55474,https://oldnavy.gap.com/browse/product.do?pid=903724002&vid=1&pcid=55474&cid=55474#pdp-page-content,903724002,Core Puffer Jacket,Old Navy,59.99,,USD,InStock,Imported,according to the care instruction label imported Shipping & returns  This is a carousel ,https://oldnavy.gap.com/browse/category.do?cid=55474,200,
2026-10-03,old_navy,Gap Inc,fast_fashion,https://oldnavy.gap.com/browse/product.do?pid=903769002&vid=1&pcid=55474&cid=55474,https://oldnavy.gap.com/browse/product.do?pid=903769002&vid=1&pcid=55474&cid=55474#pdp-page-content,903769002,TrekTech Oversized Jacket,Old Navy,32.99,,USD,InStock,Imported,according to the care instruction label imported Shipping & returns  This is a carousel ,https://oldnavy.gap.com/browse/category.do?cid=55474,200,
2026-10-03,old_navy,Gap Inc,fast_fashion,"https://oldnavy.gap.com/browse/product.do?pid=766960032&rrec=true&mlink=5001,1,Error_Page_onoos1_rr_0&clink=1&recommendation_response_id=3032d4f3be714e73a23d504ed74758af",https://oldnavy.gap.com/browse/product.do?pid=766960032&rrec=true&mlink=5001%2C1%2CError_Page_onoos1_rr_0&clink=1&recommendation_response_id=3032d4f3be714e73a23d504ed74758af&vid=1#pdp-page-content,766960032,School Uniform Jersey-Knit Polo Shirt for Girls,Old Navy,8.00,,USD,InStock,Imported,according to the care instruction label imported Shipping & returns  This is a carousel ,https://oldnavy.gap.com/browse/category.do?cid=1091018,200,
2026-10-03,old_navy,Gap Inc,fast_fashion,"https://oldnavy.gap.com/browse/product.do?pid=619919002&rrec=true&mlink=5001,1,Error_Page_onoos1_rr_1&clink=1&recommendation_response_id=3032d4f3be714e73a23d504ed74758af",https://oldnavy.gap.com/browse/product.do?pid=619919002&rrec=true&mlink=5001%2C1%2CError_Page_onoos1_rr_1&clink=1&recommendation_response_id=3032d4f3be714e73a23d504ed74758af&vid=1#pdp-page-content,619919002,First-Layer Scoop-Neck Tank Top,Old Navy,7.00,,USD,InStock,Imported,according to the care instruction label imported Shipping & returns  This is a carousel ,https://oldnavy.gap.com/browse/category.do?cid=1091018,200,
2026-10-03,old_navy,Gap Inc,fast_fashion,"https://oldnavy.gap.com/browse/product.do?pid=734873002&rrec=true&mlink=5001,1,Error_Page_onoos1_rr_2&clink=1&recommendation_response_id=3032d4f3be714e73a23d504ed74758af",https://oldnavy.gap.com/browse/product.do?pid=734873002&rrec=true&mlink=5001%2C1%2CError_Page_onoos1_rr_2&clink=1&recommendation_response_id=3032d4f3be714e73a23d504ed74758af&vid=1#pdp-page-content,734873002,Mid-Rise Wow Boot-Cut Jeans,Old Navy,25.00,,USD,InStock,Imported,according to the care instruction label imported Shipping & returns  This is a carousel ,https://oldnavy.gap.com/browse/category.do?cid=1091018,200,
2026-10-03,old_navy,Gap Inc,fast_fashion,"https://oldnavy.gap.com/browse/product.do?pid=788103002&rrec=true&mlink=5001,1,Error_Page_onoos1_rr_3&clink=1&recommendation_response_id=3032d4f3be714e73a23d504ed74758af",https://oldnavy.gap.com/browse/product.do?pid=788103002&rrec=true&mlink=5001%2C1%2CError_Page_onoos1_rr_3&clink=1&recommendation_response_id=3032d4f3be714e73a23d504ed74758af&vid=1#pdp-page-content,788103002,Mid-Rise Wow Baggy Wide-Leg Jeans,Old Navy,25.00,,USD,InStock,Imported,according to the care instruction label imported Shipping & returns  This is a carousel ,https://oldnavy.gap.com/browse/category.do?cid=1091018,200,
2026-10-03,old_navy,Gap Inc,fast_fashion,"https://oldnavy.gap.com/browse/product.do?pid=855428002&rrec=true&mlink=5001,1,Error_Page_onoos1_rr_4&clink=1&recommendation_response_id=3032d4f3be714e73a23d504ed74758af",https://oldnavy.gap.com/browse/product.do?pid=855428002&rrec=true&mlink=5001%2C1%2CError_Page_onoos1_rr_4&clink=1&recommendation_response_id=3032d4f3be714e73a23d504ed74758af&vid=1#pdp-page-content,855428002,Crew-Neck T-Shirt,Old Navy,10.00,,USD,InStock,Imported,according to the care instruction label imported Shipping & returns  This is a carousel ,https://oldnavy.gap.com/browse/category.do?cid=1091018,200,
2026-10-03,old_navy,Gap Inc,fast_fashion,"https://oldnavy.gap.com/browse/product.do?pid=619919012&rrec=true&mlink=5001,1,Error_Page_onoos1_rr_5&clink=1&recommendation_response_id=3032d4f3be714e73a23d504ed74758af",https://oldnavy.gap.com/browse/product.do?pid=619919012&rrec=true&mlink=5001%2C1%2CError_Page_onoos1_rr_5&clink=1&recommendation_response_id=3032d4f3be714e73a23d504ed74758af&vid=1#pdp-page-content,619919012,First-Layer Scoop-Neck Tank Top,Old Navy,7.00,,USD,OutOfStock,Imported,according to the care instruction label imported Shipping & returns  This is a carousel ,https://oldnavy.gap.com/browse/category.do?cid=1091018,200,
2026-10-03,old_navy,Gap Inc,fast_fashion,"https://oldnavy.gap.com/browse/product.do?pid=811395062&rrec=true&mlink=5001,1,Error_Page_onoos1_rr_6&clink=1&recommendation_response_id=3032d4f3be714e73a23d504ed74758af",https://oldnavy.gap.com/browse/product.do?pid=811395062&rrec=true&mlink=5001%2C1%2CError_Page_onoos1_rr_6&clink=1&recommendation_response_id=3032d4f3be714e73a23d504ed74758af&vid=1#pdp-page-content,811395062,Snug Crop Ribbed T-Shirt,Old Navy,12.00,,USD,InStock,Imported,according to the care instruction label imported Shipping & returns  This is a carousel ,https://oldnavy.gap.com/browse/category.do?cid=1091018,200,
2026-10-03,old_navy,Gap Inc,fast_fashion,"https://oldnavy.gap.com/browse/product.do?pid=487332002&rrec=true&mlink=5001,1,Error_Page_onoos1_rr_7&clink=1&recommendation_response_id=3032d4f3be714e73a23d504ed74758af",https://oldnavy.gap.com/browse/product.do?pid=487332002&rrec=true&mlink=5001%2C1%2CError_Page_onoos1_rr_7&clink=1&recommendation_response_id=3032d4f3be714e73a23d504ed74758af&vid=1#pdp-page-content,487332002,High-Waisted Wow Flare Jeans,Old Navy,25.00,,USD,InStock,Imported,according to the care instruction label imported Shipping & returns  This is a carousel ,https://oldnavy.gap.com/browse/category.do?cid=1091018,200,
2026-10-04,burberry,Burberry Group,luxury,https://us.burberry.com/reversible-tropical-gabardine-bloomsbury-harrington-jacket-p81270251,https://us.burberry.com/reversible-tropical-gabardine-bloomsbury-harrington-jacket-p81270251,81270251001,"Reversible Tropical Gabardine Bloomsbury Harrington Jacket in Honey beige - Men, Wool | Burberry® Official",Burberry,2595,,USD,InStock,Italy,roduct Details The Bloomsbury jacket is made in Italy from shower-resistant tropical gabardin,https://us.burberry.com/l/mens-clothing/,200,
2026-10-04,burberry,Burberry Group,luxury,https://us.burberry.com/long-sleeve-cotton-polo-shirt-p81353741,https://us.burberry.com/long-sleeve-cotton-polo-shirt-p81353741,81353741001,Long-sleeve Cotton Polo Shirt in Teal blue - Men | Burberry® Official,Burberry,510,,USD,InStock,,,https://us.burberry.com/l/mens-clothing/,200,
2026-10-04,burberry,Burberry Group,luxury,https://us.burberry.com/cropped-tropical-gabardine-leadenham-trench-coat-p81300001,https://us.burberry.com/cropped-tropical-gabardine-leadenham-trench-coat-p81300001,81300001001,"Cropped Tropical Gabardine Leadenham Trench Coat in Black - Men, Cotton | Burberry® Official",Burberry,2050,,USD,InStock,,,https://us.burberry.com/l/mens-clothing/,200,
2026-10-04,burberry,Burberry Group,luxury,https://us.burberry.com/three-pack-cotton-t-shirt-p81297041,https://us.burberry.com/three-pack-cotton-t-shirt-p81297041,81297041001,Three-pack Cotton T-shirt in Grey/black/white - Men | Burberry® Official,Burberry,690,,USD,InStock,,,https://us.burberry.com/l/mens-clothing/,200,
2026-10-04,burberry,Burberry Group,luxury,https://us.burberry.com/check-cashmere-patch-cotton-t-shirt-p81329221,https://us.burberry.com/check-cashmere-patch-cotton-t-shirt-p81329221,81329221001,Check Cashmere Patch Cotton T-shirt in Chalk white - Men | Burberry® Official,Burberry,540,,USD,InStock,,,https://us.burberry.com/l/mens-clothing/,200,
2026-10-04,burberry,Burberry Group,luxury,https://us.burberry.com/gabardine-glenfields-harrington-jacket-p81258241,https://us.burberry.com/gabardine-glenfields-harrington-jacket-p81258241,81258241001,"Gabardine Glenfields Harrington Jacket in Tundra white - Men, Cotton | Burberry® Official",Burberry,1795,,USD,InStock,,,https://us.burberry.com/l/mens-clothing/,200,
2026-10-04,burberry,Burberry Group,luxury,https://us.burberry.com/check-trim-cotton-polo-shirt-p81276851,https://us.burberry.com/check-trim-cotton-polo-shirt-p81276851,81276851001,Check Trim Cotton Polo Shirt in Officers blue - Men | Burberry® Official,Burberry,495,,USD,InStock,,,https://us.burberry.com/l/mens-clothing/,200,
2026-10-04,burberry,Burberry Group,luxury,https://us.burberry.com/check-cashmere-sweater-p81325171,https://us.burberry.com/check-cashmere-sweater-p81325171,81325171001,Check Cashmere Sweater in Sand beige - Men | Burberry® Official,Burberry,1395,,USD,InStock,,,https://us.burberry.com/l/mens-clothing/,200,
2026-10-04,burberry,Burberry Group,luxury,https://us.burberry.com/knight-check-cotton-t-shirt-p81326831,https://us.burberry.com/knight-check-cotton-t-shirt-p81326831,81326831001,Knight Check Cotton T-shirt in Chalk white - Men | Burberry® Official,Burberry,540,,USD,InStock,,,https://us.burberry.com/l/mens-clothing/,200,
2026-10-04,burberry,Burberry Group,luxury,https://us.burberry.com/long-sleeve-cotton-top-p81282991,https://us.burberry.com/long-sleeve-cotton-top-p81282991,81282991001,Long-sleeve Cotton top in Chalk - Men | Burberry® Official,Burberry,595,,USD,InStock,,,https://us.burberry.com/l/mens-clothing/,200,
2026-10-04,burberry,Burberry Group,luxury,https://us.burberry.com/check-cotton-boxer-shorts-p81330461,https://us.burberry.com/check-cotton-boxer-shorts-p81330461,81330461001,Check Cotton Boxer Shorts in Archive beige - Men | Burberry® Official,Burberry,120,,USD,InStock,,,https://us.burberry.com/l/mens-clothing/,200,
2026-10-04,burberry,Burberry Group,luxury,https://us.burberry.com/short-kensington-heritage-trench-coat-p80793891,https://us.burberry.com/short-kensington-heritage-trench-coat-p80793891,80793891001,"Short Kensington Heritage Trench Coat in Black - Men, Cotton Gabardine | Burberry® Official",Burberry,2850,,USD,InStock,,,https://us.burberry.com/l/mens-clothing/,200,
2026-10-04,burberry,Burberry Group,luxury,https://us.burberry.com/cotton-polo-shirt-p81276621,https://us.burberry.com/cotton-polo-shirt-p81276621,81276621001,Cotton Polo Shirt in Pansy purple - Men | Burberry® Official,Burberry,395,,USD,InStock,,,https://us.burberry.com/l/mens-clothing/,200,
2026-10-04,burberry,Burberry Group,luxury,https://us.burberry.com/check-flag-cotton-t-shirt-p81281961,https://us.burberry.com/check-flag-cotton-t-shirt-p81281961,81281961001,Check Flag Cotton T-shirt in Black - Men | Burberry® Official,Burberry,540,,USD,InStock,,,https://us.burberry.com/l/mens-clothing/,200,
2026-10-04,burberry,Burberry Group,luxury,https://us.burberry.com/cotton-polo-shirt-p81269371,https://us.burberry.com/cotton-polo-shirt-p81269371,81269371003,Cotton Polo Shirt in White - Men | Burberry® Official,Burberry,395,,USD,InStock,,,https://us.burberry.com/l/mens-clothing/,200,
2026-10-04,burberry,Burberry Group,luxury,https://us.burberry.com/cotton-polo-shirt-p81269311,https://us.burberry.com/cotton-polo-shirt-p81269311,81269311002,Cotton Polo Shirt in Mallow pink - Men | Burberry® Official,Burberry,395,,USD,InStock,,,https://us.burberry.com/l/mens-clothing/,200,
2026-10-04,burberry,Burberry Group,luxury,https://us.burberry.com/short-kensington-heritage-trench-coat-p81172331,https://us.burberry.com/short-kensington-heritage-trench-coat-p81172331,81172331001,"Short Kensington Heritage Trench Coat in Black - Men, Cotton Gabardine | Burberry® Official",Burberry,2850,,USD,InStock,,,https://us.burberry.com/l/mens-clothing/,200,
2026-10-04,burberry,Burberry Group,luxury,https://us.burberry.com/relaxed-fit-check-cotton-shirt-p81330761,https://us.burberry.com/relaxed-fit-check-cotton-shirt-p81330761,81330761001,Relaxed Fit Check Cotton Shirt in Sepia brown - Men | Burberry® Official,Burberry,795,,USD,InStock,,,https://us.burberry.com/l/mens-clothing/,200,
2026-10-04,burberry,Burberry Group,luxury,https://us.burberry.com/check-flag-cotton-t-shirt-p81281971,https://us.burberry.com/check-flag-cotton-t-shirt-p81281971,81281971001,Check Flag Cotton T-shirt in Chalk white - Men | Burberry® Official,Burberry,540,,USD,InStock,,,https://us.burberry.com/l/mens-clothing/,200,
2026-10-04,burberry,Burberry Group,luxury,https://us.burberry.com/relaxed-fit-check-cotton-shirt-p81302381,https://us.burberry.com/relaxed-fit-check-cotton-shirt-p81302381,81302381001,Relaxed Fit Check Cotton Shirt in Sand beige - Men | Burberry® Official,Burberry,560,,USD,InStock,,,https://us.burberry.com/l/mens-clothing/,200,
2026-10-04,burberry,Burberry Group,luxury,https://us.burberry.com/short-tropical-gabardine-foxfield-trench-coat-p81301431,https://us.burberry.com/short-tropical-gabardine-foxfield-trench-coat-p81301431,81301431002,Short Tropical Gabardine Foxfield Trench Coat in Vineyard red - Women | Burberry® Official,Burberry,2995,,USD,InStock,,,https://us.burberry.com/l/womens-clothing/,200,
2026-10-04,burberry,Burberry Group,luxury,https://us.burberry.com/relaxed-fit-check-cotton-shirt-p81277631,https://us.burberry.com/relaxed-fit-check-cotton-shirt-p81277631,81277631002,Relaxed Fit Check Cotton Shirt in Flora pink - Women | Burberry® Official,Burberry,715,,USD,InStock,,,https://us.burberry.com/l/womens-clothing/,200,
2026-10-04,burberry,Burberry Group,luxury,https://us.burberry.com/tropical-gabardine-tickhill-jacket-p81275441,https://us.burberry.com/tropical-gabardine-tickhill-jacket-p81275441,81275441002,Tropical Gabardine Tickhill Jacket in Saltmarsh beige - Women | Burberry® Official,Burberry,1995,,USD,InStock,,,https://us.burberry.com/l/womens-clothing/,200,
2026-10-04,burberry,Burberry Group,luxury,https://us.burberry.com/long-sleeve-wool-polo-shirt-p81324511,https://us.burberry.com/long-sleeve-wool-polo-shirt-p81324511,81324511001,Long-sleeve Wool Polo Shirt in Grape purple - Women | Burberry® Official,Burberry,960,,USD,InStock,,,https://us.burberry.com/l/womens-clothing/,200,
2026-10-04,burberry,Burberry Group,luxury,https://us.burberry.com/cropped-tropical-gabardine-hayfield-harrington-jacket-p81283191,https://us.burberry.com/cropped-tropical-gabardine-hayfield-harrington-jacket-p81283191,81283191002,Cropped Tropical Gabardine Hayfield Harrington Jacket in Compact pink - Women | Burberry® Official,Burberry,1795,,USD,InStock,,,https://us.burberry.com/l/womens-clothing/,200,
2026-10-04,burberry,Burberry Group,luxury,https://us.burberry.com/check-trim-stretch-cotton-t-shirt-p81210671,https://us.burberry.com/check-trim-stretch-cotton-t-shirt-p81210671,81210671002,Check Trim Stretch Cotton T-shirt in Black - Women | Burberry® Official,Burberry,390,,USD,InStock,,,https://us.burberry.com/l/womens-clothing/,200,
2026-10-04,burberry,Burberry Group,luxury,https://us.burberry.com/cropped-tropical-gabardine-trench-jacket-p81279081,https://us.burberry.com/cropped-tropical-gabardine-trench-jacket-p81279081,81279081002,Cropped Tropical Gabardine Swarby Trench Jacket in Tundra white - Women | Burberry® Official,Burberry,2295,,USD,InStock,,,https://us.burberry.com/l/womens-clothing/,200,
2026-10-04,burberry,Burberry Group,luxury,https://us.burberry.com/relaxed-fit-striped-silk-shirt-p81273321,https://us.burberry.com/relaxed-fit-striped-silk-shirt-p81273321,81273321002,Relaxed Fit Striped Silk Shirt in Chalk white/rhubarb pink - Women | Burberry® Official,Burberry,1295,,USD,InStock,,,https://us.burberry.com/l/womens-clothing/,200,
2026-10-04,burberry,Burberry Group,luxury,https://us.burberry.com/classic-fit-check-cotton-shirt-p81335291,https://us.burberry.com/classic-fit-check-cotton-shirt-p81335291,81335291002,Classic Fit Check Cotton Shirt in Yarn beige - Women | Burberry® Official,Burberry,715,,USD,InStock,,,https://us.burberry.com/l/womens-clothing/,200,
2026-10-04,burberry,Burberry Group,luxury,https://us.burberry.com/check-trim-cotton-t-shirt-p81375391,https://us.burberry.com/check-trim-cotton-t-shirt-p81375391,81375391001,Check Trim Cotton T-shirt in Bouquet pink - Women | Burberry® Official,Burberry,390,,USD,InStock,,,https://us.burberry.com/l/womens-clothing/,200,
2026-10-04,burberry,Burberry Group,luxury,https://us.burberry.com/slim-fit-check-cotton-poplin-shirt-p80876291,https://us.burberry.com/slim-fit-check-cotton-poplin-shirt-p80876291,80876291001,Slim Fit Check Cotton Poplin Shirt in Sand beige - Women | Burberry® Official,Burberry,715,,USD,InStock,,,https://us.burberry.com/l/womens-clothing/,200,
2026-10-04,burberry,Burberry Group,luxury,https://us.burberry.com/check-trim-cotton-t-shirt-p81232821,https://us.burberry.com/check-trim-cotton-t-shirt-p81232821,81232821001,Check Trim Cotton T-shirt in Chalk white - Women | Burberry® Official,Burberry,390,,USD,InStock,,,https://us.burberry.com/l/womens-clothing/,200,
2026-10-04,burberry,Burberry Group,luxury,https://us.burberry.com/classic-fit-check-cotton-shirt-p81277581,https://us.burberry.com/classic-fit-check-cotton-shirt-p81277581,81277581002,Classic Fit Check Cotton Shirt in Sand beige - Women | Burberry® Official,Burberry,570,,USD,InStock,,,https://us.burberry.com/l/womens-clothing/,200,
2026-10-04,burberry,Burberry Group,luxury,https://us.burberry.com/gabardine-trench-mini-skirt-p81160061,https://us.burberry.com/gabardine-trench-mini-skirt-p81160061,81160061002,Gabardine Trench Mini Skirt in Quill beige - Women | Burberry® Official,Burberry,1450,,USD,InStock,,,https://us.burberry.com/l/womens-clothing/,200,
2026-10-04,burberry,Burberry Group,luxury,https://us.burberry.com/check-trim-wool-cardigan-p81352131,https://us.burberry.com/check-trim-wool-cardigan-p81352131,81352131001,Check Trim Wool Cardigan in Black - Women | Burberry® Official,Burberry,1050,,USD,InStock,,,https://us.burberry.com/l/womens-clothing/,200,
2026-10-04,burberry,Burberry Group,luxury,https://us.burberry.com/check-wool-kilt-p81268891,https://us.burberry.com/check-wool-kilt-p81268891,81268891002,Check Wool Kilt in Sandstone beige - Women | Burberry® Official,Burberry,1695,,USD,InStock,,,https://us.burberry.com/l/womens-clothing/,200,
2026-10-04,burberry,Burberry Group,luxury,https://us.burberry.com/check-cotton-shirt-dress-p81268501,https://us.burberry.com/check-cotton-shirt-dress-p81268501,81268501002,Check Cotton Shirt Dress in Sesame beige - Women | Burberry® Official,Burberry,1350,,USD,InStock,,,https://us.burberry.com/l/womens-clothing/,200,
2026-10-04,burberry,Burberry Group,luxury,https://us.burberry.com/check-cotton-shirt-dress-p81117011,https://us.burberry.com/check-cotton-shirt-dress-p81117011,81117011002,Check Cotton Shirt Dress in Sand beige - Women | Burberry® Official,Burberry,1350,,USD,InStock,,,https://us.burberry.com/l/womens-clothing/,200,
2026-10-04,burberry,Burberry Group,luxury,https://us.burberry.com/wool-polo-shirt-dress-p81299681,https://us.burberry.com/wool-polo-shirt-dress-p81299681,81299681001,Wool Polo Shirt Dress in Black - Women | Burberry® Official,Burberry,1495,,USD,InStock,,,https://us.burberry.com/l/womens-clothing/,200,
2026-10-04,burberry,Burberry Group,luxury,https://us.burberry.com/check-collar-cotton-polo-shirt-dress-p81280271,https://us.burberry.com/check-collar-cotton-polo-shirt-dress-p81280271,81280271001,Check Collar Cotton Polo Shirt Dress in Vineyard red - Women | Burberry® Official,Burberry,915,,USD,InStock,,,https://us.burberry.com/l/womens-clothing/,200,
2026-10-04,jcrew,J.Crew Group (private),premium,https://www.jcrew.com/p/mens/categories/clothing/blazers/blazers/CW081?display=standard&fit=Classic&colorProductCode=CW081&colorCode=WZ8524,https://www.jcrew.com/p/mens/categories/clothing/blazers/blazers/CW081?display=standard&fit=Classic&colorProductCode=CW081&colorCode=WZ8524,CW081-WZ8524,Sportcoat in Irish wool,J.Crew,798,,USD,InStock,Imported,cuffs. Partially lined. Dry clean only. Imported. Select stores. Item CW081. Size & Fit ,https://www.jcrew.com/plp/mens/categories/clothing,200,
2026-10-04,jcrew,J.Crew Group (private),premium,https://www.jcrew.com/p/mens/categories/clothing/pants-and-chinos/chino/CV868?display=standard&fit=Classic&colorProductCode=CV868&colorCode=WZ8810,https://www.jcrew.com/p/mens/categories/clothing/pants-and-chinos/chino/CV868?display=standard&fit=Classic&colorProductCode=CV868&colorCode=WZ8810,CV868-WZ8810,Relaxed-fit double-pleated corduroy pant,J.Crew,168,,USD,InStock,Imported,", back flap pockets. Machine wash cold. Imported. Select stores. Item CV868. Size & Fit ",https://www.jcrew.com/plp/mens/categories/clothing,200,
2026-10-04,jcrew,J.Crew Group (private),premium,https://www.jcrew.com/p/mens/categories/clothing/coats-and-jackets/chore-coats/CX073?display=standard&fit=Classic&colorProductCode=CX073&colorCode=PR0423,https://www.jcrew.com/p/mens/categories/clothing/coats-and-jackets/chore-coats/CX073?display=standard&fit=Classic&colorProductCode=CX073&colorCode=PR0423,CX073-PR0423,Wallace &amp; Barnes lined canvas work jacket,J.Crew,268,,USD,InStock,Imported,ool/45% polyester lining. Machine wash. Imported. Select stores. Item CX073. Size & Fit ,https://www.jcrew.com/plp/mens/categories/clothing,200,
2026-10-04,jcrew,J.Crew Group (private),premium,https://www.jcrew.com/p/mens/categories/clothing/sweatshirts-and-sweatpants/zip-up/CV462?display=standard&fit=Classic&colorProductCode=CV462&colorCode=HT0486,https://www.jcrew.com/p/mens/categories/clothing/sweatshirts-and-sweatpants/zip-up/CV462?display=standard&fit=Classic&colorProductCode=CV462&colorCode=HT0486,CV462-HT0486,'83 fleece quarter-zip polo sweatshirt,J.Crew,148,,USD,InStock,Imported, trim at cuffs and waist. Machine wash. Imported. Item CV462. Size & Fit Please note tha,https://www.jcrew.com/plp/mens/categories/clothing,200,
2026-10-04,jcrew,J.Crew Group (private),premium,https://www.jcrew.com/p/mens/categories/clothing/pants-and-chinos/chino/CV868?display=standard&fit=Classic&colorProductCode=CV868&colorCode=WZ8813,https://www.jcrew.com/p/mens/categories/clothing/pants-and-chinos/chino/CV868?display=standard&fit=Classic&colorProductCode=CV868&colorCode=WZ8813,CV868-WZ8810,Relaxed-fit double-pleated corduroy pant,J.Crew,168,,USD,InStock,Imported,", back flap pockets. Machine wash cold. Imported. Select stores. Item CV868. Size & Fit ",https://www.jcrew.com/plp/mens/categories/clothing,200,
2026-10-04,jcrew,J.Crew Group (private),premium,https://www.jcrew.com/p/mens/categories/clothing/sweaters/crewneck/CW135?display=standard&fit=Classic&colorProductCode=CW135&colorCode=HT2096,https://www.jcrew.com/p/mens/categories/clothing/sweaters/crewneck/CW135?display=standard&fit=Classic&colorProductCode=CW135&colorCode=HT2096,CW135-HT2096,Soft-washed wool sweater,J.Crew,158,,USD,InStock,Imported,the right choice. 100% wool. Hand wash. Imported. Online only. Item CW135. Size & Fit  N,https://www.jcrew.com/plp/mens/categories/clothing,200,
2026-10-04,jcrew,J.Crew Group (private),premium,https://www.jcrew.com/p/mens/categories/clothing/shirts/wallace-and-barnes/CW031?display=standard&fit=Classic&colorProductCode=CW031&colorCode=YA1412,https://www.jcrew.com/p/mens/categories/clothing/shirts/wallace-and-barnes/CW031?display=standard&fit=Classic&colorProductCode=CW031&colorCode=YA1412,CW031-YA1412,Wallace &amp; Barnes flannel workshirt,J.Crew,168,,USD,InStock,Imported,00% cotton. Point collar. Machine wash. Imported. Select stores. Item CW031. Size & Fit ,https://www.jcrew.com/plp/mens/categories/clothing,200,
2026-10-04,jcrew,J.Crew Group (private),premium,https://www.jcrew.com/p/mens/categories/clothing/blazers/blazers/CW076?display=standard&fit=Classic&colorProductCode=CW076&colorCode=WZ9004,https://www.jcrew.com/p/mens/categories/clothing/blazers/blazers/CW076?display=standard&fit=Classic&colorProductCode=CW076&colorCode=WZ9004,CW076-WZ9004,Blazer in English merino wool,J.Crew,598,,USD,InStock,Imported, at cuffs. Fully lined. Dry clean only. Imported. Select stores. Item CW076. Size & Fit ,https://www.jcrew.com/plp/mens/categories/clothing,200,
2026-10-04,jcrew,J.Crew Group (private),premium,https://www.jcrew.com/p/mens/categories/clothing/dress-shirts/ludlow-premium-dress-shirts/CW592?display=standard&fit=Classic&colorProductCode=CW592&colorCode=YA1673,https://www.jcrew.com/p/mens/categories/clothing/dress-shirts/ludlow-premium-dress-shirts/CW592?display=standard&fit=Classic&colorProductCode=CW592&colorCode=YA1673,CW592-YA1673,Ludlow Premium cotton dress shirt,J.Crew,148,,USD,InStock,Imported,00% cotton. Point collar. Machine wash. Imported. Select stores. Item CW592. Size & Fit ,https://www.jcrew.com/plp/mens/categories/clothing,200,
2026-10-04,jcrew,J.Crew Group (private),premium,https://www.jcrew.com/p/mens/categories/clothing/sweaters/v-neck/CW125?display=standard&fit=Classic&colorProductCode=CW125&colorCode=SX0082,https://www.jcrew.com/p/mens/categories/clothing/sweaters/v-neck/CW125?display=standard&fit=Classic&colorProductCode=CW125&colorCode=SX0082,CW125-SX0082,Soft-washed wool V-neck sweater in stripe,J.Crew,168,,USD,InStock,Imported,the right choice. 100% wool. Hand wash. Imported. Online only. Item CW125. Size & Fit  N,https://www.jcrew.com/plp/mens/categories/clothing,200,
2026-10-04,jcrew,J.Crew Group (private),premium,https://www.jcrew.com/p/mens/categories/clothing/sweatshirts-and-sweatpants/pullovers/CO450?display=standard&fit=Classic&colorProductCode=CO450&colorCode=PP7838,https://www.jcrew.com/p/mens/categories/clothing/sweatshirts-and-sweatpants/pullovers/CO450?display=standard&fit=Classic&colorProductCode=CO450&colorCode=PP7838,CO450-PP7838,Quilted quarter-zip pullover,J.Crew,128,,USD,InStock,Imported,ocket. Rib trim at cuffs. Machine wash. Imported. Item CO450. Size & Fit Fits true to si,https://www.jcrew.com/plp/mens/categories/clothing,200,
2026-10-04,jcrew,J.Crew Group (private),premium,https://www.jcrew.com/p/mens/categories/clothing/suits-and-tuxedos/suit-pants/BZ632?display=standard&fit=Classic&colorProductCode=BZ632&colorCode=WZ6548,https://www.jcrew.com/p/mens/categories/clothing/suits-and-tuxedos/suit-pants/BZ632?display=standard&fit=Classic&colorProductCode=BZ632&colorCode=WZ6548,BZ632-WZ6548,Relaxed-fit double-pleated trouser in Italian wool cavalry twill,J.Crew,298,,USD,InStock,Imported,de slant pockets. Plain hem. Dry clean. Imported. Select stores. Item BZ632. Size & Fit ,https://www.jcrew.com/plp/mens/categories/clothing,200,
2026-10-04,jcrew,J.Crew Group (private),premium,https://www.jcrew.com/p/mens/categories/clothing/shirts/madison/CW032?display=standard&fit=Classic&colorProductCode=CW032&colorCode=YA1596,https://www.jcrew.com/p/mens/categories/clothing/shirts/madison/CW032?display=standard&fit=Classic&colorProductCode=CW032&colorCode=YA1596,CW032-YA1596,Madison cotton-blend twill shirt,J.Crew,128,,USD,InStock,Imported,ion. 87% cotton/13% wool. Machine wash. Imported. Item CW032. Size & Fit Regular fit. FI,https://www.jcrew.com/plp/mens/categories/clothing,200,
2026-10-04,jcrew,J.Crew Group (private),premium,https://www.jcrew.com/p/mens/categories/clothing/sweaters/crewneck/CW135?display=standard&fit=Classic&colorProductCode=CW135&colorCode=BR6359,https://www.jcrew.com/p/mens/categories/clothing/sweaters/crewneck/CW135?display=standard&fit=Classic&colorProductCode=CW135&colorCode=BR6359,CW135-HT2096,Soft-washed wool sweater,J.Crew,158,,USD,InStock,Imported,the right choice. 100% wool. Hand wash. Imported. Online only. Item CW135. Size & Fit  N,https://www.jcrew.com/plp/mens/categories/clothing,200,
2026-10-04,jcrew,J.Crew Group (private),premium,https://www.jcrew.com/p/mens/categories/clothing/tshirts-and-polos/t-shirts/CV409?display=standard&fit=Classic&colorProductCode=CV409&colorCode=GR7240,https://www.jcrew.com/p/mens/categories/clothing/tshirts-and-polos/t-shirts/CV409?display=standard&fit=Classic&colorProductCode=CV409&colorCode=GR7240,CV409-GR7240,Washed piqu&eacute; button-down shirt,J.Crew,128,,USD,InStock,Imported,00% cotton. Long sleeves. Machine wash. Imported. Item CV409. Size & Fit Fits true to si,https://www.jcrew.com/plp/mens/categories/clothing,200,
2026-10-04,jcrew,J.Crew Group (private),premium,https://www.jcrew.com/p/mens/categories/clothing/blazers/blazers/CW080?display=standard&fit=Classic&colorProductCode=CW080&colorCode=WZ8575,https://www.jcrew.com/p/mens/categories/clothing/blazers/blazers/CW080?display=standard&fit=Classic&colorProductCode=CW080&colorCode=WZ8575,CW080-WZ8575,Sportcoat in Italian cotton corduroy,J.Crew,598,,USD,InStock,Imported,cuffs. Partially lined. Dry clean only. Imported. Select stores. Item CW080. Size & Fit ,https://www.jcrew.com/plp/mens/categories/clothing,200,
2026-10-04,jcrew,J.Crew Group (private),premium,https://www.jcrew.com/p/mens/categories/clothing/pants-and-chinos/athletic/CW723?display=standard&fit=Classic&colorProductCode=CW723&colorCode=WZ6622,https://www.jcrew.com/p/mens/categories/clothing/pants-and-chinos/athletic/CW723?display=standard&fit=Classic&colorProductCode=CW723&colorCode=WZ6622,CW723-WZ6622,Athletic Straight-fit stretch corduroy five-pocket pant,J.Crew,128,,USD,InStock,Imported,al 5-pocket styling. Machine wash cold. Imported. Online only. Item CW723. Size & Fit Si,https://www.jcrew.com/plp/mens/categories/clothing,200,
2026-10-04,jcrew,J.Crew Group (private),premium,https://www.jcrew.com/p/mens/categories/clothing/sweaters/cardigan/CW100?display=standard&fit=Classic&colorProductCode=CW100&colorCode=BL7398,https://www.jcrew.com/p/mens/categories/clothing/sweaters/cardigan/CW100?display=standard&fit=Classic&colorProductCode=CW100&colorCode=BL7398,CW100-BL7398,Heritage cotton polo cardigan sweater,J.Crew,128,,USD,InStock,Imported,nd layering. 100% cotton. Machine wash. Imported. Online only. Item CW100. Size & Fit  N,https://www.jcrew.com/plp/mens/categories/clothing,200,
2026-10-04,jcrew,J.Crew Group (private),premium,https://www.jcrew.com/p/mens/categories/clothing/sweaters/v-neck/CW136?display=standard&fit=Classic&colorProductCode=CW136&colorCode=SX0821,https://www.jcrew.com/p/mens/categories/clothing/sweaters/v-neck/CW136?display=standard&fit=Classic&colorProductCode=CW136&colorCode=SX0821,CW136-SX0821,Fair Isle V-neck sweater in wool,J.Crew,178,,USD,InStock,Imported,ly warm and cozy. 100% wool. Hand wash. Imported. Select stores. Item CW136. Size & Fit ,https://www.jcrew.com/plp/mens/categories/clothing,200,
2026-10-04,jcrew,J.Crew Group (private),premium,https://www.jcrew.com/p/mens/categories/clothing/pants-and-chinos/corduroy/CM717?display=standard&fit=Classic&colorProductCode=CM717&colorCode=WZ6597,https://www.jcrew.com/p/mens/categories/clothing/pants-and-chinos/corduroy/CM717?display=standard&fit=Classic&colorProductCode=CM717&colorCode=WZ6597,CM717-WZ6597,Broken-in Straight pant in stretch corduroy,J.Crew,128,,USD,InStock,Imported,kets for easy entry. Machine wash cold. Imported. Item CM717. Size & Fit Model is 6'0 we,https://www.jcrew.com/plp/mens/categories/clothing,200,
2026-10-04,jcrew,J.Crew Group (private),premium,https://www.jcrew.com/p/mens/categories/clothing/coats-and-jackets/leather-and-suede-jacket/CV264?display=standard&fit=Classic&colorProductCode=CV264&colorCode=WZ2991,https://www.jcrew.com/p/mens/categories/clothing/coats-and-jackets/leather-and-suede-jacket/CV264?display=standard&fit=Classic&colorProductCode=CV264&colorCode=WZ2991,CV264-WZ2991,Two-pocket field jacket in Italian suede,J.Crew,898,,USD,InStock,Imported,stable sleeve cuffs. Lined. Spot clean. Imported. Select stores. Item CV264. Size & Fit ,https://www.jcrew.com/plp/mens/categories/clothing,200,
2026-10-04,jcrew,J.Crew Group (private),premium,https://www.jcrew.com/p/mens/categories/clothing/sweaters/crewneck/CW135?display=standard&fit=Classic&colorProductCode=CW135&colorCode=HT2094,https://www.jcrew.com/p/mens/categories/clothing/sweaters/crewneck/CW135?display=standard&fit=Classic&colorProductCode=CW135&colorCode=HT2094,CW135-HT2096,Soft-washed wool sweater,J.Crew,158,,USD,InStock,Imported,the right choice. 100% wool. Hand wash. Imported. Online only. Item CW135. Size & Fit  N,https://www.jcrew.com/plp/mens/categories/clothing,200,
2026-10-04,jcrew,J.Crew Group (private),premium,https://www.jcrew.com/p/mens/categories/clothing/shirts/wallace-and-barnes/CW350?display=standard&fit=Classic&colorProductCode=CW350&colorCode=YA1659,https://www.jcrew.com/p/mens/categories/clothing/shirts/wallace-and-barnes/CW350?display=standard&fit=Classic&colorProductCode=CW350&colorCode=YA1659,CW350-YA1659,Wallace &amp; Barnes brushed twill workshirt,J.Crew,148,,USD,InStock,Imported,00% cotton. Point collar. Machine wash. Imported. Select stores. Item CW350. Size & Fit ,https://www.jcrew.com/plp/mens/categories/clothing,200,
2026-10-04,jcrew,J.Crew Group (private),premium,https://www.jcrew.com/p/mens/categories/clothing/sweaters/zip-up/CW144?display=standard&fit=Classic&colorProductCode=CW144&colorCode=SX0341,https://www.jcrew.com/p/mens/categories/clothing/sweaters/zip-up/CW144?display=standard&fit=Classic&colorProductCode=CW144&colorCode=SX0341,CW144-SX0341,Wallace &amp; Barnes shawl-collar full-zip loon cardigan in wool,J.Crew,398,,USD,InStock,Imported,ool. Full zip. Welt pockets. Hand wash. Imported. Select stores. Item CW144. Size & Fit ,https://www.jcrew.com/plp/mens/categories/clothing,200,
2026-10-04,jcrew,J.Crew Group (private),premium,https://www.jcrew.com/p/mens/categories/clothing/sweaters/polo/CV665?display=standard&fit=Classic&colorProductCode=CV665&colorCode=HT3699,https://www.jcrew.com/p/mens/categories/clothing/sweaters/polo/CV665?display=standard&fit=Classic&colorProductCode=CV665&colorCode=HT3699,CV665-HT3699,Cashmere sweater-polo,J.Crew,228,,USD,InStock,Imported,polo. 100% Grade-A cashmere. Hand wash. Imported. Select stores. Item CV665. GOOD CASHME,https://www.jcrew.com/plp/mens/categories/clothing,200,
2026-10-04,jcrew,J.Crew Group (private),premium,https://www.jcrew.com/p/mens/categories/clothing/sweaters/v-neck/CW137?display=standard&fit=Classic&colorProductCode=CW137&colorCode=SX0675,https://www.jcrew.com/p/mens/categories/clothing/sweaters/v-neck/CW137?display=standard&fit=Classic&colorProductCode=CW137&colorCode=SX0675,CW137-SX0675,Fair Isle sweater-vest in wool,J.Crew,138,,USD,InStock,Imported, go out of style. 100% wool. Hand wash. Imported. Select stores. Item CW137. Size & Fit ,https://www.jcrew.com/plp/mens/categories/clothing,200,
2026-10-04,jcrew,J.Crew Group (private),premium,https://www.jcrew.com/p/mens/categories/clothing/sweatshirts-and-sweatpants/pullovers/CO450?display=standard&fit=Classic&colorProductCode=CO450&colorCode=PP7841,https://www.jcrew.com/p/mens/categories/clothing/sweatshirts-and-sweatpants/pullovers/CO450?display=standard&fit=Classic&colorProductCode=CO450&colorCode=PP7841,CO450-PP7838,Quilted quarter-zip pullover,J.Crew,128,,USD,InStock,Imported,ocket. Rib trim at cuffs. Machine wash. Imported. Item CO450. Size & Fit Fits true to si,https://www.jcrew.com/plp/mens/categories/clothing,200,
2026-10-04,jcrew,J.Crew Group (private),premium,https://www.jcrew.com/p/mens/categories/clothing/shirts/wallace-and-barnes/CW350?display=standard&fit=Classic&colorProductCode=CW350&colorCode=YA2037,https://www.jcrew.com/p/mens/categories/clothing/shirts/wallace-and-barnes/CW350?display=standard&fit=Classic&colorProductCode=CW350&colorCode=YA2037,CW350-YA1659,Wallace &amp; Barnes brushed twill workshirt,J.Crew,148,,USD,InStock,Imported,00% cotton. Point collar. Machine wash. Imported. Select stores. Item CW350. Size & Fit ,https://www.jcrew.com/plp/mens/categories/clothing,200,
2026-10-04,jcrew,J.Crew Group (private),premium,https://www.jcrew.com/p/mens/categories/clothing/sweaters/crewneck/CW135?display=standard&fit=Classic&colorProductCode=CW135&colorCode=SU2813,https://www.jcrew.com/p/mens/categories/clothing/sweaters/crewneck/CW135?display=standard&fit=Classic&colorProductCode=CW135&colorCode=SU2813,CW135-HT2096,Soft-washed wool sweater,J.Crew,158,,USD,InStock,Imported,the right choice. 100% wool. Hand wash. Imported. Online only. Item CW135. Size & Fit  N,https://www.jcrew.com/plp/mens/categories/clothing,200,
2026-10-04,jcrew,J.Crew Group (private),premium,https://www.jcrew.com/p/mens/categories/clothing/blazers/blazers/CZ126?display=standard&fit=Classic&colorProductCode=CZ126&colorCode=WZ8630,https://www.jcrew.com/p/mens/categories/clothing/blazers/blazers/CZ126?display=standard&fit=Classic&colorProductCode=CZ126&colorCode=WZ8630,CZ126-WZ8630,Wallace &amp; Barnes chore blazer in English melton wool,J.Crew,598,,USD,InStock,Imported,cuffs. Partially lined. Dry clean only. Imported. Select stores. Item CZ126. Size & Fit ,https://www.jcrew.com/plp/mens/categories/clothing,200,
2026-10-04,jcrew,J.Crew Group (private),premium,https://www.jcrew.com/p/mens/categories/clothing/sweaters/crewneck/CW126?display=standard&fit=Classic&colorProductCode=CW126&colorCode=SR9720,https://www.jcrew.com/p/mens/categories/clothing/sweaters/crewneck/CW126?display=standard&fit=Classic&colorProductCode=CW126&colorCode=SR9720,CW126-SR9720,Soft-washed wool sweater in stripe,J.Crew,168,,USD,InStock,Imported,the right choice. 100% wool. Hand wash. Imported. Online only. Item CW126. Size & Fit  N,https://www.jcrew.com/plp/mens/categories/clothing,200,
2026-10-04,jcrew,J.Crew Group (private),premium,https://www.jcrew.com/p/mens/categories/clothing/coats-and-jackets/chore-coats/CX073?display=standard&fit=Classic&colorProductCode=CX073&colorCode=BL8278,https://www.jcrew.com/p/mens/categories/clothing/coats-and-jackets/chore-coats/CX073?display=standard&fit=Classic&colorProductCode=CX073&colorCode=BL8278,CX073-PR0423,Wallace &amp; Barnes lined canvas work jacket,J.Crew,268,,USD,InStock,Imported,ool/45% polyester lining. Machine wash. Imported. Select stores. Item CX073. Size & Fit ,https://www.jcrew.com/plp/mens/categories/clothing,200,
2026-10-04,jcrew,J.Crew Group (private),premium,https://www.jcrew.com/p/mens/categories/clothing/sweatshirts-and-sweatpants/crewneck/CV925?display=standard&fit=Classic&colorProductCode=CV925&colorCode=PP8494,https://www.jcrew.com/p/mens/categories/clothing/sweatshirts-and-sweatpants/crewneck/CV925?display=standard&fit=Classic&colorProductCode=CV925&colorCode=PP8494,CV925-PP8494,Wallace &amp; Barnes Loon Lake graphic sweatshirt,J.Crew,158,,USD,InStock,Imported, polyester. Long sleeves. Machine wash. Imported. Select stores. Item CV925. Size & Fit ,https://www.jcrew.com/plp/mens/categories/clothing,200,
2026-10-04,jcrew,J.Crew Group (private),premium,https://www.jcrew.com/p/mens/categories/clothing/shirts/wallace-and-barnes/CW031?display=standard&fit=Classic&colorProductCode=CW031&colorCode=YA1416,https://www.jcrew.com/p/mens/categories/clothing/shirts/wallace-and-barnes/CW031?display=standard&fit=Classic&colorProductCode=CW031&colorCode=YA1416,CW031-YA1412,Wallace &amp; Barnes flannel workshirt,J.Crew,168,,USD,InStock,Imported,00% cotton. Point collar. Machine wash. Imported. Select stores. Item CW031. Size & Fit ,https://www.jcrew.com/plp/mens/categories/clothing,200,
2026-10-04,jcrew,J.Crew Group (private),premium,https://www.jcrew.com/p/mens/categories/clothing/sweaters/turtleneck/CW141?display=standard&fit=Classic&colorProductCode=CW141&colorCode=SU2821,https://www.jcrew.com/p/mens/categories/clothing/sweaters/turtleneck/CW141?display=standard&fit=Classic&colorProductCode=CW141&colorCode=SU2821,CW141-SU2821,Mockneck sweater in wool,J.Crew,258,,USD,InStock,Imported,eather cools off. 100% wool. Hand wash. Imported. Online only. Item CW141. Size & Fit  N,https://www.jcrew.com/plp/mens/categories/clothing,200,
2026-10-04,jcrew,J.Crew Group (private),premium,https://www.jcrew.com/p/mens/categories/clothing/shirts/madison/CW032?display=standard&fit=Classic&colorProductCode=CW032&colorCode=YA2206,https://www.jcrew.com/p/mens/categories/clothing/shirts/madison/CW032?display=standard&fit=Classic&colorProductCode=CW032&colorCode=YA2206,CW032-YA1596,Madison cotton-blend twill shirt,J.Crew,128,,USD,InStock,Imported,ion. 87% cotton/13% wool. Machine wash. Imported. Item CW032. Size & Fit Regular fit. FI,https://www.jcrew.com/plp/mens/categories/clothing,200,
2026-10-04,jcrew,J.Crew Group (private),premium,https://www.jcrew.com/p/mens/categories/clothing/coats-and-jackets/denim/CV268?display=standard&fit=Classic&colorProductCode=CV268&colorCode=WZ6958,https://www.jcrew.com/p/mens/categories/clothing/coats-and-jackets/denim/CV268?display=standard&fit=Classic&colorProductCode=CV268&colorCode=WZ6958,CV268-WZ6958,Suede-collar lined denim jacket,J.Crew,268,,USD,InStock,Imported,ester houndstooth lining. Machine wash. Imported. Select stores. Item CV268. Size & Fit ,https://www.jcrew.com/plp/mens/categories/clothing,200,
2026-10-04,jcrew,J.Crew Group (private),premium,https://www.jcrew.com/p/mens/categories/clothing/sweaters/crewneck/CO760?display=standard&fit=Classic&colorProductCode=CO760&colorCode=HT3740,https://www.jcrew.com/p/mens/categories/clothing/sweaters/crewneck/CO760?display=standard&fit=Classic&colorProductCode=CO760&colorCode=HT3740,CO760-HT3740,Wallace &amp; Barnes wool cable-knit sweater,J.Crew,248,,USD,InStock,Imported,coast of Ireland. 100% wool. Dry clean. Imported. Select stores. Item CO760. Size & Fit ,https://www.jcrew.com/plp/mens/categories/clothing,200,
2026-10-04,jcrew,J.Crew Group (private),premium,https://www.jcrew.com/p/mens/categories/clothing/sweatshirts-and-sweatpants/zip-up/CV462?display=standard&fit=Classic&colorProductCode=CV462&colorCode=PP6599,https://www.jcrew.com/p/mens/categories/clothing/sweatshirts-and-sweatpants/zip-up/CV462?display=standard&fit=Classic&colorProductCode=CV462&colorCode=PP6599,CV462-HT0486,'83 fleece quarter-zip polo sweatshirt,J.Crew,148,,USD,InStock,Imported, trim at cuffs and waist. Machine wash. Imported. Item CV462. Size & Fit Please note tha,https://www.jcrew.com/plp/mens/categories/clothing,200,
2026-10-04,jcrew,J.Crew Group (private),premium,https://www.jcrew.com/p/mens/categories/clothing/sweatshirts-and-sweatpants/hoodie/CO176?display=standard&fit=Classic&colorProductCode=CO176&colorCode=WP4730,https://www.jcrew.com/p/mens/categories/clothing/sweatshirts-and-sweatpants/hoodie/CO176?display=standard&fit=Classic&colorProductCode=CO176&colorCode=WP4730,CO176-WP4730,'83 fleece hoodie,J.Crew,128,,USD,InStock,Imported,ocket. Rib trim at cuffs. Machine wash. Imported. Item CO176. Size & Fit Fits true to si,https://www.jcrew.com/plp/mens/categories/clothing,200,
2026-10-04,jcrew,J.Crew Group (private),premium,https://www.jcrew.com/p/mens/categories/clothing/coats-and-jackets/bomber-jacket/CX072?display=standard&fit=Classic&colorProductCode=CX072&colorCode=WZ8840,https://www.jcrew.com/p/mens/categories/clothing/coats-and-jackets/bomber-jacket/CX072?display=standard&fit=Classic&colorProductCode=CX072&colorCode=WZ8840,CX072-WZ8840,Wallace &amp; Barnes wool jacket in buffalo plaid,J.Crew,448,,USD,InStock,Imported, wool. PrimaLoft insulation. Dry clean. Imported. Select stores. Item CX072. Size & Fit ,https://www.jcrew.com/plp/mens/categories/clothing,200,
2026-10-04,jcrew,J.Crew Group (private),premium,https://www.jcrew.com/p/mens/categories/clothing/sweaters/cardigan/CW100?display=standard&fit=Classic&colorProductCode=CW100&colorCode=GR1983,https://www.jcrew.com/p/mens/categories/clothing/sweaters/cardigan/CW100?display=standard&fit=Classic&colorProductCode=CW100&colorCode=GR1983,CW100-BL7398,Heritage cotton polo cardigan sweater,J.Crew,128,,USD,InStock,Imported,nd layering. 100% cotton. Machine wash. Imported. Online only. Item CW100. Size & Fit  N,https://www.jcrew.com/plp/mens/categories/clothing,200,
2026-10-04,jcrew,J.Crew Group (private),premium,https://www.jcrew.com/p/mens/categories/clothing/pants-and-chinos/trouser/CX063?display=standard&fit=Classic&colorProductCode=CX063&colorCode=WZ1829,https://www.jcrew.com/p/mens/categories/clothing/pants-and-chinos/trouser/CX063?display=standard&fit=Classic&colorProductCode=CX063&colorCode=WZ1829,CX063-WZ1829,Wallace &amp; Barnes creased carpenter pant in canvas,J.Crew,188,,USD,InStock,Imported,forced back pockets. Machine wash cold. Imported. Select stores. Item CX063. Size & Fit ,https://www.jcrew.com/plp/mens/categories/clothing,200,
2026-10-04,jcrew,J.Crew Group (private),premium,https://www.jcrew.com/p/mens/categories/clothing/tshirts-and-polos/t-shirts/CV409?display=standard&fit=Classic&colorProductCode=CV409&colorCode=BL8405,https://www.jcrew.com/p/mens/categories/clothing/tshirts-and-polos/t-shirts/CV409?display=standard&fit=Classic&colorProductCode=CV409&colorCode=BL8405,CV409-GR7240,Washed piqu&eacute; button-down shirt,J.Crew,128,,USD,InStock,Imported,00% cotton. Long sleeves. Machine wash. Imported. Item CV409. Size & Fit Fits true to si,https://www.jcrew.com/plp/mens/categories/clothing,200,
2026-10-04,jcrew,J.Crew Group (private),premium,https://www.jcrew.com/p/mens/categories/clothing/shirts/madison/CW032?display=standard&fit=Classic&colorProductCode=CW032&colorCode=BK0074,https://www.jcrew.com/p/mens/categories/clothing/shirts/madison/CW032?display=standard&fit=Classic&colorProductCode=CW032&colorCode=BK0074,CW032-YA1596,Madison cotton-blend twill shirt,J.Crew,128,,USD,InStock,Imported,ion. 87% cotton/13% wool. Machine wash. Imported. Item CW032. Size & Fit Regular fit. FI,https://www.jcrew.com/plp/mens/categories/clothing,200,
2026-10-04,jcrew,J.Crew Group (private),premium,https://www.jcrew.com/p/mens/categories/clothing/sweaters/pullover/CW974?display=standard&fit=Classic&colorProductCode=CW974&colorCode=GR6674,https://www.jcrew.com/p/mens/categories/clothing/sweaters/pullover/CW974?display=standard&fit=Classic&colorProductCode=CW974&colorCode=GR6674,CW974-GR6674,Quarter-zip sweater in ribbed wool,J.Crew,268,,USD,InStock,Imported,ure and interest. 100% wool. Hand wash. Imported. Online only. Item CW974. Size & Fit  N,https://www.jcrew.com/plp/mens/categories/clothing,200,
2026-10-04,jcrew,J.Crew Group (private),premium,https://www.jcrew.com/p/mens/categories/clothing/tshirts-and-polos/t-shirts/CV430?display=standard&fit=Classic&colorProductCode=CV430&colorCode=GR7851,https://www.jcrew.com/p/mens/categories/clothing/tshirts-and-polos/t-shirts/CV430?display=standard&fit=Classic&colorProductCode=CV430&colorCode=GR7851,CV430-GR7851,Wallace &amp; Barnes heritage-weight cotton long-sleeve T-shirt,J.Crew,69.5,,USD,InStock,Imported,00% cotton. Long sleeves. Machine wash. Imported. Online only. Item CV430. Size & Fit  N,https://www.jcrew.com/plp/mens/categories/clothing,200,
2026-10-04,jcrew,J.Crew Group (private),premium,https://www.jcrew.com/p/mens/categories/clothing/sweatshirts-and-sweatpants/pullovers/CO450?display=standard&fit=Classic&colorProductCode=CO450&colorCode=PP8652,https://www.jcrew.com/p/mens/categories/clothing/sweatshirts-and-sweatpants/pullovers/CO450?display=standard&fit=Classic&colorProductCode=CO450&colorCode=PP8652,CO450-PP7838,Quilted quarter-zip pullover,J.Crew,128,,USD,InStock,Imported,ocket. Rib trim at cuffs. Machine wash. Imported. Item CO450. Size & Fit Fits true to si,https://www.jcrew.com/plp/mens/categories/clothing,200,
2026-10-04,jcrew,J.Crew Group (private),premium,https://www.jcrew.com/p/mens/categories/clothing/sweaters/crewneck/CV662?display=standard&fit=Classic&colorProductCode=CV662&colorCode=SX0714,https://www.jcrew.com/p/mens/categories/clothing/sweaters/crewneck/CV662?display=standard&fit=Classic&colorProductCode=CV662&colorCode=SX0714,CV662-SX0714,Midweight cashmere sweater in stripe,J.Crew,248,,USD,InStock,Imported,ater. 100% Grade-A cashmere. Hand wash. Imported. Select stores. Item CV662. GOOD CASHME,https://www.jcrew.com/plp/mens/categories/clothing,200,
2026-10-04,jcrew,J.Crew Group (private),premium,https://www.jcrew.com/p/mens/categories/clothing/sweaters/pullover/CV666?display=standard&fit=Classic&colorProductCode=CV666&colorCode=HT0804,https://www.jcrew.com/p/mens/categories/clothing/sweaters/pullover/CV666?display=standard&fit=Classic&colorProductCode=CV666&colorCode=HT0804,CV666-HT0804,Cashmere cable-knit quarter-zip sweater,J.Crew,278,,USD,InStock,Imported,h it. 100% Grade-A cashmere. Hand wash. Imported. Online only. Item CV666. GOOD CASHMERE,https://www.jcrew.com/plp/mens/categories/clothing,200,
2026-10-04,banana_republic,Gap Inc,premium,https://bananarepublic.gap.com/browse/product.do?pid=1180225012&vid=1&pcid=1158705&cid=1158705,https://bananarepublic.gap.com/browse/product.do?pid=1180225012&vid=1&pcid=1158705&cid=1158705#pdp-page-content,1180225012,Marled Wool-Cotton Fringe Sweater,Banana Republic,180.00,,USD,InStock,Imported,"& care 55% wool, 45% cotton. Dry clean. Imported. Shipping & returns Reviews 2.0 out of ",https://bananarepublic.gap.com/browse/category.do?cid=1158705,200,
2026-10-04,banana_republic,Gap Inc,premium,https://bananarepublic.gap.com/browse/product.do?pid=1187863002&vid=1&pcid=1158705&cid=1158705,https://bananarepublic.gap.com/browse/product.do?pid=1187863002&vid=1&pcid=1158705&cid=1158705#pdp-page-content,1187863002,Suede Mini Skirt,Banana Republic,348.00,,USD,InStock,Imported,rayon. Professional leather clean only. Imported. Shipping & returns Featured Items Cord,https://bananarepublic.gap.com/browse/category.do?cid=1158705,200,
2026-10-04,banana_republic,Gap Inc,premium,https://bananarepublic.gap.com/browse/product.do?pid=904782012&vid=1&pcid=1158705&cid=1158705,https://bananarepublic.gap.com/browse/product.do?pid=904782012&vid=1&pcid=1158705&cid=1158705#pdp-page-content,904782012,Italian Leather Knee-High Boot,Banana Republic,378.00,,USD,InStock,Portugal,oam cushioned footbed. Pull-on styling. Made in Portugal. Product #904782 Size & fit B width. He,https://bananarepublic.gap.com/browse/category.do?cid=1158705,200,
2026-10-04,banana_republic,Gap Inc,premium,https://bananarepublic.gap.com/browse/product.do?pid=910813002&vid=1&pcid=1158705&cid=1158705,https://bananarepublic.gap.com/browse/product.do?pid=910813002&vid=1&pcid=1158705&cid=1158705#pdp-page-content,910813002,Archive Reissue Double-Faced Cape-Back Trench Coat,Banana Republic,348.00,,USD,InStock,Imported," polyester, 9% other fibers. Dry clean. Imported. Shipping & returns Featured Items Heri",https://bananarepublic.gap.com/browse/category.do?cid=1158705,200,
2026-10-04,banana_republic,Gap Inc,premium,https://bananarepublic.gap.com/browse/product.do?pid=1180215022&vid=1&pcid=1158705&cid=1158705,https://bananarepublic.gap.com/browse/product.do?pid=1180215022&vid=1&pcid=1158705&cid=1158705#pdp-page-content,1180215022,Italian Alpaca-Blend Cropped Sweater,Banana Republic,220.00,,USD,InStock,Imported," care 85% alpaca, 15% nylon. Dry clean. Imported. Shipping & returns Featured Items Felt",https://bananarepublic.gap.com/browse/category.do?cid=1158705,200,
2026-10-04,banana_republic,Gap Inc,premium,https://bananarepublic.gap.com/browse/product.do?pid=1181557012&vid=1&pcid=1158705&cid=1158705,https://bananarepublic.gap.com/browse/product.do?pid=1181557012&vid=1&pcid=1158705&cid=1158705#pdp-page-content,1181557012,High-Rise Super Flare Flocked Pant,Banana Republic,180.00,,USD,InStock,Imported,only. Do not dry clean. Can be steamed. Imported. Shipping & returns Featured Items Stre,https://bananarepublic.gap.com/browse/category.do?cid=1158705,200,
2026-10-04,banana_republic,Gap Inc,premium,https://bananarepublic.gap.com/browse/product.do?pid=1180194012&vid=1&pcid=1158705&cid=1158705,https://bananarepublic.gap.com/browse/product.do?pid=1180194012&vid=1&pcid=1158705&cid=1158705#pdp-page-content,1180194012,Archive Reissue Throwster Sweater,Banana Republic,160.00,,USD,InStock,Imported,"on, 35% wool, 12% polyester. Dry clean. Imported. Shipping & returns Featured Items Felt",https://bananarepublic.gap.com/browse/category.do?cid=1158705,200,
2026-10-04,banana_republic,Gap Inc,premium,https://bananarepublic.gap.com/browse/product.do?pid=1180270022&vid=1&pcid=1158705&cid=1158705,https://bananarepublic.gap.com/browse/product.do?pid=1180270022&vid=1&pcid=1158705&cid=1158705#pdp-page-content,1180270022,Mid-Rise Relaxed Corduroy Painter Pull-On Pant,Banana Republic,120.00,,USD,InStock,Imported," 99% cotton, 1% elastane. Machine wash. Imported. Shipping & returns Featured Items High",https://bananarepublic.gap.com/browse/category.do?cid=1158705,200,
2026-10-04,banana_republic,Gap Inc,premium,https://bananarepublic.gap.com/browse/product.do?pid=914663012&vid=1&pcid=1158705&cid=1158705,https://bananarepublic.gap.com/browse/product.do?pid=9146630120000&vid=1&pcid=1158705&cid=1158705#pdp-page-content,914663012,Throwster Scarf,Banana Republic,90.00,,USD,InStock,Imported,"on, 35% wool, 12% polyester. Dry clean. Imported. Shipping & returns Featured Items Jers",https://bananarepublic.gap.com/browse/category.do?cid=1158705,200,
2026-10-04,banana_republic,Gap Inc,premium,https://bananarepublic.gap.com/browse/product.do?pid=1180208022&vid=1&pcid=1158705&cid=1158705,https://bananarepublic.gap.com/browse/product.do?pid=1180208022&vid=1&pcid=1158705&cid=1158705#pdp-page-content,1180208022,Wool-Blend Funnel-Neck Sweater,Banana Republic,260.00,,USD,InStock,Imported,"hine wash cold, gentle cycle, line dry. Imported. Shipping & returns Featured Items Ital",https://bananarepublic.gap.com/browse/category.do?cid=1158705,200,
2026-10-04,banana_republic,Gap Inc,premium,https://bananarepublic.gap.com/browse/product.do?pid=1180164002&vid=1&pcid=1158705&cid=1158705,https://bananarepublic.gap.com/browse/product.do?pid=1180164002&vid=1&pcid=1158705&cid=1158705#pdp-page-content,1180164002,Ribbed Buttoned Sweater Dress,Banana Republic,248.00,,USD,InStock,Imported," & care 55% wool, 45% nylon. Dry clean. Imported. Shipping & returns Featured Items Mesh",https://bananarepublic.gap.com/browse/category.do?cid=1158705,200,
2026-10-04,banana_republic,Gap Inc,premium,https://bananarepublic.gap.com/browse/product.do?pid=904733002&vid=1&pcid=1158705&cid=1158705,https://bananarepublic.gap.com/browse/product.do?pid=904733002&vid=1&pcid=1158705&cid=1158705#pdp-page-content,904733002,Italian Block-Heel Bootie,Banana Republic,278.00,,USD,InStock,Portugal,m foam cushioned footbed. Rubber soles. Made in Portugal. Product #904733 Size & fit Heel height,https://bananarepublic.gap.com/browse/category.do?cid=1158705,200,
2026-10-04,banana_republic,Gap Inc,premium,https://bananarepublic.gap.com/browse/product.do?pid=1180286022&vid=1&pcid=1158705&cid=1158705,https://bananarepublic.gap.com/browse/product.do?pid=1180286022&vid=1&pcid=1158705&cid=1158705#pdp-page-content,1180286022,Faux Fur Jacket,Banana Republic,298.00,,USD,InStock,Imported, lining: 100% viscose rayon. Dry clean. Imported. Shipping & returns Featured Items Reve,https://bananarepublic.gap.com/browse/category.do?cid=1158705,200,
2026-10-04,banana_republic,Gap Inc,premium,https://bananarepublic.gap.com/browse/product.do?pid=1180130012&vid=1&pcid=1158705&cid=1158705,https://bananarepublic.gap.com/browse/product.do?pid=1180130012&vid=1&pcid=1158705&cid=1158705#pdp-page-content,1180130012,Organza Tiered Maxi Dress,Banana Republic,248.00,,USD,InStock,Imported,"entle cycle, tumble dry low, cool iron. Imported. Shipping & returns Featured Items Bias",https://bananarepublic.gap.com/browse/category.do?cid=1158705,200,
2026-10-04,banana_republic,Gap Inc,premium,https://bananarepublic.gap.com/browse/product.do?pid=1184015012&vid=1&pcid=1158705&cid=1158705,https://bananarepublic.gap.com/browse/product.do?pid=11840150120000&vid=1&pcid=1158705&cid=1158705#pdp-page-content,1184015012,Maja Bag By Bembien,Banana Republic,380.00,,USD,InStock,Imported, Body: 100% suede. Lining: 100% cotton. Imported. Shipping & returns Featured Items Vida,https://bananarepublic.gap.com/browse/category.do?cid=1158705,200,
2026-10-04,banana_republic,Gap Inc,premium,https://bananarepublic.gap.com/browse/product.do?pid=910755002&vid=1&pcid=1158705&cid=1158705,https://bananarepublic.gap.com/browse/product.do?pid=910755002&vid=1&pcid=1158705&cid=1158705#pdp-page-content,910755002,Stretch-Satin Lace-Trim Camisole,Banana Republic,120.00,,USD,InStock,Imported,m controlled or certified wood sources. Imported. Shipping & returns Featured Items Ruch,https://bananarepublic.gap.com/browse/category.do?cid=1158705,200,
2026-10-04,banana_republic,Gap Inc,premium,https://bananarepublic.gap.com/browse/product.do?pid=909595032&vid=1&pcid=1158705&cid=1158705,https://bananarepublic.gap.com/browse/product.do?pid=909595032&vid=1&pcid=1158705&cid=1158705#pdp-page-content,909595032,Stretch-Satin Lace-Trim Midi Skirt,Banana Republic,160.00,,USD,InStock,Imported,m controlled or certified wood sources. Imported. Shipping & returns Featured Items Laye,https://bananarepublic.gap.com/browse/category.do?cid=1158705,200,
2026-10-04,banana_republic,Gap Inc,premium,https://bananarepublic.gap.com/browse/product.do?pid=1180327012&vid=1&pcid=1158705&cid=1158705,https://bananarepublic.gap.com/browse/product.do?pid=1180327012&vid=1&pcid=1158705&cid=1158705#pdp-page-content,1180327012,Jersey Draped Gigot Sleeve Maxi Dress,Banana Republic,248.00,,USD,InStock,Imported,"old, gentle cycle, line dry, cool iron. Imported. Shipping & returns Featured Items Geor",https://bananarepublic.gap.com/browse/category.do?cid=1158705,200,
2026-10-04,banana_republic,Gap Inc,premium,https://bananarepublic.gap.com/browse/product.do?pid=915788022&vid=1&pcid=1158705&cid=1158705,https://bananarepublic.gap.com/browse/product.do?pid=915788022&vid=1&pcid=1158705&cid=1158705#pdp-page-content,915788022,Satin-Stretch Tie-Neck Top,Banana Republic,120.00,,USD,InStock,Imported,"cle, line dry, warm iron, or dry clean. Imported. Shipping & returns Featured Items Bana",https://bananarepublic.gap.com/browse/category.do?cid=1158705,200,
2026-10-04,banana_republic,Gap Inc,premium,https://bananarepublic.gap.com/browse/product.do?pid=1180268012&vid=1&pcid=1158705&cid=1158705,https://bananarepublic.gap.com/browse/product.do?pid=1180268012&vid=1&pcid=1158705&cid=1158705#pdp-page-content,1180268012,Stretch-Satin Balloon Cargo Pant,Banana Republic,170.00,,USD,OutOfStock,Imported,m controlled or certified wood sources. Imported. Shipping & returns Featured Items High,https://bananarepublic.gap.com/browse/category.do?cid=1158705,200,
2026-10-04,banana_republic,Gap Inc,premium,https://bananarepublic.gap.com/browse/product.do?pid=1180159012&vid=1&pcid=1158705&cid=1158705,https://bananarepublic.gap.com/browse/product.do?pid=1180159012&vid=1&pcid=1158705&cid=1158705#pdp-page-content,1180159012,Crinkle Chiffon Mini Dess,Banana Republic,198.00,,USD,InStock,Imported,m controlled or certified wood sources. Imported. Shipping & returns Featured Items Stre,https://bananarepublic.gap.com/browse/category.do?cid=1158705,200,
2026-10-04,banana_republic,Gap Inc,premium,https://bananarepublic.gap.com/browse/product.do?pid=1180466002&vid=1&pcid=1158705&cid=1158705,https://bananarepublic.gap.com/browse/product.do?pid=1180466002&vid=1&pcid=1158705&cid=1158705#pdp-page-content,1180466002,Italian Wool-Blend Top Coat,Banana Republic,498.00,,USD,InStock,Imported,ng: 100% viscose rayon. Dry clean only. Imported. Shipping & returns Featured Items Bana,https://bananarepublic.gap.com/browse/category.do?cid=1158705,200,
2026-10-04,banana_republic,Gap Inc,premium,https://bananarepublic.gap.com/browse/product.do?pid=1180990012&vid=1&pcid=1158705&cid=1158705,https://bananarepublic.gap.com/browse/product.do?pid=1180990012&vid=1&pcid=1158705&cid=1158705#pdp-page-content,1180990012,Georgette Tie-Neck Blouse,Banana Republic,120.00,,USD,InStock,Imported,"old, gentle cycle, dry flat, cool iron. Imported. Shipping & returns Featured Items Line",https://bananarepublic.gap.com/browse/category.do?cid=1158705,200,
2026-10-04,banana_republic,Gap Inc,premium,https://bananarepublic.gap.com/browse/product.do?pid=915541002&vid=1&pcid=1158705&cid=1158705,https://bananarepublic.gap.com/browse/product.do?pid=915541002&vid=1&pcid=1158705&cid=1158705#pdp-page-content,915541002,Drapey Georgette Maxi Skirt,Banana Republic,180.00,,USD,InStock,Imported,m controlled or certified wood sources. Imported. Shipping & returns Featured Items Chif,https://bananarepublic.gap.com/browse/category.do?cid=1158705,200,
2026-10-04,banana_republic,Gap Inc,premium,https://bananarepublic.gap.com/browse/product.do?pid=579807012&vid=1&pcid=1158705&cid=1158705,https://bananarepublic.gap.com/browse/product.do?pid=579807012&vid=1&pcid=1158705&cid=1158705#pdp-page-content,579807012,Refined Scoop-Neck T-Shirt,Banana Republic,35.00,,USD,InStock,Imported,"e 91% cotton, 9% spandex. Machine wash. Imported. Shipping & returns Style It With  EVER",https://bananarepublic.gap.com/browse/category.do?cid=1158705,200,
2026-10-04,banana_republic,Gap Inc,premium,https://bananarepublic.gap.com/browse/product.do?pid=915793012&vid=1&pcid=1158705&cid=1158705,https://bananarepublic.gap.com/browse/product.do?pid=915793012&vid=1&pcid=1158705&cid=1158705#pdp-page-content,915793012,Larkspur Cotton-Silk Crew-Neck Sweater,Banana Republic,95.00,,USD,InStock,Imported,"cle, dry flat, cool iron, or dry clean. Imported. Shipping & returns Featured Items Lark",https://bananarepublic.gap.com/browse/category.do?cid=1158705,200,
2026-10-04,banana_republic,Gap Inc,premium,https://bananarepublic.gap.com/browse/product.do?pid=826977012&vid=1&pcid=1158705&cid=1158705,https://bananarepublic.gap.com/browse/product.do?pid=826977012&vid=1&pcid=1158705&cid=1158705#pdp-page-content,826977012,The Icon Classic Wide-Leg Jean,Banana Republic,100.00,,USD,OutOfStock,Imported,"entle cycle, tumble dry low, warm iron. Imported. Shipping & returns Style It With  LIGH",https://bananarepublic.gap.com/browse/category.do?cid=1158705,200,
2026-10-04,banana_republic,Gap Inc,premium,https://bananarepublic.gap.com/browse/product.do?pid=826978032&vid=1&pcid=1158705&cid=1158705,https://bananarepublic.gap.com/browse/product.do?pid=826978032&vid=1&pcid=1158705&cid=1158705#pdp-page-content,826978032,Mid-Rise 90s Classic Relaxed Jean,Banana Republic,100.00,,USD,InStock,Imported,fiber from responsibly-harvested trees. Imported. Shipping & returns Style It With  LARK,https://bananarepublic.gap.com/browse/category.do?cid=1158705,200,
2026-10-04,banana_republic,Gap Inc,premium,https://bananarepublic.gap.com/browse/product.do?pid=915609002&vid=1&pcid=1158705&cid=1158705,https://bananarepublic.gap.com/browse/product.do?pid=915609002&vid=1&pcid=1158705&cid=1158705#pdp-page-content,915609002,Oversized Merino-Cotton Crew-Neck Sweater,Banana Republic,115.00,,USD,InStock,Imported," and dry flat, cool iron, or dry clean. Imported. Shipping & returns Style It With  HIGH",https://bananarepublic.gap.com/browse/category.do?cid=1158705,200,
2026-10-04,banana_republic,Gap Inc,premium,https://bananarepublic.gap.com/browse/product.do?pid=1180184002&vid=1&pcid=1158705&cid=1158705,https://bananarepublic.gap.com/browse/product.do?pid=1180184002&vid=1&pcid=1158705&cid=1158705#pdp-page-content,1180184002,Relaxed Cotton-Twill Popover Shirt,Banana Republic,95.00,,USD,InStock,Imported,"entle cycle, tumble dry low, cool iron. Imported. Shipping & returns Style It With  SUED",https://bananarepublic.gap.com/browse/category.do?cid=1158705,200,
2026-10-04,banana_republic,Gap Inc,premium,https://bananarepublic.gap.com/browse/product.do?pid=915793052&vid=1&pcid=1158705&cid=1158705,https://bananarepublic.gap.com/browse/product.do?pid=915793052&vid=1&pcid=1158705&cid=1158705#pdp-page-content,915793052,Larkspur Cotton-Silk Crew-Neck Sweater,Banana Republic,95.00,,USD,OutOfStock,Imported,"cle, dry flat, cool iron, or dry clean. Imported. Shipping & returns Style It With  HIGH",https://bananarepublic.gap.com/browse/category.do?cid=1158705,200,
2026-10-04,banana_republic,Gap Inc,premium,https://bananarepublic.gap.com/browse/product.do?pid=1180227012&vid=1&pcid=1158705&cid=1158705,https://bananarepublic.gap.com/browse/product.do?pid=1180227012&vid=1&pcid=1158705&cid=1158705#pdp-page-content,1180227012,Italian Merino-Blend Crew-Neck Sweater,Banana Republic,220.00,,USD,InStock,Imported,"fine Merino wool, 20% nylon. Dry clean. Imported. Shipping & returns Featured Items Ital",https://bananarepublic.gap.com/browse/category.do?cid=1158705,200,
2026-10-04,banana_republic,Gap Inc,premium,https://bananarepublic.gap.com/browse/product.do?pid=579807002&vid=1&pcid=1158705&cid=1158705,https://bananarepublic.gap.com/browse/product.do?pid=579807002&vid=1&pcid=1158705&cid=1158705#pdp-page-content,579807002,Refined Scoop-Neck T-Shirt,Banana Republic,35.00,,USD,InStock,Imported,"e 91% cotton, 9% spandex. Machine wash. Imported. Shipping & returns Style It With  ULTR",https://bananarepublic.gap.com/browse/category.do?cid=1158705,200,
2026-10-04,banana_republic,Gap Inc,premium,https://bananarepublic.gap.com/browse/product.do?pid=1182818002&vid=1&pcid=1158705&cid=1158705,https://bananarepublic.gap.com/browse/product.do?pid=11828180020000&vid=1&pcid=1158705&cid=1158705#pdp-page-content,1182818002,Two-Tone Link Chain Earrings,Banana Republic,45.00,,USD,InStock,Imported, to oxidation-causing air and humidity. Imported. Shipping & returns Featured Items Chai,https://bananarepublic.gap.com/browse/category.do?cid=1158705,200,
2026-10-04,banana_republic,Gap Inc,premium,https://bananarepublic.gap.com/browse/product.do?pid=1180198002&vid=1&pcid=1158705&cid=1158705,https://bananarepublic.gap.com/browse/product.do?pid=1180198002&vid=1&pcid=1158705&cid=1158705#pdp-page-content,1180198002,Wool-Cotton Drape-Neck Sweater,Banana Republic,115.00,,USD,InStock,Imported," and dry flat, cool iron, or dry clean. Imported. Shipping & returns Style It With  LOW-",https://bananarepublic.gap.com/browse/category.do?cid=1158705,200,
2026-10-04,banana_republic,Gap Inc,premium,https://bananarepublic.gap.com/browse/product.do?pid=1180265002&vid=1&pcid=1158705&cid=1158705,https://bananarepublic.gap.com/browse/product.do?pid=1180265002&vid=1&pcid=1158705&cid=1158705#pdp-page-content,1180265002,The Everyday Wide-Leg Pant in Corduroy,Banana Republic,148.00,,USD,InStock,Imported," 99% cotton, 1% elastane. Machine wash. Imported. Shipping & returns Featured Items High",https://bananarepublic.gap.com/browse/category.do?cid=1158705,200,
2026-10-04,banana_republic,Gap Inc,premium,https://bananarepublic.gap.com/browse/product.do?pid=826938012&vid=1&pcid=1158705&cid=1158705,https://bananarepublic.gap.com/browse/product.do?pid=826938012&vid=1&pcid=1158705&cid=1158705#pdp-page-content,826938012,High-Rise Wide-Leg Everywhere Ponte Pull-On Pant,Banana Republic,100.00,,USD,InStock,Imported,urced from responsibly managed forests. Imported. Shipping & returns Style It With  RIBB,https://bananarepublic.gap.com/browse/category.do?cid=1158705,200,
2026-10-04,banana_republic,Gap Inc,premium,https://bananarepublic.gap.com/browse/product.do?pid=1180225002&vid=1&pcid=1158705&cid=1158705,https://bananarepublic.gap.com/browse/product.do?pid=1180225002&vid=1&pcid=1158705&cid=1158705#pdp-page-content,1180225002,Marled Wool-Cotton Fringe Sweater,Banana Republic,180.00,,USD,InStock,Imported,"& care 55% wool, 45% cotton. Dry clean. Imported. Shipping & returns Featured Items Ital",https://bananarepublic.gap.com/browse/category.do?cid=1158705,200,
2026-10-04,banana_republic,Gap Inc,premium,https://bananarepublic.gap.com/browse/product.do?pid=826977002&vid=1&pcid=1158705&cid=1158705,https://bananarepublic.gap.com/browse/product.do?pid=826977002&vid=1&pcid=1158705&cid=1158705#pdp-page-content,826977002,The Icon Classic Wide-Leg Jean,Banana Republic,100.00,,USD,InStock,Imported,"entle cycle, tumble dry low, warm iron. Imported. Shipping & returns Style It With  SILK",https://bananarepublic.gap.com/browse/category.do?cid=1158705,200,
2026-10-04,banana_republic,Gap Inc,premium,https://bananarepublic.gap.com/browse/product.do?pid=915606022&vid=1&pcid=1158705&cid=1158705,https://bananarepublic.gap.com/browse/product.do?pid=915606022&vid=1&pcid=1158705&cid=1158705#pdp-page-content,915606022,Larkspur Cotton-Silk Mock-Neck Cardigan,Banana Republic,148.00,,USD,InStock,Imported,"cle, dry flat, cool iron, or dry clean. Imported. Shipping & returns Style It With  HIGH",https://bananarepublic.gap.com/browse/category.do?cid=1158705,200,
2026-10-04,banana_republic,Gap Inc,premium,https://bananarepublic.gap.com/browse/product.do?pid=1180980042&vid=1&pcid=1158705&cid=1158705,https://bananarepublic.gap.com/browse/product.do?pid=1180980042&vid=1&pcid=1158705&cid=1158705#pdp-page-content,1180980042,Luxe Wool-Blend Turtleneck T-Shirt,Banana Republic,80.00,,USD,InStock,Imported,"cle, line dry, cool iron, or dry clean. Imported. Shipping & returns Featured Items Luxe",https://bananarepublic.gap.com/browse/category.do?cid=1158705,200,
2026-10-04,banana_republic,Gap Inc,premium,https://bananarepublic.gap.com/browse/product.do?pid=826978022&vid=1&pcid=1158705&cid=1158705,https://bananarepublic.gap.com/browse/product.do?pid=826978022&vid=1&pcid=1158705&cid=1158705#pdp-page-content,826978022,Mid-Rise 90s Classic Relaxed Jean,Banana Republic,100.00,,USD,OutOfStock,Imported,fiber from responsibly-harvested trees. Imported. Shipping & returns Featured Items High,https://bananarepublic.gap.com/browse/category.do?cid=1158705,200,
2026-10-04,banana_republic,Gap Inc,premium,https://bananarepublic.gap.com/browse/product.do?pid=915609022&vid=1&pcid=1158705&cid=1158705,https://bananarepublic.gap.com/browse/product.do?pid=915609022&vid=1&pcid=1158705&cid=1158705#pdp-page-content,915609022,Oversized Merino-Cotton Crew-Neck Sweater,Banana Republic,115.00,,USD,InStock,Imported," and dry flat, cool iron, or dry clean. Imported. Shipping & returns Style It With  COTT",https://bananarepublic.gap.com/browse/category.do?cid=1158705,200,
2026-10-04,banana_republic,Gap Inc,premium,https://bananarepublic.gap.com/browse/product.do?pid=445853002&vid=1&pcid=1158705&cid=1158705,https://bananarepublic.gap.com/browse/product.do?pid=445853002&vid=1&pcid=1158705&cid=1158705#pdp-page-content,445853002,Straight Everywhere Ponte Ankle Pant,Banana Republic,100.00,,USD,InStock,Imported,urced from responsibly managed forests. Imported. Shipping & returns Style It With  SLIM,https://bananarepublic.gap.com/browse/category.do?cid=1158705,200,
2026-10-04,banana_republic,Gap Inc,premium,https://bananarepublic.gap.com/browse/product.do?pid=915793042&vid=1&pcid=1158705&cid=1158705,https://bananarepublic.gap.com/browse/product.do?pid=915793042&vid=1&pcid=1158705&cid=1158705#pdp-page-content,915793042,Larkspur Cotton-Silk Crew-Neck Sweater,Banana Republic,95.00,,USD,InStock,Imported,"cle, dry flat, cool iron, or dry clean. Imported. Shipping & returns Style It With  HIGH",https://bananarepublic.gap.com/browse/category.do?cid=1158705,200,
2026-10-04,banana_republic,Gap Inc,premium,https://bananarepublic.gap.com/browse/product.do?pid=1180212002&vid=1&pcid=1158705&cid=1158705,https://bananarepublic.gap.com/browse/product.do?pid=1180212002&vid=1&pcid=1158705&cid=1158705#pdp-page-content,1180212002,Felted Wool Belted Cardigan,Banana Republic,240.00,,USD,InStock,Imported,XS. Fabric & care 100% wool. Dry clean. Imported. Shipping & returns Featured Items Ital,https://bananarepublic.gap.com/browse/category.do?cid=1158705,200,
2026-10-04,banana_republic,Gap Inc,premium,https://bananarepublic.gap.com/browse/product.do?pid=1180979002&vid=1&pcid=1158705&cid=1158705,https://bananarepublic.gap.com/browse/product.do?pid=1180979002&vid=1&pcid=1158705&cid=1158705#pdp-page-content,1180979002,Luxe Wool-Blend Crew-Neck Top,Banana Republic,80.00,,USD,InStock,Imported,"cle, line dry, cool iron, or dry clean. Imported. Shipping & returns Featured Items Luxe",https://bananarepublic.gap.com/browse/category.do?cid=1158705,200,
2026-10-04,banana_republic,Gap Inc,premium,https://bananarepublic.gap.com/browse/product.do?pid=915748002&vid=1&pcid=1158705&cid=1158705,https://bananarepublic.gap.com/browse/product.do?pid=915748002&vid=1&pcid=1158705&cid=1158705#pdp-page-content,915748002,Corduroy Bomber Jacket,Banana Republic,220.00,,USD,InStock,Imported,"e dry low, cool iron. Do not dry clean. Imported. Shipping & returns Featured Items Crop",https://bananarepublic.gap.com/browse/category.do?cid=1158705,200,
2026-10-04,banana_republic,Gap Inc,premium,https://bananarepublic.gap.com/browse/product.do?pid=859896052&vid=1&pcid=1158705&cid=1158705,https://bananarepublic.gap.com/browse/product.do?pid=859896052&vid=1&pcid=1158705&cid=1158705#pdp-page-content,859896052,Bias-Cut Chiffon Maxi Dress,Banana Republic,248.00,,USD,OutOfStock,Imported,"old, gentle cycle, line dry, warm iron. Imported. Shipping & returns Featured Items Mesh",https://bananarepublic.gap.com/browse/category.do?cid=1158705,200,
2026-10-04,banana_republic,Gap Inc,premium,https://bananarepublic.gap.com/browse/product.do?pid=506573002&vid=1&pcid=1158705&cid=1158705,https://bananarepublic.gap.com/browse/product.do?pid=506573002&vid=1&pcid=1158705&cid=1158705#pdp-page-content,506573002,Refined Crew-Neck T-Shirt,Banana Republic,55.00,,USD,InStock,Imported,"e 91% cotton, 9% spandex. Machine wash. Imported. Shipping & returns Style It With  HERI",https://bananarepublic.gap.com/browse/category.do?cid=1158705,200,
2026-10-04,everlane,Everlane (private),premium,https://www.everlane.com/products/mens-essential-organic-crew-uniform-white,https://www.everlane.com/products/mens-essential-organic-crew-uniform-white,,The Essential Organic Crew | White,Everlane,34.00,,USD,,,,https://www.everlane.com/collections/mens-tees,200,shopify_js
2026-10-04,everlane,Everlane (private),premium,https://www.everlane.com/products/mens-essential-organic-dyed-crew-agave-green,https://www.everlane.com/products/mens-essential-organic-dyed-crew-agave-green,,The Essential Organic Garment-Dyed Crew | Agave Green,Everlane,24.00,48.00,USD,,,,https://www.everlane.com/collections/mens-tees,200,shopify_js
2026-10-04,everlane,Everlane (private),premium,https://www.everlane.com/products/mens-archive-cotton-relaxed-fit-crew-heathered-oatmeal,https://www.everlane.com/products/mens-archive-cotton-relaxed-fit-crew-heathered-oatmeal,,Archive Relaxed-Fit Cotton Crew | Heathered Oatmeal,Everlane,38.00,,USD,,,,https://www.everlane.com/collections/mens-tees,200,shopify_js
2026-10-04,everlane,Everlane (private),premium,https://www.everlane.com/products/mens-archive-standard-fit-cotton-crew-burnished-lilac,https://www.everlane.com/products/mens-archive-standard-fit-cotton-crew-burnished-lilac,,Archive Standard-Fit Cotton Crew | Burnished Lilac,Everlane,27.00,38.00,USD,,,,https://www.everlane.com/collections/mens-tees,200,shopify_js
2026-10-04,everlane,Everlane (private),premium,https://www.everlane.com/products/mens-classic-pique-polo-heathered-graphite,https://www.everlane.com/products/mens-classic-pique-polo-heathered-graphite,,Classic Piqué Polo | Heathered Graphite,Everlane,68.00,,USD,,,,https://www.everlane.com/collections/mens-tees,200,shopify_js
2026-10-04,everlane,Everlane (private),premium,https://www.everlane.com/products/mens-vintage-rib-tank-beech,https://www.everlane.com/products/mens-vintage-rib-tank-beech,,Vintage Rib Tank | Beech,Everlane,34.00,48.00,USD,,,,https://www.everlane.com/collections/mens-tees,200,shopify_js
2026-10-04,everlane,Everlane (private),premium,https://www.everlane.com/products/mens-vintage-rugby-pullover-overdye-navy,https://www.everlane.com/products/mens-vintage-rugby-pullover-overdye-navy,,Vintage Rugby Pullover | Navy / Black,Everlane,118.00,,USD,,,,https://www.everlane.com/collections/mens-tees,200,shopify_js
2026-10-04,everlane,Everlane (private),premium,https://www.everlane.com/products/m-t-fvj-crew-tee-olv,https://www.everlane.com/products/m-t-fvj-crew-tee-olv,,Archive Standard-Fit Cotton Crew | Olive Night,Everlane,38.00,,USD,,,,https://www.everlane.com/collections/mens-tees,200,shopify_js
2026-10-04,everlane,Everlane (private),premium,https://www.everlane.com/products/m-t-fvj-crew-tee-dbrn,https://www.everlane.com/products/m-t-fvj-crew-tee-dbrn,,Archive Standard-Fit Cotton Crew | Coffee Bean,Everlane,38.00,,USD,,,,https://www.everlane.com/collections/mens-tees,200,shopify_js
2026-10-04,everlane,Everlane (private),premium,https://www.everlane.com/products/m-t-fvj-crew-tee-nvystpe,https://www.everlane.com/products/m-t-fvj-crew-tee-nvystpe,,Archive Standard-Fit Cotton Crew | Navy / Burgundy,Everlane,38.00,,USD,,,,https://www.everlane.com/collections/mens-tees,200,shopify_js
2026-10-04,everlane,Everlane (private),premium,https://www.everlane.com/products/mens-essential-organic-crew-uniform-black,https://www.everlane.com/products/mens-essential-organic-crew-uniform-black,,The Essential Organic Crew | Black,Everlane,34.00,,USD,,,,https://www.everlane.com/collections/mens-tees,200,shopify_js
2026-10-04,everlane,Everlane (private),premium,https://www.everlane.com/products/mens-essential-organic-crew-uniform-deep-navy,https://www.everlane.com/products/mens-essential-organic-crew-uniform-deep-navy,,The Essential Organic Crew | Deep Navy,Everlane,34.00,,USD,,,,https://www.everlane.com/collections/mens-tees,200,shopify_js
2026-10-04,everlane,Everlane (private),premium,https://www.everlane.com/products/mens-essential-organic-crew-uniform-heathered-grey,https://www.everlane.com/products/mens-essential-organic-crew-uniform-heathered-grey,,The Essential Organic Crew |  Heathered Grey,Everlane,34.00,,USD,,,,https://www.everlane.com/collections/mens-tees,200,shopify_js
2026-10-04,everlane,Everlane (private),premium,https://www.everlane.com/products/mens-essential-organic-crew-uniform-coffee-bean,https://www.everlane.com/products/mens-essential-organic-crew-uniform-coffee-bean,,The Essential Organic Crew | Coffee Bean,Everlane,34.00,,USD,,,,https://www.everlane.com/collections/mens-tees,200,shopify_js
2026-10-04,everlane,Everlane (private),premium,https://www.everlane.com/products/mens-essential-organic-crew-uniform-heathered-charcoal,https://www.everlane.com/products/mens-essential-organic-crew-uniform-heathered-charcoal,,The Essential Organic Crew | Heathered Charcoal,Everlane,34.00,,USD,,,,https://www.everlane.com/collections/mens-tees,200,shopify_js
2026-10-04,everlane,Everlane (private),premium,https://www.everlane.com/products/mens-essential-organic-crew-uniform-heathered-oat,https://www.everlane.com/products/mens-essential-organic-crew-uniform-heathered-oat,,The Essential Organic Crew | Heathered Oat,Everlane,34.00,,USD,,,,https://www.everlane.com/collections/mens-tees,200,shopify_js
2026-10-04,everlane,Everlane (private),premium,https://www.everlane.com/products/mens-archive-standard-fit-cotton-crew-white,https://www.everlane.com/products/mens-archive-standard-fit-cotton-crew-white,,Archive Standard-Fit Cotton Crew | White,Everlane,38.00,,USD,,,,https://www.everlane.com/collections/mens-tees,200,shopify_js
2026-10-04,everlane,Everlane (private),premium,https://www.everlane.com/products/mens-archive-cotton-relaxed-fit-crew-white,https://www.everlane.com/products/mens-archive-cotton-relaxed-fit-crew-white,,Archive Relaxed-Fit Cotton Crew | White,Everlane,38.00,,USD,,,,https://www.everlane.com/collections/mens-tees,200,shopify_js
2026-10-04,everlane,Everlane (private),premium,https://www.everlane.com/products/mens-archive-standard-fit-cotton-crew-black,https://www.everlane.com/products/mens-archive-standard-fit-cotton-crew-black,,Archive Standard-Fit Cotton Crew | Black,Everlane,38.00,,USD,,,,https://www.everlane.com/collections/mens-tees,200,shopify_js
2026-10-04,everlane,Everlane (private),premium,https://www.everlane.com/products/mens-essential-organic-crew-uniform-overland,https://www.everlane.com/products/mens-essential-organic-crew-uniform-overland,,The Essential Organic Crew | Overland,Everlane,34.00,,USD,,,,https://www.everlane.com/collections/mens-tees,200,shopify_js
2026-10-04,everlane,Everlane (private),premium,https://www.everlane.com/products/mens-essential-organic-ls-tee-uniform-black,https://www.everlane.com/products/mens-essential-organic-ls-tee-uniform-black,,The Essential Organic Long-Sleeve Tee | Black,Everlane,48.00,,USD,,,,https://www.everlane.com/collections/mens-tees,200,shopify_js
2026-10-04,everlane,Everlane (private),premium,https://www.everlane.com/products/mens-archive-standard-fit-cotton-crew-heathered-oatmeal,https://www.everlane.com/products/mens-archive-standard-fit-cotton-crew-heathered-oatmeal,,Archive Standard-Fit Cotton Crew | Heathered Oatmeal,Everlane,38.00,,USD,,,,https://www.everlane.com/collections/mens-tees,200,shopify_js
2026-10-04,everlane,Everlane (private),premium,https://www.everlane.com/products/mens-essential-organic-ls-tee-uniform-deep-navy,https://www.everlane.com/products/mens-essential-organic-ls-tee-uniform-deep-navy,,The Essential Organic Long-Sleeve Tee | Deep Navy,Everlane,48.00,,USD,,,,https://www.everlane.com/collections/mens-tees,200,shopify_js
2026-10-04,everlane,Everlane (private),premium,https://www.everlane.com/products/mens-archive-standard-fit-cotton-crew-vintage-heather-grey,https://www.everlane.com/products/mens-archive-standard-fit-cotton-crew-vintage-heather-grey,,Archive Standard-Fit Cotton Crew | Vintage Heather Grey,Everlane,38.00,,USD,,,,https://www.everlane.com/collections/mens-tees,200,shopify_js
2026-10-04,everlane,Everlane (private),premium,https://www.everlane.com/products/mens-archive-standard-fit-cotton-crew-midnight-navy,https://www.everlane.com/products/mens-archive-standard-fit-cotton-crew-midnight-navy,,Archive Standard-Fit Cotton Crew | Midnight Navy,Everlane,38.00,,USD,,,,https://www.everlane.com/collections/mens-tees,200,shopify_js
2026-10-04,everlane,Everlane (private),premium,https://www.everlane.com/products/mens-essential-organic-v-tee-uniform-white,https://www.everlane.com/products/mens-essential-organic-v-tee-uniform-white,,The Essential Organic V-Neck Tee | White,Everlane,34.00,,USD,,,,https://www.everlane.com/collections/mens-tees,200,shopify_js
2026-10-04,everlane,Everlane (private),premium,https://www.everlane.com/products/m-t-fvj-prm-ls-blk,https://www.everlane.com/products/m-t-fvj-prm-ls-blk,,Archive Long-Sleeve Crew | Black,Everlane,48.00,,USD,,,,https://www.everlane.com/collections/mens-tees,200,shopify_js
2026-10-04,everlane,Everlane (private),premium,https://www.everlane.com/products/mens-archive-cotton-relaxed-fit-crew-vintage-heather-grey,https://www.everlane.com/products/mens-archive-cotton-relaxed-fit-crew-vintage-heather-grey,,Archive Relaxed-Fit Cotton Crew | Vintage Heather Grey,Everlane,38.00,,USD,,,,https://www.everlane.com/collections/mens-tees,200,shopify_js
2026-10-04,everlane,Everlane (private),premium,https://www.everlane.com/products/mens-essential-organic-ls-tee-uniform-white,https://www.everlane.com/products/mens-essential-organic-ls-tee-uniform-white,,The Essential Organic Long-Sleeve Tee | White,Everlane,48.00,,USD,,,,https://www.everlane.com/collections/mens-tees,200,shopify_js
2026-10-04,everlane,Everlane (private),premium,https://www.everlane.com/products/mens-essential-organic-v-tee-uniform-black,https://www.everlane.com/products/mens-essential-organic-v-tee-uniform-black,,The Essential Organic V-Neck Tee | Black,Everlane,34.00,,USD,,,,https://www.everlane.com/collections/mens-tees,200,shopify_js
2026-10-04,everlane,Everlane (private),premium,https://www.everlane.com/products/mens-thermal-cozy-waffle-henley-heathered-oatmeal,https://www.everlane.com/products/mens-thermal-cozy-waffle-henley-heathered-oatmeal,,Thermal Henley in Cozy Waffle | Heathered Oatmeal,Everlane,88.00,,USD,,,,https://www.everlane.com/collections/mens-tees,200,shopify_js
2026-10-04,everlane,Everlane (private),premium,https://www.everlane.com/products/m-t-fvj-prm-ls-nvystpe,https://www.everlane.com/products/m-t-fvj-prm-ls-nvystpe,,Archive Long-Sleeve Crew | Navy / Off White Stripe,Everlane,48.00,,USD,,,,https://www.everlane.com/collections/mens-tees,200,shopify_js
2026-10-04,everlane,Everlane (private),premium,https://www.everlane.com/products/mens-archive-cotton-relaxed-fit-crew-black,https://www.everlane.com/products/mens-archive-cotton-relaxed-fit-crew-black,,Archive Relaxed-Fit Cotton Crew | Black,Everlane,38.00,,USD,,,,https://www.everlane.com/collections/mens-tees,200,shopify_js
2026-10-04,everlane,Everlane (private),premium,https://www.everlane.com/products/mens-vintage-rugby-pullover-overdye-olive-night,https://www.everlane.com/products/mens-vintage-rugby-pullover-overdye-olive-night,,Vintage Rugby Pullover | Overdye Olive Night,Everlane,118.00,,USD,,,,https://www.everlane.com/collections/mens-tees,200,shopify_js
2026-10-04,everlane,Everlane (private),premium,https://www.everlane.com/products/m-t-fvj-prm-ls-wht,https://www.everlane.com/products/m-t-fvj-prm-ls-wht,,Archive Long-Sleeve Crew | White,Everlane,48.00,,USD,,,,https://www.everlane.com/collections/mens-tees,200,shopify_js
2026-10-04,everlane,Everlane (private),premium,https://www.everlane.com/products/mens-thermal-cozy-waffle-henley-black,https://www.everlane.com/products/mens-thermal-cozy-waffle-henley-black,,Thermal Henley in Cozy Waffle | Black,Everlane,88.00,,USD,,,,https://www.everlane.com/collections/mens-tees,200,shopify_js
2026-10-04,everlane,Everlane (private),premium,https://www.everlane.com/products/mens-thermal-cozy-waffle-henley-bone,https://www.everlane.com/products/mens-thermal-cozy-waffle-henley-bone,,Thermal Henley in Cozy Waffle | Bone,Everlane,88.00,,USD,,,,https://www.everlane.com/collections/mens-tees,200,shopify_js
2026-10-04,everlane,Everlane (private),premium,https://www.everlane.com/products/mens-essential-organic-v-tee-uniform-heathered-charcoal,https://www.everlane.com/products/mens-essential-organic-v-tee-uniform-heathered-charcoal,,The Essential Organic V-Neck Tee | Heathered Charcoal,Everlane,34.00,,USD,,,,https://www.everlane.com/collections/mens-tees,200,shopify_js
2026-10-04,everlane,Everlane (private),premium,https://www.everlane.com/products/mens-classic-pique-polo-black,https://www.everlane.com/products/mens-classic-pique-polo-black,,Classic Piqué Polo | Black,Everlane,68.00,,USD,,,,https://www.everlane.com/collections/mens-tees,200,shopify_js
2026-10-04,everlane,Everlane (private),premium,https://www.everlane.com/products/mens-classic-pique-polo-navy,https://www.everlane.com/products/mens-classic-pique-polo-navy,,Classic Piqué Polo | Navy,Everlane,68.00,,USD,,,,https://www.everlane.com/collections/mens-tees,200,shopify_js
2026-10-04,everlane,Everlane (private),premium,https://www.everlane.com/products/mens-waffle-knit-crew-midnight-navy,https://www.everlane.com/products/mens-waffle-knit-crew-midnight-navy,,Waffle Knit Crew | Midnight Navy,Everlane,98.00,,USD,,,,https://www.everlane.com/collections/mens-tees,200,shopify_js
2026-10-04,everlane,Everlane (private),premium,https://www.everlane.com/products/m-t-fvj-prm-ls-dbrn,https://www.everlane.com/products/m-t-fvj-prm-ls-dbrn,,Archive Long-Sleeve Crew | Coffee Bean,Everlane,48.00,,USD,,,,https://www.everlane.com/collections/mens-tees,200,shopify_js
2026-10-04,everlane,Everlane (private),premium,https://www.everlane.com/products/mens-waffle-knit-crew-black,https://www.everlane.com/products/mens-waffle-knit-crew-black,,Waffle Knit Crew | Black,Everlane,98.00,,USD,,,,https://www.everlane.com/collections/mens-tees,200,shopify_js
2026-10-04,everlane,Everlane (private),premium,https://www.everlane.com/products/mens-thermal-cozy-waffle-henley-heather-beech,https://www.everlane.com/products/mens-thermal-cozy-waffle-henley-heather-beech,,Thermal Henley in Cozy Waffle | Heather Beech,Everlane,88.00,,USD,,,,https://www.everlane.com/collections/mens-tees,200,shopify_js
2026-10-04,everlane,Everlane (private),premium,https://www.everlane.com/products/mens-essential-organic-v-tee-uniform-deep-navy,https://www.everlane.com/products/mens-essential-organic-v-tee-uniform-deep-navy,,The Essential Organic V-Neck Tee | Deep Navy,Everlane,34.00,,USD,,,,https://www.everlane.com/collections/mens-tees,200,shopify_js
2026-10-04,everlane,Everlane (private),premium,https://www.everlane.com/products/m-swts-frc-ctn-rag-coco,https://www.everlane.com/products/m-swts-frc-ctn-rag-coco,,Luxe Fleece Rugby Polo | Cocoa,Everlane,88.00,,USD,,,,https://www.everlane.com/collections/mens-tees,200,shopify_js
2026-10-04,everlane,Everlane (private),premium,https://www.everlane.com/products/m-swts-frc-ctn-rag-nvy,https://www.everlane.com/products/m-swts-frc-ctn-rag-nvy,,Luxe Fleece Rugby Polo | Deep Navy,Everlane,88.00,,USD,,,,https://www.everlane.com/collections/mens-tees,200,shopify_js
2026-10-04,everlane,Everlane (private),premium,https://www.everlane.com/products/mens-essential-organic-crew-uniform-cashmere-blue,https://www.everlane.com/products/mens-essential-organic-crew-uniform-cashmere-blue,,The Essential Organic Crew | Cashmere Blue,Everlane,34.00,,USD,,,,https://www.everlane.com/collections/mens-tees,200,shopify_js
2026-10-04,everlane,Everlane (private),premium,https://www.everlane.com/products/mens-archive-cotton-relaxed-fit-crew-midnight-navy,https://www.everlane.com/products/mens-archive-cotton-relaxed-fit-crew-midnight-navy,,Archive Relaxed-Fit Cotton Crew | Midnight Navy,Everlane,38.00,,USD,,,,https://www.everlane.com/collections/mens-tees,200,shopify_js
2026-10-04,everlane,Everlane (private),premium,https://www.everlane.com/products/m-t-fvj-prm-ls-hgry,https://www.everlane.com/products/m-t-fvj-prm-ls-hgry,,Archive Long-Sleeve Crew |  Heathered Grey,Everlane,48.00,,USD,,,,https://www.everlane.com/collections/mens-tees,200,shopify_js
2026-10-04,athleta,Gap Inc,premium,https://athleta.gap.com/browse/product.do?pid=599749732&vid=1&pcid=3043230&cid=3043230,https://athleta.gap.com/browse/product.do?pid=599749732&vid=1&pcid=3043230&cid=3043230#pdp-page-content,599749732,Salutation Stash High Rise Legging,Athleta,65.40,,USD,InStock,Imported,llent Protection) Machine wash and dry. Imported. Shipping & returns Customers Also View,https://athleta.gap.com/browse/new/all-womens?cid=3043230,200,
2026-10-04,athleta,Gap Inc,premium,https://athleta.gap.com/browse/product.do?pid=657490492&vid=1&pcid=3043230&cid=3043230,https://athleta.gap.com/browse/product.do?pid=657490492&vid=1&pcid=3043230&cid=3043230#pdp-page-content,657490492,Salutation Jacket,Athleta,77.40,,USD,InStock,Imported,achine wash cold and tumble dry on low. Imported. Shipping & returns Customers Also View,https://athleta.gap.com/browse/new/all-womens?cid=3043230,200,
2026-10-04,athleta,Gap Inc,premium,https://athleta.gap.com/browse/product.do?pid=533636562&vid=1&pcid=3043230&cid=3043230,https://athleta.gap.com/browse/product.do?pid=533636562&vid=1&pcid=3043230&cid=3043230#pdp-page-content,533636562,Endless High Rise Pant,Athleta,65.40,,USD,InStock,Imported, the garment Machine wash and line dry. Imported. Shipping & returns Customers Also View,https://athleta.gap.com/browse/new/all-womens?cid=3043230,200,
2026-10-04,athleta,Gap Inc,premium,https://athleta.gap.com/browse/product.do?pid=1174532052&vid=1&pcid=3043230&cid=3043230,https://athleta.gap.com/browse/product.do?pid=1174532052&vid=1&pcid=3043230&cid=3043230#pdp-page-content,1174532052,Signature Rib V-Neck Muscle Tank,Athleta,29.40,,USD,OutOfStock,Imported, a second thought Machine wash and dry. Imported. Shipping & returns Customers Also View,https://athleta.gap.com/browse/new/all-womens?cid=3043230,200,
2026-10-04,athleta,Gap Inc,premium,https://athleta.gap.com/browse/product.do?pid=588653032&vid=1&pcid=3043230&cid=3043230,https://athleta.gap.com/browse/product.do?pid=588653032&vid=1&pcid=3043230&cid=3043230#pdp-page-content,,BodyMove Crew Neck Long Sleeve Top | Athleta,,35,,USD,,Imported, breaking a sweat Machine wash and dry. Imported. Shipping & returns  This is a carousel,https://athleta.gap.com/browse/new/all-womens?cid=3043230,200,no_jsonld
2026-10-04,athleta,Gap Inc,premium,https://athleta.gap.com/browse/product.do?pid=650012202&vid=1&pcid=3043230&cid=3043230,https://athleta.gap.com/browse/product.do?pid=650012202&vid=1&pcid=3043230&cid=3043230#pdp-page-content,650012202,Skyline High Rise Barrel Leg Pant,Athleta,83.40,,USD,InStock,Imported,xcellent Protection) Machine wash cold. Imported. Shipping & returns Customers Also View,https://athleta.gap.com/browse/new/all-womens?cid=3043230,200,
2026-10-04,athleta,Gap Inc,premium,https://athleta.gap.com/browse/product.do?pid=659287702&vid=1&pcid=3043230&cid=3043230,https://athleta.gap.com/browse/product.do?pid=659287702&vid=1&pcid=3043230&cid=3043230#pdp-page-content,659287702,Coaster Luxe Recover Sweatshirt,Athleta,47.40,,USD,InStock,Imported,d sources Machine wash and hang to dry. Imported. Shipping & returns  This is a carousel,https://athleta.gap.com/browse/new/all-womens?cid=3043230,200,
2026-10-04,athleta,Gap Inc,premium,https://athleta.gap.com/browse/product.do?pid=658312462&vid=1&pcid=3043230&cid=3043230,https://athleta.gap.com/browse/product.do?pid=658312462&vid=1&pcid=3043230&cid=3043230#pdp-page-content,658312462,Coaster Luxe High Rise Jogger,Athleta,47.40,,USD,InStock,Imported,he garment Machine wash and hang to dry Imported. Shipping & returns Customers Also View,https://athleta.gap.com/browse/new/all-womens?cid=3043230,200,
2026-10-04,athleta,Gap Inc,premium,https://athleta.gap.com/browse/product.do?pid=1177757012&vid=1&pcid=1006482&cid=3056242,https://athleta.gap.com/browse/product.do?pid=1177757012&vid=1&pcid=1006482&cid=3056242#pdp-page-content,1177757012,Forever Fleece Hoodie,Athleta,99.00,,USD,InStock,Imported,e wash and dry without a second thought Imported. Shipping & returns  This is a carousel,https://athleta.gap.com/browse/category.do?cid=1006482,200,
2026-10-04,athleta,Gap Inc,premium,https://athleta.gap.com/browse/product.do?pid=1177757012&vid=1&pcid=1006482&cid=1006482,https://athleta.gap.com/browse/product.do?pid=1177757012&vid=1&pcid=1006482&cid=1006482#pdp-page-content,1177757012,Forever Fleece Hoodie,Athleta,99.00,,USD,InStock,Imported,e wash and dry without a second thought Imported. Shipping & returns  This is a carousel,https://athleta.gap.com/browse/category.do?cid=1006482,200,
2026-10-04,athleta,Gap Inc,premium,https://athleta.gap.com/browse/product.do?pid=1174473032&vid=1&pcid=1006482&cid=3056242,https://athleta.gap.com/browse/product.do?pid=1174473032&vid=1&pcid=1006482&cid=3056242#pdp-page-content,1174473032,Forever Fleece Classic Wide Leg,Athleta,99.00,,USD,InStock,Imported, a second thought Machine wash and dry. Imported. Shipping & returns  This is a carousel,https://athleta.gap.com/browse/category.do?cid=1006482,200,
2026-10-04,athleta,Gap Inc,premium,https://athleta.gap.com/browse/product.do?pid=1174473032&vid=1&pcid=1006482&cid=1006482,https://athleta.gap.com/browse/product.do?pid=1174473032&vid=1&pcid=1006482&cid=1006482#pdp-page-content,1174473032,Forever Fleece Classic Wide Leg,Athleta,99.00,,USD,InStock,Imported, a second thought Machine wash and dry. Imported. Shipping & returns  This is a carousel,https://athleta.gap.com/browse/category.do?cid=1006482,200,
2026-10-04,athleta,Gap Inc,premium,https://athleta.gap.com/browse/product.do?pid=1174523012&vid=1&pcid=1006482&cid=3056242,https://athleta.gap.com/browse/product.do?pid=1174523012&vid=1&pcid=1006482&cid=3056242#pdp-page-content,1174523012,Seasoft V-Neck Sweatshirt,Athleta,53.40,,USD,InStock,Imported,inkles out easily Machine wash and dry. Imported. Shipping & returns  This is a carousel,https://athleta.gap.com/browse/category.do?cid=1006482,200,
2026-10-04,athleta,Gap Inc,premium,https://athleta.gap.com/browse/product.do?pid=1174523012&vid=1&pcid=1006482&cid=1006482,https://athleta.gap.com/browse/product.do?pid=1174523012&vid=1&pcid=1006482&cid=1006482#pdp-page-content,1174523012,Seasoft V-Neck Sweatshirt,Athleta,53.40,,USD,InStock,Imported,inkles out easily Machine wash and dry. Imported. Shipping & returns  This is a carousel,https://athleta.gap.com/browse/category.do?cid=1006482,200,
2026-10-04,athleta,Gap Inc,premium,https://athleta.gap.com/browse/product.do?pid=472259022&vid=1&pcid=1006482&cid=3056242,https://athleta.gap.com/browse/product.do?pid=472259022&vid=1&pcid=1006482&cid=3056242#pdp-page-content,472259022,Seasoft Mid Rise Straight Pant,Athleta,99.00,,USD,InStock,Imported,ontrolled sources Machine wash and dry. Imported. Shipping & returns Customers Also View,https://athleta.gap.com/browse/category.do?cid=1006482,200,
2026-10-04,athleta,Gap Inc,premium,https://athleta.gap.com/browse/product.do?pid=472259022&vid=1&pcid=1006482&cid=1006482,https://athleta.gap.com/browse/product.do?pid=472259022&vid=1&pcid=1006482&cid=1006482#pdp-page-content,472259022,Seasoft Mid Rise Straight Pant,Athleta,99.00,,USD,InStock,Imported,ontrolled sources Machine wash and dry. Imported. Shipping & returns Customers Also View,https://athleta.gap.com/browse/category.do?cid=1006482,200,
2026-10-04,athleta,Gap Inc,premium,https://athleta.gap.com/browse/product.do?pid=1177320002&vid=1&pcid=1006482&cid=3056242,https://athleta.gap.com/browse/product.do?pid=1177320002&vid=1&pcid=1006482&cid=3056242#pdp-page-content,1177320002,Forever Fleece Classic Full Zip Sweatshirt,Athleta,109.00,,USD,InStock,Imported, a second thought Machine wash and dry. Imported. Shipping & returns Customers Also View,https://athleta.gap.com/browse/category.do?cid=1006482,200,
2026-10-04,athleta,Gap Inc,premium,https://athleta.gap.com/browse/product.do?pid=1177320002&vid=1&pcid=1006482&cid=1006482,https://athleta.gap.com/browse/product.do?pid=1177320002&vid=1&pcid=1006482&cid=1006482#pdp-page-content,1177320002,Forever Fleece Classic Full Zip Sweatshirt,Athleta,109.00,,USD,InStock,Imported, a second thought Machine wash and dry. Imported. Shipping & returns Customers Also View,https://athleta.gap.com/browse/category.do?cid=1006482,200,
2026-10-04,athleta,Gap Inc,premium,https://athleta.gap.com/browse/product.do?pid=1174475072&vid=1&pcid=1006482&cid=3056242,https://athleta.gap.com/browse/product.do?pid=1174475072&vid=1&pcid=1006482&cid=3056242#pdp-page-content,1174475072,Forever Fleece Classic Jogger,Athleta,89.00,,USD,InStock,Imported, a second thought Machine wash and dry. Imported. Shipping & returns Customers Also View,https://athleta.gap.com/browse/category.do?cid=1006482,200,
2026-10-04,athleta,Gap Inc,premium,https://athleta.gap.com/browse/product.do?pid=1174475072&vid=1&pcid=1006482&cid=1006482,https://athleta.gap.com/browse/product.do?pid=1174475072&vid=1&pcid=1006482&cid=1006482#pdp-page-content,1174475072,Forever Fleece Classic Jogger,Athleta,89.00,,USD,InStock,Imported, a second thought Machine wash and dry. Imported. Shipping & returns Customers Also View,https://athleta.gap.com/browse/category.do?cid=1006482,200,
2026-10-04,athleta,Gap Inc,premium,https://athleta.gap.com/browse/product.do?pid=1177875122&vid=1&pcid=1006482&cid=3056242,https://athleta.gap.com/browse/product.do?pid=1177875122&vid=1&pcid=1006482&cid=3056242#pdp-page-content,1177875122,Seasoft Classic 1/4 Zip Sweatshirt,Athleta,59.40,,USD,InStock,Imported,inkles out easily Machine wash and dry. Imported. Shipping & returns Customers Also View,https://athleta.gap.com/browse/category.do?cid=1006482,200,
2026-10-04,athleta,Gap Inc,premium,https://athleta.gap.com/browse/product.do?pid=1177875122&vid=1&pcid=1006482&cid=1006482,https://athleta.gap.com/browse/product.do?pid=1177875122&vid=1&pcid=1006482&cid=1006482#pdp-page-content,1177875122,Seasoft Classic 1/4 Zip Sweatshirt,Athleta,59.40,,USD,InStock,Imported,inkles out easily Machine wash and dry. Imported. Shipping & returns Customers Also View,https://athleta.gap.com/browse/category.do?cid=1006482,200,
2026-10-04,athleta,Gap Inc,premium,https://athleta.gap.com/browse/product.do?pid=597888452&vid=1&pcid=1006482&cid=3056242,https://athleta.gap.com/browse/product.do?pid=597888452&vid=1&pcid=1006482&cid=3056242#pdp-page-content,597888452,Venice High Rise Jogger,Athleta,58.80,,USD,InStock,Imported, Protection) Machine wash and line dry. Imported. Shipping & returns Customers Also View,https://athleta.gap.com/browse/category.do?cid=1006482,200,
2026-10-04,athleta,Gap Inc,premium,https://athleta.gap.com/browse/product.do?pid=597888452&vid=1&pcid=1006482&cid=1006482,https://athleta.gap.com/browse/product.do?pid=597888452&vid=1&pcid=1006482&cid=1006482#pdp-page-content,597888452,Venice High Rise Jogger,Athleta,58.80,,USD,InStock,Imported, Protection) Machine wash and line dry. Imported. Shipping & returns Customers Also View,https://athleta.gap.com/browse/category.do?cid=1006482,200,
2026-10-04,athleta,Gap Inc,premium,https://athleta.gap.com/browse/product.do?pid=533636032&vid=1&pcid=3043230&cid=3043230,https://athleta.gap.com/browse/product.do?pid=533636032&vid=1&pcid=3043230&cid=3043230#pdp-page-content,533636032,Endless High Rise Pant,Athleta,65.40,,USD,InStock,Imported, the garment Machine wash and line dry. Imported. Shipping & returns  This is a carousel,https://athleta.gap.com/browse/new/all-womens?cid=3043230,200,
2026-10-04,athleta,Gap Inc,premium,https://athleta.gap.com/browse/product.do?pid=531321002&vid=1&pcid=3043230&cid=3043230,https://athleta.gap.com/browse/product.do?pid=531321002&vid=1&pcid=3043230&cid=3043230#pdp-page-content,531321002,Salutation Stash High Rise 7/8 Legging,Athleta,65.40,,USD,InStock,Imported,llent Protection) Machine wash and dry. Imported. Shipping & returns  This is a carousel,https://athleta.gap.com/browse/new/all-womens?cid=3043230,200,
2026-10-04,athleta,Gap Inc,premium,https://athleta.gap.com/browse/product.do?pid=599749002&vid=1&pcid=3043230&cid=3043230,https://athleta.gap.com/browse/product.do?pid=599749002&vid=1&pcid=3043230&cid=3043230#pdp-page-content,599749002,Salutation Stash High Rise Legging,Athleta,65.40,,USD,InStock,Imported,llent Protection) Machine wash and dry. Imported. Shipping & returns  This is a carousel,https://athleta.gap.com/browse/new/all-womens?cid=3043230,200,
2026-10-04,athleta,Gap Inc,premium,https://athleta.gap.com/browse/product.do?pid=472259402&vid=1&pcid=3043230&cid=3043230,https://athleta.gap.com/browse/product.do?pid=472259402&vid=1&pcid=3043230&cid=3043230#pdp-page-content,472259402,Seasoft Mid Rise Straight Pant,Athleta,49.50,,USD,BackOrder,Imported,ontrolled sources Machine wash and dry. Imported. Shipping & returns  This is a carousel,https://athleta.gap.com/browse/new/all-womens?cid=3043230,200,
2026-10-04,athleta,Gap Inc,premium,https://athleta.gap.com/browse/product.do?pid=198671002&vid=1&pcid=3043230&cid=3043230,https://athleta.gap.com/browse/product.do?pid=198671002&vid=1&pcid=3043230&cid=3043230#pdp-page-content,198671002,Brooklyn Mid Rise Ankle Pant,Athleta,59.40,,USD,InStock,Imported,llent Protection) Machine wash and dry. Imported. Shipping & returns  This is a carousel,https://athleta.gap.com/browse/new/all-womens?cid=3043230,200,
2026-10-04,athleta,Gap Inc,premium,https://athleta.gap.com/browse/product.do?pid=533636602&vid=1&pcid=3043230&cid=3043230,https://athleta.gap.com/browse/product.do?pid=533636602&vid=1&pcid=3043230&cid=3043230#pdp-page-content,533636602,Endless High Rise Pant,Athleta,65.40,,USD,BackOrder,Imported, the garment Machine wash and line dry. Imported. Shipping & returns Customers Also View,https://athleta.gap.com/browse/new/all-womens?cid=3043230,200,
2026-10-04,athleta,Gap Inc,premium,https://athleta.gap.com/browse/product.do?pid=597888002&vid=1&pcid=3043230&cid=3043230,https://athleta.gap.com/browse/product.do?pid=597888002&vid=1&pcid=3043230&cid=3043230#pdp-page-content,597888002,Venice High Rise Jogger,Athleta,58.80,,USD,InStock,Imported, Protection) Machine wash and line dry. Imported. Shipping & returns  This is a carousel,https://athleta.gap.com/browse/new/all-womens?cid=3043230,200,
2026-10-04,athleta,Gap Inc,premium,https://athleta.gap.com/browse/product.do?pid=845130012&vid=1&pcid=3043230&cid=3043230,https://athleta.gap.com/browse/product.do?pid=845130012&vid=1&pcid=3043230&cid=3043230#pdp-page-content,845130012,Elation Ultra High Rise Flare Pant,Athleta,59.40,,USD,InStock,Imported, the right places Machine wash and dry. Imported. Shipping & returns Customers Also View,https://athleta.gap.com/browse/new/all-womens?cid=3043230,200,
2026-10-04,athleta,Gap Inc,premium,https://athleta.gap.com/browse/product.do?pid=1177758002&vid=1&pcid=3043230&cid=3043230,https://athleta.gap.com/browse/product.do?pid=1177758002&vid=1&pcid=3043230&cid=3043230#pdp-page-content,1177758002,Form Knit Bomber Sweatshirt,Athleta,77.40,,USD,OutOfStock,Imported,rce use and waste Machine wash and dry. Imported. Shipping & returns  This is a carousel,https://athleta.gap.com/browse/new/all-womens?cid=3043230,200,
2026-10-04,athleta,Gap Inc,premium,https://athleta.gap.com/browse/product.do?pid=1183445002&vid=1&pcid=3043230&cid=3043230,https://athleta.gap.com/browse/product.do?pid=1183445002&vid=1&pcid=3043230&cid=3043230#pdp-page-content,1183445002,Salutation Stash Wide Leg,Athleta,71.40,,USD,InStock,Imported,fort and mobility Machine wash and dry. Imported. Shipping & returns Customers Also View,https://athleta.gap.com/browse/new/all-womens?cid=3043230,200,
2026-10-04,athleta,Gap Inc,premium,https://athleta.gap.com/browse/product.do?pid=533636052&vid=1&pcid=3043230&cid=3043230,https://athleta.gap.com/browse/product.do?pid=533636052&vid=1&pcid=3043230&cid=3043230#pdp-page-content,533636052,Endless High Rise Pant,Athleta,65.40,,USD,BackOrder,Imported, the garment Machine wash and line dry. Imported. Shipping & returns Customers Also View,https://athleta.gap.com/browse/new/all-womens?cid=3043230,200,
2026-10-04,athleta,Gap Inc,premium,https://athleta.gap.com/browse/product.do?pid=531321032&vid=1&pcid=3043230&cid=3043230,https://athleta.gap.com/browse/product.do?pid=531321032&vid=1&pcid=3043230&cid=3043230#pdp-page-content,531321032,Salutation Stash High Rise 7/8 Legging,Athleta,65.40,,USD,InStock,Imported,llent Protection) Machine wash and dry. Imported. Shipping & returns  This is a carousel,https://athleta.gap.com/browse/new/all-womens?cid=3043230,200,
2026-10-04,athleta,Gap Inc,premium,https://athleta.gap.com/browse/product.do?pid=531304002&vid=1&pcid=3043230&cid=3043230,https://athleta.gap.com/browse/product.do?pid=531304002&vid=1&pcid=3043230&cid=3043230#pdp-page-content,531304002,Salutation Stash High Rise Capri,Athleta,59.40,,USD,InStock,Imported,llent Protection) Machine wash and dry. Imported. Shipping & returns  This is a carousel,https://athleta.gap.com/browse/new/all-womens?cid=3043230,200,
2026-10-04,athleta,Gap Inc,premium,https://athleta.gap.com/browse/product.do?pid=599749032&vid=1&pcid=3043230&cid=3043230,https://athleta.gap.com/browse/product.do?pid=599749032&vid=1&pcid=3043230&cid=3043230#pdp-page-content,599749032,Salutation Stash High Rise Legging,Athleta,65.40,,USD,InStock,Imported,llent Protection) Machine wash and dry. Imported. Shipping & returns Customers Also View,https://athleta.gap.com/browse/new/all-womens?cid=3043230,200,
2026-10-04,athleta,Gap Inc,premium,https://athleta.gap.com/browse/product.do?pid=659287002&vid=1&pcid=3043230&cid=3043230,https://athleta.gap.com/browse/product.do?pid=659287002&vid=1&pcid=3043230&cid=3043230#pdp-page-content,659287002,Coaster Luxe Recover Sweatshirt,Athleta,47.40,,USD,OutOfStock,Imported,d sources Machine wash and hang to dry. Imported. Shipping & returns  This is a carousel,https://athleta.gap.com/browse/new/all-womens?cid=3043230,200,
2026-10-04,athleta,Gap Inc,premium,https://athleta.gap.com/browse/product.do?pid=819515002&vid=95&pcid=3043230&cid=3043230,https://athleta.gap.com/browse/product.do?pid=819515002&vid=95&pcid=3043230&cid=3043230#pdp-page-content,819515002,Vital Sports Bra A-C,Athleta,27.00,,USD,InStock,Imported,l the right places Machine wash and dry Imported. Shipping & returns  This is a carousel,https://athleta.gap.com/browse/new/all-womens?cid=3043230,200,
2026-10-04,athleta,Gap Inc,premium,https://athleta.gap.com/browse/product.do?pid=533636522&vid=1&pcid=3043230&cid=3043230,https://athleta.gap.com/browse/product.do?pid=533636522&vid=1&pcid=3043230&cid=3043230#pdp-page-content,533636522,Endless High Rise Pant,Athleta,65.40,,USD,InStock,Imported, the garment Machine wash and line dry. Imported. Shipping & returns Customers Also View,https://athleta.gap.com/browse/new/all-womens?cid=3043230,200,
2026-10-04,athleta,Gap Inc,premium,https://athleta.gap.com/browse/product.do?pid=198671012&vid=1&pcid=3043230&cid=3043230,https://athleta.gap.com/browse/product.do?pid=198671012&vid=1&pcid=3043230&cid=3043230#pdp-page-content,198671012,Brooklyn Mid Rise Ankle Pant,Athleta,59.40,,USD,InStock,Imported,llent Protection) Machine wash and dry. Imported. Shipping & returns Customers Also View,https://athleta.gap.com/browse/new/all-womens?cid=3043230,200,
2026-10-04,athleta,Gap Inc,premium,https://athleta.gap.com/browse/product.do?pid=659287712&vid=1&pcid=3043230&cid=3043230,https://athleta.gap.com/browse/product.do?pid=659287712&vid=1&pcid=3043230&cid=3043230#pdp-page-content,659287712,Coaster Luxe Recover Sweatshirt,Athleta,47.40,,USD,InStock,Imported,d sources Machine wash and hang to dry. Imported. Shipping & returns Customers Also View,https://athleta.gap.com/browse/new/all-womens?cid=3043230,200,
2026-10-04,athleta,Gap Inc,premium,https://athleta.gap.com/browse/product.do?pid=659287722&vid=1&pcid=3043230&cid=3043230,https://athleta.gap.com/browse/product.do?pid=659287722&vid=1&pcid=3043230&cid=3043230#pdp-page-content,659287722,Coaster Luxe Recover Sweatshirt,Athleta,47.40,,USD,InStock,Imported,d sources Machine wash and hang to dry. Imported. Shipping & returns Customers Also View,https://athleta.gap.com/browse/new/all-womens?cid=3043230,200,
2026-10-04,athleta,Gap Inc,premium,https://athleta.gap.com/browse/product.do?pid=1177153002&vid=1&pcid=3043230&cid=3043230,https://athleta.gap.com/browse/product.do?pid=1177153002&vid=1&pcid=3043230&cid=3043230#pdp-page-content,1177153002,Salutation Stash High Rise 7/8 Legging,Athleta,65.40,,USD,InStock,Imported,llent Protection) Machine wash and dry. Imported. Shipping & returns Customers Also View,https://athleta.gap.com/browse/new/all-womens?cid=3043230,200,
2026-10-04,athleta,Gap Inc,premium,https://athleta.gap.com/browse/product.do?pid=1174497022&vid=1&pcid=3043230&cid=3043230,https://athleta.gap.com/browse/product.do?pid=1174497022&vid=1&pcid=3043230&cid=3043230#pdp-page-content,1174497022,Signature Rib V-Neck Top,Athleta,41.40,,USD,InStock,Imported, a second thought Machine wash and dry. Imported. Shipping & returns  This is a carousel,https://athleta.gap.com/browse/new/all-womens?cid=3043230,200,
2026-10-04,athleta,Gap Inc,premium,https://athleta.gap.com/browse/product.do?pid=1181003002&vid=1&pcid=3043230&cid=3043230,https://athleta.gap.com/browse/product.do?pid=1181003002&vid=1&pcid=3043230&cid=3043230#pdp-page-content,1181003002,Form Knit Shawl Collar Sweatshirt,Athleta,71.40,,USD,InStock,Imported,rce use and waste Machine wash and dry. Imported. Shipping & returns  This is a carousel,https://athleta.gap.com/browse/new/all-womens?cid=3043230,200,
2026-10-04,athleta,Gap Inc,premium,https://athleta.gap.com/browse/product.do?pid=1177758012&vid=1&pcid=3043230&cid=3043230,https://athleta.gap.com/browse/product.do?pid=1177758012&vid=1&pcid=3043230&cid=3043230#pdp-page-content,1177758012,Form Knit Bomber Sweatshirt,Athleta,77.40,,USD,BackOrder,Imported,rce use and waste Machine wash and dry. Imported. Shipping & returns  This is a carousel,https://athleta.gap.com/browse/new/all-womens?cid=3043230,200,
2026-10-04,athleta,Gap Inc,premium,https://athleta.gap.com/browse/product.do?pid=1174194022&vid=1&pcid=3043230&cid=3043230,https://athleta.gap.com/browse/product.do?pid=1174194022&vid=1&pcid=3043230&cid=3043230#pdp-page-content,1174194022,Endless High Rise Barrel Pant,Athleta,71.40,,USD,InStock,Imported,rough the garment Machine wash and dry. Imported. Shipping & returns Customers Also View,https://athleta.gap.com/browse/new/all-womens?cid=3043230,200,
2026-10-04,athleta,Gap Inc,premium,https://athleta.gap.com/browse/product.do?pid=659287102&vid=1&pcid=3043230&cid=3043230,https://athleta.gap.com/browse/product.do?pid=659287102&vid=1&pcid=3043230&cid=3043230#pdp-page-content,659287102,Coaster Luxe Recover Sweatshirt,Athleta,47.40,,USD,InStock,Imported,d sources Machine wash and hang to dry. Imported. Shipping & returns Customers Also View,https://athleta.gap.com/browse/new/all-womens?cid=3043230,200,
2026-10-04,gap,Gap Inc,mass,https://www.gap.com/browse/product.do?pid=904963032&vid=1&pcid=1127944&cid=1127944,https://www.gap.com/browse/product.do?pid=904963032&vid=1&pcid=1127944&cid=1127944#pdp-page-content,904963032,Oversized Utility Jacket,Gap,64.00,,USD,InStock,Imported,"sh cold, gentle cycle. Tumble dry low.  Imported. Shipping & returns Reviews 4.7 out of ",https://www.gap.com/browse/category.do?cid=1127944,200,
2026-10-04,gap,Gap Inc,mass,https://www.gap.com/browse/product.do?pid=715775072&vid=1&pcid=1127944&cid=1127944,https://www.gap.com/browse/product.do?pid=715775072&vid=1&pcid=1127944&cid=1127944#pdp-page-content,715775072,Adult Heavyweight Crop T-Shirt,Gap,22.00,,USD,InStock,Imported,abric & care 100% Cotton. Machine wash. Imported. Shipping & returns Customers also view,https://www.gap.com/browse/category.do?cid=1127944,200,
2026-10-04,gap,Gap Inc,mass,https://www.gap.com/browse/product.do?pid=805765002&vid=1&pcid=1127944&cid=1127944,https://www.gap.com/browse/product.do?pid=805765002&vid=1&pcid=1127944&cid=1127944#pdp-page-content,805765002,Relaxed Straight Jeans,Gap,39.00,,USD,OutOfStock,Imported,100% Regenerative Cotton. Machine wash. Imported. Shipping & returns  Video player  Cust,https://www.gap.com/browse/category.do?cid=1127944,200,
2026-10-04,gap,Gap Inc,mass,https://www.gap.com/browse/product.do?pid=907280032&vid=1&pcid=1127944&cid=1127944,https://www.gap.com/browse/product.do?pid=907280032&vid=1&pcid=1127944&cid=1127944#pdp-page-content,907280032,Relaxed Polo Sweater,Gap,39.00,,USD,InStock,Imported,"ash cold, gentle cycle. Tumble dry low. Imported. Shipping & returns Customers also view",https://www.gap.com/browse/category.do?cid=1127944,200,
2026-10-04,gap,Gap Inc,mass,https://www.gap.com/browse/product.do?pid=804527002&vid=1&pcid=1127944&cid=1127944,https://www.gap.com/browse/product.do?pid=804527002&vid=1&pcid=1127944&cid=1127944#pdp-page-content,804527002,Heavyweight Denim Jacket,Gap,49.00,,USD,InStock,Imported,"sh cold, gentle cycle. Lay flat to dry. Imported. Shipping & returns Customers also view",https://www.gap.com/browse/category.do?cid=1127944,200,
2026-10-04,gap,Gap Inc,mass,https://www.gap.com/browse/product.do?pid=786895002&vid=1&pcid=1127944&cid=1127944,https://www.gap.com/browse/product.do?pid=786895002&vid=1&pcid=1127944&cid=1127944#pdp-page-content,786895002,Straight Jeans,Gap,39.00,,USD,InStock,Imported,", Elastane 1%, Cotton 94% Machine wash. Imported. Shipping & returns  Video player  Cust",https://www.gap.com/browse/category.do?cid=1127944,200,
2026-10-04,gap,Gap Inc,mass,https://www.gap.com/browse/product.do?pid=428038472&vid=1&pcid=1127944&cid=1127944,https://www.gap.com/browse/product.do?pid=428038472&vid=1&pcid=1127944&cid=1127944#pdp-page-content,428038472,Organic Cotton T-Shirt,Gap,27.00,,USD,InStock,Imported,care 100% Organic Cotton. Machine wash. Imported. Shipping & returns Customers also view,https://www.gap.com/browse/category.do?cid=1127944,200,
2026-10-04,gap,Gap Inc,mass,https://www.gap.com/browse/product.do?pid=888476002&vid=1&pcid=1127944&cid=1127944,https://www.gap.com/browse/product.do?pid=888476002&vid=1&pcid=1127944&cid=1127944#pdp-page-content,888476002,'90s Loose Carpenter Jeans,Gap,44.00,,USD,InStock,Imported,. Machine wash warm. Tumble dry medium. Imported. Shipping & returns  Video player  Cust,https://www.gap.com/browse/category.do?cid=1127944,200,
2026-10-04,gap,Gap Inc,mass,https://www.gap.com/browse/product.do?pid=888474012&vid=1&pcid=1127944&cid=1127944,https://www.gap.com/browse/product.do?pid=888474012&vid=1&pcid=1127944&cid=1127944#pdp-page-content,888474012,Boot Jeans,Gap,31.00,,USD,InStock,Imported,. Machine wash warm. Tumble dry medium. Imported. Shipping & returns  Video player  Cust,https://www.gap.com/browse/category.do?cid=1127944,200,
2026-10-04,gap,Gap Inc,mass,https://www.gap.com/browse/product.do?pid=913479002&vid=1&pcid=1127944&cid=1127944,https://www.gap.com/browse/product.do?pid=913479002&vid=1&pcid=1127944&cid=1127944#pdp-page-content,913479002,UltraSoft Denim Relaxed Utility Shirt,Gap,44.00,,USD,OutOfStock,Imported,CEL. Machine wash cold. Tumble dry low. Imported. Shipping & returns Customers also view,https://www.gap.com/browse/category.do?cid=1127944,200,
2026-10-04,gap,Gap Inc,mass,https://www.gap.com/browse/product.do?pid=440775132&vid=1&pcid=1127944&cid=1127944,https://www.gap.com/browse/product.do?pid=440775132&vid=1&pcid=1127944&cid=1127944#pdp-page-content,440775132,Classic T-Shirt,Gap,15.00,,USD,InStock,Imported,Fabric & care Cotton 100% Machine wash. Imported. Shipping & returns Customers also view,https://www.gap.com/browse/category.do?cid=1127944,200,
2026-10-04,gap,Gap Inc,mass,https://www.gap.com/browse/product.do?pid=907829022&vid=1&pcid=1127944&cid=1127944,https://www.gap.com/browse/product.do?pid=907829022&vid=1&pcid=1127944&cid=1127944#pdp-page-content,907829022,Herringbone '90s Loose Pants,Gap,44.00,,USD,InStock,Imported,ton. Machine wash cold. Tumble dry low. Imported. Shipping & returns Customers also view,https://www.gap.com/browse/category.do?cid=1127944,200,
2026-10-04,gap,Gap Inc,mass,https://www.gap.com/browse/product.do?pid=847912202&vid=1&pcid=1127944&cid=1127944,https://www.gap.com/browse/product.do?pid=847912202&vid=1&pcid=1127944&cid=1127944#pdp-page-content,847912202,Plaid Oxford Button-Down Shirt,Gap,29.00,,USD,InStock,Imported,"sh cold, gentle cycle. Lay flat to dry. Imported. Shipping & returns Customers also view",https://www.gap.com/browse/category.do?cid=1127944,200,
2026-10-04,gap,Gap Inc,mass,https://www.gap.com/browse/product.do?pid=455517002&vid=1&pcid=1127944&cid=1127944,https://www.gap.com/browse/product.do?pid=455517002&vid=1&pcid=1127944&cid=1127944#pdp-page-content,455517002,'90s Loose Jeans,Gap,39.00,,USD,OutOfStock,Imported, Regenerative Cotton 100% Machine wash. Imported. Shipping & returns  Video player  Cust,https://www.gap.com/browse/category.do?cid=1127944,200,
2026-10-04,gap,Gap Inc,mass,https://www.gap.com/browse/product.do?pid=440775002&vid=1&pcid=1127944&cid=1127944,https://www.gap.com/browse/product.do?pid=440775002&vid=1&pcid=1127944&cid=1127944#pdp-page-content,440775002,Classic T-Shirt,Gap,15.00,,USD,InStock,Imported,Fabric & care Cotton 100% Machine wash. Imported. Shipping & returns Customers also view,https://www.gap.com/browse/category.do?cid=1127944,200,
2026-10-04,gap,Gap Inc,mass,https://www.gap.com/browse/product.do?pid=908078002&vid=1&pcid=1127944&cid=1127944,https://www.gap.com/browse/product.do?pid=908078002&vid=1&pcid=1127944&cid=1127944#pdp-page-content,908078002,Relaxed Quarter-Zip Sweater,Gap,63.00,,USD,InStock,Imported,"sh cold, gentle cycle. Tumble dry low.  Imported. Shipping & returns Customers also view",https://www.gap.com/browse/category.do?cid=1127944,200,
2026-10-04,gap,Gap Inc,mass,https://www.gap.com/browse/product.do?pid=909177072&vid=1&pcid=1127944&cid=1127944,https://www.gap.com/browse/product.do?pid=909177072&vid=1&pcid=1127944&cid=1127944#pdp-page-content,909177072,Relaxed Crop Straight-Hem Oxford Shirt,Gap,29.00,,USD,InStock,Imported,ane. Machine wash cold. Tumble dry low. Imported. Shipping & returns Customers also view,https://www.gap.com/browse/category.do?cid=1127944,200,
2026-10-04,gap,Gap Inc,mass,https://www.gap.com/browse/product.do?pid=881695002&vid=1&pcid=1127944&cid=1127944,https://www.gap.com/browse/product.do?pid=881695002&vid=1&pcid=1127944&cid=1127944#pdp-page-content,881695002,Heavyweight Twill '90s Loose Khakis,Gap,39.00,,USD,InStock,Imported,100% Regenerative Cotton. Machine wash. Imported. Shipping & returns Customers also view,https://www.gap.com/browse/category.do?cid=1127944,200,
2026-10-04,gap,Gap Inc,mass,https://www.gap.com/browse/product.do?pid=735031012&vid=1&pcid=1127944&cid=1127944,https://www.gap.com/browse/product.do?pid=735031012&vid=1&pcid=1127944&cid=1127944#pdp-page-content,735031012,Adult Heavyweight Relaxed T-Shirt,Gap,22.00,,USD,InStock,Imported,abric & care 100% Cotton. Machine wash. Imported. Shipping & returns Customers also view,https://www.gap.com/browse/category.do?cid=1127944,200,
2026-10-04,gap,Gap Inc,mass,https://www.gap.com/browse/product.do?pid=813054042&vid=1&pcid=1127944&cid=1127944,https://www.gap.com/browse/product.do?pid=813054042&vid=1&pcid=1127944&cid=1127944#pdp-page-content,813054042,Baggy Cargo Pants,Gap,35.00,,USD,InStock,Imported,"ton, 30% Recycled Cotton. Machine wash. Imported. Shipping & returns Customers also view",https://www.gap.com/browse/category.do?cid=1127944,200,
2026-10-04,gap,Gap Inc,mass,https://www.gap.com/browse/product.do?pid=624545002&vid=1&pcid=1127944&cid=1127944,https://www.gap.com/browse/product.do?pid=624545002&vid=1&pcid=1127944&cid=1127944#pdp-page-content,624545002,Extra Baggy Jeans,Gap,44.00,,USD,InStock,Imported,100% Regenerative Cotton. Machine wash. Imported. Shipping & returns  Video player  Cust,https://www.gap.com/browse/category.do?cid=1127944,200,
2026-10-04,gap,Gap Inc,mass,https://www.gap.com/browse/product.do?pid=907278042&vid=1&pcid=1127944&cid=1127944,https://www.gap.com/browse/product.do?pid=907278042&vid=1&pcid=1127944&cid=1127944#pdp-page-content,907278042,Relaxed Shaker Sweater,Gap,47.00,,USD,InStock,Imported,"sh cold, gentle cycle. Lay flat to dry. Imported. Shipping & returns Customers also view",https://www.gap.com/browse/category.do?cid=1127944,200,
2026-10-04,gap,Gap Inc,mass,https://www.gap.com/browse/product.do?pid=223627022&vid=1&pcid=1127944&cid=1127944,https://www.gap.com/browse/product.do?pid=223627022&vid=1&pcid=1127944&cid=1127944#pdp-page-content,223627022,Pique Polo Shirt,Gap,17.00,,USD,InStock,Imported,ane. Machine wash cold. Tumble dry low. Imported. Shipping & returns Customers also view,https://www.gap.com/browse/category.do?cid=1127944,200,
2026-10-04,gap,Gap Inc,mass,https://www.gap.com/browse/product.do?pid=881702022&vid=1&pcid=1127944&cid=1127944,https://www.gap.com/browse/product.do?pid=881702022&vid=1&pcid=1127944&cid=1127944#pdp-page-content,881702022,Heavyweight Twill Relaxed Straight Khakis,Gap,63.00,,USD,InStock,Imported,100% Regenerative Cotton. Machine wash. Imported. Shipping & returns Customers also view,https://www.gap.com/browse/category.do?cid=1127944,200,
2026-10-04,gap,Gap Inc,mass,https://www.gap.com/browse/product.do?pid=472757212&vid=1&pcid=1127944&cid=1127944,https://www.gap.com/browse/product.do?pid=472757212&vid=1&pcid=1127944&cid=1127944#pdp-page-content,472757212,Modern Straight Khakis,Gap,29.00,,USD,InStock,Imported," 98% Cotton, 2% Elastane. Machine wash. Imported. Shipping & returns Customers also view",https://www.gap.com/browse/category.do?cid=1127944,200,
2026-10-04,gap,Gap Inc,mass,https://www.gap.com/browse/product.do?pid=734040002&vid=1&pcid=1127944&cid=1127944,https://www.gap.com/browse/product.do?pid=734040002&vid=1&pcid=1127944&cid=1127944#pdp-page-content,734040002,Organic Cotton Poplin Classic Shirt,Gap,29.00,,USD,InStock,Imported,care 100% Organic Cotton. Machine wash. Imported. Shipping & returns Customers also view,https://www.gap.com/browse/category.do?cid=1127944,200,
2026-10-04,gap,Gap Inc,mass,https://www.gap.com/browse/product.do?pid=907829032&vid=1&pcid=1127944&cid=1127944,https://www.gap.com/browse/product.do?pid=907829032&vid=1&pcid=1127944&cid=1127944#pdp-page-content,907829032,Herringbone '90s Loose Pants,Gap,44.00,,USD,InStock,Imported,ton. Machine wash cold. Tumble dry low. Imported. Shipping & returns Customers also view,https://www.gap.com/browse/category.do?cid=1127944,200,
2026-10-04,gap,Gap Inc,mass,https://www.gap.com/browse/product.do?pid=907280022&vid=1&pcid=1127944&cid=1127944,https://www.gap.com/browse/product.do?pid=907280022&vid=1&pcid=1127944&cid=1127944#pdp-page-content,907280022,Relaxed Polo Sweater,Gap,39.00,,USD,InStock,Imported,"ash cold, gentle cycle. Tumble dry low. Imported. Shipping & returns Customers also view",https://www.gap.com/browse/category.do?cid=1127944,200,
2026-10-04,gap,Gap Inc,mass,https://www.gap.com/browse/product.do?pid=428038022&vid=1&pcid=1127944&cid=1127944,https://www.gap.com/browse/product.do?pid=428038022&vid=1&pcid=1127944&cid=1127944#pdp-page-content,428038022,Organic Cotton T-Shirt,Gap,17.00,,USD,InStock,Imported,care 100% Organic Cotton. Machine wash. Imported. Shipping & returns Customers also view,https://www.gap.com/browse/category.do?cid=1127944,200,
2026-10-04,gap,Gap Inc,mass,https://www.gap.com/browse/product.do?pid=621916002&vid=1&pcid=1127944&cid=1127944,https://www.gap.com/browse/product.do?pid=621916002&vid=1&pcid=1127944&cid=1127944#pdp-page-content,621916002,Extra Baggy Jeans,Gap,44.00,,USD,InStock,Imported,100% Regenerative Cotton. Machine wash. Imported. Shipping & returns  Video player  Cust,https://www.gap.com/browse/category.do?cid=1127944,200,
2026-10-04,gap,Gap Inc,mass,https://www.gap.com/browse/product.do?pid=1189438002&vid=1&pcid=1127944&cid=1127944,https://www.gap.com/browse/product.do?pid=1189438002&vid=1&pcid=1127944&cid=1127944#pdp-page-content,1189438002,VintageSoft Relaxed Zip Logo Hoodie,Gap,71.00,,USD,InStock,Imported,"ash cold, gentle cycle. Tumble dry low. Imported. Shipping & returns Shop the collection",https://www.gap.com/browse/category.do?cid=1127944,200,
2026-10-04,gap,Gap Inc,mass,https://www.gap.com/browse/product.do?pid=912706032&vid=1&pcid=1127944&cid=1127944,https://www.gap.com/browse/product.do?pid=912706032&vid=1&pcid=1127944&cid=1127944#pdp-page-content,912706032,Heavyweight Relaxed Sweatpants,Gap,39.00,,USD,InStock,Imported,"sh cold, gentle cycle. Tumble dry low.  Imported. Shipping & returns Shop the collection",https://www.gap.com/browse/category.do?cid=1127944,200,
2026-10-04,gap,Gap Inc,mass,https://www.gap.com/browse/product.do?pid=912700062&vid=1&pcid=1127944&cid=1127944,https://www.gap.com/browse/product.do?pid=912700062&vid=1&pcid=1127944&cid=1127944#pdp-page-content,912700062,Oversized Terry Sweatshirt,Gap,34.00,,USD,InStock,Imported,"ash cold, gentle cycle. Tumble dry low. Imported. Shipping & returns Shop the collection",https://www.gap.com/browse/category.do?cid=1127944,200,
2026-10-04,gap,Gap Inc,mass,https://www.gap.com/browse/product.do?pid=813054012&vid=1&pcid=1127944&cid=1127944,https://www.gap.com/browse/product.do?pid=813054012&vid=1&pcid=1127944&cid=1127944#pdp-page-content,813054012,Baggy Cargo Pants,Gap,35.00,,USD,InStock,Imported,"ton, 30% Recycled Cotton. Machine wash. Imported. Shipping & returns Customers also view",https://www.gap.com/browse/category.do?cid=1127944,200,
2026-10-04,gap,Gap Inc,mass,https://www.gap.com/browse/product.do?pid=715775052&vid=1&pcid=1127944&cid=1127944,https://www.gap.com/browse/product.do?pid=715775052&vid=1&pcid=1127944&cid=1127944#pdp-page-content,715775052,Adult Heavyweight Crop T-Shirt,Gap,22.00,,USD,InStock,Imported,abric & care 100% Cotton. Machine wash. Imported. Shipping & returns Customers also view,https://www.gap.com/browse/category.do?cid=1127944,200,
2026-10-04,gap,Gap Inc,mass,https://www.gap.com/browse/product.do?pid=821270212&vid=1&pcid=1127944&cid=1127944,https://www.gap.com/browse/product.do?pid=821270212&vid=1&pcid=1127944&cid=1127944#pdp-page-content,821270212,Adult Heavyweight Oversized Hoodie,Gap,39.00,,USD,InStock,Imported,", 14% Recycled Polyester. Machine wash. Imported. Shipping & returns Heavyweight Relaxed",https://www.gap.com/browse/category.do?cid=1127944,200,
2026-10-04,gap,Gap Inc,mass,https://www.gap.com/browse/product.do?pid=910213022&vid=1&pcid=1127944&cid=1127944,https://www.gap.com/browse/product.do?pid=910213022&vid=1&pcid=1127944&cid=1127944#pdp-page-content,910213022,Relaxed Straight-Hem Flannel Shirt,Gap,34.00,,USD,OutOfStock,Imported,ton. Machine wash cold. Tumble dry low. Imported. Shipping & returns Customers also view,https://www.gap.com/browse/category.do?cid=1127944,200,
2026-10-04,gap,Gap Inc,mass,https://www.gap.com/browse/product.do?pid=440943562&vid=1&pcid=1127944&cid=1127944,https://www.gap.com/browse/product.do?pid=440943562&vid=1&pcid=1127944&cid=1127944#pdp-page-content,440943562,Modern Slim Khakis,Gap,29.00,,USD,InStock,Imported,ane. Machine wash cold. Tumble dry low. Imported. Shipping & returns Customers also view,https://www.gap.com/browse/category.do?cid=1127944,200,
2026-10-04,gap,Gap Inc,mass,https://www.gap.com/browse/product.do?pid=715036812&vid=1&pcid=1127944&cid=1127944,https://www.gap.com/browse/product.do?pid=715036812&vid=1&pcid=1127944&cid=1127944#pdp-page-content,715036812,Adult VintageSoft Arch Logo Hoodie,Gap,29.00,,USD,InStock,Imported,ter. Machine wash cold. Tumble dry low. Imported. Shipping & returns Adult Heavyweight O,https://www.gap.com/browse/category.do?cid=1127944,200,
2026-10-04,gap,Gap Inc,mass,https://www.gap.com/browse/product.do?pid=908078012&vid=1&pcid=1127944&cid=1127944,https://www.gap.com/browse/product.do?pid=908078012&vid=1&pcid=1127944&cid=1127944#pdp-page-content,908078012,Relaxed Quarter-Zip Sweater,Gap,63.00,,USD,InStock,Imported,"sh cold, gentle cycle. Tumble dry low.  Imported. Shipping & returns Customers also view",https://www.gap.com/browse/category.do?cid=1127944,200,
2026-10-04,gap,Gap Inc,mass,https://www.gap.com/browse/product.do?pid=907276022&vid=1&pcid=1127944&cid=1127944,https://www.gap.com/browse/product.do?pid=907276022&vid=1&pcid=1127944&cid=1127944#pdp-page-content,907276022,CashSoft Crew Sweater,Gap,55.00,,USD,InStock,Imported,"sh cold, gentle cycle. Lay flat to dry. Imported. Shipping & returns ( cashsoft ) Our be",https://www.gap.com/browse/category.do?cid=1127944,200,
2026-10-04,gap,Gap Inc,mass,https://www.gap.com/browse/product.do?pid=907261002&vid=1&pcid=1127944&cid=1127944,https://www.gap.com/browse/product.do?pid=907261002&vid=1&pcid=1127944&cid=1127944#pdp-page-content,907261002,Relaxed Henley T-Shirt,Gap,47.00,,USD,InStock,Imported,"sh cold, gentle cycle. Tumble dry low.  Imported. Shipping & returns Customers also view",https://www.gap.com/browse/category.do?cid=1127944,200,
2026-10-04,gap,Gap Inc,mass,https://www.gap.com/browse/product.do?pid=913461022&vid=1&pcid=1127944&cid=1127944,https://www.gap.com/browse/product.do?pid=913461022&vid=1&pcid=1127944&cid=1127944#pdp-page-content,913461022,Icon Corduroy Jacket,Gap,49.00,,USD,InStock,Imported,ton. Machine wash cold. Tumble dry low. Imported. Shipping & returns Customers also view,https://www.gap.com/browse/category.do?cid=1127944,200,
2026-10-04,gap,Gap Inc,mass,https://www.gap.com/browse/product.do?pid=909178002&vid=1&pcid=1127944&cid=1127944,https://www.gap.com/browse/product.do?pid=909178002&vid=1&pcid=1127944&cid=1127944#pdp-page-content,909178002,Recycled Vegan Leather Bomber Jacket,Gap,99.00,,USD,InStock,Imported,"sh cold, gentle cycle. Lay flat to dry. Imported. Shipping & returns Customers also view",https://www.gap.com/browse/category.do?cid=1127944,200,
2026-10-04,gap,Gap Inc,mass,https://www.gap.com/browse/product.do?pid=907263102&vid=1&pcid=1127944&cid=1127944,https://www.gap.com/browse/product.do?pid=907263102&vid=1&pcid=1127944&cid=1127944#pdp-page-content,907263102,Relaxed Waffle T-Shirt,Gap,35.00,,USD,InStock,Imported,"ash cold, gentle cycle. Tumble dry low. Imported. Shipping & returns Customers also view",https://www.gap.com/browse/category.do?cid=1127944,200,
2026-10-04,gap,Gap Inc,mass,https://www.gap.com/browse/product.do?pid=909177012&vid=1&pcid=1127944&cid=1127944,https://www.gap.com/browse/product.do?pid=909177012&vid=1&pcid=1127944&cid=1127944#pdp-page-content,909177012,Relaxed Crop Straight-Hem Oxford Shirt,Gap,29.00,,USD,OutOfStock,Imported,ane. Machine wash cold. Tumble dry low. Imported. Shipping & returns Customers also view,https://www.gap.com/browse/category.do?cid=1127944,200,
2026-10-04,gap,Gap Inc,mass,https://www.gap.com/browse/product.do?pid=909185012&vid=1&pcid=1127944&cid=1127944,https://www.gap.com/browse/product.do?pid=909185012&vid=1&pcid=1127944&cid=1127944#pdp-page-content,909185012,Corduroy Shirt Jacket,Gap,44.00,,USD,InStock,Imported,ton. Machine wash cold. Tumble dry low. Imported. Shipping & returns Customers also view,https://www.gap.com/browse/category.do?cid=1127944,200,
2026-10-04,gap,Gap Inc,mass,https://www.gap.com/browse/product.do?pid=907280052&vid=1&pcid=1127944&cid=1127944,https://www.gap.com/browse/product.do?pid=907280052&vid=1&pcid=1127944&cid=1127944#pdp-page-content,907280052,Relaxed Polo Sweater,Gap,63.00,,USD,InStock,Imported,"ash cold, gentle cycle. Tumble dry low. Imported. Shipping & returns Customers also view",https://www.gap.com/browse/category.do?cid=1127944,200,
2026-10-04,gap,Gap Inc,mass,https://www.gap.com/browse/product.do?pid=428038502&vid=1&pcid=1127944&cid=1127944,https://www.gap.com/browse/product.do?pid=428038502&vid=1&pcid=1127944&cid=1127944#pdp-page-content,428038502,Organic Cotton T-Shirt,Gap,27.00,,USD,OutOfStock,Imported,care 100% Organic Cotton. Machine wash. Imported. Shipping & returns Customers also view,https://www.gap.com/browse/category.do?cid=1127944,200,
2026-10-04,gap,Gap Inc,mass,https://www.gap.com/browse/product.do?pid=912706042&vid=1&pcid=1127944&cid=1127944,https://www.gap.com/browse/product.do?pid=912706042&vid=1&pcid=1127944&cid=1127944#pdp-page-content,912706042,Heavyweight Relaxed Sweatpants,Gap,39.00,,USD,InStock,Imported,"sh cold, gentle cycle. Tumble dry low.  Imported. Shipping & returns Shop the collection",https://www.gap.com/browse/category.do?cid=1127944,200,
2026-10-04,american_eagle,American Eagle Outfitters,mass,https://www.ae.com/us/en/p/women/jeans/baggy-wide-leg-jeans/ae-low-rise-cozy-baggy-jean/0437_6438_992,https://www.ae.com/us/en/p/women/jeans/baggy-wide-leg-jeans/ae-low-rise-cozy-baggy-jean/0437_6438_992,,AE Low-Rise Cozy Baggy Jean,,79.95,,USD,,,,https://www.ae.com/us/en/c/men/jeans/cat6430041,200,no_jsonld
2026-10-04,american_eagle,American Eagle Outfitters,mass,https://www.ae.com/us/en/p/men/jeans/bootcut-jeans/ae-original-bootcut-jean/0115_6847_909,https://www.ae.com/us/en/p/men/jeans/bootcut-jeans/ae-original-bootcut-jean/0115_6847_909,0115_6847_909,AE Original Bootcut Jean,AE,41.96,,USD,InStock,,,https://www.ae.com/us/en/c/men/jeans/cat6430041,200,
2026-10-04,american_eagle,American Eagle Outfitters,mass,https://www.ae.com/us/en/p/men/jeans/baggy-loose-jeans/ae-loose-jean/1114_7584_952,https://www.ae.com/us/en/p/men/jeans/baggy-loose-jeans/ae-loose-jean/1114_7584_952,1114_7584_952,AE Loose Jean,AE,41.96,,USD,InStock,,,https://www.ae.com/us/en/c/men/jeans/cat6430041,200,
2026-10-04,american_eagle,American Eagle Outfitters,mass,https://www.ae.com/us/en/p/men/jeans/straight-leg-jeans/ae-original-straight-jean/0111_7244_928,https://www.ae.com/us/en/p/men/jeans/straight-leg-jeans/ae-original-straight-jean/0111_7244_928,0111_7244_928,AE Original Straight Jean,AE,41.96,,USD,InStock,,,https://www.ae.com/us/en/c/men/jeans/cat6430041,200,
2026-10-04,american_eagle,American Eagle Outfitters,mass,https://www.ae.com/us/en/p/men/jeans/bootcut-jeans/ae-original-bootcut-jean/0115_7589_451,https://www.ae.com/us/en/p/men/jeans/bootcut-jeans/ae-original-bootcut-jean/0115_7589_451,0115_7589_451,AE Original Bootcut Jean,AE,41.96,,USD,InStock,,,https://www.ae.com/us/en/c/men/jeans/cat6430041,200,
2026-10-04,american_eagle,American Eagle Outfitters,mass,https://www.ae.com/us/en/p/men/jeans/straight-leg-jeans/ae-original-straight-carpenter-jean/0111_7596_401,https://www.ae.com/us/en/p/men/jeans/straight-leg-jeans/ae-original-straight-carpenter-jean/0111_7596_401,0111_7596_401,AE Original Straight Carpenter Jean,AE,29.99,,USD,InStock,,,https://www.ae.com/us/en/c/men/jeans/cat6430041,200,
2026-10-04,american_eagle,American Eagle Outfitters,mass,https://www.ae.com/us/en/p/men/jeans/slim-fit-jeans/ae-slim-straight-jean/0116_6020_272,https://www.ae.com/us/en/p/men/jeans/slim-fit-jeans/ae-slim-straight-jean/0116_6020_272,0116_6020_272,AE Slim Straight Jean,AE,24.97,,USD,InStock,,,https://www.ae.com/us/en/c/men/jeans/cat6430041,200,
2026-10-04,american_eagle,American Eagle Outfitters,mass,https://www.ae.com/us/en/p/men/jeans/baggy-loose-jeans/ae-loose-jean/1114_7583_826,https://www.ae.com/us/en/p/men/jeans/baggy-loose-jeans/ae-loose-jean/1114_7583_826,1114_7583_826,AE Loose Jean,AE,48.96,,USD,InStock,,,https://www.ae.com/us/en/c/men/jeans/cat6430041,200,
2026-10-04,american_eagle,American Eagle Outfitters,mass,https://www.ae.com/us/en/p/men/jeans/straight-leg-jeans/ae-original-straight-jean/0111_7246_738,https://www.ae.com/us/en/p/men/jeans/straight-leg-jeans/ae-original-straight-jean/0111_7246_738,0111_7246_738,AE Original Straight Jean,AE,34.96,,USD,InStock,,,https://www.ae.com/us/en/c/men/jeans/cat6430041,200,
2026-10-04,american_eagle,American Eagle Outfitters,mass,https://www.ae.com/us/en/p/men/jeans/baggy-loose-jeans/ae-loose-jean/1114_7468_975,https://www.ae.com/us/en/p/men/jeans/baggy-loose-jeans/ae-loose-jean/1114_7468_975,1114_7468_975,AE Loose Jean,AE,34.97,,USD,InStock,,,https://www.ae.com/us/en/c/men/jeans/cat6430041,200,
2026-10-04,american_eagle,American Eagle Outfitters,mass,https://www.ae.com/us/en/p/men/jeans/bootcut-jeans/ae-original-bootcut-jean/0115_7450_167,https://www.ae.com/us/en/p/men/jeans/bootcut-jeans/ae-original-bootcut-jean/0115_7450_167,0115_7450_167,AE Original Bootcut Jean,AE,41.96,,USD,InStock,,,https://www.ae.com/us/en/c/men/jeans/cat6430041,200,
2026-10-04,american_eagle,American Eagle Outfitters,mass,https://www.ae.com/us/en/p/men/jeans/straight-leg-jeans/ae-original-straight-jean/0178_5492_040,https://www.ae.com/us/en/p/men/jeans/straight-leg-jeans/ae-original-straight-jean/0178_5492_040,0178_5492_040,AE Original Straight Jean,AE,41.96,,USD,InStock,,,https://www.ae.com/us/en/c/men/jeans/cat6430041,200,
2026-10-04,american_eagle,American Eagle Outfitters,mass,https://www.ae.com/us/en/p/men/jeans/baggy-loose-jeans/ae-x-lamine-yamal-ultra-baggy-jean/0122_7726_915,https://www.ae.com/us/en/p/men/jeans/baggy-loose-jeans/ae-x-lamine-yamal-ultra-baggy-jean/0122_7726_915,0122_7726_915,AE x Lamine Yamal Ultra Baggy Jean,AE,55.96,,USD,InStock,,,https://www.ae.com/us/en/c/men/jeans/cat6430041,200,
2026-10-04,american_eagle,American Eagle Outfitters,mass,https://www.ae.com/us/en/p/men/pants/utility-pants/ae-flex-baggy-double-knee-carpenter-pant/1523_5536_294,https://www.ae.com/us/en/p/men/pants/utility-pants/ae-flex-baggy-double-knee-carpenter-pant/1523_5536_294,1523_5536_294,AE Flex Baggy Double-Knee Carpenter Pant,AE,48.96,,USD,InStock,,,https://www.ae.com/us/en/c/men/jeans/cat6430041,200,
2026-10-04,american_eagle,American Eagle Outfitters,mass,https://www.ae.com/us/en/p/men/pants/utility-pants/ae-flex-loose-fit-lived-in-utility-pant/1523_5480_410,https://www.ae.com/us/en/p/men/pants/utility-pants/ae-flex-loose-fit-lived-in-utility-pant/1523_5480_410,1523_5480_410,AE Flex Loose Fit Lived-In Utility Pant,AE,55.96,,USD,InStock,,,https://www.ae.com/us/en/c/men/jeans/cat6430041,200,
2026-10-04,american_eagle,American Eagle Outfitters,mass,https://www.ae.com/us/en/p/men/jeans/baggy-loose-jeans/ae-x-lamine-yamal-ultra-baggy-jean/0122_7728_200,https://www.ae.com/us/en/p/men/jeans/baggy-loose-jeans/ae-x-lamine-yamal-ultra-baggy-jean/0122_7728_200,0122_7728_200,AE x Lamine Yamal Ultra Baggy Jean,AE,55.96,,USD,InStock,,,https://www.ae.com/us/en/c/men/jeans/cat6430041,200,
2026-10-04,american_eagle,American Eagle Outfitters,mass,https://www.ae.com/us/en/p/men/jeans/athletic-fit-jeans/ae-athletic-straight-jean/1115_7630_540,https://www.ae.com/us/en/p/men/jeans/athletic-fit-jeans/ae-athletic-straight-jean/1115_7630_540,1115_7630_540,AE Athletic Straight Jean,AE,29.97,,USD,InStock,,,https://www.ae.com/us/en/c/men/jeans/cat6430041,200,
2026-10-04,american_eagle,American Eagle Outfitters,mass,https://www.ae.com/us/en/p/men/jeans/bootcut-jeans/ae-original-bootcut-jean/0115_7656_970,https://www.ae.com/us/en/p/men/jeans/bootcut-jeans/ae-original-bootcut-jean/0115_7656_970,0115_7656_970,AE Original Bootcut Jean,AE,34.96,,USD,InStock,,,https://www.ae.com/us/en/c/men/jeans/cat6430041,200,
2026-10-04,american_eagle,American Eagle Outfitters,mass,https://www.ae.com/us/en/p/men/jeans/slim-fit-jeans/ae-slim-straight-jean/0116_7255_426,https://www.ae.com/us/en/p/men/jeans/slim-fit-jeans/ae-slim-straight-jean/0116_7255_426,0116_7255_426,AE Slim Straight Jean,AE,24.97,,USD,InStock,,,https://www.ae.com/us/en/c/men/jeans/cat6430041,200,
2026-10-04,american_eagle,American Eagle Outfitters,mass,https://www.ae.com/us/en/p/men/jeans/bootcut-jeans/ae-original-bootcut-jean/0115_7249_915,https://www.ae.com/us/en/p/men/jeans/bootcut-jeans/ae-original-bootcut-jean/0115_7249_915,0115_7249_915,AE Original Bootcut Jean,AE,34.96,,USD,InStock,,,https://www.ae.com/us/en/c/men/jeans/cat6430041,200,
2026-10-04,american_eagle,American Eagle Outfitters,mass,https://www.ae.com/us/en/p/men/jeans/straight-leg-jeans/ae-original-straight-jean/0111_7240_909,https://www.ae.com/us/en/p/men/jeans/straight-leg-jeans/ae-original-straight-jean/0111_7240_909,0111_7240_909,AE Original Straight Jean,AE,29.97,,USD,InStock,,,https://www.ae.com/us/en/c/men/jeans/cat6430041,200,
2026-10-04,american_eagle,American Eagle Outfitters,mass,https://www.ae.com/us/en/p/men/jeans/athletic-fit-jeans/ae-athletic-straight-jean/1115_7349_965,https://www.ae.com/us/en/p/men/jeans/athletic-fit-jeans/ae-athletic-straight-jean/1115_7349_965,1115_7349_965,AE Athletic Straight Jean,AE,34.96,,USD,InStock,,,https://www.ae.com/us/en/c/men/jeans/cat6430041,200,
2026-10-04,american_eagle,American Eagle Outfitters,mass,https://www.ae.com/us/en/p/men/jeans/straight-leg-jeans/ae-original-straight-jean/0111_7642_913,https://www.ae.com/us/en/p/men/jeans/straight-leg-jeans/ae-original-straight-jean/0111_7642_913,0111_7642_913,AE Original Straight Jean,AE,41.96,,USD,InStock,,,https://www.ae.com/us/en/c/men/jeans/cat6430041,200,
2026-10-04,american_eagle,American Eagle Outfitters,mass,https://www.ae.com/us/en/p/men/jeans/straight-leg-jeans/ae-original-straight-jean/0111_7058_001,https://www.ae.com/us/en/p/men/jeans/straight-leg-jeans/ae-original-straight-jean/0111_7058_001,0111_7058_001,AE Original Straight Jean,AE,34.96,,USD,InStock,,,https://www.ae.com/us/en/c/men/jeans/cat6430041,200,
2026-10-04,american_eagle,American Eagle Outfitters,mass,https://www.ae.com/us/en/p/men/jeans/baggy-loose-jeans/ae-loose-jean/0178_5485_200,https://www.ae.com/us/en/p/men/jeans/baggy-loose-jeans/ae-loose-jean/0178_5485_200,0178_5485_200,AE Loose Jean,AE,41.96,,USD,InStock,,,https://www.ae.com/us/en/c/men/jeans/cat6430041,200,
2026-10-04,american_eagle,American Eagle Outfitters,mass,https://www.ae.com/us/en/p/men/jeans/straight-leg-jeans/ae-relaxed-straight-jean/0112_7659_540,https://www.ae.com/us/en/p/men/jeans/straight-leg-jeans/ae-relaxed-straight-jean/0112_7659_540,0112_7659_540,AE Relaxed Straight Jean,AE,34.97,,USD,InStock,,,https://www.ae.com/us/en/c/men/jeans/cat6430041,200,
2026-10-04,american_eagle,American Eagle Outfitters,mass,https://www.ae.com/us/en/p/men/jeans/straight-leg-jeans/ae-original-straight-jean/0111_7594_001,https://www.ae.com/us/en/p/men/jeans/straight-leg-jeans/ae-original-straight-jean/0111_7594_001,0111_7594_001,AE Original Straight Jean,AE,41.96,,USD,InStock,,,https://www.ae.com/us/en/c/men/jeans/cat6430041,200,
2026-10-04,american_eagle,American Eagle Outfitters,mass,https://www.ae.com/us/en/p/men/pants/utility-pants/ae-flex-baggy-double-knee-carpenter-pant/1523_5481_212,https://www.ae.com/us/en/p/men/pants/utility-pants/ae-flex-baggy-double-knee-carpenter-pant/1523_5481_212,1523_5481_212,AE Flex Baggy Double-Knee Carpenter Pant,AE,48.96,,USD,InStock,,,https://www.ae.com/us/en/c/men/jeans/cat6430041,200,
2026-10-04,american_eagle,American Eagle Outfitters,mass,https://www.ae.com/us/en/p/men/pants/utility-pants/ae-flex-loose-fit-lived-in-utility-pant/1523_5547_094,https://www.ae.com/us/en/p/men/pants/utility-pants/ae-flex-loose-fit-lived-in-utility-pant/1523_5547_094,1523_5547_094,AE Flex Loose Fit Lived-In Utility Pant,AE,48.96,,USD,InStock,,,https://www.ae.com/us/en/c/men/jeans/cat6430041,200,
2026-10-04,american_eagle,American Eagle Outfitters,mass,https://www.ae.com/us/en/p/men/jeans/bootcut-jeans/ae-original-bootcut-jean/0115_7592_947,https://www.ae.com/us/en/p/men/jeans/bootcut-jeans/ae-original-bootcut-jean/0115_7592_947,0115_7592_947,AE Original Bootcut Jean,AE,34.96,,USD,InStock,,,https://www.ae.com/us/en/c/men/jeans/cat6430041,200,
2026-10-04,american_eagle,American Eagle Outfitters,mass,https://www.ae.com/us/en/p/men/jeans/straight-leg-jeans/ae-relaxed-straight-jean/0112_6950_947,https://www.ae.com/us/en/p/men/jeans/straight-leg-jeans/ae-relaxed-straight-jean/0112_6950_947,0112_6950_947,AE Relaxed Straight Jean,AE,24.97,,USD,InStock,,,https://www.ae.com/us/en/c/men/jeans/cat6430041,200,
2026-10-04,american_eagle,American Eagle Outfitters,mass,https://www.ae.com/us/en/p/women/jeans/baggy-wide-leg-jeans/ae-lowest-rise-baggy-wide-leg-jean/0437_6435_896,https://www.ae.com/us/en/p/women/jeans/baggy-wide-leg-jeans/ae-lowest-rise-baggy-wide-leg-jean/0437_6435_896,0437_6435_896,AE Lowest-Rise Baggy Wide-Leg Jean,AE,52.46,,USD,InStock,,,https://www.ae.com/us/en/c/women/bottoms/jeans/cat6430042,200,
2026-10-04,american_eagle,American Eagle Outfitters,mass,https://www.ae.com/us/en/p/women/jeans/baggy-wide-leg-jeans/ae-low-rise-cargo-baggy-ultra-wide-leg-jean/0437_6515_841,https://www.ae.com/us/en/p/women/jeans/baggy-wide-leg-jeans/ae-low-rise-cargo-baggy-ultra-wide-leg-jean/0437_6515_841,0437_6515_841,AE Low-Rise Cargo Baggy Ultra-Wide Leg Jean,AE,55.96,,USD,InStock,,,https://www.ae.com/us/en/c/women/bottoms/jeans/cat6430042,200,
2026-10-04,american_eagle,American Eagle Outfitters,mass,https://www.ae.com/us/en/p/women/jeans/flare-bootcut-jeans/ae-super-low-rise-kick-boot-jean/1437_6248_896,https://www.ae.com/us/en/p/women/jeans/flare-bootcut-jeans/ae-super-low-rise-kick-boot-jean/1437_6248_896,1437_6248_896,AE Super Low-Rise Kick Boot Jean,AE,55.96,,USD,InStock,,,https://www.ae.com/us/en/c/women/bottoms/jeans/cat6430042,200,
2026-10-04,american_eagle,American Eagle Outfitters,mass,https://www.ae.com/us/en/p/women/jeans/baggy-wide-leg-jeans/ae-lowest-rise-baggy-wide-leg-jean/0437_6516_987,https://www.ae.com/us/en/p/women/jeans/baggy-wide-leg-jeans/ae-lowest-rise-baggy-wide-leg-jean/0437_6516_987,0437_6516_987,AE Lowest-Rise Baggy Wide-Leg Jean,AE,52.46,,USD,InStock,,,https://www.ae.com/us/en/c/women/bottoms/jeans/cat6430042,200,
2026-10-04,american_eagle,American Eagle Outfitters,mass,https://www.ae.com/us/en/p/women/jeans/baggy-wide-leg-jeans/ae-low-rise-cozy-baggy-jean/0437_6439_896,https://www.ae.com/us/en/p/women/jeans/baggy-wide-leg-jeans/ae-low-rise-cozy-baggy-jean/0437_6439_896,,AE Low-Rise Cozy Baggy Jean,,79.95,,USD,,,,https://www.ae.com/us/en/c/women/bottoms/jeans/cat6430042,200,no_jsonld
2026-10-04,american_eagle,American Eagle Outfitters,mass,https://www.ae.com/us/en/p/women/jeans/stovepipe-straight-leg-jeans/ae-low-rise-classic-straight-jean/0435_6183_936,https://www.ae.com/us/en/p/women/jeans/stovepipe-straight-leg-jeans/ae-low-rise-classic-straight-jean/0435_6183_936,0435_6183_936,AE Low-Rise Classic Straight Jean,AE,48.96,,USD,InStock,,,https://www.ae.com/us/en/c/women/bottoms/jeans/cat6430042,200,
2026-10-04,american_eagle,American Eagle Outfitters,mass,https://www.ae.com/us/en/p/women/jeans/baggy-wide-leg-jeans/ae-low-rise-cargo-baggy-ultra-wide-leg-jean/0437_6417_894,https://www.ae.com/us/en/p/women/jeans/baggy-wide-leg-jeans/ae-low-rise-cargo-baggy-ultra-wide-leg-jean/0437_6417_894,0437_6417_894,AE Low-Rise Cargo Baggy Ultra-Wide Leg Jean,AE,55.96,,USD,InStock,,,https://www.ae.com/us/en/c/women/bottoms/jeans/cat6430042,200,
2026-10-04,american_eagle,American Eagle Outfitters,mass,https://www.ae.com/us/en/p/women/jeans/baggy-wide-leg-jeans/ae-low-rise-cozy-baggy-jean/0437_6440_001,https://www.ae.com/us/en/p/women/jeans/baggy-wide-leg-jeans/ae-low-rise-cozy-baggy-jean/0437_6440_001,,AE Low-Rise Cozy Baggy Jean,,79.95,,USD,,,,https://www.ae.com/us/en/c/women/bottoms/jeans/cat6430042,200,no_jsonld
2026-10-04,american_eagle,American Eagle Outfitters,mass,https://www.ae.com/us/en/p/women/jeans/baggy-wide-leg-jeans/ae-super-high-waisted-baggy-wide-leg-jean/0437_6331_857,https://www.ae.com/us/en/p/women/jeans/baggy-wide-leg-jeans/ae-super-high-waisted-baggy-wide-leg-jean/0437_6331_857,0437_6331_857,AE Super High-Waisted Baggy Wide-Leg Jean,AE,48.96,,USD,InStock,,,https://www.ae.com/us/en/c/women/bottoms/jeans/cat6430042,200,
2026-10-04,american_eagle,American Eagle Outfitters,mass,https://www.ae.com/us/en/p/women/jeans/baggy-wide-leg-jeans/ae-lowest-rise-baggy-wide-leg-jean/0437_6529_471,https://www.ae.com/us/en/p/women/jeans/baggy-wide-leg-jeans/ae-lowest-rise-baggy-wide-leg-jean/0437_6529_471,0437_6529_471,AE Lowest-Rise Baggy Wide-Leg Jean,AE,48.96,,USD,InStock,,,https://www.ae.com/us/en/c/women/bottoms/jeans/cat6430042,200,
2026-10-04,american_eagle,American Eagle Outfitters,mass,https://www.ae.com/us/en/p/women/jeans/stovepipe-straight-leg-jeans/ae-low-rise-classic-straight-jean/0435_6309_482,https://www.ae.com/us/en/p/women/jeans/stovepipe-straight-leg-jeans/ae-low-rise-classic-straight-jean/0435_6309_482,0435_6309_482,AE Low-Rise Classic Straight Jean,AE,52.46,,USD,InStock,,,https://www.ae.com/us/en/c/women/bottoms/jeans/cat6430042,200,
2026-10-04,american_eagle,American Eagle Outfitters,mass,https://www.ae.com/us/en/p/women/jeans/baggy-wide-leg-jeans/ae-low-rise-baggy-ultra-wide-leg-jean/0437_6418_914,https://www.ae.com/us/en/p/women/jeans/baggy-wide-leg-jeans/ae-low-rise-baggy-ultra-wide-leg-jean/0437_6418_914,0437_6418_914,AE Low-Rise Baggy Ultra-Wide Leg Jean,AE,62.96,,USD,InStock,,,https://www.ae.com/us/en/c/women/bottoms/jeans/cat6430042,200,
2026-10-04,american_eagle,American Eagle Outfitters,mass,https://www.ae.com/us/en/p/women/jeans/baggy-wide-leg-jeans/ae-low-rise-baggy-straight-jean/0437_6329_001,https://www.ae.com/us/en/p/women/jeans/baggy-wide-leg-jeans/ae-low-rise-baggy-straight-jean/0437_6329_001,0437_6329_001,AE Low-Rise Baggy Straight Jean,AE,47.97,,USD,InStock,,,https://www.ae.com/us/en/c/women/bottoms/jeans/cat6430042,200,
2026-10-04,american_eagle,American Eagle Outfitters,mass,https://www.ae.com/us/en/p/women/jeans/baggy-wide-leg-jeans/ae-low-rise-baggy-ultra-wide-leg-jean/0437_6335_852,https://www.ae.com/us/en/p/women/jeans/baggy-wide-leg-jeans/ae-low-rise-baggy-ultra-wide-leg-jean/0437_6335_852,0437_6335_852,AE Low-Rise Baggy Ultra-Wide Leg Jean,AE,62.96,,USD,InStock,,,https://www.ae.com/us/en/c/women/bottoms/jeans/cat6430042,200,
2026-10-04,american_eagle,American Eagle Outfitters,mass,https://www.ae.com/us/en/p/women/jeans/baggy-wide-leg-jeans/ae-low-rise-cozy-baggy-jean/0437_6437_915,https://www.ae.com/us/en/p/women/jeans/baggy-wide-leg-jeans/ae-low-rise-cozy-baggy-jean/0437_6437_915,0437_6437_915,AE Low-Rise Cozy Baggy Jean,AE,79.95,,USD,InStock,,,https://www.ae.com/us/en/c/women/bottoms/jeans/cat6430042,200,
2026-10-04,american_eagle,American Eagle Outfitters,mass,https://www.ae.com/us/en/p/women/jeans/flare-bootcut-jeans/ae-low-rise-kick-bootcut-jean/1437_6303_896,https://www.ae.com/us/en/p/women/jeans/flare-bootcut-jeans/ae-low-rise-kick-bootcut-jean/1437_6303_896,1437_6303_896,AE Low-Rise Kick Bootcut Jean,AE,48.96,,USD,InStock,,,https://www.ae.com/us/en/c/women/bottoms/jeans/cat6430042,200,
2026-10-04,american_eagle,American Eagle Outfitters,mass,https://www.ae.com/us/en/p/women/jeans/flare-bootcut-jeans/ae-super-low-rise-kick-bootcut-jean/1437_6219_896,https://www.ae.com/us/en/p/women/jeans/flare-bootcut-jeans/ae-super-low-rise-kick-bootcut-jean/1437_6219_896,1437_6219_896,AE Super Low-Rise Kick Bootcut Jean,AE,47.97,,USD,InStock,,,https://www.ae.com/us/en/c/women/bottoms/jeans/cat6430042,200,
2026-10-04,american_eagle,American Eagle Outfitters,mass,https://www.ae.com/us/en/p/women/jeans/flare-bootcut-jeans/the-dolly-jean/1436_5927_987,https://www.ae.com/us/en/p/women/jeans/flare-bootcut-jeans/the-dolly-jean/1436_5927_987,1436_5927_987,The Dolly Jean,AE,55.96,,USD,InStock,,,https://www.ae.com/us/en/c/women/bottoms/jeans/cat6430042,200,
2026-10-04,american_eagle,American Eagle Outfitters,mass,https://www.ae.com/us/en/p/women/jeans/mom-jeans/ae-ripped-mom-jean/0436_3936_923,https://www.ae.com/us/en/p/women/jeans/mom-jeans/ae-ripped-mom-jean/0436_3936_923,0436_3936_923,AE Ripped Mom Jean,AE,47.97,,USD,InStock,,,https://www.ae.com/us/en/c/women/bottoms/jeans/cat6430042,200,
2026-10-04,old_navy,Gap Inc,fast_fashion,https://oldnavy.gap.com/browse/product.do?pid=904894002&vid=1&pcid=55474&cid=55474,https://oldnavy.gap.com/browse/product.do?pid=904894002&vid=1&pcid=55474&cid=55474#pdp-page-content,904894002,Plaid Jacket,Old Navy,64.99,,USD,InStock,Imported,according to the care instruction label imported Shipping & returns  This is a carousel ,https://oldnavy.gap.com/browse/category.do?cid=55474,200,
2026-10-04,old_navy,Gap Inc,fast_fashion,https://oldnavy.gap.com/browse/product.do?pid=904893032&vid=1&pcid=55474&cid=55474,https://oldnavy.gap.com/browse/product.do?pid=904893032&vid=1&pcid=55474&cid=55474#pdp-page-content,904893032,Oversized Longline Overcoat,Old Navy,89.99,,USD,InStock,Imported,according to the care instruction label imported Shipping & returns  This is a carousel ,https://oldnavy.gap.com/browse/category.do?cid=55474,200,
2026-10-04,old_navy,Gap Inc,fast_fashion,https://oldnavy.gap.com/browse/product.do?pid=1181338002&vid=1&pcid=55474&cid=55474,https://oldnavy.gap.com/browse/product.do?pid=1181338002&vid=1&pcid=55474&cid=55474#pdp-page-content,1181338002,Calvary Denim Jacket,Old Navy,49.99,,USD,InStock,Imported,according to the care instruction label imported Shipping & returns  This is a carousel ,https://oldnavy.gap.com/browse/category.do?cid=55474,200,
2026-10-04,old_navy,Gap Inc,fast_fashion,https://oldnavy.gap.com/browse/product.do?pid=1181340002&vid=1&pcid=55474&cid=55474,https://oldnavy.gap.com/browse/product.do?pid=1181340002&vid=1&pcid=55474&cid=55474#pdp-page-content,1181340002,Oversized Full-Length Overcoat,Old Navy,89.99,,USD,InStock,Imported,according to the care instruction label imported Shipping & returns  This is a carousel ,https://oldnavy.gap.com/browse/category.do?cid=55474,200,
2026-10-04,old_navy,Gap Inc,fast_fashion,https://oldnavy.gap.com/browse/product.do?pid=905918002&vid=1&pcid=55474&cid=55474,https://oldnavy.gap.com/browse/product.do?pid=905918002&vid=1&pcid=55474&cid=55474#pdp-page-content,905918002,Loose Sherpa Mixed-Media Pullover,Old Navy,59.99,,USD,InStock,Imported,according to the care instruction label imported Shipping & returns  This is a carousel ,https://oldnavy.gap.com/browse/category.do?cid=55474,200,
2026-10-04,old_navy,Gap Inc,fast_fashion,https://oldnavy.gap.com/browse/product.do?pid=1188713002&vid=1&pcid=55474&cid=55474,https://oldnavy.gap.com/browse/product.do?pid=1188713002&vid=1&pcid=55474&cid=55474#pdp-page-content,1188713002,Twill Cape Jacket,Old Navy,64.99,,USD,InStock,Imported,according to the care instruction label imported Shipping & returns  This is a carousel ,https://oldnavy.gap.com/browse/category.do?cid=55474,200,
2026-10-04,old_navy,Gap Inc,fast_fashion,https://oldnavy.gap.com/browse/product.do?pid=1188714002&vid=1&pcid=55474&cid=55474,https://oldnavy.gap.com/browse/product.do?pid=1188714002&vid=1&pcid=55474&cid=55474#pdp-page-content,1188714002,Longline Twill Double-Breasted Blazer,Old Navy,64.99,,USD,InStock,Imported,according to the care instruction label imported Shipping & returns  This is a carousel ,https://oldnavy.gap.com/browse/category.do?cid=55474,200,
2026-10-04,old_navy,Gap Inc,fast_fashion,https://oldnavy.gap.com/browse/product.do?pid=900512022&vid=1&pcid=55474&cid=55474,https://oldnavy.gap.com/browse/product.do?pid=900512022&vid=1&pcid=55474&cid=55474#pdp-page-content,900512022,Cropped Barn Jacket,Old Navy,35.00,,USD,InStock,Imported,according to the care instruction label imported Shipping & returns  This is a carousel ,https://oldnavy.gap.com/browse/category.do?cid=55474,200,
2026-10-04,old_navy,Gap Inc,fast_fashion,https://oldnavy.gap.com/browse/product.do?pid=465150002&vid=1&pcid=55474&cid=55474,https://oldnavy.gap.com/browse/product.do?pid=465150002&vid=1&pcid=55474&cid=55474#pdp-page-content,465150002,Classic Jean Jacket,Old Navy,35.00,,USD,InStock,Imported,according to the care instruction label imported Shipping & returns  This is a carousel ,https://oldnavy.gap.com/browse/category.do?cid=55474,200,
2026-10-04,old_navy,Gap Inc,fast_fashion,https://oldnavy.gap.com/browse/product.do?pid=902836002&vid=1&pcid=55474&cid=55474,https://oldnavy.gap.com/browse/product.do?pid=902836002&vid=1&pcid=55474&cid=55474#pdp-page-content,902836002,Funnel-Neck Denim Jacket,Old Navy,40.00,,USD,InStock,Imported,according to the care instruction label imported Shipping & returns  This is a carousel ,https://oldnavy.gap.com/browse/category.do?cid=55474,200,
2026-10-04,old_navy,Gap Inc,fast_fashion,https://oldnavy.gap.com/browse/product.do?pid=905910002&vid=1&pcid=55474&cid=55474,https://oldnavy.gap.com/browse/product.do?pid=905910002&vid=1&pcid=55474&cid=55474#pdp-page-content,905910002,Oversized Twill Double-Breasted Blazer,Old Navy,40.00,,USD,InStock,Imported, 30% viscose rayon 2% spandex dry clean imported Shipping & returns  This is a carousel ,https://oldnavy.gap.com/browse/category.do?cid=55474,200,
2026-10-04,old_navy,Gap Inc,fast_fashion,https://oldnavy.gap.com/browse/product.do?pid=904895012&vid=1&pcid=55474&cid=55474,https://oldnavy.gap.com/browse/product.do?pid=904895012&vid=1&pcid=55474&cid=55474#pdp-page-content,904895012,Belted Utility Jacket,Old Navy,35.00,,USD,InStock,Imported,according to the care instruction label imported Shipping & returns  This is a carousel ,https://oldnavy.gap.com/browse/category.do?cid=55474,200,
2026-10-04,old_navy,Gap Inc,fast_fashion,https://oldnavy.gap.com/browse/product.do?pid=905914002&vid=1&pcid=55474&cid=55474,https://oldnavy.gap.com/browse/product.do?pid=905914002&vid=1&pcid=55474&cid=55474#pdp-page-content,905914002,Full-Length Trench Coat,Old Navy,84.99,,USD,InStock,Imported,according to the care instruction label imported Shipping & returns  This is a carousel ,https://oldnavy.gap.com/browse/category.do?cid=55474,200,
2026-10-04,old_navy,Gap Inc,fast_fashion,https://oldnavy.gap.com/browse/product.do?pid=1188715002&vid=1&pcid=55474&cid=55474,https://oldnavy.gap.com/browse/product.do?pid=1188715002&vid=1&pcid=55474&cid=55474#pdp-page-content,1188715002,Denim Cape Jacket,Old Navy,64.99,,USD,InStock,Imported,according to the care instruction label imported Shipping & returns  This is a carousel ,https://oldnavy.gap.com/browse/category.do?cid=55474,200,
2026-10-04,old_navy,Gap Inc,fast_fashion,https://oldnavy.gap.com/browse/product.do?pid=766312032&vid=1&pcid=55474&cid=55474,https://oldnavy.gap.com/browse/product.do?pid=766312032&vid=1&pcid=55474&cid=55474#pdp-page-content,766312032,Classic Double-Weave Blazer,Old Navy,49.99,,USD,InStock,Imported,spandex 100% polyester lining dry clean imported Shipping & returns  This is a carousel ,https://oldnavy.gap.com/browse/category.do?cid=55474,200,
2026-10-04,old_navy,Gap Inc,fast_fashion,https://oldnavy.gap.com/browse/product.do?pid=907272002&vid=1&pcid=55474&cid=55474,https://oldnavy.gap.com/browse/product.do?pid=907272002&vid=1&pcid=55474&cid=55474#pdp-page-content,907272002,Loose Sherpa Full-Zip Jacket,Old Navy,54.99,,USD,InStock,Imported,according to the care instruction label imported Shipping & returns  This is a carousel ,https://oldnavy.gap.com/browse/category.do?cid=55474,200,
2026-10-04,old_navy,Gap Inc,fast_fashion,https://oldnavy.gap.com/browse/product.do?pid=1184432002&vid=1&pcid=55474&cid=55474,https://oldnavy.gap.com/browse/product.do?pid=1184432002&vid=1&pcid=55474&cid=55474#pdp-page-content,1184432002,Old Navy x Altuzarra Sherpa Jacket,Old Navy,79.99,,USD,InStock,Imported,according to the care instruction label imported Shipping & returns  This is a carousel ,https://oldnavy.gap.com/browse/category.do?cid=55474,200,
2026-10-04,old_navy,Gap Inc,fast_fashion,https://oldnavy.gap.com/browse/product.do?pid=1195868002&vid=1&pcid=55474&cid=55474,https://oldnavy.gap.com/browse/product.do?pid=1195868002&vid=1&pcid=55474&cid=55474#pdp-page-content,1195868002,Utility Jacket,Old Navy,59.99,,USD,InStock,Imported,according to the care instruction label imported Shipping & returns  This is a carousel ,https://oldnavy.gap.com/browse/category.do?cid=55474,200,
2026-10-04,old_navy,Gap Inc,fast_fashion,https://oldnavy.gap.com/browse/product.do?pid=903175012&vid=1&pcid=55474&cid=55474,https://oldnavy.gap.com/browse/product.do?pid=903175012&vid=1&pcid=55474&cid=55474#pdp-page-content,903175012,Funnel-Neck Core Puffer Jacket,Old Navy,59.99,,USD,InStock,Imported,according to the care instruction label imported Shipping & returns  This is a carousel ,https://oldnavy.gap.com/browse/category.do?cid=55474,200,
2026-10-04,old_navy,Gap Inc,fast_fashion,https://oldnavy.gap.com/browse/product.do?pid=907290012&vid=1&pcid=55474&cid=55474,https://oldnavy.gap.com/browse/product.do?pid=907290012&vid=1&pcid=55474&cid=55474#pdp-page-content,907290012,Full-Zip Faux-Suede Harrington Jacket,Old Navy,69.99,,USD,OutOfStock,Imported,according to the care instruction label imported Shipping & returns Check Out More Great,https://oldnavy.gap.com/browse/category.do?cid=55474,200,
2026-10-04,old_navy,Gap Inc,fast_fashion,https://oldnavy.gap.com/browse/product.do?pid=1184436002&vid=1&pcid=55474&cid=55474,https://oldnavy.gap.com/browse/product.do?pid=1184436002&vid=1&pcid=55474&cid=55474#pdp-page-content,1184436002,Old Navy x Altuzarra Overcoat,Old Navy,119.99,,USD,InStock,Imported,according to the care instruction label imported Shipping & returns  This is a carousel ,https://oldnavy.gap.com/browse/category.do?cid=55474,200,
2026-10-04,old_navy,Gap Inc,fast_fashion,https://oldnavy.gap.com/browse/product.do?pid=1182183002&vid=1&pcid=55474&cid=55474,https://oldnavy.gap.com/browse/product.do?pid=1182183002&vid=1&pcid=55474&cid=55474#pdp-page-content,1182183002,Oversized Full-Length Overcoat,Old Navy,89.99,,USD,InStock,Imported,according to the care instruction label imported Shipping & returns  This is a carousel ,https://oldnavy.gap.com/browse/category.do?cid=55474,200,
2026-10-04,old_navy,Gap Inc,fast_fashion,https://oldnavy.gap.com/browse/product.do?pid=1184428002&vid=1&pcid=55474&cid=55474,https://oldnavy.gap.com/browse/product.do?pid=1184428002&vid=1&pcid=55474&cid=55474#pdp-page-content,1184428002,Old Navy x Altuzarra Oversized 2-In-1 Hooded Parka,Old Navy,144.99,,USD,InStock,Imported,according to the care instruction label imported Shipping & returns  This is a carousel ,https://oldnavy.gap.com/browse/category.do?cid=55474,200,
2026-10-04,old_navy,Gap Inc,fast_fashion,https://oldnavy.gap.com/browse/product.do?pid=903740002&vid=1&pcid=55474&cid=55474,https://oldnavy.gap.com/browse/product.do?pid=903740002&vid=1&pcid=55474&cid=55474#pdp-page-content,903740002,Loose Sherpa Half-Zip Pullover,Old Navy,49.99,,USD,InStock,Imported,according to the care instruction label imported Shipping & returns  This is a carousel ,https://oldnavy.gap.com/browse/category.do?cid=55474,200,
2026-10-04,old_navy,Gap Inc,fast_fashion,https://oldnavy.gap.com/browse/product.do?pid=1184413002&vid=1&pcid=55474&cid=55474,https://oldnavy.gap.com/browse/product.do?pid=1184413002&vid=1&pcid=55474&cid=55474#pdp-page-content,1184413002,Old Navy x Altuzarra Fitted Blazer,Old Navy,79.99,,USD,InStock,Imported,according to the care instruction label imported Shipping & returns  This is a carousel ,https://oldnavy.gap.com/browse/category.do?cid=55474,200,
2026-10-04,old_navy,Gap Inc,fast_fashion,https://oldnavy.gap.com/browse/product.do?pid=903680002&vid=1&pcid=55474&cid=55474,https://oldnavy.gap.com/browse/product.do?pid=903680002&vid=1&pcid=55474&cid=55474#pdp-page-content,903680002,Longline Sherpa Jacket,Old Navy,64.99,,USD,OutOfStock,Imported,"d wear sizes s (4), l (12), and xl (18) imported Shipping & returns  This is a carousel ",https://oldnavy.gap.com/browse/category.do?cid=55474,200,
2026-10-04,old_navy,Gap Inc,fast_fashion,https://oldnavy.gap.com/browse/product.do?pid=903178002&vid=1&pcid=55474&cid=55474,https://oldnavy.gap.com/browse/product.do?pid=903178002&vid=1&pcid=55474&cid=55474#pdp-page-content,903178002,Oversized Rounded-Sleeve Anorak,Old Navy,64.99,,USD,OutOfStock,Imported,according to the care instruction label imported Shipping & returns  This is a carousel ,https://oldnavy.gap.com/browse/category.do?cid=55474,200,
2026-10-04,old_navy,Gap Inc,fast_fashion,https://oldnavy.gap.com/browse/product.do?pid=1181342002&vid=1&pcid=55474&cid=55474,https://oldnavy.gap.com/browse/product.do?pid=1181342002&vid=1&pcid=55474&cid=55474#pdp-page-content,1181342002,Faux-Fur Collar Utility Bomber Jacket,Old Navy,59.99,,USD,InStock,Imported,according to the care instruction label imported Shipping & returns  This is a carousel ,https://oldnavy.gap.com/browse/category.do?cid=55474,200,
2026-10-04,old_navy,Gap Inc,fast_fashion,https://oldnavy.gap.com/browse/product.do?pid=904916002&vid=1&pcid=55474&cid=55474,https://oldnavy.gap.com/browse/product.do?pid=904916002&vid=1&pcid=55474&cid=55474#pdp-page-content,904916002,Cropped Denim Barn Jacket,Old Navy,35.00,,USD,InStock,Imported,according to the care instruction label imported Shipping & returns  This is a carousel ,https://oldnavy.gap.com/browse/category.do?cid=55474,200,
2026-10-04,old_navy,Gap Inc,fast_fashion,https://oldnavy.gap.com/browse/product.do?pid=916674002&vid=1&pcid=55474&cid=55474,https://oldnavy.gap.com/browse/product.do?pid=916674002&vid=1&pcid=55474&cid=55474#pdp-page-content,916674002,Hooded Sherpa Vest,Old Navy,39.99,,USD,InStock,Imported,according to the care instruction label imported Shipping & returns  This is a carousel ,https://oldnavy.gap.com/browse/category.do?cid=55474,200,
2026-10-04,old_navy,Gap Inc,fast_fashion,https://oldnavy.gap.com/browse/product.do?pid=900512012&vid=1&pcid=55474&cid=55474,https://oldnavy.gap.com/browse/product.do?pid=900512012&vid=1&pcid=55474&cid=55474#pdp-page-content,900512012,Cropped Barn Jacket,Old Navy,35.00,,USD,InStock,Imported,according to the care instruction label imported Shipping & returns  This is a carousel ,https://oldnavy.gap.com/browse/category.do?cid=55474,200,
2026-10-04,old_navy,Gap Inc,fast_fashion,https://oldnavy.gap.com/browse/product.do?pid=903173022&vid=1&pcid=55474&cid=55474,https://oldnavy.gap.com/browse/product.do?pid=903173022&vid=1&pcid=55474&cid=55474#pdp-page-content,903173022,Water-Resistant Puffer Vest,Old Navy,49.99,,USD,InStock,Imported,according to the care instruction label imported Shipping & returns  This is a carousel ,https://oldnavy.gap.com/browse/category.do?cid=55474,200,
2026-10-04,old_navy,Gap Inc,fast_fashion,https://oldnavy.gap.com/browse/product.do?pid=467752002&vid=1&pcid=55474&cid=55474,https://oldnavy.gap.com/browse/product.do?pid=467752002&vid=1&pcid=55474&cid=55474#pdp-page-content,467752002,Classic Jean Jacket,Old Navy,35.00,,USD,InStock,Imported,according to the care instruction label imported Shipping & returns  This is a carousel ,https://oldnavy.gap.com/browse/category.do?cid=55474,200,
2026-10-04,old_navy,Gap Inc,fast_fashion,https://oldnavy.gap.com/browse/product.do?pid=903183052&vid=1&pcid=55474&cid=55474,https://oldnavy.gap.com/browse/product.do?pid=903183052&vid=1&pcid=55474&cid=55474#pdp-page-content,903183052,Performance Fleece Funnel Neck Pullover,Old Navy,29.99,,USD,InStock,Imported,according to the care instruction label imported Shipping & returns  This is a carousel ,https://oldnavy.gap.com/browse/category.do?cid=55474,200,
2026-10-04,old_navy,Gap Inc,fast_fashion,https://oldnavy.gap.com/browse/product.do?pid=1184419002&vid=1&pcid=55474&cid=55474,https://oldnavy.gap.com/browse/product.do?pid=1184419002&vid=1&pcid=55474&cid=55474#pdp-page-content,1184419002,Old Navy x Altuzarra Embellished Bomber Barn Jacket,Old Navy,89.99,,USD,OutOfStock,Imported,according to the care instruction label imported Shipping & returns  This is a carousel ,https://oldnavy.gap.com/browse/category.do?cid=55474,200,
2026-10-04,old_navy,Gap Inc,fast_fashion,https://oldnavy.gap.com/browse/product.do?pid=903176012&vid=1&pcid=55474&cid=55474,https://oldnavy.gap.com/browse/product.do?pid=903176012&vid=1&pcid=55474&cid=55474#pdp-page-content,903176012,Water-Resistant Oversized Bubble-Hem Zip Bomber Jacket,Old Navy,64.99,,USD,InStock,Imported,according to the care instruction label imported Shipping & returns  This is a carousel ,https://oldnavy.gap.com/browse/category.do?cid=55474,200,
2026-10-04,old_navy,Gap Inc,fast_fashion,https://oldnavy.gap.com/browse/product.do?pid=1188714012&vid=1&pcid=55474&cid=55474,https://oldnavy.gap.com/browse/product.do?pid=1188714012&vid=1&pcid=55474&cid=55474#pdp-page-content,1188714012,Longline Twill Double-Breasted Blazer,Old Navy,64.99,,USD,InStock,Imported,according to the care instruction label imported Shipping & returns  This is a carousel ,https://oldnavy.gap.com/browse/category.do?cid=55474,200,
2026-10-04,old_navy,Gap Inc,fast_fashion,https://oldnavy.gap.com/browse/product.do?pid=907272012&vid=1&pcid=55474&cid=55474,https://oldnavy.gap.com/browse/product.do?pid=907272012&vid=1&pcid=55474&cid=55474#pdp-page-content,907272012,Loose Sherpa Full-Zip Jacket,Old Navy,54.99,,USD,InStock,Imported,according to the care instruction label imported Shipping & returns  This is a carousel ,https://oldnavy.gap.com/browse/category.do?cid=55474,200,
2026-10-04,old_navy,Gap Inc,fast_fashion,https://oldnavy.gap.com/browse/product.do?pid=766312012&vid=1&pcid=55474&cid=55474,https://oldnavy.gap.com/browse/product.do?pid=766312012&vid=1&pcid=55474&cid=55474#pdp-page-content,766312012,Classic Double-Weave Blazer,Old Navy,49.99,,USD,InStock,Imported,spandex 100% polyester lining dry clean imported Shipping & returns  This is a carousel ,https://oldnavy.gap.com/browse/category.do?cid=55474,200,
2026-10-04,old_navy,Gap Inc,fast_fashion,https://oldnavy.gap.com/browse/product.do?pid=903184002&vid=1&pcid=55474&cid=55474,https://oldnavy.gap.com/browse/product.do?pid=903184002&vid=1&pcid=55474&cid=55474#pdp-page-content,903184002,Fitted Performance Fleece Full-Zip Jacket,Old Navy,29.99,,USD,InStock,Imported,ash according to care instruction label imported Shipping & returns  This is a carousel ,https://oldnavy.gap.com/browse/category.do?cid=55474,200,
2026-10-04,old_navy,Gap Inc,fast_fashion,https://oldnavy.gap.com/browse/product.do?pid=903724002&vid=1&pcid=55474&cid=55474,https://oldnavy.gap.com/browse/product.do?pid=903724002&vid=1&pcid=55474&cid=55474#pdp-page-content,903724002,Core Puffer Jacket,Old Navy,59.99,,USD,InStock,Imported,according to the care instruction label imported Shipping & returns  This is a carousel ,https://oldnavy.gap.com/browse/category.do?cid=55474,200,
2026-10-04,old_navy,Gap Inc,fast_fashion,https://oldnavy.gap.com/browse/product.do?pid=903769002&vid=1&pcid=55474&cid=55474,https://oldnavy.gap.com/browse/product.do?pid=903769002&vid=1&pcid=55474&cid=55474#pdp-page-content,903769002,TrekTech Oversized Jacket,Old Navy,32.99,,USD,InStock,Imported,according to the care instruction label imported Shipping & returns  This is a carousel ,https://oldnavy.gap.com/browse/category.do?cid=55474,200,
2026-10-04,old_navy,Gap Inc,fast_fashion,"https://oldnavy.gap.com/browse/product.do?pid=766960032&rrec=true&mlink=5001,1,Error_Page_onoos1_rr_0&clink=1&recommendation_response_id=3032d4f3be714e73a23d504ed74758af",https://oldnavy.gap.com/browse/product.do?pid=766960032&rrec=true&mlink=5001%2C1%2CError_Page_onoos1_rr_0&clink=1&recommendation_response_id=3032d4f3be714e73a23d504ed74758af&vid=1#pdp-page-content,766960032,School Uniform Jersey-Knit Polo Shirt for Girls,Old Navy,8.00,,USD,InStock,Imported,according to the care instruction label imported Shipping & returns  This is a carousel ,https://oldnavy.gap.com/browse/category.do?cid=1091018,200,
2026-10-04,old_navy,Gap Inc,fast_fashion,"https://oldnavy.gap.com/browse/product.do?pid=619919002&rrec=true&mlink=5001,1,Error_Page_onoos1_rr_1&clink=1&recommendation_response_id=3032d4f3be714e73a23d504ed74758af",https://oldnavy.gap.com/browse/product.do?pid=619919002&rrec=true&mlink=5001%2C1%2CError_Page_onoos1_rr_1&clink=1&recommendation_response_id=3032d4f3be714e73a23d504ed74758af&vid=1#pdp-page-content,619919002,First-Layer Scoop-Neck Tank Top,Old Navy,7.00,,USD,InStock,Imported,according to the care instruction label imported Shipping & returns  This is a carousel ,https://oldnavy.gap.com/browse/category.do?cid=1091018,200,
2026-10-04,old_navy,Gap Inc,fast_fashion,"https://oldnavy.gap.com/browse/product.do?pid=734873002&rrec=true&mlink=5001,1,Error_Page_onoos1_rr_2&clink=1&recommendation_response_id=3032d4f3be714e73a23d504ed74758af",https://oldnavy.gap.com/browse/product.do?pid=734873002&rrec=true&mlink=5001%2C1%2CError_Page_onoos1_rr_2&clink=1&recommendation_response_id=3032d4f3be714e73a23d504ed74758af&vid=1#pdp-page-content,734873002,Mid-Rise Wow Boot-Cut Jeans,Old Navy,25.00,,USD,InStock,Imported,according to the care instruction label imported Shipping & returns  This is a carousel ,https://oldnavy.gap.com/browse/category.do?cid=1091018,200,
2026-10-04,old_navy,Gap Inc,fast_fashion,"https://oldnavy.gap.com/browse/product.do?pid=788103002&rrec=true&mlink=5001,1,Error_Page_onoos1_rr_3&clink=1&recommendation_response_id=3032d4f3be714e73a23d504ed74758af",https://oldnavy.gap.com/browse/product.do?pid=788103002&rrec=true&mlink=5001%2C1%2CError_Page_onoos1_rr_3&clink=1&recommendation_response_id=3032d4f3be714e73a23d504ed74758af&vid=1#pdp-page-content,788103002,Mid-Rise Wow Baggy Wide-Leg Jeans,Old Navy,25.00,,USD,InStock,Imported,according to the care instruction label imported Shipping & returns  This is a carousel ,https://oldnavy.gap.com/browse/category.do?cid=1091018,200,
2026-10-04,old_navy,Gap Inc,fast_fashion,"https://oldnavy.gap.com/browse/product.do?pid=855428002&rrec=true&mlink=5001,1,Error_Page_onoos1_rr_4&clink=1&recommendation_response_id=3032d4f3be714e73a23d504ed74758af",https://oldnavy.gap.com/browse/product.do?pid=855428002&rrec=true&mlink=5001%2C1%2CError_Page_onoos1_rr_4&clink=1&recommendation_response_id=3032d4f3be714e73a23d504ed74758af&vid=1#pdp-page-content,855428002,Crew-Neck T-Shirt,Old Navy,10.00,,USD,InStock,Imported,according to the care instruction label imported Shipping & returns  This is a carousel ,https://oldnavy.gap.com/browse/category.do?cid=1091018,200,
2026-10-04,old_navy,Gap Inc,fast_fashion,"https://oldnavy.gap.com/browse/product.do?pid=619919012&rrec=true&mlink=5001,1,Error_Page_onoos1_rr_5&clink=1&recommendation_response_id=3032d4f3be714e73a23d504ed74758af",https://oldnavy.gap.com/browse/product.do?pid=619919012&rrec=true&mlink=5001%2C1%2CError_Page_onoos1_rr_5&clink=1&recommendation_response_id=3032d4f3be714e73a23d504ed74758af&vid=1#pdp-page-content,619919012,First-Layer Scoop-Neck Tank Top,Old Navy,7.00,,USD,OutOfStock,Imported,according to the care instruction label imported Shipping & returns  This is a carousel ,https://oldnavy.gap.com/browse/category.do?cid=1091018,200,
2026-10-04,old_navy,Gap Inc,fast_fashion,"https://oldnavy.gap.com/browse/product.do?pid=811395062&rrec=true&mlink=5001,1,Error_Page_onoos1_rr_6&clink=1&recommendation_response_id=3032d4f3be714e73a23d504ed74758af",https://oldnavy.gap.com/browse/product.do?pid=811395062&rrec=true&mlink=5001%2C1%2CError_Page_onoos1_rr_6&clink=1&recommendation_response_id=3032d4f3be714e73a23d504ed74758af&vid=1#pdp-page-content,811395062,Snug Crop Ribbed T-Shirt,Old Navy,12.00,,USD,InStock,Imported,according to the care instruction label imported Shipping & returns  This is a carousel ,https://oldnavy.gap.com/browse/category.do?cid=1091018,200,
2026-10-04,old_navy,Gap Inc,fast_fashion,"https://oldnavy.gap.com/browse/product.do?pid=487332002&rrec=true&mlink=5001,1,Error_Page_onoos1_rr_7&clink=1&recommendation_response_id=3032d4f3be714e73a23d504ed74758af",https://oldnavy.gap.com/browse/product.do?pid=487332002&rrec=true&mlink=5001%2C1%2CError_Page_onoos1_rr_7&clink=1&recommendation_response_id=3032d4f3be714e73a23d504ed74758af&vid=1#pdp-page-content,487332002,High-Waisted Wow Flare Jeans,Old Navy,25.00,,USD,InStock,Imported,according to the care instruction label imported Shipping & returns  This is a carousel ,https://oldnavy.gap.com/browse/category.do?cid=1091018,200,
2026-10-06,burberry,Burberry Group,luxury,https://us.burberry.com/reversible-tropical-gabardine-bloomsbury-harrington-jacket-p81270251,https://us.burberry.com/reversible-tropical-gabardine-bloomsbury-harrington-jacket-p81270251,81270251001,"Reversible Tropical Gabardine Bloomsbury Harrington Jacket in Honey beige - Men, Wool | Burberry® Official",Burberry,2595,,USD,InStock,Italy,roduct Details The Bloomsbury jacket is made in Italy from shower-resistant tropical gabardin,https://us.burberry.com/l/mens-clothing/,200,
2026-10-06,burberry,Burberry Group,luxury,https://us.burberry.com/long-sleeve-cotton-polo-shirt-p81353741,https://us.burberry.com/long-sleeve-cotton-polo-shirt-p81353741,81353741001,Long-sleeve Cotton Polo Shirt in Teal blue - Men | Burberry® Official,Burberry,510,,USD,InStock,,,https://us.burberry.com/l/mens-clothing/,200,
2026-10-06,burberry,Burberry Group,luxury,https://us.burberry.com/cropped-tropical-gabardine-leadenham-trench-coat-p81300001,https://us.burberry.com/cropped-tropical-gabardine-leadenham-trench-coat-p81300001,81300001001,"Cropped Tropical Gabardine Leadenham Trench Coat in Black - Men, Cotton | Burberry® Official",Burberry,2050,,USD,InStock,,,https://us.burberry.com/l/mens-clothing/,200,
2026-10-06,burberry,Burberry Group,luxury,https://us.burberry.com/three-pack-cotton-t-shirt-p81297041,https://us.burberry.com/three-pack-cotton-t-shirt-p81297041,81297041001,Three-pack Cotton T-shirt in Grey/black/white - Men | Burberry® Official,Burberry,690,,USD,InStock,,,https://us.burberry.com/l/mens-clothing/,200,
2026-10-06,burberry,Burberry Group,luxury,https://us.burberry.com/check-cashmere-patch-cotton-t-shirt-p81329221,https://us.burberry.com/check-cashmere-patch-cotton-t-shirt-p81329221,81329221001,Check Cashmere Patch Cotton T-shirt in Chalk white - Men | Burberry® Official,Burberry,540,,USD,InStock,,,https://us.burberry.com/l/mens-clothing/,200,
2026-10-06,burberry,Burberry Group,luxury,https://us.burberry.com/gabardine-glenfields-harrington-jacket-p81258241,https://us.burberry.com/gabardine-glenfields-harrington-jacket-p81258241,81258241001,"Gabardine Glenfields Harrington Jacket in Tundra white - Men, Cotton | Burberry® Official",Burberry,1795,,USD,InStock,,,https://us.burberry.com/l/mens-clothing/,200,
2026-10-06,burberry,Burberry Group,luxury,https://us.burberry.com/check-trim-cotton-polo-shirt-p81276851,https://us.burberry.com/check-trim-cotton-polo-shirt-p81276851,81276851001,Check Trim Cotton Polo Shirt in Officers blue - Men | Burberry® Official,Burberry,495,,USD,InStock,,,https://us.burberry.com/l/mens-clothing/,200,
2026-10-06,burberry,Burberry Group,luxury,https://us.burberry.com/check-cashmere-sweater-p81325171,https://us.burberry.com/check-cashmere-sweater-p81325171,81325171001,Check Cashmere Sweater in Sand beige - Men | Burberry® Official,Burberry,1395,,USD,InStock,,,https://us.burberry.com/l/mens-clothing/,200,
2026-10-06,burberry,Burberry Group,luxury,https://us.burberry.com/knight-check-cotton-t-shirt-p81326831,https://us.burberry.com/knight-check-cotton-t-shirt-p81326831,81326831001,Knight Check Cotton T-shirt in Chalk white - Men | Burberry® Official,Burberry,540,,USD,InStock,,,https://us.burberry.com/l/mens-clothing/,200,
2026-10-06,burberry,Burberry Group,luxury,https://us.burberry.com/long-sleeve-cotton-top-p81282991,https://us.burberry.com/long-sleeve-cotton-top-p81282991,81282991001,Long-sleeve Cotton top in Chalk - Men | Burberry® Official,Burberry,595,,USD,InStock,,,https://us.burberry.com/l/mens-clothing/,200,
2026-10-06,burberry,Burberry Group,luxury,https://us.burberry.com/check-cotton-boxer-shorts-p81330461,https://us.burberry.com/check-cotton-boxer-shorts-p81330461,81330461001,Check Cotton Boxer Shorts in Archive beige - Men | Burberry® Official,Burberry,120,,USD,InStock,,,https://us.burberry.com/l/mens-clothing/,200,
2026-10-06,burberry,Burberry Group,luxury,https://us.burberry.com/short-kensington-heritage-trench-coat-p80793891,https://us.burberry.com/short-kensington-heritage-trench-coat-p80793891,80793891001,"Short Kensington Heritage Trench Coat in Black - Men, Cotton Gabardine | Burberry® Official",Burberry,2850,,USD,InStock,,,https://us.burberry.com/l/mens-clothing/,200,
2026-10-06,burberry,Burberry Group,luxury,https://us.burberry.com/cotton-polo-shirt-p81276621,https://us.burberry.com/cotton-polo-shirt-p81276621,81276621001,Cotton Polo Shirt in Pansy purple - Men | Burberry® Official,Burberry,395,,USD,InStock,,,https://us.burberry.com/l/mens-clothing/,200,
2026-10-06,burberry,Burberry Group,luxury,https://us.burberry.com/check-flag-cotton-t-shirt-p81281961,https://us.burberry.com/check-flag-cotton-t-shirt-p81281961,81281961001,Check Flag Cotton T-shirt in Black - Men | Burberry® Official,Burberry,540,,USD,InStock,,,https://us.burberry.com/l/mens-clothing/,200,
2026-10-06,burberry,Burberry Group,luxury,https://us.burberry.com/cotton-polo-shirt-p81269371,https://us.burberry.com/cotton-polo-shirt-p81269371,81269371003,Cotton Polo Shirt in White - Men | Burberry® Official,Burberry,395,,USD,InStock,,,https://us.burberry.com/l/mens-clothing/,200,
2026-10-06,burberry,Burberry Group,luxury,https://us.burberry.com/cotton-polo-shirt-p81269311,https://us.burberry.com/cotton-polo-shirt-p81269311,81269311002,Cotton Polo Shirt in Mallow pink - Men | Burberry® Official,Burberry,395,,USD,InStock,,,https://us.burberry.com/l/mens-clothing/,200,
2026-10-06,burberry,Burberry Group,luxury,https://us.burberry.com/short-kensington-heritage-trench-coat-p81172331,https://us.burberry.com/short-kensington-heritage-trench-coat-p81172331,81172331001,"Short Kensington Heritage Trench Coat in Black - Men, Cotton Gabardine | Burberry® Official",Burberry,2850,,USD,InStock,,,https://us.burberry.com/l/mens-clothing/,200,
2026-10-06,burberry,Burberry Group,luxury,https://us.burberry.com/relaxed-fit-check-cotton-shirt-p81330761,https://us.burberry.com/relaxed-fit-check-cotton-shirt-p81330761,81330761001,Relaxed Fit Check Cotton Shirt in Sepia brown - Men | Burberry® Official,Burberry,795,,USD,InStock,,,https://us.burberry.com/l/mens-clothing/,200,
2026-10-06,burberry,Burberry Group,luxury,https://us.burberry.com/check-flag-cotton-t-shirt-p81281971,https://us.burberry.com/check-flag-cotton-t-shirt-p81281971,81281971001,Check Flag Cotton T-shirt in Chalk white - Men | Burberry® Official,Burberry,540,,USD,InStock,,,https://us.burberry.com/l/mens-clothing/,200,
2026-10-06,burberry,Burberry Group,luxury,https://us.burberry.com/relaxed-fit-check-cotton-shirt-p81302381,https://us.burberry.com/relaxed-fit-check-cotton-shirt-p81302381,81302381001,Relaxed Fit Check Cotton Shirt in Sand beige - Men | Burberry® Official,Burberry,560,,USD,InStock,,,https://us.burberry.com/l/mens-clothing/,200,
2026-10-06,burberry,Burberry Group,luxury,https://us.burberry.com/short-tropical-gabardine-foxfield-trench-coat-p81301431,https://us.burberry.com/short-tropical-gabardine-foxfield-trench-coat-p81301431,81301431002,Short Tropical Gabardine Foxfield Trench Coat in Vineyard red - Women | Burberry® Official,Burberry,2995,,USD,InStock,,,https://us.burberry.com/l/womens-clothing/,200,
2026-10-06,burberry,Burberry Group,luxury,https://us.burberry.com/relaxed-fit-check-cotton-shirt-p81277631,https://us.burberry.com/relaxed-fit-check-cotton-shirt-p81277631,81277631002,Relaxed Fit Check Cotton Shirt in Flora pink - Women | Burberry® Official,Burberry,715,,USD,InStock,,,https://us.burberry.com/l/womens-clothing/,200,
2026-10-06,burberry,Burberry Group,luxury,https://us.burberry.com/tropical-gabardine-tickhill-jacket-p81275441,https://us.burberry.com/tropical-gabardine-tickhill-jacket-p81275441,81275441002,Tropical Gabardine Tickhill Jacket in Saltmarsh beige - Women | Burberry® Official,Burberry,1995,,USD,InStock,,,https://us.burberry.com/l/womens-clothing/,200,
2026-10-06,burberry,Burberry Group,luxury,https://us.burberry.com/long-sleeve-wool-polo-shirt-p81324511,https://us.burberry.com/long-sleeve-wool-polo-shirt-p81324511,81324511001,Long-sleeve Wool Polo Shirt in Grape purple - Women | Burberry® Official,Burberry,960,,USD,InStoreOnly,,,https://us.burberry.com/l/womens-clothing/,200,
2026-10-06,burberry,Burberry Group,luxury,https://us.burberry.com/cropped-tropical-gabardine-hayfield-harrington-jacket-p81283191,https://us.burberry.com/cropped-tropical-gabardine-hayfield-harrington-jacket-p81283191,81283191002,Cropped Tropical Gabardine Hayfield Harrington Jacket in Compact pink - Women | Burberry® Official,Burberry,1795,,USD,InStock,,,https://us.burberry.com/l/womens-clothing/,200,
2026-10-06,burberry,Burberry Group,luxury,https://us.burberry.com/check-trim-stretch-cotton-t-shirt-p81210671,https://us.burberry.com/check-trim-stretch-cotton-t-shirt-p81210671,81210671002,Check Trim Stretch Cotton T-shirt in Black - Women | Burberry® Official,Burberry,390,,USD,InStock,,,https://us.burberry.com/l/womens-clothing/,200,
2026-10-06,burberry,Burberry Group,luxury,https://us.burberry.com/cropped-tropical-gabardine-trench-jacket-p81279081,https://us.burberry.com/cropped-tropical-gabardine-trench-jacket-p81279081,81279081002,Cropped Tropical Gabardine Swarby Trench Jacket in Tundra white - Women | Burberry® Official,Burberry,2295,,USD,InStock,,,https://us.burberry.com/l/womens-clothing/,200,
2026-10-06,burberry,Burberry Group,luxury,https://us.burberry.com/relaxed-fit-striped-silk-shirt-p81273321,https://us.burberry.com/relaxed-fit-striped-silk-shirt-p81273321,81273321002,Relaxed Fit Striped Silk Shirt in Chalk white/rhubarb pink - Women | Burberry® Official,Burberry,1295,,USD,InStock,,,https://us.burberry.com/l/womens-clothing/,200,
2026-10-06,burberry,Burberry Group,luxury,https://us.burberry.com/classic-fit-check-cotton-shirt-p81335291,https://us.burberry.com/classic-fit-check-cotton-shirt-p81335291,81335291002,Classic Fit Check Cotton Shirt in Yarn beige - Women | Burberry® Official,Burberry,715,,USD,InStock,,,https://us.burberry.com/l/womens-clothing/,200,
2026-10-06,burberry,Burberry Group,luxury,https://us.burberry.com/check-trim-cotton-t-shirt-p81375391,https://us.burberry.com/check-trim-cotton-t-shirt-p81375391,81375391001,Check Trim Cotton T-shirt in Bouquet pink - Women | Burberry® Official,Burberry,390,,USD,InStock,,,https://us.burberry.com/l/womens-clothing/,200,
2026-10-06,burberry,Burberry Group,luxury,https://us.burberry.com/slim-fit-check-cotton-poplin-shirt-p80876291,https://us.burberry.com/slim-fit-check-cotton-poplin-shirt-p80876291,80876291001,Slim Fit Check Cotton Poplin Shirt in Sand beige - Women | Burberry® Official,Burberry,715,,USD,InStock,,,https://us.burberry.com/l/womens-clothing/,200,
2026-10-06,burberry,Burberry Group,luxury,https://us.burberry.com/check-trim-cotton-t-shirt-p81232821,https://us.burberry.com/check-trim-cotton-t-shirt-p81232821,81232821001,Check Trim Cotton T-shirt in Chalk white - Women | Burberry® Official,Burberry,390,,USD,InStock,,,https://us.burberry.com/l/womens-clothing/,200,
2026-10-06,burberry,Burberry Group,luxury,https://us.burberry.com/classic-fit-check-cotton-shirt-p81277581,https://us.burberry.com/classic-fit-check-cotton-shirt-p81277581,81277581002,Classic Fit Check Cotton Shirt in Sand beige - Women | Burberry® Official,Burberry,570,,USD,InStock,,,https://us.burberry.com/l/womens-clothing/,200,
2026-10-06,burberry,Burberry Group,luxury,https://us.burberry.com/gabardine-trench-mini-skirt-p81160061,https://us.burberry.com/gabardine-trench-mini-skirt-p81160061,81160061002,Gabardine Trench Mini Skirt in Quill beige - Women | Burberry® Official,Burberry,1450,,USD,InStock,,,https://us.burberry.com/l/womens-clothing/,200,
2026-10-06,burberry,Burberry Group,luxury,https://us.burberry.com/check-trim-wool-cardigan-p81352131,https://us.burberry.com/check-trim-wool-cardigan-p81352131,81352131001,Check Trim Wool Cardigan in Black - Women | Burberry® Official,Burberry,1050,,USD,InStock,,,https://us.burberry.com/l/womens-clothing/,200,
2026-10-06,burberry,Burberry Group,luxury,https://us.burberry.com/check-wool-kilt-p81268891,https://us.burberry.com/check-wool-kilt-p81268891,81268891002,Check Wool Kilt in Sandstone beige - Women | Burberry® Official,Burberry,1695,,USD,InStock,,,https://us.burberry.com/l/womens-clothing/,200,
2026-10-06,burberry,Burberry Group,luxury,https://us.burberry.com/check-cotton-shirt-dress-p81268501,https://us.burberry.com/check-cotton-shirt-dress-p81268501,81268501002,Check Cotton Shirt Dress in Sesame beige - Women | Burberry® Official,Burberry,1350,,USD,InStock,,,https://us.burberry.com/l/womens-clothing/,200,
2026-10-06,burberry,Burberry Group,luxury,https://us.burberry.com/check-cotton-shirt-dress-p81117011,https://us.burberry.com/check-cotton-shirt-dress-p81117011,81117011002,Check Cotton Shirt Dress in Sand beige - Women | Burberry® Official,Burberry,1350,,USD,InStock,,,https://us.burberry.com/l/womens-clothing/,200,
2026-10-06,burberry,Burberry Group,luxury,https://us.burberry.com/wool-polo-shirt-dress-p81299681,https://us.burberry.com/wool-polo-shirt-dress-p81299681,81299681001,Wool Polo Shirt Dress in Black - Women | Burberry® Official,Burberry,1495,,USD,InStock,,,https://us.burberry.com/l/womens-clothing/,200,
2026-10-06,burberry,Burberry Group,luxury,https://us.burberry.com/check-collar-cotton-polo-shirt-dress-p81280271,https://us.burberry.com/check-collar-cotton-polo-shirt-dress-p81280271,81280271001,Check Collar Cotton Polo Shirt Dress in Vineyard red - Women | Burberry® Official,Burberry,915,,USD,InStock,,,https://us.burberry.com/l/womens-clothing/,200,
2026-10-06,burberry,Burberry Group,luxury,https://us.burberry.com/knight-wool-cashmere-cardigan-p81324591,https://us.burberry.com/knight-wool-cashmere-cardigan-p81324591,81324591001,Knight Wool Cashmere Cardigan in Black - Women | Burberry® Official,Burberry,1850,,USD,InStock,,,https://us.burberry.com/l/womens-clothing/,200,
2026-10-06,jcrew,J.Crew Group (private),premium,https://www.jcrew.com/p/mens/categories/clothing/blazers/blazers/CW081?display=standard&fit=Classic&colorProductCode=CW081&colorCode=WZ8524,https://www.jcrew.com/p/mens/categories/clothing/blazers/blazers/CW081?display=standard&fit=Classic&colorProductCode=CW081&colorCode=WZ8524,CW081-WZ8524,Sportcoat in Irish wool,J.Crew,,,,,Imported,cuffs. Partially lined. Dry clean only. Imported. Select stores. Item CW081. Size & Fit ,https://www.jcrew.com/plp/mens/categories/clothing,200,
2026-10-06,jcrew,J.Crew Group (private),premium,https://www.jcrew.com/p/mens/categories/clothing/pants-and-chinos/chino/CV868?display=standard&fit=Classic&colorProductCode=CV868&colorCode=WZ8810,https://www.jcrew.com/p/mens/categories/clothing/pants-and-chinos/chino/CV868?display=standard&fit=Classic&colorProductCode=CV868&colorCode=WZ8810,CV868-WZ8810,Relaxed-fit double-pleated corduroy pant,J.Crew,168,,USD,InStock,Imported,", back flap pockets. Machine wash cold. Imported. Select stores. Item CV868. Size & Fit ",https://www.jcrew.com/plp/mens/categories/clothing,200,
2026-10-06,jcrew,J.Crew Group (private),premium,https://www.jcrew.com/p/mens/categories/clothing/coats-and-jackets/chore-coats/CX073?display=standard&fit=Classic&colorProductCode=CX073&colorCode=PR0423,https://www.jcrew.com/p/mens/categories/clothing/coats-and-jackets/chore-coats/CX073?display=standard&fit=Classic&colorProductCode=CX073&colorCode=PR0423,CX073-PR0423,Wallace &amp; Barnes lined canvas work jacket,J.Crew,268,,USD,InStock,Imported,ool/45% polyester lining. Machine wash. Imported. Select stores. Item CX073. Size & Fit ,https://www.jcrew.com/plp/mens/categories/clothing,200,
2026-10-06,jcrew,J.Crew Group (private),premium,https://www.jcrew.com/p/mens/categories/clothing/sweatshirts-and-sweatpants/zip-up/CV462?display=standard&fit=Classic&colorProductCode=CV462&colorCode=HT0486,https://www.jcrew.com/p/mens/categories/clothing/sweatshirts-and-sweatpants/zip-up/CV462?display=standard&fit=Classic&colorProductCode=CV462&colorCode=HT0486,CV462-HT0486,'83 fleece quarter-zip polo sweatshirt,J.Crew,148,,USD,InStock,Imported, trim at cuffs and waist. Machine wash. Imported. Item CV462. Size & Fit Please note tha,https://www.jcrew.com/plp/mens/categories/clothing,200,
2026-10-06,jcrew,J.Crew Group (private),premium,https://www.jcrew.com/p/mens/categories/clothing/pants-and-chinos/chino/CV868?display=standard&fit=Classic&colorProductCode=CV868&colorCode=WZ8813,https://www.jcrew.com/p/mens/categories/clothing/pants-and-chinos/chino/CV868?display=standard&fit=Classic&colorProductCode=CV868&colorCode=WZ8813,CV868-WZ8810,Relaxed-fit double-pleated corduroy pant,J.Crew,168,,USD,InStock,Imported,", back flap pockets. Machine wash cold. Imported. Select stores. Item CV868. Size & Fit ",https://www.jcrew.com/plp/mens/categories/clothing,200,
2026-10-06,jcrew,J.Crew Group (private),premium,https://www.jcrew.com/p/mens/categories/clothing/sweaters/crewneck/CW135?display=standard&fit=Classic&colorProductCode=CW135&colorCode=HT2096,https://www.jcrew.com/p/mens/categories/clothing/sweaters/crewneck/CW135?display=standard&fit=Classic&colorProductCode=CW135&colorCode=HT2096,CW135-HT2096,Soft-washed wool sweater,J.Crew,158,,USD,InStock,Imported,the right choice. 100% wool. Hand wash. Imported. Online only. Item CW135. Size & Fit  N,https://www.jcrew.com/plp/mens/categories/clothing,200,
2026-10-06,jcrew,J.Crew Group (private),premium,https://www.jcrew.com/p/mens/categories/clothing/shirts/wallace-and-barnes/CW031?display=standard&fit=Classic&colorProductCode=CW031&colorCode=YA1412,https://www.jcrew.com/p/mens/categories/clothing/shirts/wallace-and-barnes/CW031?display=standard&fit=Classic&colorProductCode=CW031&colorCode=YA1412,CW031-YA1412,Wallace &amp; Barnes flannel workshirt,J.Crew,168,,USD,InStock,Imported,00% cotton. Point collar. Machine wash. Imported. Select stores. Item CW031. Size & Fit ,https://www.jcrew.com/plp/mens/categories/clothing,200,
2026-10-06,jcrew,J.Crew Group (private),premium,https://www.jcrew.com/p/mens/categories/clothing/blazers/blazers/CW076?display=standard&fit=Classic&colorProductCode=CW076&colorCode=WZ9004,https://www.jcrew.com/p/mens/categories/clothing/blazers/blazers/CW076?display=standard&fit=Classic&colorProductCode=CW076&colorCode=WZ9004,CW076-WZ9004,Blazer in English merino wool,J.Crew,598,,USD,InStock,Imported, at cuffs. Fully lined. Dry clean only. Imported. Select stores. Item CW076. Size & Fit ,https://www.jcrew.com/plp/mens/categories/clothing,200,
2026-10-06,jcrew,J.Crew Group (private),premium,https://www.jcrew.com/p/mens/categories/clothing/dress-shirts/ludlow-premium-dress-shirts/CW592?display=standard&fit=Classic&colorProductCode=CW592&colorCode=YA1673,https://www.jcrew.com/p/mens/categories/clothing/dress-shirts/ludlow-premium-dress-shirts/CW592?display=standard&fit=Classic&colorProductCode=CW592&colorCode=YA1673,CW592-YA1673,Ludlow Premium cotton dress shirt,J.Crew,148,,USD,InStock,Imported,00% cotton. Point collar. Machine wash. Imported. Select stores. Item CW592. Size & Fit ,https://www.jcrew.com/plp/mens/categories/clothing,200,
2026-10-06,jcrew,J.Crew Group (private),premium,https://www.jcrew.com/p/mens/categories/clothing/sweaters/v-neck/CW125?display=standard&fit=Classic&colorProductCode=CW125&colorCode=SX0082,https://www.jcrew.com/p/mens/categories/clothing/sweaters/v-neck/CW125?display=standard&fit=Classic&colorProductCode=CW125&colorCode=SX0082,CW125-SX0082,Soft-washed wool V-neck sweater in stripe,J.Crew,168,,USD,InStock,Imported,the right choice. 100% wool. Hand wash. Imported. Online only. Item CW125. Size & Fit  N,https://www.jcrew.com/plp/mens/categories/clothing,200,
2026-10-06,jcrew,J.Crew Group (private),premium,https://www.jcrew.com/p/mens/categories/clothing/sweatshirts-and-sweatpants/pullovers/CO450?display=standard&fit=Classic&colorProductCode=CO450&colorCode=PP7838,https://www.jcrew.com/p/mens/categories/clothing/sweatshirts-and-sweatpants/pullovers/CO450?display=standard&fit=Classic&colorProductCode=CO450&colorCode=PP7838,CO450-PP7838,Quilted quarter-zip pullover,J.Crew,128,,USD,InStock,Imported,ocket. Rib trim at cuffs. Machine wash. Imported. Item CO450. Size & Fit Fits true to si,https://www.jcrew.com/plp/mens/categories/clothing,200,
2026-10-06,jcrew,J.Crew Group (private),premium,https://www.jcrew.com/p/mens/categories/clothing/suits-and-tuxedos/suit-pants/BZ632?display=standard&fit=Classic&colorProductCode=BZ632&colorCode=WZ6548,https://www.jcrew.com/p/mens/categories/clothing/suits-and-tuxedos/suit-pants/BZ632?display=standard&fit=Classic&colorProductCode=BZ632&colorCode=WZ6548,BZ632-WZ6548,Relaxed-fit double-pleated trouser in Italian wool cavalry twill,J.Crew,298,,USD,InStock,Imported,de slant pockets. Plain hem. Dry clean. Imported. Select stores. Item BZ632. Size & Fit ,https://www.jcrew.com/plp/mens/categories/clothing,200,
2026-10-06,jcrew,J.Crew Group (private),premium,https://www.jcrew.com/p/mens/categories/clothing/shirts/madison/CW032?display=standard&fit=Classic&colorProductCode=CW032&colorCode=YA1596,https://www.jcrew.com/p/mens/categories/clothing/shirts/madison/CW032?display=standard&fit=Classic&colorProductCode=CW032&colorCode=YA1596,CW032-YA1596,Madison cotton-blend twill shirt,J.Crew,128,,USD,InStock,Imported,ion. 87% cotton/13% wool. Machine wash. Imported. Item CW032. Size & Fit Regular fit. FI,https://www.jcrew.com/plp/mens/categories/clothing,200,
2026-10-06,jcrew,J.Crew Group (private),premium,https://www.jcrew.com/p/mens/categories/clothing/sweaters/crewneck/CW135?display=standard&fit=Classic&colorProductCode=CW135&colorCode=BR6359,https://www.jcrew.com/p/mens/categories/clothing/sweaters/crewneck/CW135?display=standard&fit=Classic&colorProductCode=CW135&colorCode=BR6359,CW135-HT2096,Soft-washed wool sweater,J.Crew,158,,USD,InStock,Imported,the right choice. 100% wool. Hand wash. Imported. Online only. Item CW135. Size & Fit  N,https://www.jcrew.com/plp/mens/categories/clothing,200,
2026-10-06,jcrew,J.Crew Group (private),premium,https://www.jcrew.com/p/mens/categories/clothing/tshirts-and-polos/t-shirts/CV409?display=standard&fit=Classic&colorProductCode=CV409&colorCode=GR7240,https://www.jcrew.com/p/mens/categories/clothing/tshirts-and-polos/t-shirts/CV409?display=standard&fit=Classic&colorProductCode=CV409&colorCode=GR7240,CV409-GR7240,Washed piqu&eacute; button-down shirt,J.Crew,128,,USD,InStock,Imported,00% cotton. Long sleeves. Machine wash. Imported. Item CV409. Size & Fit Fits true to si,https://www.jcrew.com/plp/mens/categories/clothing,200,
2026-10-06,jcrew,J.Crew Group (private),premium,https://www.jcrew.com/p/mens/categories/clothing/blazers/blazers/CW080?display=standard&fit=Classic&colorProductCode=CW080&colorCode=WZ8575,https://www.jcrew.com/p/mens/categories/clothing/blazers/blazers/CW080?display=standard&fit=Classic&colorProductCode=CW080&colorCode=WZ8575,CW080-WZ8575,Sportcoat in Italian cotton corduroy,J.Crew,598,,USD,InStock,Imported,cuffs. Partially lined. Dry clean only. Imported. Select stores. Item CW080. Size & Fit ,https://www.jcrew.com/plp/mens/categories/clothing,200,
2026-10-06,jcrew,J.Crew Group (private),premium,https://www.jcrew.com/p/mens/categories/clothing/pants-and-chinos/athletic/CW723?display=standard&fit=Classic&colorProductCode=CW723&colorCode=WZ6622,https://www.jcrew.com/p/mens/categories/clothing/pants-and-chinos/athletic/CW723?display=standard&fit=Classic&colorProductCode=CW723&colorCode=WZ6622,CW723-WZ6622,Athletic Straight-fit stretch corduroy five-pocket pant,J.Crew,128,,USD,InStock,Imported,al 5-pocket styling. Machine wash cold. Imported. Online only. Item CW723. Size & Fit Si,https://www.jcrew.com/plp/mens/categories/clothing,200,
2026-10-06,jcrew,J.Crew Group (private),premium,https://www.jcrew.com/p/mens/categories/clothing/sweaters/cardigan/CW100?display=standard&fit=Classic&colorProductCode=CW100&colorCode=BL7398,https://www.jcrew.com/p/mens/categories/clothing/sweaters/cardigan/CW100?display=standard&fit=Classic&colorProductCode=CW100&colorCode=BL7398,CW100-BL7398,Heritage cotton polo cardigan sweater,J.Crew,128,,USD,InStock,Imported,nd layering. 100% cotton. Machine wash. Imported. Online only. Item CW100. Size & Fit  N,https://www.jcrew.com/plp/mens/categories/clothing,200,
2026-10-06,jcrew,J.Crew Group (private),premium,https://www.jcrew.com/p/mens/categories/clothing/sweaters/v-neck/CW136?display=standard&fit=Classic&colorProductCode=CW136&colorCode=SX0821,https://www.jcrew.com/p/mens/categories/clothing/sweaters/v-neck/CW136?display=standard&fit=Classic&colorProductCode=CW136&colorCode=SX0821,CW136-SX0821,Fair Isle V-neck sweater in wool,J.Crew,178,,USD,InStock,Imported,ly warm and cozy. 100% wool. Hand wash. Imported. Select stores. Item CW136. Size & Fit ,https://www.jcrew.com/plp/mens/categories/clothing,200,
2026-10-06,jcrew,J.Crew Group (private),premium,https://www.jcrew.com/p/mens/categories/clothing/pants-and-chinos/corduroy/CM717?display=standard&fit=Classic&colorProductCode=CM717&colorCode=WZ6597,https://www.jcrew.com/p/mens/categories/clothing/pants-and-chinos/corduroy/CM717?display=standard&fit=Classic&colorProductCode=CM717&colorCode=WZ6597,CM717-WZ6597,Broken-in Straight pant in stretch corduroy,J.Crew,128,,USD,InStock,Imported,kets for easy entry. Machine wash cold. Imported. Item CM717. Size & Fit Model is 6'0 we,https://www.jcrew.com/plp/mens/categories/clothing,200,
2026-10-06,jcrew,J.Crew Group (private),premium,https://www.jcrew.com/p/mens/categories/clothing/coats-and-jackets/leather-and-suede-jacket/CV264?display=standard&fit=Classic&colorProductCode=CV264&colorCode=WZ2991,https://www.jcrew.com/p/mens/categories/clothing/coats-and-jackets/leather-and-suede-jacket/CV264?display=standard&fit=Classic&colorProductCode=CV264&colorCode=WZ2991,CV264-WZ2991,Two-pocket field jacket in Italian suede,J.Crew,898,,USD,InStock,Imported,stable sleeve cuffs. Lined. Spot clean. Imported. Select stores. Item CV264. Size & Fit ,https://www.jcrew.com/plp/mens/categories/clothing,200,
2026-10-06,jcrew,J.Crew Group (private),premium,https://www.jcrew.com/p/mens/categories/clothing/sweaters/crewneck/CW135?display=standard&fit=Classic&colorProductCode=CW135&colorCode=HT2094,https://www.jcrew.com/p/mens/categories/clothing/sweaters/crewneck/CW135?display=standard&fit=Classic&colorProductCode=CW135&colorCode=HT2094,CW135-HT2096,Soft-washed wool sweater,J.Crew,158,,USD,InStock,Imported,the right choice. 100% wool. Hand wash. Imported. Online only. Item CW135. Size & Fit  N,https://www.jcrew.com/plp/mens/categories/clothing,200,
2026-10-06,jcrew,J.Crew Group (private),premium,https://www.jcrew.com/p/mens/categories/clothing/shirts/wallace-and-barnes/CW350?display=standard&fit=Classic&colorProductCode=CW350&colorCode=YA1659,https://www.jcrew.com/p/mens/categories/clothing/shirts/wallace-and-barnes/CW350?display=standard&fit=Classic&colorProductCode=CW350&colorCode=YA1659,CW350-YA1659,Wallace &amp; Barnes brushed twill workshirt,J.Crew,148,,USD,InStock,Imported,00% cotton. Point collar. Machine wash. Imported. Select stores. Item CW350. Size & Fit ,https://www.jcrew.com/plp/mens/categories/clothing,200,
2026-10-06,jcrew,J.Crew Group (private),premium,https://www.jcrew.com/p/mens/categories/clothing/sweaters/zip-up/CW144?display=standard&fit=Classic&colorProductCode=CW144&colorCode=SX0341,https://www.jcrew.com/p/mens/categories/clothing/sweaters/zip-up/CW144?display=standard&fit=Classic&colorProductCode=CW144&colorCode=SX0341,CW144-SX0341,Wallace &amp; Barnes shawl-collar full-zip loon cardigan in wool,J.Crew,,,,,Imported,ool. Full zip. Welt pockets. Hand wash. Imported. Select stores. Item CW144. Size & Fit ,https://www.jcrew.com/plp/mens/categories/clothing,200,
2026-10-06,jcrew,J.Crew Group (private),premium,https://www.jcrew.com/p/mens/categories/clothing/sweaters/polo/CV665?display=standard&fit=Classic&colorProductCode=CV665&colorCode=HT3699,https://www.jcrew.com/p/mens/categories/clothing/sweaters/polo/CV665?display=standard&fit=Classic&colorProductCode=CV665&colorCode=HT3699,CV665-HT3699,Cashmere sweater-polo,J.Crew,228,,USD,InStock,Imported,polo. 100% Grade-A cashmere. Hand wash. Imported. Select stores. Item CV665. GOOD CASHME,https://www.jcrew.com/plp/mens/categories/clothing,200,
2026-10-06,jcrew,J.Crew Group (private),premium,https://www.jcrew.com/p/mens/categories/clothing/sweaters/v-neck/CW137?display=standard&fit=Classic&colorProductCode=CW137&colorCode=SX0675,https://www.jcrew.com/p/mens/categories/clothing/sweaters/v-neck/CW137?display=standard&fit=Classic&colorProductCode=CW137&colorCode=SX0675,CW137-SX0675,Fair Isle sweater-vest in wool,J.Crew,138,,USD,InStock,Imported, go out of style. 100% wool. Hand wash. Imported. Select stores. Item CW137. Size & Fit ,https://www.jcrew.com/plp/mens/categories/clothing,200,
2026-10-06,jcrew,J.Crew Group (private),premium,https://www.jcrew.com/p/mens/categories/clothing/sweatshirts-and-sweatpants/pullovers/CO450?display=standard&fit=Classic&colorProductCode=CO450&colorCode=PP7841,https://www.jcrew.com/p/mens/categories/clothing/sweatshirts-and-sweatpants/pullovers/CO450?display=standard&fit=Classic&colorProductCode=CO450&colorCode=PP7841,CO450-PP7838,Quilted quarter-zip pullover,J.Crew,128,,USD,InStock,Imported,ocket. Rib trim at cuffs. Machine wash. Imported. Item CO450. Size & Fit Fits true to si,https://www.jcrew.com/plp/mens/categories/clothing,200,
2026-10-06,jcrew,J.Crew Group (private),premium,https://www.jcrew.com/p/mens/categories/clothing/shirts/wallace-and-barnes/CW350?display=standard&fit=Classic&colorProductCode=CW350&colorCode=YA2037,https://www.jcrew.com/p/mens/categories/clothing/shirts/wallace-and-barnes/CW350?display=standard&fit=Classic&colorProductCode=CW350&colorCode=YA2037,CW350-YA1659,Wallace &amp; Barnes brushed twill workshirt,J.Crew,148,,USD,InStock,Imported,00% cotton. Point collar. Machine wash. Imported. Select stores. Item CW350. Size & Fit ,https://www.jcrew.com/plp/mens/categories/clothing,200,
2026-10-06,jcrew,J.Crew Group (private),premium,https://www.jcrew.com/p/mens/categories/clothing/sweaters/crewneck/CW135?display=standard&fit=Classic&colorProductCode=CW135&colorCode=SU2813,https://www.jcrew.com/p/mens/categories/clothing/sweaters/crewneck/CW135?display=standard&fit=Classic&colorProductCode=CW135&colorCode=SU2813,CW135-HT2096,Soft-washed wool sweater,J.Crew,158,,USD,InStock,Imported,the right choice. 100% wool. Hand wash. Imported. Online only. Item CW135. Size & Fit  N,https://www.jcrew.com/plp/mens/categories/clothing,200,
2026-10-06,jcrew,J.Crew Group (private),premium,https://www.jcrew.com/p/mens/categories/clothing/blazers/blazers/CZ126?display=standard&fit=Classic&colorProductCode=CZ126&colorCode=WZ8630,https://www.jcrew.com/p/mens/categories/clothing/blazers/blazers/CZ126?display=standard&fit=Classic&colorProductCode=CZ126&colorCode=WZ8630,CZ126-WZ8630,Wallace &amp; Barnes chore blazer in English melton wool,J.Crew,598,,USD,InStock,Imported,cuffs. Partially lined. Dry clean only. Imported. Select stores. Item CZ126. Size & Fit ,https://www.jcrew.com/plp/mens/categories/clothing,200,
2026-10-06,jcrew,J.Crew Group (private),premium,https://www.jcrew.com/p/mens/categories/clothing/sweaters/crewneck/CW126?display=standard&fit=Classic&colorProductCode=CW126&colorCode=SR9720,https://www.jcrew.com/p/mens/categories/clothing/sweaters/crewneck/CW126?display=standard&fit=Classic&colorProductCode=CW126&colorCode=SR9720,CW126-SR9720,Soft-washed wool sweater in stripe,J.Crew,168,,USD,InStock,Imported,the right choice. 100% wool. Hand wash. Imported. Online only. Item CW126. Size & Fit  N,https://www.jcrew.com/plp/mens/categories/clothing,200,
2026-10-06,jcrew,J.Crew Group (private),premium,https://www.jcrew.com/p/mens/categories/clothing/coats-and-jackets/chore-coats/CX073?display=standard&fit=Classic&colorProductCode=CX073&colorCode=BL8278,https://www.jcrew.com/p/mens/categories/clothing/coats-and-jackets/chore-coats/CX073?display=standard&fit=Classic&colorProductCode=CX073&colorCode=BL8278,CX073-PR0423,Wallace &amp; Barnes lined canvas work jacket,J.Crew,268,,USD,InStock,Imported,ool/45% polyester lining. Machine wash. Imported. Select stores. Item CX073. Size & Fit ,https://www.jcrew.com/plp/mens/categories/clothing,200,
2026-10-06,jcrew,J.Crew Group (private),premium,https://www.jcrew.com/p/mens/categories/clothing/sweatshirts-and-sweatpants/crewneck/CV925?display=standard&fit=Classic&colorProductCode=CV925&colorCode=PP8494,https://www.jcrew.com/p/mens/categories/clothing/sweatshirts-and-sweatpants/crewneck/CV925?display=standard&fit=Classic&colorProductCode=CV925&colorCode=PP8494,CV925-PP8494,Wallace &amp; Barnes Loon Lake graphic sweatshirt,J.Crew,158,,USD,InStock,Imported, polyester. Long sleeves. Machine wash. Imported. Select stores. Item CV925. Size & Fit ,https://www.jcrew.com/plp/mens/categories/clothing,200,
2026-10-06,jcrew,J.Crew Group (private),premium,https://www.jcrew.com/p/mens/categories/clothing/shirts/wallace-and-barnes/CW031?display=standard&fit=Classic&colorProductCode=CW031&colorCode=YA1416,https://www.jcrew.com/p/mens/categories/clothing/shirts/wallace-and-barnes/CW031?display=standard&fit=Classic&colorProductCode=CW031&colorCode=YA1416,CW031-YA1412,Wallace &amp; Barnes flannel workshirt,J.Crew,168,,USD,InStock,Imported,00% cotton. Point collar. Machine wash. Imported. Select stores. Item CW031. Size & Fit ,https://www.jcrew.com/plp/mens/categories/clothing,200,
2026-10-06,jcrew,J.Crew Group (private),premium,https://www.jcrew.com/p/mens/categories/clothing/sweaters/turtleneck/CW141?display=standard&fit=Classic&colorProductCode=CW141&colorCode=SU2821,https://www.jcrew.com/p/mens/categories/clothing/sweaters/turtleneck/CW141?display=standard&fit=Classic&colorProductCode=CW141&colorCode=SU2821,CW141-SU2821,Mockneck sweater in wool,J.Crew,258,,USD,InStock,Imported,eather cools off. 100% wool. Hand wash. Imported. Online only. Item CW141. Size & Fit  N,https://www.jcrew.com/plp/mens/categories/clothing,200,
2026-10-06,jcrew,J.Crew Group (private),premium,https://www.jcrew.com/p/mens/categories/clothing/shirts/madison/CW032?display=standard&fit=Classic&colorProductCode=CW032&colorCode=YA2206,https://www.jcrew.com/p/mens/categories/clothing/shirts/madison/CW032?display=standard&fit=Classic&colorProductCode=CW032&colorCode=YA2206,CW032-YA1596,Madison cotton-blend twill shirt,J.Crew,128,,USD,InStock,Imported,ion. 87% cotton/13% wool. Machine wash. Imported. Item CW032. Size & Fit Regular fit. FI,https://www.jcrew.com/plp/mens/categories/clothing,200,
2026-10-06,jcrew,J.Crew Group (private),premium,https://www.jcrew.com/p/mens/categories/clothing/coats-and-jackets/denim/CV268?display=standard&fit=Classic&colorProductCode=CV268&colorCode=WZ6958,https://www.jcrew.com/p/mens/categories/clothing/coats-and-jackets/denim/CV268?display=standard&fit=Classic&colorProductCode=CV268&colorCode=WZ6958,CV268-WZ6958,Suede-collar lined denim jacket,J.Crew,268,,USD,InStock,Imported,ester houndstooth lining. Machine wash. Imported. Select stores. Item CV268. Size & Fit ,https://www.jcrew.com/plp/mens/categories/clothing,200,
2026-10-06,jcrew,J.Crew Group (private),premium,https://www.jcrew.com/p/mens/categories/clothing/sweaters/crewneck/CO760?display=standard&fit=Classic&colorProductCode=CO760&colorCode=HT3740,https://www.jcrew.com/p/mens/categories/clothing/sweaters/crewneck/CO760?display=standard&fit=Classic&colorProductCode=CO760&colorCode=HT3740,CO760-HT3740,Wallace &amp; Barnes wool cable-knit sweater,J.Crew,248,,USD,InStock,Imported,coast of Ireland. 100% wool. Dry clean. Imported. Select stores. Item CO760. Size & Fit ,https://www.jcrew.com/plp/mens/categories/clothing,200,
2026-10-06,jcrew,J.Crew Group (private),premium,https://www.jcrew.com/p/mens/categories/clothing/sweatshirts-and-sweatpants/zip-up/CV462?display=standard&fit=Classic&colorProductCode=CV462&colorCode=PP6599,https://www.jcrew.com/p/mens/categories/clothing/sweatshirts-and-sweatpants/zip-up/CV462?display=standard&fit=Classic&colorProductCode=CV462&colorCode=PP6599,CV462-HT0486,'83 fleece quarter-zip polo sweatshirt,J.Crew,148,,USD,InStock,Imported, trim at cuffs and waist. Machine wash. Imported. Item CV462. Size & Fit Please note tha,https://www.jcrew.com/plp/mens/categories/clothing,200,
2026-10-06,jcrew,J.Crew Group (private),premium,https://www.jcrew.com/p/mens/categories/clothing/sweatshirts-and-sweatpants/hoodie/CO176?display=standard&fit=Classic&colorProductCode=CO176&colorCode=WP4730,https://www.jcrew.com/p/mens/categories/clothing/sweatshirts-and-sweatpants/hoodie/CO176?display=standard&fit=Classic&colorProductCode=CO176&colorCode=WP4730,CO176-WP4730,'83 fleece hoodie,J.Crew,128,,USD,InStock,Imported,ocket. Rib trim at cuffs. Machine wash. Imported. Item CO176. Size & Fit Fits true to si,https://www.jcrew.com/plp/mens/categories/clothing,200,
2026-10-06,jcrew,J.Crew Group (private),premium,https://www.jcrew.com/p/mens/categories/clothing/coats-and-jackets/bomber-jacket/CX072?display=standard&fit=Classic&colorProductCode=CX072&colorCode=WZ8840,https://www.jcrew.com/p/mens/categories/clothing/coats-and-jackets/bomber-jacket/CX072?display=standard&fit=Classic&colorProductCode=CX072&colorCode=WZ8840,CX072-WZ8840,Wallace &amp; Barnes wool jacket in buffalo plaid,J.Crew,448,,USD,InStock,Imported, wool. PrimaLoft insulation. Dry clean. Imported. Select stores. Item CX072. Size & Fit ,https://www.jcrew.com/plp/mens/categories/clothing,200,
2026-10-06,jcrew,J.Crew Group (private),premium,https://www.jcrew.com/p/mens/categories/clothing/sweaters/cardigan/CW100?display=standard&fit=Classic&colorProductCode=CW100&colorCode=GR1983,https://www.jcrew.com/p/mens/categories/clothing/sweaters/cardigan/CW100?display=standard&fit=Classic&colorProductCode=CW100&colorCode=GR1983,CW100-BL7398,Heritage cotton polo cardigan sweater,J.Crew,128,,USD,InStock,Imported,nd layering. 100% cotton. Machine wash. Imported. Online only. Item CW100. Size & Fit  N,https://www.jcrew.com/plp/mens/categories/clothing,200,
2026-10-06,jcrew,J.Crew Group (private),premium,https://www.jcrew.com/p/mens/categories/clothing/pants-and-chinos/trouser/CX063?display=standard&fit=Classic&colorProductCode=CX063&colorCode=WZ1829,https://www.jcrew.com/p/mens/categories/clothing/pants-and-chinos/trouser/CX063?display=standard&fit=Classic&colorProductCode=CX063&colorCode=WZ1829,CX063-WZ1829,Wallace &amp; Barnes creased carpenter pant in canvas,J.Crew,188,,USD,InStock,Imported,forced back pockets. Machine wash cold. Imported. Select stores. Item CX063. Size & Fit ,https://www.jcrew.com/plp/mens/categories/clothing,200,
2026-10-06,jcrew,J.Crew Group (private),premium,https://www.jcrew.com/p/mens/categories/clothing/tshirts-and-polos/t-shirts/CV409?display=standard&fit=Classic&colorProductCode=CV409&colorCode=BL8405,https://www.jcrew.com/p/mens/categories/clothing/tshirts-and-polos/t-shirts/CV409?display=standard&fit=Classic&colorProductCode=CV409&colorCode=BL8405,CV409-GR7240,Washed piqu&eacute; button-down shirt,J.Crew,128,,USD,InStock,Imported,00% cotton. Long sleeves. Machine wash. Imported. Item CV409. Size & Fit Fits true to si,https://www.jcrew.com/plp/mens/categories/clothing,200,
2026-10-06,jcrew,J.Crew Group (private),premium,https://www.jcrew.com/p/mens/categories/clothing/shirts/madison/CW032?display=standard&fit=Classic&colorProductCode=CW032&colorCode=BK0074,https://www.jcrew.com/p/mens/categories/clothing/shirts/madison/CW032?display=standard&fit=Classic&colorProductCode=CW032&colorCode=BK0074,CW032-YA1596,Madison cotton-blend twill shirt,J.Crew,128,,USD,InStock,Imported,ion. 87% cotton/13% wool. Machine wash. Imported. Item CW032. Size & Fit Regular fit. FI,https://www.jcrew.com/plp/mens/categories/clothing,200,
2026-10-06,jcrew,J.Crew Group (private),premium,https://www.jcrew.com/p/mens/categories/clothing/sweaters/pullover/CW974?display=standard&fit=Classic&colorProductCode=CW974&colorCode=GR6674,https://www.jcrew.com/p/mens/categories/clothing/sweaters/pullover/CW974?display=standard&fit=Classic&colorProductCode=CW974&colorCode=GR6674,CW974-GR6674,Quarter-zip sweater in ribbed wool,J.Crew,268,,USD,InStock,Imported,ure and interest. 100% wool. Hand wash. Imported. Online only. Item CW974. Size & Fit  N,https://www.jcrew.com/plp/mens/categories/clothing,200,
2026-10-06,jcrew,J.Crew Group (private),premium,https://www.jcrew.com/p/mens/categories/clothing/tshirts-and-polos/t-shirts/CV430?display=standard&fit=Classic&colorProductCode=CV430&colorCode=GR7851,https://www.jcrew.com/p/mens/categories/clothing/tshirts-and-polos/t-shirts/CV430?display=standard&fit=Classic&colorProductCode=CV430&colorCode=GR7851,CV430-GR7851,Wallace &amp; Barnes heritage-weight cotton long-sleeve T-shirt,J.Crew,69.5,,USD,InStock,Imported,00% cotton. Long sleeves. Machine wash. Imported. Online only. Item CV430. Size & Fit  N,https://www.jcrew.com/plp/mens/categories/clothing,200,
2026-10-06,jcrew,J.Crew Group (private),premium,https://www.jcrew.com/p/mens/categories/clothing/sweatshirts-and-sweatpants/pullovers/CO450?display=standard&fit=Classic&colorProductCode=CO450&colorCode=PP8652,https://www.jcrew.com/p/mens/categories/clothing/sweatshirts-and-sweatpants/pullovers/CO450?display=standard&fit=Classic&colorProductCode=CO450&colorCode=PP8652,CO450-PP7838,Quilted quarter-zip pullover,J.Crew,128,,USD,InStock,Imported,ocket. Rib trim at cuffs. Machine wash. Imported. Item CO450. Size & Fit Fits true to si,https://www.jcrew.com/plp/mens/categories/clothing,200,
2026-10-06,jcrew,J.Crew Group (private),premium,https://www.jcrew.com/p/mens/categories/clothing/sweaters/crewneck/CV662?display=standard&fit=Classic&colorProductCode=CV662&colorCode=SX0714,https://www.jcrew.com/p/mens/categories/clothing/sweaters/crewneck/CV662?display=standard&fit=Classic&colorProductCode=CV662&colorCode=SX0714,CV662-SX0714,Midweight cashmere sweater in stripe,J.Crew,248,,USD,InStock,Imported,ater. 100% Grade-A cashmere. Hand wash. Imported. Select stores. Item CV662. GOOD CASHME,https://www.jcrew.com/plp/mens/categories/clothing,200,
2026-10-06,jcrew,J.Crew Group (private),premium,https://www.jcrew.com/p/mens/categories/clothing/sweaters/pullover/CV666?display=standard&fit=Classic&colorProductCode=CV666&colorCode=HT0804,https://www.jcrew.com/p/mens/categories/clothing/sweaters/pullover/CV666?display=standard&fit=Classic&colorProductCode=CV666&colorCode=HT0804,CV666-HT0804,Cashmere cable-knit quarter-zip sweater,J.Crew,278,,USD,InStock,Imported,h it. 100% Grade-A cashmere. Hand wash. Imported. Online only. Item CV666. GOOD CASHMERE,https://www.jcrew.com/plp/mens/categories/clothing,200,
2026-10-06,banana_republic,Gap Inc,premium,https://bananarepublic.gap.com/browse/product.do?pid=1180225012&vid=1&pcid=1158705&cid=1158705,https://bananarepublic.gap.com/browse/product.do?pid=1180225012&vid=1&pcid=1158705&cid=1158705#pdp-page-content,1180225012,Marled Wool-Cotton Fringe Sweater,Banana Republic,180.00,,USD,InStock,Imported,"& care 55% wool, 45% cotton. Dry clean. Imported. Shipping & returns Reviews 2.0 out of ",https://bananarepublic.gap.com/browse/category.do?cid=1158705,200,
2026-10-06,banana_republic,Gap Inc,premium,https://bananarepublic.gap.com/browse/product.do?pid=1187863002&vid=1&pcid=1158705&cid=1158705,https://bananarepublic.gap.com/browse/product.do?pid=1187863002&vid=1&pcid=1158705&cid=1158705#pdp-page-content,1187863002,Suede Mini Skirt,Banana Republic,348.00,,USD,InStock,Imported,ring through the Leather Working Group. Imported. Shipping & returns Featured Items Pane,https://bananarepublic.gap.com/browse/category.do?cid=1158705,200,
2026-10-06,banana_republic,Gap Inc,premium,https://bananarepublic.gap.com/browse/product.do?pid=904782012&vid=1&pcid=1158705&cid=1158705,https://bananarepublic.gap.com/browse/product.do?pid=904782012&vid=1&pcid=1158705&cid=1158705#pdp-page-content,904782012,Italian Leather Knee-High Boot,Banana Republic,378.00,,USD,InStock,Portugal,oam cushioned footbed. Pull-on styling. Made in Portugal. Product #904782 Size & fit B width. He,https://bananarepublic.gap.com/browse/category.do?cid=1158705,200,
2026-10-06,banana_republic,Gap Inc,premium,https://bananarepublic.gap.com/browse/product.do?pid=910813002&vid=1&pcid=1158705&cid=1158705,https://bananarepublic.gap.com/browse/product.do?pid=910813002&vid=1&pcid=1158705&cid=1158705#pdp-page-content,910813002,Archive Reissue Double-Faced Cape-Back Trench Coat,Banana Republic,348.00,,USD,InStock,Imported," polyester, 9% other fibers. Dry clean. Imported. Shipping & returns Featured Items Doub",https://bananarepublic.gap.com/browse/category.do?cid=1158705,200,
2026-10-06,banana_republic,Gap Inc,premium,https://bananarepublic.gap.com/browse/product.do?pid=1180215022&vid=1&pcid=1158705&cid=1158705,https://bananarepublic.gap.com/browse/product.do?pid=1180215022&vid=1&pcid=1158705&cid=1158705#pdp-page-content,1180215022,Italian Alpaca-Blend Cropped Sweater,Banana Republic,220.00,,USD,InStock,Imported," care 85% alpaca, 15% nylon. Dry clean. Imported. Shipping & returns Featured Items Ital",https://bananarepublic.gap.com/browse/category.do?cid=1158705,200,
2026-10-06,banana_republic,Gap Inc,premium,https://bananarepublic.gap.com/browse/product.do?pid=1181557012&vid=1&pcid=1158705&cid=1158705,https://bananarepublic.gap.com/browse/product.do?pid=1181557012&vid=1&pcid=1158705&cid=1158705#pdp-page-content,1181557012,High-Rise Super Flare Flocked Pant,Banana Republic,180.00,,USD,InStock,Imported,only. Do not dry clean. Can be steamed. Imported. Shipping & returns Featured Items High,https://bananarepublic.gap.com/browse/category.do?cid=1158705,200,
2026-10-06,banana_republic,Gap Inc,premium,https://bananarepublic.gap.com/browse/product.do?pid=1180194012&vid=1&pcid=1158705&cid=1158705,https://bananarepublic.gap.com/browse/product.do?pid=1180194012&vid=1&pcid=1158705&cid=1158705#pdp-page-content,1180194012,Archive Reissue Throwster Sweater,Banana Republic,160.00,,USD,InStock,Imported,"on, 35% wool, 12% polyester. Dry clean. Imported. Shipping & returns Featured Items Wool",https://bananarepublic.gap.com/browse/category.do?cid=1158705,200,
2026-10-06,banana_republic,Gap Inc,premium,https://bananarepublic.gap.com/browse/product.do?pid=1180270022&vid=1&pcid=1158705&cid=1158705,https://bananarepublic.gap.com/browse/product.do?pid=1180270022&vid=1&pcid=1158705&cid=1158705#pdp-page-content,1180270022,Mid-Rise Relaxed Corduroy Painter Pull-On Pant,Banana Republic,120.00,,USD,InStock,Imported," 99% cotton, 1% elastane. Machine wash. Imported. Shipping & returns Featured Items High",https://bananarepublic.gap.com/browse/category.do?cid=1158705,200,
2026-10-06,banana_republic,Gap Inc,premium,https://bananarepublic.gap.com/browse/product.do?pid=914663012&vid=1&pcid=1158705&cid=1158705,https://bananarepublic.gap.com/browse/product.do?pid=9146630120000&vid=1&pcid=1158705&cid=1158705#pdp-page-content,914663012,Throwster Scarf,Banana Republic,90.00,,USD,InStock,Imported,"on, 35% wool, 12% polyester. Dry clean. Imported. Shipping & returns Featured Items Sama",https://bananarepublic.gap.com/browse/category.do?cid=1158705,200,
2026-10-06,banana_republic,Gap Inc,premium,https://bananarepublic.gap.com/browse/product.do?pid=1180208022&vid=1&pcid=1158705&cid=1158705,https://bananarepublic.gap.com/browse/product.do?pid=1180208022&vid=1&pcid=1158705&cid=1158705#pdp-page-content,1180208022,Wool-Blend Funnel-Neck Sweater,Banana Republic,260.00,,USD,InStock,Imported,"hine wash cold, gentle cycle, line dry. Imported. Shipping & returns Featured Items Over",https://bananarepublic.gap.com/browse/category.do?cid=1158705,200,
2026-10-06,banana_republic,Gap Inc,premium,https://bananarepublic.gap.com/browse/product.do?pid=1180164002&vid=1&pcid=1158705&cid=1158705,https://bananarepublic.gap.com/browse/product.do?pid=1180164002&vid=1&pcid=1158705&cid=1158705#pdp-page-content,1180164002,Ribbed Buttoned Sweater Dress,Banana Republic,248.00,,USD,InStock,Imported," & care 55% wool, 45% nylon. Dry clean. Imported. Shipping & returns Featured Items Cord",https://bananarepublic.gap.com/browse/category.do?cid=1158705,200,
2026-10-06,banana_republic,Gap Inc,premium,https://bananarepublic.gap.com/browse/product.do?pid=904733002&vid=1&pcid=1158705&cid=1158705,https://bananarepublic.gap.com/browse/product.do?pid=904733002&vid=1&pcid=1158705&cid=1158705#pdp-page-content,904733002,Italian Block-Heel Bootie,Banana Republic,278.00,,USD,InStock,Portugal,m foam cushioned footbed. Rubber soles. Made in Portugal. Product #904733 Size & fit Heel height,https://bananarepublic.gap.com/browse/category.do?cid=1158705,200,
2026-10-06,banana_republic,Gap Inc,premium,https://bananarepublic.gap.com/browse/product.do?pid=1180286022&vid=1&pcid=1158705&cid=1158705,https://bananarepublic.gap.com/browse/product.do?pid=1180286022&vid=1&pcid=1158705&cid=1158705#pdp-page-content,1180286022,Faux Fur Jacket,Banana Republic,298.00,,USD,InStock,Imported, lining: 100% viscose rayon. Dry clean. Imported. Shipping & returns Featured Items Doub,https://bananarepublic.gap.com/browse/category.do?cid=1158705,200,
2026-10-06,banana_republic,Gap Inc,premium,https://bananarepublic.gap.com/browse/product.do?pid=1180130012&vid=1&pcid=1158705&cid=1158705,https://bananarepublic.gap.com/browse/product.do?pid=1180130012&vid=1&pcid=1158705&cid=1158705#pdp-page-content,1180130012,Organza Tiered Maxi Dress,Banana Republic,248.00,,USD,InStock,Imported,"entle cycle, tumble dry low, cool iron. Imported. Shipping & returns Featured Items Bias",https://bananarepublic.gap.com/browse/category.do?cid=1158705,200,
2026-10-06,banana_republic,Gap Inc,premium,https://bananarepublic.gap.com/browse/product.do?pid=1184015012&vid=1&pcid=1158705&cid=1158705,https://bananarepublic.gap.com/browse/product.do?pid=11840150120000&vid=1&pcid=1158705&cid=1158705#pdp-page-content,1184015012,Maja Bag By Bembien,Banana Republic,380.00,,USD,InStock,Imported, Body: 100% suede. Lining: 100% cotton. Imported. Shipping & returns Featured Items Leat,https://bananarepublic.gap.com/browse/category.do?cid=1158705,200,
2026-10-06,banana_republic,Gap Inc,premium,https://bananarepublic.gap.com/browse/product.do?pid=910755002&vid=1&pcid=1158705&cid=1158705,https://bananarepublic.gap.com/browse/product.do?pid=910755002&vid=1&pcid=1158705&cid=1158705#pdp-page-content,910755002,Stretch-Satin Lace-Trim Camisole,Banana Republic,120.00,,USD,InStock,Imported,m controlled or certified wood sources. Imported. Shipping & returns Featured Items Cott,https://bananarepublic.gap.com/browse/category.do?cid=1158705,200,
2026-10-06,banana_republic,Gap Inc,premium,https://bananarepublic.gap.com/browse/product.do?pid=909595032&vid=1&pcid=1158705&cid=1158705,https://bananarepublic.gap.com/browse/product.do?pid=909595032&vid=1&pcid=1158705&cid=1158705#pdp-page-content,909595032,Stretch-Satin Lace-Trim Midi Skirt,Banana Republic,160.00,,USD,InStock,Imported,m controlled or certified wood sources. Imported. Shipping & returns Featured Items Orga,https://bananarepublic.gap.com/browse/category.do?cid=1158705,200,
2026-10-06,banana_republic,Gap Inc,premium,https://bananarepublic.gap.com/browse/product.do?pid=1180327012&vid=1&pcid=1158705&cid=1158705,https://bananarepublic.gap.com/browse/product.do?pid=1180327012&vid=1&pcid=1158705&cid=1158705#pdp-page-content,1180327012,Jersey Draped Gigot Sleeve Maxi Dress,Banana Republic,248.00,,USD,InStock,Imported,"old, gentle cycle, line dry, cool iron. Imported. Shipping & returns Featured Items Jers",https://bananarepublic.gap.com/browse/category.do?cid=1158705,200,
2026-10-06,banana_republic,Gap Inc,premium,https://bananarepublic.gap.com/browse/product.do?pid=915788022&vid=1&pcid=1158705&cid=1158705,https://bananarepublic.gap.com/browse/product.do?pid=915788022&vid=1&pcid=1158705&cid=1158705#pdp-page-content,915788022,Satin-Stretch Tie-Neck Top,Banana Republic,120.00,,USD,InStock,Imported,"cle, line dry, warm iron, or dry clean. Imported. Shipping & returns Featured Items Geor",https://bananarepublic.gap.com/browse/category.do?cid=1158705,200,
2026-10-06,banana_republic,Gap Inc,premium,https://bananarepublic.gap.com/browse/product.do?pid=1180268012&vid=1&pcid=1158705&cid=1158705,https://bananarepublic.gap.com/browse/product.do?pid=1180268012&vid=1&pcid=1158705&cid=1158705#pdp-page-content,1180268012,Stretch-Satin Balloon Cargo Pant,Banana Republic,170.00,,USD,OutOfStock,Imported,m controlled or certified wood sources. Imported. Shipping & returns Featured Items High,https://bananarepublic.gap.com/browse/category.do?cid=1158705,200,
2026-10-06,banana_republic,Gap Inc,premium,https://bananarepublic.gap.com/browse/product.do?pid=1180159012&vid=1&pcid=1158705&cid=1158705,https://bananarepublic.gap.com/browse/product.do?pid=1180159012&vid=1&pcid=1158705&cid=1158705#pdp-page-content,1180159012,Crinkle Chiffon Mini Dess,Banana Republic,198.00,,USD,InStock,Imported,m controlled or certified wood sources. Imported. Shipping & returns Featured Items Geor,https://bananarepublic.gap.com/browse/category.do?cid=1158705,200,
2026-10-06,banana_republic,Gap Inc,premium,https://bananarepublic.gap.com/browse/product.do?pid=1180466002&vid=1&pcid=1158705&cid=1158705,https://bananarepublic.gap.com/browse/product.do?pid=1180466002&vid=1&pcid=1158705&cid=1158705#pdp-page-content,1180466002,Italian Wool-Blend Top Coat,Banana Republic,498.00,,USD,InStock,Imported,ng: 100% viscose rayon. Dry clean only. Imported. Shipping & returns Featured Items Fitt,https://bananarepublic.gap.com/browse/category.do?cid=1158705,200,
2026-10-06,banana_republic,Gap Inc,premium,https://bananarepublic.gap.com/browse/product.do?pid=1180990012&vid=1&pcid=1158705&cid=1158705,https://bananarepublic.gap.com/browse/product.do?pid=1180990012&vid=1&pcid=1158705&cid=1158705#pdp-page-content,1180990012,Georgette Tie-Neck Blouse,Banana Republic,120.00,,USD,InStock,Imported,"old, gentle cycle, dry flat, cool iron. Imported. Shipping & returns Featured Items Geor",https://bananarepublic.gap.com/browse/category.do?cid=1158705,200,
2026-10-06,banana_republic,Gap Inc,premium,https://bananarepublic.gap.com/browse/product.do?pid=915541002&vid=1&pcid=1158705&cid=1158705,https://bananarepublic.gap.com/browse/product.do?pid=915541002&vid=1&pcid=1158705&cid=1158705#pdp-page-content,915541002,Drapey Georgette Maxi Skirt,Banana Republic,180.00,,USD,InStock,Imported,m controlled or certified wood sources. Imported. Shipping & returns Featured Items Orga,https://bananarepublic.gap.com/browse/category.do?cid=1158705,200,
2026-10-06,banana_republic,Gap Inc,premium,https://bananarepublic.gap.com/browse/product.do?pid=579807012&vid=1&pcid=1158705&cid=1158705,https://bananarepublic.gap.com/browse/product.do?pid=579807012&vid=1&pcid=1158705&cid=1158705#pdp-page-content,579807012,Refined Scoop-Neck T-Shirt,Banana Republic,35.00,,USD,InStock,Imported,"e 91% cotton, 9% spandex. Machine wash. Imported. Shipping & returns Style It With  EVER",https://bananarepublic.gap.com/browse/category.do?cid=1158705,200,
2026-10-06,banana_republic,Gap Inc,premium,https://bananarepublic.gap.com/browse/product.do?pid=915793012&vid=1&pcid=1158705&cid=1158705,https://bananarepublic.gap.com/browse/product.do?pid=915793012&vid=1&pcid=1158705&cid=1158705#pdp-page-content,915793012,Larkspur Cotton-Silk Crew-Neck Sweater,Banana Republic,95.00,,USD,InStock,Imported,"cle, dry flat, cool iron, or dry clean. Imported. Shipping & returns Featured Items Cott",https://bananarepublic.gap.com/browse/category.do?cid=1158705,200,
2026-10-06,banana_republic,Gap Inc,premium,https://bananarepublic.gap.com/browse/product.do?pid=826977012&vid=1&pcid=1158705&cid=1158705,https://bananarepublic.gap.com/browse/product.do?pid=826977012&vid=1&pcid=1158705&cid=1158705#pdp-page-content,826977012,The Icon Classic Wide-Leg Jean,Banana Republic,100.00,,USD,OutOfStock,Imported,"entle cycle, tumble dry low, warm iron. Imported. Shipping & returns Style It With  LIGH",https://bananarepublic.gap.com/browse/category.do?cid=1158705,200,
2026-10-06,banana_republic,Gap Inc,premium,https://bananarepublic.gap.com/browse/product.do?pid=826978032&vid=1&pcid=1158705&cid=1158705,https://bananarepublic.gap.com/browse/product.do?pid=826978032&vid=1&pcid=1158705&cid=1158705#pdp-page-content,826978032,Mid-Rise 90s Classic Relaxed Jean,Banana Republic,100.00,,USD,InStock,Imported,fiber from responsibly-harvested trees. Imported. Shipping & returns Style It With  LARK,https://bananarepublic.gap.com/browse/category.do?cid=1158705,200,
2026-10-06,banana_republic,Gap Inc,premium,https://bananarepublic.gap.com/browse/product.do?pid=915609002&vid=1&pcid=1158705&cid=1158705,https://bananarepublic.gap.com/browse/product.do?pid=915609002&vid=1&pcid=1158705&cid=1158705#pdp-page-content,915609002,Oversized Merino-Cotton Crew-Neck Sweater,Banana Republic,115.00,,USD,InStock,Imported," and dry flat, cool iron, or dry clean. Imported. Shipping & returns Style It With  HIGH",https://bananarepublic.gap.com/browse/category.do?cid=1158705,200,
2026-10-06,banana_republic,Gap Inc,premium,https://bananarepublic.gap.com/browse/product.do?pid=1180184002&vid=1&pcid=1158705&cid=1158705,https://bananarepublic.gap.com/browse/product.do?pid=1180184002&vid=1&pcid=1158705&cid=1158705#pdp-page-content,1180184002,Relaxed Cotton-Twill Popover Shirt,Banana Republic,95.00,,USD,InStock,Imported,"entle cycle, tumble dry low, cool iron. Imported. Shipping & returns Style It With  SUED",https://bananarepublic.gap.com/browse/category.do?cid=1158705,200,
2026-10-06,banana_republic,Gap Inc,premium,https://bananarepublic.gap.com/browse/product.do?pid=915793052&vid=1&pcid=1158705&cid=1158705,https://bananarepublic.gap.com/browse/product.do?pid=915793052&vid=1&pcid=1158705&cid=1158705#pdp-page-content,915793052,Larkspur Cotton-Silk Crew-Neck Sweater,Banana Republic,95.00,,USD,InStock,Imported,"cle, dry flat, cool iron, or dry clean. Imported. Shipping & returns Style It With  HIGH",https://bananarepublic.gap.com/browse/category.do?cid=1158705,200,
2026-10-06,banana_republic,Gap Inc,premium,https://bananarepublic.gap.com/browse/product.do?pid=1180227012&vid=1&pcid=1158705&cid=1158705,https://bananarepublic.gap.com/browse/product.do?pid=1180227012&vid=1&pcid=1158705&cid=1158705#pdp-page-content,1180227012,Italian Merino-Blend Crew-Neck Sweater,Banana Republic,220.00,,USD,InStock,Imported,"fine Merino wool, 20% nylon. Dry clean. Imported. Shipping & returns Featured Items Meri",https://bananarepublic.gap.com/browse/category.do?cid=1158705,200,
2026-10-06,banana_republic,Gap Inc,premium,https://bananarepublic.gap.com/browse/product.do?pid=579807002&vid=1&pcid=1158705&cid=1158705,https://bananarepublic.gap.com/browse/product.do?pid=579807002&vid=1&pcid=1158705&cid=1158705#pdp-page-content,579807002,Refined Scoop-Neck T-Shirt,Banana Republic,35.00,,USD,InStock,Imported,"e 91% cotton, 9% spandex. Machine wash. Imported. Shipping & returns Style It With  ULTR",https://bananarepublic.gap.com/browse/category.do?cid=1158705,200,
2026-10-06,banana_republic,Gap Inc,premium,https://bananarepublic.gap.com/browse/product.do?pid=1182818002&vid=1&pcid=1158705&cid=1158705,https://bananarepublic.gap.com/browse/product.do?pid=11828180020000&vid=1&pcid=1158705&cid=1158705#pdp-page-content,1182818002,Two-Tone Link Chain Earrings,Banana Republic,45.00,,USD,InStock,Imported, to oxidation-causing air and humidity. Imported. Shipping & returns Featured Items Larg,https://bananarepublic.gap.com/browse/category.do?cid=1158705,200,
2026-10-06,banana_republic,Gap Inc,premium,https://bananarepublic.gap.com/browse/product.do?pid=1180198002&vid=1&pcid=1158705&cid=1158705,https://bananarepublic.gap.com/browse/product.do?pid=1180198002&vid=1&pcid=1158705&cid=1158705#pdp-page-content,1180198002,Wool-Cotton Drape-Neck Sweater,Banana Republic,115.00,,USD,InStock,Imported," and dry flat, cool iron, or dry clean. Imported. Shipping & returns Style It With  LOW-",https://bananarepublic.gap.com/browse/category.do?cid=1158705,200,
2026-10-06,banana_republic,Gap Inc,premium,https://bananarepublic.gap.com/browse/product.do?pid=1180265002&vid=1&pcid=1158705&cid=1158705,https://bananarepublic.gap.com/browse/product.do?pid=1180265002&vid=1&pcid=1158705&cid=1158705#pdp-page-content,1180265002,The Everyday Wide-Leg Pant in Corduroy,Banana Republic,148.00,,USD,InStock,Imported," 99% cotton, 1% elastane. Machine wash. Imported. Shipping & returns Featured Items The ",https://bananarepublic.gap.com/browse/category.do?cid=1158705,200,
2026-10-06,banana_republic,Gap Inc,premium,https://bananarepublic.gap.com/browse/product.do?pid=826938012&vid=1&pcid=1158705&cid=1158705,https://bananarepublic.gap.com/browse/product.do?pid=826938012&vid=1&pcid=1158705&cid=1158705#pdp-page-content,826938012,High-Rise Wide-Leg Everywhere Ponte Pull-On Pant,Banana Republic,100.00,,USD,InStock,Imported,urced from responsibly managed forests. Imported. Shipping & returns Style It With  RIBB,https://bananarepublic.gap.com/browse/category.do?cid=1158705,200,
2026-10-06,banana_republic,Gap Inc,premium,https://bananarepublic.gap.com/browse/product.do?pid=1180225002&vid=1&pcid=1158705&cid=1158705,https://bananarepublic.gap.com/browse/product.do?pid=1180225002&vid=1&pcid=1158705&cid=1158705#pdp-page-content,1180225002,Marled Wool-Cotton Fringe Sweater,Banana Republic,180.00,,USD,InStock,Imported,"& care 55% wool, 45% cotton. Dry clean. Imported. Shipping & returns Featured Items Over",https://bananarepublic.gap.com/browse/category.do?cid=1158705,200,
2026-10-06,banana_republic,Gap Inc,premium,https://bananarepublic.gap.com/browse/product.do?pid=826977002&vid=1&pcid=1158705&cid=1158705,https://bananarepublic.gap.com/browse/product.do?pid=826977002&vid=1&pcid=1158705&cid=1158705#pdp-page-content,826977002,The Icon Classic Wide-Leg Jean,Banana Republic,100.00,,USD,InStock,Imported,"entle cycle, tumble dry low, warm iron. Imported. Shipping & returns Style It With  SILK",https://bananarepublic.gap.com/browse/category.do?cid=1158705,200,
2026-10-06,banana_republic,Gap Inc,premium,https://bananarepublic.gap.com/browse/product.do?pid=915606022&vid=1&pcid=1158705&cid=1158705,https://bananarepublic.gap.com/browse/product.do?pid=915606022&vid=1&pcid=1158705&cid=1158705#pdp-page-content,915606022,Larkspur Cotton-Silk Mock-Neck Cardigan,Banana Republic,148.00,,USD,InStock,Imported,"cle, dry flat, cool iron, or dry clean. Imported. Shipping & returns Style It With  HIGH",https://bananarepublic.gap.com/browse/category.do?cid=1158705,200,
2026-10-06,banana_republic,Gap Inc,premium,https://bananarepublic.gap.com/browse/product.do?pid=1180980042&vid=1&pcid=1158705&cid=1158705,https://bananarepublic.gap.com/browse/product.do?pid=1180980042&vid=1&pcid=1158705&cid=1158705#pdp-page-content,1180980042,Luxe Wool-Blend Turtleneck T-Shirt,Banana Republic,80.00,,USD,InStock,Imported,"cle, line dry, cool iron, or dry clean. Imported. Shipping & returns Featured Items Luxe",https://bananarepublic.gap.com/browse/category.do?cid=1158705,200,
2026-10-06,banana_republic,Gap Inc,premium,https://bananarepublic.gap.com/browse/product.do?pid=826978022&vid=1&pcid=1158705&cid=1158705,https://bananarepublic.gap.com/browse/product.do?pid=826978022&vid=1&pcid=1158705&cid=1158705#pdp-page-content,826978022,Mid-Rise 90s Classic Relaxed Jean,Banana Republic,100.00,,USD,OutOfStock,Imported,fiber from responsibly-harvested trees. Imported. Shipping & returns Featured Items High,https://bananarepublic.gap.com/browse/category.do?cid=1158705,200,
2026-10-06,banana_republic,Gap Inc,premium,https://bananarepublic.gap.com/browse/product.do?pid=915609022&vid=1&pcid=1158705&cid=1158705,https://bananarepublic.gap.com/browse/product.do?pid=915609022&vid=1&pcid=1158705&cid=1158705#pdp-page-content,915609022,Oversized Merino-Cotton Crew-Neck Sweater,Banana Republic,115.00,,USD,InStock,Imported," and dry flat, cool iron, or dry clean. Imported. Shipping & returns Style It With  COTT",https://bananarepublic.gap.com/browse/category.do?cid=1158705,200,
2026-10-06,banana_republic,Gap Inc,premium,https://bananarepublic.gap.com/browse/product.do?pid=445853002&vid=1&pcid=1158705&cid=1158705,https://bananarepublic.gap.com/browse/product.do?pid=445853002&vid=1&pcid=1158705&cid=1158705#pdp-page-content,445853002,Straight Everywhere Ponte Ankle Pant,Banana Republic,100.00,,USD,InStock,Imported,urced from responsibly managed forests. Imported. Shipping & returns Style It With  SLIM,https://bananarepublic.gap.com/browse/category.do?cid=1158705,200,
2026-10-06,banana_republic,Gap Inc,premium,https://bananarepublic.gap.com/browse/product.do?pid=915793042&vid=1&pcid=1158705&cid=1158705,https://bananarepublic.gap.com/browse/product.do?pid=915793042&vid=1&pcid=1158705&cid=1158705#pdp-page-content,915793042,Larkspur Cotton-Silk Crew-Neck Sweater,Banana Republic,95.00,,USD,InStock,Imported,"cle, dry flat, cool iron, or dry clean. Imported. Shipping & returns Style It With  HIGH",https://bananarepublic.gap.com/browse/category.do?cid=1158705,200,
2026-10-06,banana_republic,Gap Inc,premium,https://bananarepublic.gap.com/browse/product.do?pid=1180212002&vid=1&pcid=1158705&cid=1158705,https://bananarepublic.gap.com/browse/product.do?pid=1180212002&vid=1&pcid=1158705&cid=1158705#pdp-page-content,1180212002,Felted Wool Belted Cardigan,Banana Republic,240.00,,USD,InStock,Imported,XS. Fabric & care 100% wool. Dry clean. Imported. Shipping & returns Featured Items Over,https://bananarepublic.gap.com/browse/category.do?cid=1158705,200,
2026-10-06,banana_republic,Gap Inc,premium,https://bananarepublic.gap.com/browse/product.do?pid=1180979002&vid=1&pcid=1158705&cid=1158705,https://bananarepublic.gap.com/browse/product.do?pid=1180979002&vid=1&pcid=1158705&cid=1158705#pdp-page-content,1180979002,Luxe Wool-Blend Crew-Neck Top,Banana Republic,80.00,,USD,InStock,Imported,"cle, line dry, cool iron, or dry clean. Imported. Shipping & returns Featured Items Luxe",https://bananarepublic.gap.com/browse/category.do?cid=1158705,200,
2026-10-06,banana_republic,Gap Inc,premium,https://bananarepublic.gap.com/browse/product.do?pid=915748002&vid=1&pcid=1158705&cid=1158705,https://bananarepublic.gap.com/browse/product.do?pid=915748002&vid=1&pcid=1158705&cid=1158705#pdp-page-content,915748002,Corduroy Bomber Jacket,Banana Republic,220.00,,USD,InStock,Imported,"e dry low, cool iron. Do not dry clean. Imported. Shipping & returns Featured Items Faux",https://bananarepublic.gap.com/browse/category.do?cid=1158705,200,
2026-10-06,banana_republic,Gap Inc,premium,https://bananarepublic.gap.com/browse/product.do?pid=859896052&vid=1&pcid=1158705&cid=1158705,https://bananarepublic.gap.com/browse/product.do?pid=859896052&vid=1&pcid=1158705&cid=1158705#pdp-page-content,859896052,Bias-Cut Chiffon Maxi Dress,Banana Republic,248.00,,USD,OutOfStock,Imported,"old, gentle cycle, line dry, warm iron. Imported. Shipping & returns Featured Items Bias",https://bananarepublic.gap.com/browse/category.do?cid=1158705,200,
2026-10-06,banana_republic,Gap Inc,premium,https://bananarepublic.gap.com/browse/product.do?pid=506573002&vid=1&pcid=1158705&cid=1158705,https://bananarepublic.gap.com/browse/product.do?pid=506573002&vid=1&pcid=1158705&cid=1158705#pdp-page-content,506573002,Refined Crew-Neck T-Shirt,Banana Republic,55.00,,USD,InStock,Imported,"e 91% cotton, 9% spandex. Machine wash. Imported. Shipping & returns Style It With  HERI",https://bananarepublic.gap.com/browse/category.do?cid=1158705,200,
2026-10-06,everlane,Everlane (private),premium,https://www.everlane.com/products/mens-essential-organic-crew-uniform-white,https://www.everlane.com/products/mens-essential-organic-crew-uniform-white,,The Essential Organic Crew | White,Everlane,34.00,,USD,,,,https://www.everlane.com/collections/mens-tees,200,shopify_js
2026-10-06,everlane,Everlane (private),premium,https://www.everlane.com/products/mens-essential-organic-dyed-crew-agave-green,https://www.everlane.com/products/mens-essential-organic-dyed-crew-agave-green,,The Essential Organic Garment-Dyed Crew | Agave Green,Everlane,24.00,48.00,USD,,,,https://www.everlane.com/collections/mens-tees,200,shopify_js
2026-10-06,everlane,Everlane (private),premium,https://www.everlane.com/products/mens-archive-cotton-relaxed-fit-crew-heathered-oatmeal,https://www.everlane.com/products/mens-archive-cotton-relaxed-fit-crew-heathered-oatmeal,,Archive Relaxed-Fit Cotton Crew | Heathered Oatmeal,Everlane,38.00,,USD,,,,https://www.everlane.com/collections/mens-tees,200,shopify_js
2026-10-06,everlane,Everlane (private),premium,https://www.everlane.com/products/mens-archive-standard-fit-cotton-crew-burnished-lilac,https://www.everlane.com/products/mens-archive-standard-fit-cotton-crew-burnished-lilac,,Archive Standard-Fit Cotton Crew | Burnished Lilac,Everlane,27.00,38.00,USD,,,,https://www.everlane.com/collections/mens-tees,200,shopify_js
2026-10-06,everlane,Everlane (private),premium,https://www.everlane.com/products/mens-classic-pique-polo-heathered-graphite,https://www.everlane.com/products/mens-classic-pique-polo-heathered-graphite,,Classic Piqué Polo | Heathered Graphite,Everlane,68.00,,USD,,,,https://www.everlane.com/collections/mens-tees,200,shopify_js
2026-10-06,everlane,Everlane (private),premium,https://www.everlane.com/products/mens-vintage-rib-tank-beech,https://www.everlane.com/products/mens-vintage-rib-tank-beech,,Vintage Rib Tank | Beech,Everlane,34.00,48.00,USD,,,,https://www.everlane.com/collections/mens-tees,200,shopify_js
2026-10-06,everlane,Everlane (private),premium,https://www.everlane.com/products/mens-vintage-rugby-pullover-overdye-navy,https://www.everlane.com/products/mens-vintage-rugby-pullover-overdye-navy,,Vintage Rugby Pullover | Navy / Black,Everlane,118.00,,USD,,,,https://www.everlane.com/collections/mens-tees,200,shopify_js
2026-10-06,everlane,Everlane (private),premium,https://www.everlane.com/products/m-t-fvj-crew-tee-olv,https://www.everlane.com/products/m-t-fvj-crew-tee-olv,,Archive Standard-Fit Cotton Crew | Olive Night,Everlane,38.00,,USD,,,,https://www.everlane.com/collections/mens-tees,200,shopify_js
2026-10-06,everlane,Everlane (private),premium,https://www.everlane.com/products/m-t-fvj-crew-tee-dbrn,https://www.everlane.com/products/m-t-fvj-crew-tee-dbrn,,Archive Standard-Fit Cotton Crew | Coffee Bean,Everlane,38.00,,USD,,,,https://www.everlane.com/collections/mens-tees,200,shopify_js
2026-10-06,everlane,Everlane (private),premium,https://www.everlane.com/products/m-t-fvj-crew-tee-nvystpe,https://www.everlane.com/products/m-t-fvj-crew-tee-nvystpe,,Archive Standard-Fit Cotton Crew | Navy / Burgundy,Everlane,38.00,,USD,,,,https://www.everlane.com/collections/mens-tees,200,shopify_js
2026-10-06,everlane,Everlane (private),premium,https://www.everlane.com/products/mens-essential-organic-crew-uniform-black,https://www.everlane.com/products/mens-essential-organic-crew-uniform-black,,The Essential Organic Crew | Black,Everlane,34.00,,USD,,,,https://www.everlane.com/collections/mens-tees,200,shopify_js
2026-10-06,everlane,Everlane (private),premium,https://www.everlane.com/products/mens-essential-organic-crew-uniform-deep-navy,https://www.everlane.com/products/mens-essential-organic-crew-uniform-deep-navy,,The Essential Organic Crew | Deep Navy,Everlane,34.00,,USD,,,,https://www.everlane.com/collections/mens-tees,200,shopify_js
2026-10-06,everlane,Everlane (private),premium,https://www.everlane.com/products/mens-essential-organic-crew-uniform-heathered-grey,https://www.everlane.com/products/mens-essential-organic-crew-uniform-heathered-grey,,The Essential Organic Crew |  Heathered Grey,Everlane,34.00,,USD,,,,https://www.everlane.com/collections/mens-tees,200,shopify_js
2026-10-06,everlane,Everlane (private),premium,https://www.everlane.com/products/mens-essential-organic-crew-uniform-coffee-bean,https://www.everlane.com/products/mens-essential-organic-crew-uniform-coffee-bean,,The Essential Organic Crew | Coffee Bean,Everlane,34.00,,USD,,,,https://www.everlane.com/collections/mens-tees,200,shopify_js
2026-10-06,everlane,Everlane (private),premium,https://www.everlane.com/products/mens-essential-organic-crew-uniform-heathered-charcoal,https://www.everlane.com/products/mens-essential-organic-crew-uniform-heathered-charcoal,,The Essential Organic Crew | Heathered Charcoal,Everlane,34.00,,USD,,,,https://www.everlane.com/collections/mens-tees,200,shopify_js
2026-10-06,everlane,Everlane (private),premium,https://www.everlane.com/products/mens-essential-organic-crew-uniform-heathered-oat,https://www.everlane.com/products/mens-essential-organic-crew-uniform-heathered-oat,,The Essential Organic Crew | Heathered Oat,Everlane,34.00,,USD,,,,https://www.everlane.com/collections/mens-tees,200,shopify_js
2026-10-06,everlane,Everlane (private),premium,https://www.everlane.com/products/mens-archive-standard-fit-cotton-crew-white,https://www.everlane.com/products/mens-archive-standard-fit-cotton-crew-white,,Archive Standard-Fit Cotton Crew | White,Everlane,38.00,,USD,,,,https://www.everlane.com/collections/mens-tees,200,shopify_js
2026-10-06,everlane,Everlane (private),premium,https://www.everlane.com/products/mens-archive-cotton-relaxed-fit-crew-white,https://www.everlane.com/products/mens-archive-cotton-relaxed-fit-crew-white,,Archive Relaxed-Fit Cotton Crew | White,Everlane,38.00,,USD,,,,https://www.everlane.com/collections/mens-tees,200,shopify_js
2026-10-06,everlane,Everlane (private),premium,https://www.everlane.com/products/mens-archive-standard-fit-cotton-crew-black,https://www.everlane.com/products/mens-archive-standard-fit-cotton-crew-black,,Archive Standard-Fit Cotton Crew | Black,Everlane,38.00,,USD,,,,https://www.everlane.com/collections/mens-tees,200,shopify_js
2026-10-06,everlane,Everlane (private),premium,https://www.everlane.com/products/mens-essential-organic-crew-uniform-overland,https://www.everlane.com/products/mens-essential-organic-crew-uniform-overland,,The Essential Organic Crew | Overland,Everlane,34.00,,USD,,,,https://www.everlane.com/collections/mens-tees,200,shopify_js
2026-10-06,everlane,Everlane (private),premium,https://www.everlane.com/products/mens-essential-organic-ls-tee-uniform-black,https://www.everlane.com/products/mens-essential-organic-ls-tee-uniform-black,,The Essential Organic Long-Sleeve Tee | Black,Everlane,48.00,,USD,,,,https://www.everlane.com/collections/mens-tees,200,shopify_js
2026-10-06,everlane,Everlane (private),premium,https://www.everlane.com/products/mens-archive-standard-fit-cotton-crew-heathered-oatmeal,https://www.everlane.com/products/mens-archive-standard-fit-cotton-crew-heathered-oatmeal,,Archive Standard-Fit Cotton Crew | Heathered Oatmeal,Everlane,38.00,,USD,,,,https://www.everlane.com/collections/mens-tees,200,shopify_js
2026-10-06,everlane,Everlane (private),premium,https://www.everlane.com/products/mens-essential-organic-ls-tee-uniform-deep-navy,https://www.everlane.com/products/mens-essential-organic-ls-tee-uniform-deep-navy,,The Essential Organic Long-Sleeve Tee | Deep Navy,Everlane,48.00,,USD,,,,https://www.everlane.com/collections/mens-tees,200,shopify_js
2026-10-06,everlane,Everlane (private),premium,https://www.everlane.com/products/mens-archive-standard-fit-cotton-crew-vintage-heather-grey,https://www.everlane.com/products/mens-archive-standard-fit-cotton-crew-vintage-heather-grey,,Archive Standard-Fit Cotton Crew | Vintage Heather Grey,Everlane,38.00,,USD,,,,https://www.everlane.com/collections/mens-tees,200,shopify_js
2026-10-06,everlane,Everlane (private),premium,https://www.everlane.com/products/mens-archive-standard-fit-cotton-crew-midnight-navy,https://www.everlane.com/products/mens-archive-standard-fit-cotton-crew-midnight-navy,,Archive Standard-Fit Cotton Crew | Midnight Navy,Everlane,38.00,,USD,,,,https://www.everlane.com/collections/mens-tees,200,shopify_js
2026-10-06,everlane,Everlane (private),premium,https://www.everlane.com/products/mens-essential-organic-v-tee-uniform-white,https://www.everlane.com/products/mens-essential-organic-v-tee-uniform-white,,The Essential Organic V-Neck Tee | White,Everlane,34.00,,USD,,,,https://www.everlane.com/collections/mens-tees,200,shopify_js
2026-10-06,everlane,Everlane (private),premium,https://www.everlane.com/products/m-t-fvj-prm-ls-blk,https://www.everlane.com/products/m-t-fvj-prm-ls-blk,,Archive Long-Sleeve Crew | Black,Everlane,48.00,,USD,,,,https://www.everlane.com/collections/mens-tees,200,shopify_js
2026-10-06,everlane,Everlane (private),premium,https://www.everlane.com/products/mens-archive-cotton-relaxed-fit-crew-vintage-heather-grey,https://www.everlane.com/products/mens-archive-cotton-relaxed-fit-crew-vintage-heather-grey,,Archive Relaxed-Fit Cotton Crew | Vintage Heather Grey,Everlane,38.00,,USD,,,,https://www.everlane.com/collections/mens-tees,200,shopify_js
2026-10-06,everlane,Everlane (private),premium,https://www.everlane.com/products/mens-essential-organic-ls-tee-uniform-white,https://www.everlane.com/products/mens-essential-organic-ls-tee-uniform-white,,The Essential Organic Long-Sleeve Tee | White,Everlane,48.00,,USD,,,,https://www.everlane.com/collections/mens-tees,200,shopify_js
2026-10-06,everlane,Everlane (private),premium,https://www.everlane.com/products/mens-essential-organic-v-tee-uniform-black,https://www.everlane.com/products/mens-essential-organic-v-tee-uniform-black,,The Essential Organic V-Neck Tee | Black,Everlane,34.00,,USD,,,,https://www.everlane.com/collections/mens-tees,200,shopify_js
2026-10-06,everlane,Everlane (private),premium,https://www.everlane.com/products/mens-thermal-cozy-waffle-henley-heathered-oatmeal,https://www.everlane.com/products/mens-thermal-cozy-waffle-henley-heathered-oatmeal,,Thermal Henley in Cozy Waffle | Heathered Oatmeal,Everlane,88.00,,USD,,,,https://www.everlane.com/collections/mens-tees,200,shopify_js
2026-10-06,everlane,Everlane (private),premium,https://www.everlane.com/products/m-t-fvj-prm-ls-nvystpe,https://www.everlane.com/products/m-t-fvj-prm-ls-nvystpe,,Archive Long-Sleeve Crew | Navy / Off White Stripe,Everlane,48.00,,USD,,,,https://www.everlane.com/collections/mens-tees,200,shopify_js
2026-10-06,everlane,Everlane (private),premium,https://www.everlane.com/products/mens-archive-cotton-relaxed-fit-crew-black,https://www.everlane.com/products/mens-archive-cotton-relaxed-fit-crew-black,,Archive Relaxed-Fit Cotton Crew | Black,Everlane,38.00,,USD,,,,https://www.everlane.com/collections/mens-tees,200,shopify_js
2026-10-06,everlane,Everlane (private),premium,https://www.everlane.com/products/mens-vintage-rugby-pullover-overdye-olive-night,https://www.everlane.com/products/mens-vintage-rugby-pullover-overdye-olive-night,,Vintage Rugby Pullover | Overdye Olive Night,Everlane,118.00,,USD,,,,https://www.everlane.com/collections/mens-tees,200,shopify_js
2026-10-06,everlane,Everlane (private),premium,https://www.everlane.com/products/m-t-fvj-prm-ls-wht,https://www.everlane.com/products/m-t-fvj-prm-ls-wht,,Archive Long-Sleeve Crew | White,Everlane,48.00,,USD,,,,https://www.everlane.com/collections/mens-tees,200,shopify_js
2026-10-06,everlane,Everlane (private),premium,https://www.everlane.com/products/mens-thermal-cozy-waffle-henley-black,https://www.everlane.com/products/mens-thermal-cozy-waffle-henley-black,,Thermal Henley in Cozy Waffle | Black,Everlane,88.00,,USD,,,,https://www.everlane.com/collections/mens-tees,200,shopify_js
2026-10-06,everlane,Everlane (private),premium,https://www.everlane.com/products/mens-thermal-cozy-waffle-henley-bone,https://www.everlane.com/products/mens-thermal-cozy-waffle-henley-bone,,Thermal Henley in Cozy Waffle | Bone,Everlane,88.00,,USD,,,,https://www.everlane.com/collections/mens-tees,200,shopify_js
2026-10-06,everlane,Everlane (private),premium,https://www.everlane.com/products/mens-essential-organic-v-tee-uniform-heathered-charcoal,https://www.everlane.com/products/mens-essential-organic-v-tee-uniform-heathered-charcoal,,The Essential Organic V-Neck Tee | Heathered Charcoal,Everlane,34.00,,USD,,,,https://www.everlane.com/collections/mens-tees,200,shopify_js
2026-10-06,everlane,Everlane (private),premium,https://www.everlane.com/products/mens-classic-pique-polo-black,https://www.everlane.com/products/mens-classic-pique-polo-black,,Classic Piqué Polo | Black,Everlane,68.00,,USD,,,,https://www.everlane.com/collections/mens-tees,200,shopify_js
2026-10-06,everlane,Everlane (private),premium,https://www.everlane.com/products/mens-classic-pique-polo-navy,https://www.everlane.com/products/mens-classic-pique-polo-navy,,Classic Piqué Polo | Navy,Everlane,68.00,,USD,,,,https://www.everlane.com/collections/mens-tees,200,shopify_js
2026-10-06,everlane,Everlane (private),premium,https://www.everlane.com/products/mens-waffle-knit-crew-midnight-navy,https://www.everlane.com/products/mens-waffle-knit-crew-midnight-navy,,Waffle Knit Crew | Midnight Navy,Everlane,98.00,,USD,,,,https://www.everlane.com/collections/mens-tees,200,shopify_js
2026-10-06,everlane,Everlane (private),premium,https://www.everlane.com/products/m-t-fvj-prm-ls-dbrn,https://www.everlane.com/products/m-t-fvj-prm-ls-dbrn,,Archive Long-Sleeve Crew | Coffee Bean,Everlane,48.00,,USD,,,,https://www.everlane.com/collections/mens-tees,200,shopify_js
2026-10-06,everlane,Everlane (private),premium,https://www.everlane.com/products/mens-waffle-knit-crew-black,https://www.everlane.com/products/mens-waffle-knit-crew-black,,Waffle Knit Crew | Black,Everlane,98.00,,USD,,,,https://www.everlane.com/collections/mens-tees,200,shopify_js
2026-10-06,everlane,Everlane (private),premium,https://www.everlane.com/products/mens-thermal-cozy-waffle-henley-heather-beech,https://www.everlane.com/products/mens-thermal-cozy-waffle-henley-heather-beech,,Thermal Henley in Cozy Waffle | Heather Beech,Everlane,88.00,,USD,,,,https://www.everlane.com/collections/mens-tees,200,shopify_js
2026-10-06,everlane,Everlane (private),premium,https://www.everlane.com/products/mens-essential-organic-v-tee-uniform-deep-navy,https://www.everlane.com/products/mens-essential-organic-v-tee-uniform-deep-navy,,The Essential Organic V-Neck Tee | Deep Navy,Everlane,34.00,,USD,,,,https://www.everlane.com/collections/mens-tees,200,shopify_js
2026-10-06,everlane,Everlane (private),premium,https://www.everlane.com/products/m-swts-frc-ctn-rag-coco,https://www.everlane.com/products/m-swts-frc-ctn-rag-coco,,Luxe Fleece Rugby Polo | Cocoa,Everlane,88.00,,USD,,,,https://www.everlane.com/collections/mens-tees,200,shopify_js
2026-10-06,everlane,Everlane (private),premium,https://www.everlane.com/products/m-swts-frc-ctn-rag-nvy,https://www.everlane.com/products/m-swts-frc-ctn-rag-nvy,,Luxe Fleece Rugby Polo | Deep Navy,Everlane,88.00,,USD,,,,https://www.everlane.com/collections/mens-tees,200,shopify_js
2026-10-06,everlane,Everlane (private),premium,https://www.everlane.com/products/mens-essential-organic-crew-uniform-cashmere-blue,https://www.everlane.com/products/mens-essential-organic-crew-uniform-cashmere-blue,,The Essential Organic Crew | Cashmere Blue,Everlane,34.00,,USD,,,,https://www.everlane.com/collections/mens-tees,200,shopify_js
2026-10-06,everlane,Everlane (private),premium,https://www.everlane.com/products/mens-archive-cotton-relaxed-fit-crew-midnight-navy,https://www.everlane.com/products/mens-archive-cotton-relaxed-fit-crew-midnight-navy,,Archive Relaxed-Fit Cotton Crew | Midnight Navy,Everlane,38.00,,USD,,,,https://www.everlane.com/collections/mens-tees,200,shopify_js
2026-10-06,everlane,Everlane (private),premium,https://www.everlane.com/products/m-t-fvj-prm-ls-hgry,https://www.everlane.com/products/m-t-fvj-prm-ls-hgry,,Archive Long-Sleeve Crew |  Heathered Grey,Everlane,48.00,,USD,,,,https://www.everlane.com/collections/mens-tees,200,shopify_js
2026-10-06,athleta,Gap Inc,premium,https://athleta.gap.com/browse/product.do?pid=599749732&vid=1&pcid=3043230&cid=3043230,https://athleta.gap.com/browse/product.do?pid=599749732&vid=1&pcid=3043230&cid=3043230#pdp-page-content,599749732,Salutation Stash High Rise Legging,Athleta,109.00,,USD,InStock,Imported,llent Protection) Machine wash and dry. Imported. Shipping & returns Reviews 4.7 out of ,https://athleta.gap.com/browse/new/all-womens?cid=3043230,200,
2026-10-06,athleta,Gap Inc,premium,https://athleta.gap.com/browse/product.do?pid=657490492&vid=1&pcid=3043230&cid=3043230,https://athleta.gap.com/browse/product.do?pid=657490492&vid=1&pcid=3043230&cid=3043230#pdp-page-content,657490492,Salutation Jacket,Athleta,129.00,,USD,OutOfStock,Imported,achine wash cold and tumble dry on low. Imported. Shipping & returns Customers Also View,https://athleta.gap.com/browse/new/all-womens?cid=3043230,200,
2026-10-06,athleta,Gap Inc,premium,https://athleta.gap.com/browse/product.do?pid=533636562&vid=1&pcid=3043230&cid=3043230,https://athleta.gap.com/browse/product.do?pid=533636562&vid=1&pcid=3043230&cid=3043230#pdp-page-content,533636562,Endless High Rise Pant,Athleta,76.30,,USD,InStock,Imported, the garment Machine wash and line dry. Imported. Shipping & returns Customers Also View,https://athleta.gap.com/browse/new/all-womens?cid=3043230,200,
2026-10-06,athleta,Gap Inc,premium,https://athleta.gap.com/browse/product.do?pid=1174532052&vid=1&pcid=3043230&cid=3043230,https://athleta.gap.com/browse/product.do?pid=1174532052&vid=1&pcid=3043230&cid=3043230#pdp-page-content,1174532052,Signature Rib V-Neck Muscle Tank,Athleta,49.00,,USD,InStock,Imported, a second thought Machine wash and dry. Imported. Shipping & returns Customers Also View,https://athleta.gap.com/browse/new/all-womens?cid=3043230,200,
2026-10-06,athleta,Gap Inc,premium,https://athleta.gap.com/browse/product.do?pid=588653032&vid=1&pcid=3043230&cid=3043230,https://athleta.gap.com/browse/product.do?pid=588653032&vid=1&pcid=3043230&cid=3043230#pdp-page-content,,BodyMove Crew Neck Long Sleeve Top | Athleta,,35,,USD,,Imported, breaking a sweat Machine wash and dry. Imported. Shipping & returns Customers Also View,https://athleta.gap.com/browse/new/all-womens?cid=3043230,200,no_jsonld
2026-10-06,athleta,Gap Inc,premium,https://athleta.gap.com/browse/product.do?pid=650012202&vid=1&pcid=3043230&cid=3043230,https://athleta.gap.com/browse/product.do?pid=650012202&vid=1&pcid=3043230&cid=3043230#pdp-page-content,650012202,Skyline High Rise Barrel Leg Pant,Athleta,97.30,,USD,InStock,Imported,xcellent Protection) Machine wash cold. Imported. Shipping & returns Customers Also View,https://athleta.gap.com/browse/new/all-womens?cid=3043230,200,
2026-10-06,athleta,Gap Inc,premium,https://athleta.gap.com/browse/product.do?pid=659287702&vid=1&pcid=3043230&cid=3043230,https://athleta.gap.com/browse/product.do?pid=659287702&vid=1&pcid=3043230&cid=3043230#pdp-page-content,659287702,Coaster Luxe Recover Sweatshirt,Athleta,55.30,,USD,InStock,Imported,d sources Machine wash and hang to dry. Imported. Shipping & returns  This is a carousel,https://athleta.gap.com/browse/new/all-womens?cid=3043230,200,
2026-10-06,athleta,Gap Inc,premium,https://athleta.gap.com/browse/product.do?pid=658312462&vid=1&pcid=3043230&cid=3043230,https://athleta.gap.com/browse/product.do?pid=658312462&vid=1&pcid=3043230&cid=3043230#pdp-page-content,658312462,Coaster Luxe High Rise Jogger,Athleta,55.30,,USD,InStock,Imported,he garment Machine wash and hang to dry Imported. Shipping & returns Customers Also View,https://athleta.gap.com/browse/new/all-womens?cid=3043230,200,
2026-10-06,athleta,Gap Inc,premium,https://athleta.gap.com/browse/product.do?pid=1177757012&vid=1&pcid=1006482&cid=3056242,https://athleta.gap.com/browse/product.do?pid=1177757012&vid=1&pcid=1006482&cid=3056242#pdp-page-content,1177757012,Forever Fleece Hoodie,Athleta,99.00,,USD,OutOfStock,Imported,e wash and dry without a second thought Imported. Shipping & returns  This is a carousel,https://athleta.gap.com/browse/category.do?cid=1006482,200,
2026-10-06,athleta,Gap Inc,premium,https://athleta.gap.com/browse/product.do?pid=1177757012&vid=1&pcid=1006482&cid=1006482,https://athleta.gap.com/browse/product.do?pid=1177757012&vid=1&pcid=1006482&cid=1006482#pdp-page-content,1177757012,Forever Fleece Hoodie,Athleta,99.00,,USD,OutOfStock,Imported,e wash and dry without a second thought Imported. Shipping & returns  This is a carousel,https://athleta.gap.com/browse/category.do?cid=1006482,200,
2026-10-06,athleta,Gap Inc,premium,https://athleta.gap.com/browse/product.do?pid=1174473032&vid=1&pcid=1006482&cid=3056242,https://athleta.gap.com/browse/product.do?pid=1174473032&vid=1&pcid=1006482&cid=3056242#pdp-page-content,1174473032,Forever Fleece Classic Wide Leg,Athleta,99.00,,USD,InStock,Imported, a second thought Machine wash and dry. Imported. Shipping & returns  This is a carousel,https://athleta.gap.com/browse/category.do?cid=1006482,200,
2026-10-06,athleta,Gap Inc,premium,https://athleta.gap.com/browse/product.do?pid=1174473032&vid=1&pcid=1006482&cid=1006482,https://athleta.gap.com/browse/product.do?pid=1174473032&vid=1&pcid=1006482&cid=1006482#pdp-page-content,1174473032,Forever Fleece Classic Wide Leg,Athleta,99.00,,USD,InStock,Imported, a second thought Machine wash and dry. Imported. Shipping & returns  This is a carousel,https://athleta.gap.com/browse/category.do?cid=1006482,200,
2026-10-06,athleta,Gap Inc,premium,https://athleta.gap.com/browse/product.do?pid=1174523012&vid=1&pcid=1006482&cid=3056242,https://athleta.gap.com/browse/product.do?pid=1174523012&vid=1&pcid=1006482&cid=3056242#pdp-page-content,1174523012,Seasoft V-Neck Sweatshirt,Athleta,53.40,,USD,OutOfStock,Imported,inkles out easily Machine wash and dry. Imported. Shipping & returns  This is a carousel,https://athleta.gap.com/browse/category.do?cid=1006482,200,
2026-10-06,athleta,Gap Inc,premium,https://athleta.gap.com/browse/product.do?pid=1174523012&vid=1&pcid=1006482&cid=1006482,https://athleta.gap.com/browse/product.do?pid=1174523012&vid=1&pcid=1006482&cid=1006482#pdp-page-content,1174523012,Seasoft V-Neck Sweatshirt,Athleta,53.40,,USD,OutOfStock,Imported,inkles out easily Machine wash and dry. Imported. Shipping & returns  This is a carousel,https://athleta.gap.com/browse/category.do?cid=1006482,200,
2026-10-06,athleta,Gap Inc,premium,https://athleta.gap.com/browse/product.do?pid=472259022&vid=1&pcid=1006482&cid=3056242,https://athleta.gap.com/browse/product.do?pid=472259022&vid=1&pcid=1006482&cid=3056242#pdp-page-content,472259022,Seasoft Mid Rise Straight Pant,Athleta,69.30,,USD,InStock,Imported,ontrolled sources Machine wash and dry. Imported. Shipping & returns Customers Also View,https://athleta.gap.com/browse/category.do?cid=1006482,200,
2026-10-06,athleta,Gap Inc,premium,https://athleta.gap.com/browse/product.do?pid=472259022&vid=1&pcid=1006482&cid=1006482,https://athleta.gap.com/browse/product.do?pid=472259022&vid=1&pcid=1006482&cid=1006482#pdp-page-content,472259022,Seasoft Mid Rise Straight Pant,Athleta,69.30,,USD,InStock,Imported,ontrolled sources Machine wash and dry. Imported. Shipping & returns Customers Also View,https://athleta.gap.com/browse/category.do?cid=1006482,200,
2026-10-06,athleta,Gap Inc,premium,https://athleta.gap.com/browse/product.do?pid=1177320002&vid=1&pcid=1006482&cid=3056242,https://athleta.gap.com/browse/product.do?pid=1177320002&vid=1&pcid=1006482&cid=3056242#pdp-page-content,1177320002,Forever Fleece Classic Full Zip Sweatshirt,Athleta,109.00,,USD,InStock,Imported, a second thought Machine wash and dry. Imported. Shipping & returns Customers Also View,https://athleta.gap.com/browse/category.do?cid=1006482,200,
2026-10-06,athleta,Gap Inc,premium,https://athleta.gap.com/browse/product.do?pid=1177320002&vid=1&pcid=1006482&cid=1006482,https://athleta.gap.com/browse/product.do?pid=1177320002&vid=1&pcid=1006482&cid=1006482#pdp-page-content,1177320002,Forever Fleece Classic Full Zip Sweatshirt,Athleta,109.00,,USD,InStock,Imported, a second thought Machine wash and dry. Imported. Shipping & returns Customers Also View,https://athleta.gap.com/browse/category.do?cid=1006482,200,
2026-10-06,athleta,Gap Inc,premium,https://athleta.gap.com/browse/product.do?pid=1174475072&vid=1&pcid=1006482&cid=3056242,https://athleta.gap.com/browse/product.do?pid=1174475072&vid=1&pcid=1006482&cid=3056242#pdp-page-content,1174475072,Forever Fleece Classic Jogger,Athleta,89.00,,USD,InStock,Imported, a second thought Machine wash and dry. Imported. Shipping & returns Customers Also View,https://athleta.gap.com/browse/category.do?cid=1006482,200,
2026-10-06,athleta,Gap Inc,premium,https://athleta.gap.com/browse/product.do?pid=1174475072&vid=1&pcid=1006482&cid=1006482,https://athleta.gap.com/browse/product.do?pid=1174475072&vid=1&pcid=1006482&cid=1006482#pdp-page-content,1174475072,Forever Fleece Classic Jogger,Athleta,89.00,,USD,InStock,Imported, a second thought Machine wash and dry. Imported. Shipping & returns Customers Also View,https://athleta.gap.com/browse/category.do?cid=1006482,200,
2026-10-06,athleta,Gap Inc,premium,https://athleta.gap.com/browse/product.do?pid=1177875122&vid=1&pcid=1006482&cid=3056242,https://athleta.gap.com/browse/product.do?pid=1177875122&vid=1&pcid=1006482&cid=3056242#pdp-page-content,1177875122,Seasoft Classic 1/4 Zip Sweatshirt,Athleta,99.00,,USD,InStock,Imported,inkles out easily Machine wash and dry. Imported. Shipping & returns Customers Also View,https://athleta.gap.com/browse/category.do?cid=1006482,200,
2026-10-06,athleta,Gap Inc,premium,https://athleta.gap.com/browse/product.do?pid=1177875122&vid=1&pcid=1006482&cid=1006482,https://athleta.gap.com/browse/product.do?pid=1177875122&vid=1&pcid=1006482&cid=1006482#pdp-page-content,1177875122,Seasoft Classic 1/4 Zip Sweatshirt,Athleta,99.00,,USD,InStock,Imported,inkles out easily Machine wash and dry. Imported. Shipping & returns Customers Also View,https://athleta.gap.com/browse/category.do?cid=1006482,200,
2026-10-06,athleta,Gap Inc,premium,https://athleta.gap.com/browse/product.do?pid=597888452&vid=1&pcid=1006482&cid=3056242,https://athleta.gap.com/browse/product.do?pid=597888452&vid=1&pcid=1006482&cid=3056242#pdp-page-content,597888452,Venice High Rise Jogger,Athleta,68.60,,USD,InStock,Imported, Protection) Machine wash and line dry. Imported. Shipping & returns Customers Also View,https://athleta.gap.com/browse/category.do?cid=1006482,200,
2026-10-06,athleta,Gap Inc,premium,https://athleta.gap.com/browse/product.do?pid=597888452&vid=1&pcid=1006482&cid=1006482,https://athleta.gap.com/browse/product.do?pid=597888452&vid=1&pcid=1006482&cid=1006482#pdp-page-content,597888452,Venice High Rise Jogger,Athleta,68.60,,USD,InStock,Imported, Protection) Machine wash and line dry. Imported. Shipping & returns Customers Also View,https://athleta.gap.com/browse/category.do?cid=1006482,200,
2026-10-06,athleta,Gap Inc,premium,https://athleta.gap.com/browse/product.do?pid=533636032&vid=1&pcid=3043230&cid=3043230,https://athleta.gap.com/browse/product.do?pid=533636032&vid=1&pcid=3043230&cid=3043230#pdp-page-content,533636032,Endless High Rise Pant,Athleta,76.30,,USD,InStock,Imported, the garment Machine wash and line dry. Imported. Shipping & returns  This is a carousel,https://athleta.gap.com/browse/new/all-womens?cid=3043230,200,
2026-10-06,athleta,Gap Inc,premium,https://athleta.gap.com/browse/product.do?pid=531321002&vid=1&pcid=3043230&cid=3043230,https://athleta.gap.com/browse/product.do?pid=531321002&vid=1&pcid=3043230&cid=3043230#pdp-page-content,531321002,Salutation Stash High Rise 7/8 Legging,Athleta,109.00,,USD,InStock,Imported,llent Protection) Machine wash and dry. Imported. Shipping & returns  This is a carousel,https://athleta.gap.com/browse/new/all-womens?cid=3043230,200,
2026-10-06,athleta,Gap Inc,premium,https://athleta.gap.com/browse/product.do?pid=599749002&vid=1&pcid=3043230&cid=3043230,https://athleta.gap.com/browse/product.do?pid=599749002&vid=1&pcid=3043230&cid=3043230#pdp-page-content,599749002,Salutation Stash High Rise Legging,Athleta,109.00,,USD,InStock,Imported,llent Protection) Machine wash and dry. Imported. Shipping & returns  This is a carousel,https://athleta.gap.com/browse/new/all-womens?cid=3043230,200,
2026-10-06,athleta,Gap Inc,premium,https://athleta.gap.com/browse/product.do?pid=472259402&vid=1&pcid=3043230&cid=3043230,https://athleta.gap.com/browse/product.do?pid=472259402&vid=1&pcid=3043230&cid=3043230#pdp-page-content,472259402,Seasoft Mid Rise Straight Pant,Athleta,69.30,,USD,InStock,Imported,ontrolled sources Machine wash and dry. Imported. Shipping & returns  This is a carousel,https://athleta.gap.com/browse/new/all-womens?cid=3043230,200,
2026-10-06,athleta,Gap Inc,premium,https://athleta.gap.com/browse/product.do?pid=198671002&vid=1&pcid=3043230&cid=3043230,https://athleta.gap.com/browse/product.do?pid=198671002&vid=1&pcid=3043230&cid=3043230#pdp-page-content,198671002,Brooklyn Mid Rise Ankle Pant,Athleta,69.30,,USD,InStock,Imported,llent Protection) Machine wash and dry. Imported. Shipping & returns  This is a carousel,https://athleta.gap.com/browse/new/all-womens?cid=3043230,200,
2026-10-06,athleta,Gap Inc,premium,https://athleta.gap.com/browse/product.do?pid=533636602&vid=1&pcid=3043230&cid=3043230,https://athleta.gap.com/browse/product.do?pid=533636602&vid=1&pcid=3043230&cid=3043230#pdp-page-content,533636602,Endless High Rise Pant,Athleta,76.30,,USD,InStock,Imported, the garment Machine wash and line dry. Imported. Shipping & returns Customers Also View,https://athleta.gap.com/browse/new/all-womens?cid=3043230,200,
2026-10-06,athleta,Gap Inc,premium,https://athleta.gap.com/browse/product.do?pid=597888002&vid=1&pcid=3043230&cid=3043230,https://athleta.gap.com/browse/product.do?pid=597888002&vid=1&pcid=3043230&cid=3043230#pdp-page-content,597888002,Venice High Rise Jogger,Athleta,68.60,,USD,InStock,Imported, Protection) Machine wash and line dry. Imported. Shipping & returns  This is a carousel,https://athleta.gap.com/browse/new/all-womens?cid=3043230,200,
2026-10-06,athleta,Gap Inc,premium,https://athleta.gap.com/browse/product.do?pid=845130012&vid=1&pcid=3043230&cid=3043230,https://athleta.gap.com/browse/product.do?pid=845130012&vid=1&pcid=3043230&cid=3043230#pdp-page-content,845130012,Elation Ultra High Rise Flare Pant,Athleta,99.00,,USD,InStock,Imported, the right places Machine wash and dry. Imported. Shipping & returns Customers Also View,https://athleta.gap.com/browse/new/all-womens?cid=3043230,200,
2026-10-06,athleta,Gap Inc,premium,https://athleta.gap.com/browse/product.do?pid=1177758002&vid=1&pcid=3043230&cid=3043230,https://athleta.gap.com/browse/product.do?pid=1177758002&vid=1&pcid=3043230&cid=3043230#pdp-page-content,1177758002,Form Knit Bomber Sweatshirt,Athleta,129.00,,USD,InStock,Imported,rce use and waste Machine wash and dry. Imported. Shipping & returns  This is a carousel,https://athleta.gap.com/browse/new/all-womens?cid=3043230,200,
2026-10-06,athleta,Gap Inc,premium,https://athleta.gap.com/browse/product.do?pid=1183445002&vid=1&pcid=3043230&cid=3043230,https://athleta.gap.com/browse/product.do?pid=1183445002&vid=1&pcid=3043230&cid=3043230#pdp-page-content,1183445002,Salutation Stash Wide Leg,Athleta,119.00,,USD,InStock,Imported,fort and mobility Machine wash and dry. Imported. Shipping & returns Customers Also View,https://athleta.gap.com/browse/new/all-womens?cid=3043230,200,
2026-10-06,athleta,Gap Inc,premium,https://athleta.gap.com/browse/product.do?pid=533636052&vid=1&pcid=3043230&cid=3043230,https://athleta.gap.com/browse/product.do?pid=533636052&vid=1&pcid=3043230&cid=3043230#pdp-page-content,533636052,Endless High Rise Pant,Athleta,76.30,,USD,BackOrder,Imported, the garment Machine wash and line dry. Imported. Shipping & returns Customers Also View,https://athleta.gap.com/browse/new/all-womens?cid=3043230,200,
2026-10-06,athleta,Gap Inc,premium,https://athleta.gap.com/browse/product.do?pid=531321032&vid=1&pcid=3043230&cid=3043230,https://athleta.gap.com/browse/product.do?pid=531321032&vid=1&pcid=3043230&cid=3043230#pdp-page-content,531321032,Salutation Stash High Rise 7/8 Legging,Athleta,109.00,,USD,InStock,Imported,llent Protection) Machine wash and dry. Imported. Shipping & returns  This is a carousel,https://athleta.gap.com/browse/new/all-womens?cid=3043230,200,
2026-10-06,athleta,Gap Inc,premium,https://athleta.gap.com/browse/product.do?pid=531304002&vid=1&pcid=3043230&cid=3043230,https://athleta.gap.com/browse/product.do?pid=531304002&vid=1&pcid=3043230&cid=3043230#pdp-page-content,531304002,Salutation Stash High Rise Capri,Athleta,99.00,,USD,BackOrder,Imported,llent Protection) Machine wash and dry. Imported. Shipping & returns  This is a carousel,https://athleta.gap.com/browse/new/all-womens?cid=3043230,200,
2026-10-06,athleta,Gap Inc,premium,https://athleta.gap.com/browse/product.do?pid=599749032&vid=1&pcid=3043230&cid=3043230,https://athleta.gap.com/browse/product.do?pid=599749032&vid=1&pcid=3043230&cid=3043230#pdp-page-content,599749032,Salutation Stash High Rise Legging,Athleta,109.00,,USD,InStock,Imported,llent Protection) Machine wash and dry. Imported. Shipping & returns Customers Also View,https://athleta.gap.com/browse/new/all-womens?cid=3043230,200,
2026-10-06,athleta,Gap Inc,premium,https://athleta.gap.com/browse/product.do?pid=659287002&vid=1&pcid=3043230&cid=3043230,https://athleta.gap.com/browse/product.do?pid=659287002&vid=1&pcid=3043230&cid=3043230#pdp-page-content,659287002,Coaster Luxe Recover Sweatshirt,Athleta,55.30,,USD,OutOfStock,Imported,d sources Machine wash and hang to dry. Imported. Shipping & returns  This is a carousel,https://athleta.gap.com/browse/new/all-womens?cid=3043230,200,
2026-10-06,athleta,Gap Inc,premium,https://athleta.gap.com/browse/product.do?pid=819515002&vid=95&pcid=3043230&cid=3043230,https://athleta.gap.com/browse/product.do?pid=819515002&vid=95&pcid=3043230&cid=3043230#pdp-page-content,819515002,Vital Sports Bra A-C,Athleta,45.00,,USD,BackOrder,Imported,l the right places Machine wash and dry Imported. Shipping & returns  This is a carousel,https://athleta.gap.com/browse/new/all-womens?cid=3043230,200,
2026-10-06,athleta,Gap Inc,premium,https://athleta.gap.com/browse/product.do?pid=533636522&vid=1&pcid=3043230&cid=3043230,https://athleta.gap.com/browse/product.do?pid=533636522&vid=1&pcid=3043230&cid=3043230#pdp-page-content,533636522,Endless High Rise Pant,Athleta,76.30,,USD,OutOfStock,Imported, the garment Machine wash and line dry. Imported. Shipping & returns Customers Also View,https://athleta.gap.com/browse/new/all-womens?cid=3043230,200,
2026-10-06,athleta,Gap Inc,premium,https://athleta.gap.com/browse/product.do?pid=198671012&vid=1&pcid=3043230&cid=3043230,https://athleta.gap.com/browse/product.do?pid=198671012&vid=1&pcid=3043230&cid=3043230#pdp-page-content,198671012,Brooklyn Mid Rise Ankle Pant,Athleta,69.30,,USD,InStock,Imported,llent Protection) Machine wash and dry. Imported. Shipping & returns Customers Also View,https://athleta.gap.com/browse/new/all-womens?cid=3043230,200,
2026-10-06,athleta,Gap Inc,premium,https://athleta.gap.com/browse/product.do?pid=659287712&vid=1&pcid=3043230&cid=3043230,https://athleta.gap.com/browse/product.do?pid=659287712&vid=1&pcid=3043230&cid=3043230#pdp-page-content,659287712,Coaster Luxe Recover Sweatshirt,Athleta,55.30,,USD,InStock,Imported,d sources Machine wash and hang to dry. Imported. Shipping & returns Customers Also View,https://athleta.gap.com/browse/new/all-womens?cid=3043230,200,
2026-10-06,athleta,Gap Inc,premium,https://athleta.gap.com/browse/product.do?pid=659287722&vid=1&pcid=3043230&cid=3043230,https://athleta.gap.com/browse/product.do?pid=659287722&vid=1&pcid=3043230&cid=3043230#pdp-page-content,659287722,Coaster Luxe Recover Sweatshirt,Athleta,55.30,,USD,InStock,Imported,d sources Machine wash and hang to dry. Imported. Shipping & returns Customers Also View,https://athleta.gap.com/browse/new/all-womens?cid=3043230,200,
2026-10-06,athleta,Gap Inc,premium,https://athleta.gap.com/browse/product.do?pid=1177153002&vid=1&pcid=3043230&cid=3043230,https://athleta.gap.com/browse/product.do?pid=1177153002&vid=1&pcid=3043230&cid=3043230#pdp-page-content,1177153002,Salutation Stash High Rise 7/8 Legging,Athleta,109.00,,USD,InStock,Imported,llent Protection) Machine wash and dry. Imported. Shipping & returns Customers Also View,https://athleta.gap.com/browse/new/all-womens?cid=3043230,200,
2026-10-06,athleta,Gap Inc,premium,https://athleta.gap.com/browse/product.do?pid=1174497022&vid=1&pcid=3043230&cid=3043230,https://athleta.gap.com/browse/product.do?pid=1174497022&vid=1&pcid=3043230&cid=3043230#pdp-page-content,1174497022,Signature Rib V-Neck Top,Athleta,69.00,,USD,OutOfStock,Imported, a second thought Machine wash and dry. Imported. Shipping & returns  This is a carousel,https://athleta.gap.com/browse/new/all-womens?cid=3043230,200,
2026-10-06,athleta,Gap Inc,premium,https://athleta.gap.com/browse/product.do?pid=1181003002&vid=1&pcid=3043230&cid=3043230,https://athleta.gap.com/browse/product.do?pid=1181003002&vid=1&pcid=3043230&cid=3043230#pdp-page-content,1181003002,Form Knit Shawl Collar Sweatshirt,Athleta,119.00,,USD,InStock,Imported,rce use and waste Machine wash and dry. Imported. Shipping & returns  This is a carousel,https://athleta.gap.com/browse/new/all-womens?cid=3043230,200,
2026-10-06,athleta,Gap Inc,premium,https://athleta.gap.com/browse/product.do?pid=1177758012&vid=1&pcid=3043230&cid=3043230,https://athleta.gap.com/browse/product.do?pid=1177758012&vid=1&pcid=3043230&cid=3043230#pdp-page-content,1177758012,Form Knit Bomber Sweatshirt,Athleta,129.00,,USD,BackOrder,Imported,rce use and waste Machine wash and dry. Imported. Shipping & returns Customers Also View,https://athleta.gap.com/browse/new/all-womens?cid=3043230,200,
2026-10-06,athleta,Gap Inc,premium,https://athleta.gap.com/browse/product.do?pid=1174194022&vid=1&pcid=3043230&cid=3043230,https://athleta.gap.com/browse/product.do?pid=1174194022&vid=1&pcid=3043230&cid=3043230#pdp-page-content,1174194022,Endless High Rise Barrel Pant,Athleta,59.50,,USD,InStock,Imported,rough the garment Machine wash and dry. Imported. Shipping & returns Customers Also View,https://athleta.gap.com/browse/new/all-womens?cid=3043230,200,
2026-10-06,athleta,Gap Inc,premium,https://athleta.gap.com/browse/product.do?pid=659287102&vid=1&pcid=3043230&cid=3043230,https://athleta.gap.com/browse/product.do?pid=659287102&vid=1&pcid=3043230&cid=3043230#pdp-page-content,659287102,Coaster Luxe Recover Sweatshirt,Athleta,55.30,,USD,InStock,Imported,d sources Machine wash and hang to dry. Imported. Shipping & returns Customers Also View,https://athleta.gap.com/browse/new/all-womens?cid=3043230,200,
2026-10-06,gap,Gap Inc,mass,https://www.gap.com/browse/product.do?pid=904963032&vid=1&pcid=1127944&cid=1127944,https://www.gap.com/browse/product.do?pid=904963032&vid=1&pcid=1127944&cid=1127944#pdp-page-content,904963032,Oversized Utility Jacket,Gap,64.00,,USD,InStock,Imported,"sh cold, gentle cycle. Tumble dry low.  Imported. Shipping & returns Reviews 4.7 out of ",https://www.gap.com/browse/category.do?cid=1127944,200,
2026-10-06,gap,Gap Inc,mass,https://www.gap.com/browse/product.do?pid=715775072&vid=1&pcid=1127944&cid=1127944,https://www.gap.com/browse/product.do?pid=715775072&vid=1&pcid=1127944&cid=1127944#pdp-page-content,715775072,Adult Heavyweight Crop T-Shirt,Gap,22.00,,USD,InStock,Imported,abric & care 100% Cotton. Machine wash. Imported. Shipping & returns Customers also view,https://www.gap.com/browse/category.do?cid=1127944,200,
2026-10-06,gap,Gap Inc,mass,https://www.gap.com/browse/product.do?pid=805765002&vid=1&pcid=1127944&cid=1127944,https://www.gap.com/browse/product.do?pid=805765002&vid=1&pcid=1127944&cid=1127944#pdp-page-content,805765002,Relaxed Straight Jeans,Gap,39.00,,USD,InStock,Imported,100% Regenerative Cotton. Machine wash. Imported. Shipping & returns  Video player  Cust,https://www.gap.com/browse/category.do?cid=1127944,200,
2026-10-06,gap,Gap Inc,mass,https://www.gap.com/browse/product.do?pid=907280032&vid=1&pcid=1127944&cid=1127944,https://www.gap.com/browse/product.do?pid=907280032&vid=1&pcid=1127944&cid=1127944#pdp-page-content,907280032,Relaxed Polo Sweater,Gap,39.00,,USD,InStock,Imported,"ash cold, gentle cycle. Tumble dry low. Imported. Shipping & returns Customers also view",https://www.gap.com/browse/category.do?cid=1127944,200,
2026-10-06,gap,Gap Inc,mass,https://www.gap.com/browse/product.do?pid=804527002&vid=1&pcid=1127944&cid=1127944,https://www.gap.com/browse/product.do?pid=804527002&vid=1&pcid=1127944&cid=1127944#pdp-page-content,804527002,Heavyweight Denim Jacket,Gap,49.00,,USD,InStock,Imported,"sh cold, gentle cycle. Lay flat to dry. Imported. Shipping & returns Customers also view",https://www.gap.com/browse/category.do?cid=1127944,200,
2026-10-06,gap,Gap Inc,mass,https://www.gap.com/browse/product.do?pid=786895002&vid=1&pcid=1127944&cid=1127944,https://www.gap.com/browse/product.do?pid=786895002&vid=1&pcid=1127944&cid=1127944#pdp-page-content,786895002,Straight Jeans,Gap,39.00,,USD,InStock,Imported,", Elastane 1%, Cotton 94% Machine wash. Imported. Shipping & returns  Video player  Cust",https://www.gap.com/browse/category.do?cid=1127944,200,
2026-10-06,gap,Gap Inc,mass,https://www.gap.com/browse/product.do?pid=428038472&vid=1&pcid=1127944&cid=1127944,https://www.gap.com/browse/product.do?pid=428038472&vid=1&pcid=1127944&cid=1127944#pdp-page-content,428038472,Organic Cotton T-Shirt,Gap,27.00,,USD,InStock,Imported,care 100% Organic Cotton. Machine wash. Imported. Shipping & returns Customers also view,https://www.gap.com/browse/category.do?cid=1127944,200,
2026-10-06,gap,Gap Inc,mass,https://www.gap.com/browse/product.do?pid=888476002&vid=1&pcid=1127944&cid=1127944,https://www.gap.com/browse/product.do?pid=888476002&vid=1&pcid=1127944&cid=1127944#pdp-page-content,888476002,'90s Loose Carpenter Jeans,Gap,44.00,,USD,InStock,Imported,. Machine wash warm. Tumble dry medium. Imported. Shipping & returns  Video player  Cust,https://www.gap.com/browse/category.do?cid=1127944,200,
2026-10-06,gap,Gap Inc,mass,https://www.gap.com/browse/product.do?pid=888474012&vid=1&pcid=1127944&cid=1127944,https://www.gap.com/browse/product.do?pid=888474012&vid=1&pcid=1127944&cid=1127944#pdp-page-content,888474012,Boot Jeans,Gap,31.00,,USD,InStock,Imported,. Machine wash warm. Tumble dry medium. Imported. Shipping & returns  Video player  Cust,https://www.gap.com/browse/category.do?cid=1127944,200,
2026-10-06,gap,Gap Inc,mass,https://www.gap.com/browse/product.do?pid=913479002&vid=1&pcid=1127944&cid=1127944,https://www.gap.com/browse/product.do?pid=913479002&vid=1&pcid=1127944&cid=1127944#pdp-page-content,913479002,UltraSoft Denim Relaxed Utility Shirt,Gap,44.00,,USD,OutOfStock,Imported,CEL. Machine wash cold. Tumble dry low. Imported. Shipping & returns Customers also view,https://www.gap.com/browse/category.do?cid=1127944,200,
2026-10-06,gap,Gap Inc,mass,https://www.gap.com/browse/product.do?pid=440775132&vid=1&pcid=1127944&cid=1127944,https://www.gap.com/browse/product.do?pid=440775132&vid=1&pcid=1127944&cid=1127944#pdp-page-content,440775132,Classic T-Shirt,Gap,15.00,,USD,InStock,Imported,Fabric & care Cotton 100% Machine wash. Imported. Shipping & returns Customers also view,https://www.gap.com/browse/category.do?cid=1127944,200,
2026-10-06,gap,Gap Inc,mass,https://www.gap.com/browse/product.do?pid=907829022&vid=1&pcid=1127944&cid=1127944,https://www.gap.com/browse/product.do?pid=907829022&vid=1&pcid=1127944&cid=1127944#pdp-page-content,907829022,Herringbone '90s Loose Pants,Gap,44.00,,USD,InStock,Imported,ton. Machine wash cold. Tumble dry low. Imported. Shipping & returns Customers also view,https://www.gap.com/browse/category.do?cid=1127944,200,
2026-10-06,gap,Gap Inc,mass,https://www.gap.com/browse/product.do?pid=847912202&vid=1&pcid=1127944&cid=1127944,https://www.gap.com/browse/product.do?pid=847912202&vid=1&pcid=1127944&cid=1127944#pdp-page-content,847912202,Plaid Oxford Button-Down Shirt,Gap,29.00,,USD,InStock,Imported,"sh cold, gentle cycle. Lay flat to dry. Imported. Shipping & returns Customers also view",https://www.gap.com/browse/category.do?cid=1127944,200,
2026-10-06,gap,Gap Inc,mass,https://www.gap.com/browse/product.do?pid=455517002&vid=1&pcid=1127944&cid=1127944,https://www.gap.com/browse/product.do?pid=455517002&vid=1&pcid=1127944&cid=1127944#pdp-page-content,455517002,'90s Loose Jeans,Gap,39.00,,USD,OutOfStock,Imported, Regenerative Cotton 100% Machine wash. Imported. Shipping & returns  Video player  Cust,https://www.gap.com/browse/category.do?cid=1127944,200,
2026-10-06,gap,Gap Inc,mass,https://www.gap.com/browse/product.do?pid=440775002&vid=1&pcid=1127944&cid=1127944,https://www.gap.com/browse/product.do?pid=440775002&vid=1&pcid=1127944&cid=1127944#pdp-page-content,440775002,Classic T-Shirt,Gap,15.00,,USD,InStock,Imported,Fabric & care Cotton 100% Machine wash. Imported. Shipping & returns Customers also view,https://www.gap.com/browse/category.do?cid=1127944,200,
2026-10-06,gap,Gap Inc,mass,https://www.gap.com/browse/product.do?pid=908078002&vid=1&pcid=1127944&cid=1127944,https://www.gap.com/browse/product.do?pid=908078002&vid=1&pcid=1127944&cid=1127944#pdp-page-content,908078002,Relaxed Quarter-Zip Sweater,Gap,39.00,,USD,InStock,Imported,"sh cold, gentle cycle. Tumble dry low.  Imported. Shipping & returns Customers also view",https://www.gap.com/browse/category.do?cid=1127944,200,
2026-10-06,gap,Gap Inc,mass,https://www.gap.com/browse/product.do?pid=909177072&vid=1&pcid=1127944&cid=1127944,https://www.gap.com/browse/product.do?pid=909177072&vid=1&pcid=1127944&cid=1127944#pdp-page-content,909177072,Relaxed Crop Straight-Hem Oxford Shirt,Gap,29.00,,USD,InStock,Imported,ane. Machine wash cold. Tumble dry low. Imported. Shipping & returns Customers also view,https://www.gap.com/browse/category.do?cid=1127944,200,
2026-10-06,gap,Gap Inc,mass,https://www.gap.com/browse/product.do?pid=881695002&vid=1&pcid=1127944&cid=1127944,https://www.gap.com/browse/product.do?pid=881695002&vid=1&pcid=1127944&cid=1127944#pdp-page-content,881695002,Heavyweight Twill '90s Loose Khakis,Gap,39.00,,USD,InStock,Imported,100% Regenerative Cotton. Machine wash. Imported. Shipping & returns Customers also view,https://www.gap.com/browse/category.do?cid=1127944,200,
2026-10-06,gap,Gap Inc,mass,https://www.gap.com/browse/product.do?pid=735031012&vid=1&pcid=1127944&cid=1127944,https://www.gap.com/browse/product.do?pid=735031012&vid=1&pcid=1127944&cid=1127944#pdp-page-content,735031012,Adult Heavyweight Relaxed T-Shirt,Gap,22.00,,USD,InStock,Imported,abric & care 100% Cotton. Machine wash. Imported. Shipping & returns Customers also view,https://www.gap.com/browse/category.do?cid=1127944,200,
2026-10-06,gap,Gap Inc,mass,https://www.gap.com/browse/product.do?pid=813054042&vid=1&pcid=1127944&cid=1127944,https://www.gap.com/browse/product.do?pid=813054042&vid=1&pcid=1127944&cid=1127944#pdp-page-content,813054042,Baggy Cargo Pants,Gap,35.00,,USD,InStock,Imported,"ton, 30% Recycled Cotton. Machine wash. Imported. Shipping & returns Customers also view",https://www.gap.com/browse/category.do?cid=1127944,200,
2026-10-06,gap,Gap Inc,mass,https://www.gap.com/browse/product.do?pid=624545002&vid=1&pcid=1127944&cid=1127944,https://www.gap.com/browse/product.do?pid=624545002&vid=1&pcid=1127944&cid=1127944#pdp-page-content,624545002,Extra Baggy Jeans,Gap,44.00,,USD,InStock,Imported,100% Regenerative Cotton. Machine wash. Imported. Shipping & returns  Video player  Cust,https://www.gap.com/browse/category.do?cid=1127944,200,
2026-10-06,gap,Gap Inc,mass,https://www.gap.com/browse/product.do?pid=907278042&vid=1&pcid=1127944&cid=1127944,https://www.gap.com/browse/product.do?pid=907278042&vid=1&pcid=1127944&cid=1127944#pdp-page-content,907278042,Relaxed Shaker Sweater,Gap,29.00,,USD,InStock,Imported,"sh cold, gentle cycle. Lay flat to dry. Imported. Shipping & returns Customers also view",https://www.gap.com/browse/category.do?cid=1127944,200,
2026-10-06,gap,Gap Inc,mass,https://www.gap.com/browse/product.do?pid=223627022&vid=1&pcid=1127944&cid=1127944,https://www.gap.com/browse/product.do?pid=223627022&vid=1&pcid=1127944&cid=1127944#pdp-page-content,223627022,Pique Polo Shirt,Gap,17.00,,USD,InStock,Imported,ane. Machine wash cold. Tumble dry low. Imported. Shipping & returns Customers also view,https://www.gap.com/browse/category.do?cid=1127944,200,
2026-10-06,gap,Gap Inc,mass,https://www.gap.com/browse/product.do?pid=881702022&vid=1&pcid=1127944&cid=1127944,https://www.gap.com/browse/product.do?pid=881702022&vid=1&pcid=1127944&cid=1127944#pdp-page-content,881702022,Heavyweight Twill Relaxed Straight Khakis,Gap,39.00,,USD,InStock,Imported,100% Regenerative Cotton. Machine wash. Imported. Shipping & returns Customers also view,https://www.gap.com/browse/category.do?cid=1127944,200,
2026-10-06,gap,Gap Inc,mass,https://www.gap.com/browse/product.do?pid=472757212&vid=1&pcid=1127944&cid=1127944,https://www.gap.com/browse/product.do?pid=472757212&vid=1&pcid=1127944&cid=1127944#pdp-page-content,472757212,Modern Straight Khakis,Gap,29.00,,USD,InStock,Imported," 98% Cotton, 2% Elastane. Machine wash. Imported. Shipping & returns Customers also view",https://www.gap.com/browse/category.do?cid=1127944,200,
2026-10-06,gap,Gap Inc,mass,https://www.gap.com/browse/product.do?pid=734040002&vid=1&pcid=1127944&cid=1127944,https://www.gap.com/browse/product.do?pid=734040002&vid=1&pcid=1127944&cid=1127944#pdp-page-content,734040002,Organic Cotton Poplin Classic Shirt,Gap,29.00,,USD,InStock,Imported,care 100% Organic Cotton. Machine wash. Imported. Shipping & returns Customers also view,https://www.gap.com/browse/category.do?cid=1127944,200,
2026-10-06,gap,Gap Inc,mass,https://www.gap.com/browse/product.do?pid=907829032&vid=1&pcid=1127944&cid=1127944,https://www.gap.com/browse/product.do?pid=907829032&vid=1&pcid=1127944&cid=1127944#pdp-page-content,907829032,Herringbone '90s Loose Pants,Gap,44.00,,USD,InStock,Imported,ton. Machine wash cold. Tumble dry low. Imported. Shipping & returns Customers also view,https://www.gap.com/browse/category.do?cid=1127944,200,
2026-10-06,gap,Gap Inc,mass,https://www.gap.com/browse/product.do?pid=907280022&vid=1&pcid=1127944&cid=1127944,https://www.gap.com/browse/product.do?pid=907280022&vid=1&pcid=1127944&cid=1127944#pdp-page-content,907280022,Relaxed Polo Sweater,Gap,39.00,,USD,InStock,Imported,"ash cold, gentle cycle. Tumble dry low. Imported. Shipping & returns Customers also view",https://www.gap.com/browse/category.do?cid=1127944,200,
2026-10-06,gap,Gap Inc,mass,https://www.gap.com/browse/product.do?pid=428038022&vid=1&pcid=1127944&cid=1127944,https://www.gap.com/browse/product.do?pid=428038022&vid=1&pcid=1127944&cid=1127944#pdp-page-content,428038022,Organic Cotton T-Shirt,Gap,17.00,,USD,InStock,Imported,care 100% Organic Cotton. Machine wash. Imported. Shipping & returns Customers also view,https://www.gap.com/browse/category.do?cid=1127944,200,
2026-10-06,gap,Gap Inc,mass,https://www.gap.com/browse/product.do?pid=621916002&vid=1&pcid=1127944&cid=1127944,https://www.gap.com/browse/product.do?pid=621916002&vid=1&pcid=1127944&cid=1127944#pdp-page-content,621916002,Extra Baggy Jeans,Gap,44.00,,USD,InStock,Imported,100% Regenerative Cotton. Machine wash. Imported. Shipping & returns  Video player  Cust,https://www.gap.com/browse/category.do?cid=1127944,200,
2026-10-06,gap,Gap Inc,mass,https://www.gap.com/browse/product.do?pid=1189438002&vid=1&pcid=1127944&cid=1127944,https://www.gap.com/browse/product.do?pid=1189438002&vid=1&pcid=1127944&cid=1127944#pdp-page-content,1189438002,VintageSoft Relaxed Zip Logo Hoodie,Gap,44.00,,USD,InStock,Imported,"ash cold, gentle cycle. Tumble dry low. Imported. Shipping & returns Shop the collection",https://www.gap.com/browse/category.do?cid=1127944,200,
2026-10-06,gap,Gap Inc,mass,https://www.gap.com/browse/product.do?pid=912706032&vid=1&pcid=1127944&cid=1127944,https://www.gap.com/browse/product.do?pid=912706032&vid=1&pcid=1127944&cid=1127944#pdp-page-content,912706032,Heavyweight Relaxed Sweatpants,Gap,39.00,,USD,InStock,Imported,"sh cold, gentle cycle. Tumble dry low.  Imported. Shipping & returns Shop the collection",https://www.gap.com/browse/category.do?cid=1127944,200,
2026-10-06,gap,Gap Inc,mass,https://www.gap.com/browse/product.do?pid=912700062&vid=1&pcid=1127944&cid=1127944,https://www.gap.com/browse/product.do?pid=912700062&vid=1&pcid=1127944&cid=1127944#pdp-page-content,912700062,Oversized Terry Sweatshirt,Gap,34.00,,USD,InStock,Imported,"ash cold, gentle cycle. Tumble dry low. Imported. Shipping & returns Shop the collection",https://www.gap.com/browse/category.do?cid=1127944,200,
2026-10-06,gap,Gap Inc,mass,https://www.gap.com/browse/product.do?pid=813054012&vid=1&pcid=1127944&cid=1127944,https://www.gap.com/browse/product.do?pid=813054012&vid=1&pcid=1127944&cid=1127944#pdp-page-content,813054012,Baggy Cargo Pants,Gap,35.00,,USD,InStock,Imported,"ton, 30% Recycled Cotton. Machine wash. Imported. Shipping & returns Customers also view",https://www.gap.com/browse/category.do?cid=1127944,200,
2026-10-06,gap,Gap Inc,mass,https://www.gap.com/browse/product.do?pid=715775052&vid=1&pcid=1127944&cid=1127944,https://www.gap.com/browse/product.do?pid=715775052&vid=1&pcid=1127944&cid=1127944#pdp-page-content,715775052,Adult Heavyweight Crop T-Shirt,Gap,22.00,,USD,InStock,Imported,abric & care 100% Cotton. Machine wash. Imported. Shipping & returns Customers also view,https://www.gap.com/browse/category.do?cid=1127944,200,
2026-10-06,gap,Gap Inc,mass,https://www.gap.com/browse/product.do?pid=821270212&vid=1&pcid=1127944&cid=1127944,https://www.gap.com/browse/product.do?pid=821270212&vid=1&pcid=1127944&cid=1127944#pdp-page-content,821270212,Adult Heavyweight Oversized Hoodie,Gap,39.00,,USD,InStock,Imported,", 14% Recycled Polyester. Machine wash. Imported. Shipping & returns Heavyweight Oversiz",https://www.gap.com/browse/category.do?cid=1127944,200,
2026-10-06,gap,Gap Inc,mass,https://www.gap.com/browse/product.do?pid=910213022&vid=1&pcid=1127944&cid=1127944,https://www.gap.com/browse/product.do?pid=910213022&vid=1&pcid=1127944&cid=1127944#pdp-page-content,910213022,Relaxed Straight-Hem Flannel Shirt,Gap,34.00,,USD,OutOfStock,Imported,ton. Machine wash cold. Tumble dry low. Imported. Shipping & returns Customers also view,https://www.gap.com/browse/category.do?cid=1127944,200,
2026-10-06,gap,Gap Inc,mass,https://www.gap.com/browse/product.do?pid=440943562&vid=1&pcid=1127944&cid=1127944,https://www.gap.com/browse/product.do?pid=440943562&vid=1&pcid=1127944&cid=1127944#pdp-page-content,440943562,Modern Slim Khakis,Gap,29.00,,USD,InStock,Imported,ane. Machine wash cold. Tumble dry low. Imported. Shipping & returns Customers also view,https://www.gap.com/browse/category.do?cid=1127944,200,
2026-10-06,gap,Gap Inc,mass,https://www.gap.com/browse/product.do?pid=715036812&vid=1&pcid=1127944&cid=1127944,https://www.gap.com/browse/product.do?pid=715036812&vid=1&pcid=1127944&cid=1127944#pdp-page-content,715036812,Adult VintageSoft Arch Logo Hoodie,Gap,29.00,,USD,InStock,Imported,ter. Machine wash cold. Tumble dry low. Imported. Shipping & returns Adult Heavyweight O,https://www.gap.com/browse/category.do?cid=1127944,200,
2026-10-06,gap,Gap Inc,mass,https://www.gap.com/browse/product.do?pid=908078012&vid=1&pcid=1127944&cid=1127944,https://www.gap.com/browse/product.do?pid=908078012&vid=1&pcid=1127944&cid=1127944#pdp-page-content,908078012,Relaxed Quarter-Zip Sweater,Gap,39.00,,USD,InStock,Imported,"sh cold, gentle cycle. Tumble dry low.  Imported. Shipping & returns Customers also view",https://www.gap.com/browse/category.do?cid=1127944,200,
2026-10-06,gap,Gap Inc,mass,https://www.gap.com/browse/product.do?pid=907276022&vid=1&pcid=1127944&cid=1127944,https://www.gap.com/browse/product.do?pid=907276022&vid=1&pcid=1127944&cid=1127944#pdp-page-content,907276022,CashSoft Crew Sweater,Gap,34.00,,USD,InStock,Imported,"sh cold, gentle cycle. Lay flat to dry. Imported. Shipping & returns ( cashsoft ) Our be",https://www.gap.com/browse/category.do?cid=1127944,200,
2026-10-06,gap,Gap Inc,mass,https://www.gap.com/browse/product.do?pid=907261002&vid=1&pcid=1127944&cid=1127944,https://www.gap.com/browse/product.do?pid=907261002&vid=1&pcid=1127944&cid=1127944#pdp-page-content,907261002,Relaxed Henley T-Shirt,Gap,47.00,,USD,InStock,Imported,"sh cold, gentle cycle. Tumble dry low.  Imported. Shipping & returns Customers also view",https://www.gap.com/browse/category.do?cid=1127944,200,
2026-10-06,gap,Gap Inc,mass,https://www.gap.com/browse/product.do?pid=913461022&vid=1&pcid=1127944&cid=1127944,https://www.gap.com/browse/product.do?pid=913461022&vid=1&pcid=1127944&cid=1127944#pdp-page-content,913461022,Icon Corduroy Jacket,Gap,49.00,,USD,InStock,Imported,ton. Machine wash cold. Tumble dry low. Imported. Shipping & returns Customers also view,https://www.gap.com/browse/category.do?cid=1127944,200,
2026-10-06,gap,Gap Inc,mass,https://www.gap.com/browse/product.do?pid=909178002&vid=1&pcid=1127944&cid=1127944,https://www.gap.com/browse/product.do?pid=909178002&vid=1&pcid=1127944&cid=1127944#pdp-page-content,909178002,Recycled Vegan Leather Bomber Jacket,Gap,99.00,,USD,InStock,Imported,"sh cold, gentle cycle. Lay flat to dry. Imported. Shipping & returns Customers also view",https://www.gap.com/browse/category.do?cid=1127944,200,
2026-10-06,gap,Gap Inc,mass,https://www.gap.com/browse/product.do?pid=907263102&vid=1&pcid=1127944&cid=1127944,https://www.gap.com/browse/product.do?pid=907263102&vid=1&pcid=1127944&cid=1127944#pdp-page-content,907263102,Relaxed Waffle T-Shirt,Gap,35.00,,USD,InStock,Imported,"ash cold, gentle cycle. Tumble dry low. Imported. Shipping & returns Customers also view",https://www.gap.com/browse/category.do?cid=1127944,200,
2026-10-06,gap,Gap Inc,mass,https://www.gap.com/browse/product.do?pid=909177012&vid=1&pcid=1127944&cid=1127944,https://www.gap.com/browse/product.do?pid=909177012&vid=1&pcid=1127944&cid=1127944#pdp-page-content,909177012,Relaxed Crop Straight-Hem Oxford Shirt,Gap,29.00,,USD,OutOfStock,Imported,ane. Machine wash cold. Tumble dry low. Imported. Shipping & returns Customers also view,https://www.gap.com/browse/category.do?cid=1127944,200,
2026-10-06,gap,Gap Inc,mass,https://www.gap.com/browse/product.do?pid=909185012&vid=1&pcid=1127944&cid=1127944,https://www.gap.com/browse/product.do?pid=909185012&vid=1&pcid=1127944&cid=1127944#pdp-page-content,909185012,Corduroy Shirt Jacket,Gap,44.00,,USD,InStock,Imported,ton. Machine wash cold. Tumble dry low. Imported. Shipping & returns Customers also view,https://www.gap.com/browse/category.do?cid=1127944,200,
2026-10-06,gap,Gap Inc,mass,https://www.gap.com/browse/product.do?pid=907280052&vid=1&pcid=1127944&cid=1127944,https://www.gap.com/browse/product.do?pid=907280052&vid=1&pcid=1127944&cid=1127944#pdp-page-content,907280052,Relaxed Polo Sweater,Gap,39.00,,USD,InStock,Imported,"ash cold, gentle cycle. Tumble dry low. Imported. Shipping & returns Customers also view",https://www.gap.com/browse/category.do?cid=1127944,200,
2026-10-06,gap,Gap Inc,mass,https://www.gap.com/browse/product.do?pid=428038502&vid=1&pcid=1127944&cid=1127944,https://www.gap.com/browse/product.do?pid=428038502&vid=1&pcid=1127944&cid=1127944#pdp-page-content,428038502,Organic Cotton T-Shirt,Gap,27.00,,USD,OutOfStock,Imported,care 100% Organic Cotton. Machine wash. Imported. Shipping & returns Customers also view,https://www.gap.com/browse/category.do?cid=1127944,200,
2026-10-06,gap,Gap Inc,mass,https://www.gap.com/browse/product.do?pid=912706042&vid=1&pcid=1127944&cid=1127944,https://www.gap.com/browse/product.do?pid=912706042&vid=1&pcid=1127944&cid=1127944#pdp-page-content,912706042,Heavyweight Relaxed Sweatpants,Gap,39.00,,USD,InStock,Imported,"sh cold, gentle cycle. Tumble dry low.  Imported. Shipping & returns Shop the collection",https://www.gap.com/browse/category.do?cid=1127944,200,
2026-10-06,american_eagle,American Eagle Outfitters,mass,https://www.ae.com/us/en/p/women/jeans/baggy-wide-leg-jeans/ae-low-rise-cozy-baggy-jean/0437_6438_992,https://www.ae.com/us/en/p/women/jeans/baggy-wide-leg-jeans/ae-low-rise-cozy-baggy-jean/0437_6438_992,,AE Low-Rise Cozy Baggy Jean,,79.95,,USD,,,,https://www.ae.com/us/en/c/men/jeans/cat6430041,200,no_jsonld
2026-10-06,american_eagle,American Eagle Outfitters,mass,https://www.ae.com/us/en/p/men/jeans/bootcut-jeans/ae-original-bootcut-jean/0115_6847_909,https://www.ae.com/us/en/p/men/jeans/bootcut-jeans/ae-original-bootcut-jean/0115_6847_909,0115_6847_909,AE Original Bootcut Jean,AE,41.96,,USD,InStock,,,https://www.ae.com/us/en/c/men/jeans/cat6430041,200,
2026-10-06,american_eagle,American Eagle Outfitters,mass,https://www.ae.com/us/en/p/men/jeans/baggy-loose-jeans/ae-loose-jean/1114_7584_952,https://www.ae.com/us/en/p/men/jeans/baggy-loose-jeans/ae-loose-jean/1114_7584_952,1114_7584_952,AE Loose Jean,AE,41.96,,USD,InStock,,,https://www.ae.com/us/en/c/men/jeans/cat6430041,200,
2026-10-06,american_eagle,American Eagle Outfitters,mass,https://www.ae.com/us/en/p/men/jeans/straight-leg-jeans/ae-original-straight-jean/0111_7244_928,https://www.ae.com/us/en/p/men/jeans/straight-leg-jeans/ae-original-straight-jean/0111_7244_928,0111_7244_928,AE Original Straight Jean,AE,41.96,,USD,InStock,,,https://www.ae.com/us/en/c/men/jeans/cat6430041,200,
2026-10-06,american_eagle,American Eagle Outfitters,mass,https://www.ae.com/us/en/p/men/jeans/bootcut-jeans/ae-original-bootcut-jean/0115_7589_451,https://www.ae.com/us/en/p/men/jeans/bootcut-jeans/ae-original-bootcut-jean/0115_7589_451,0115_7589_451,AE Original Bootcut Jean,AE,41.96,,USD,InStock,,,https://www.ae.com/us/en/c/men/jeans/cat6430041,200,
2026-10-06,american_eagle,American Eagle Outfitters,mass,https://www.ae.com/us/en/p/men/jeans/straight-leg-jeans/ae-original-straight-carpenter-jean/0111_7596_401,https://www.ae.com/us/en/p/men/jeans/straight-leg-jeans/ae-original-straight-carpenter-jean/0111_7596_401,0111_7596_401,AE Original Straight Carpenter Jean,AE,29.99,,USD,InStock,,,https://www.ae.com/us/en/c/men/jeans/cat6430041,200,
2026-10-06,american_eagle,American Eagle Outfitters,mass,https://www.ae.com/us/en/p/men/jeans/slim-fit-jeans/ae-slim-straight-jean/0116_6020_272,https://www.ae.com/us/en/p/men/jeans/slim-fit-jeans/ae-slim-straight-jean/0116_6020_272,0116_6020_272,AE Slim Straight Jean,AE,24.97,,USD,InStock,,,https://www.ae.com/us/en/c/men/jeans/cat6430041,200,
2026-10-06,american_eagle,American Eagle Outfitters,mass,https://www.ae.com/us/en/p/men/jeans/baggy-loose-jeans/ae-loose-jean/1114_7583_826,https://www.ae.com/us/en/p/men/jeans/baggy-loose-jeans/ae-loose-jean/1114_7583_826,1114_7583_826,AE Loose Jean,AE,48.96,,USD,InStock,,,https://www.ae.com/us/en/c/men/jeans/cat6430041,200,
2026-10-06,american_eagle,American Eagle Outfitters,mass,https://www.ae.com/us/en/p/men/jeans/straight-leg-jeans/ae-original-straight-jean/0111_7246_738,https://www.ae.com/us/en/p/men/jeans/straight-leg-jeans/ae-original-straight-jean/0111_7246_738,0111_7246_738,AE Original Straight Jean,AE,34.96,,USD,InStock,,,https://www.ae.com/us/en/c/men/jeans/cat6430041,200,
2026-10-06,american_eagle,American Eagle Outfitters,mass,https://www.ae.com/us/en/p/men/jeans/baggy-loose-jeans/ae-loose-jean/1114_7468_975,https://www.ae.com/us/en/p/men/jeans/baggy-loose-jeans/ae-loose-jean/1114_7468_975,1114_7468_975,AE Loose Jean,AE,34.97,,USD,InStock,,,https://www.ae.com/us/en/c/men/jeans/cat6430041,200,
2026-10-06,american_eagle,American Eagle Outfitters,mass,https://www.ae.com/us/en/p/men/jeans/bootcut-jeans/ae-original-bootcut-jean/0115_7450_167,https://www.ae.com/us/en/p/men/jeans/bootcut-jeans/ae-original-bootcut-jean/0115_7450_167,0115_7450_167,AE Original Bootcut Jean,AE,41.96,,USD,InStock,,,https://www.ae.com/us/en/c/men/jeans/cat6430041,200,
2026-10-06,american_eagle,American Eagle Outfitters,mass,https://www.ae.com/us/en/p/men/jeans/straight-leg-jeans/ae-original-straight-jean/0178_5492_040,https://www.ae.com/us/en/p/men/jeans/straight-leg-jeans/ae-original-straight-jean/0178_5492_040,0178_5492_040,AE Original Straight Jean,AE,41.96,,USD,InStock,,,https://www.ae.com/us/en/c/men/jeans/cat6430041,200,
2026-10-06,american_eagle,American Eagle Outfitters,mass,https://www.ae.com/us/en/p/men/jeans/baggy-loose-jeans/ae-x-lamine-yamal-ultra-baggy-jean/0122_7726_915,https://www.ae.com/us/en/p/men/jeans/baggy-loose-jeans/ae-x-lamine-yamal-ultra-baggy-jean/0122_7726_915,0122_7726_915,AE x Lamine Yamal Ultra Baggy Jean,AE,55.96,,USD,InStock,,,https://www.ae.com/us/en/c/men/jeans/cat6430041,200,
2026-10-06,american_eagle,American Eagle Outfitters,mass,https://www.ae.com/us/en/p/men/pants/utility-pants/ae-flex-baggy-double-knee-carpenter-pant/1523_5536_294,https://www.ae.com/us/en/p/men/pants/utility-pants/ae-flex-baggy-double-knee-carpenter-pant/1523_5536_294,1523_5536_294,AE Flex Baggy Double-Knee Carpenter Pant,AE,69.95,,USD,InStock,,,https://www.ae.com/us/en/c/men/jeans/cat6430041,200,
2026-10-06,american_eagle,American Eagle Outfitters,mass,https://www.ae.com/us/en/p/men/pants/utility-pants/ae-flex-loose-fit-lived-in-utility-pant/1523_5480_410,https://www.ae.com/us/en/p/men/pants/utility-pants/ae-flex-loose-fit-lived-in-utility-pant/1523_5480_410,1523_5480_410,AE Flex Loose Fit Lived-In Utility Pant,AE,79.95,,USD,InStock,,,https://www.ae.com/us/en/c/men/jeans/cat6430041,200,
2026-10-06,american_eagle,American Eagle Outfitters,mass,https://www.ae.com/us/en/p/men/jeans/baggy-loose-jeans/ae-x-lamine-yamal-ultra-baggy-jean/0122_7728_200,https://www.ae.com/us/en/p/men/jeans/baggy-loose-jeans/ae-x-lamine-yamal-ultra-baggy-jean/0122_7728_200,0122_7728_200,AE x Lamine Yamal Ultra Baggy Jean,AE,55.96,,USD,InStock,,,https://www.ae.com/us/en/c/men/jeans/cat6430041,200,
2026-10-06,american_eagle,American Eagle Outfitters,mass,https://www.ae.com/us/en/p/men/jeans/athletic-fit-jeans/ae-athletic-straight-jean/1115_7630_540,https://www.ae.com/us/en/p/men/jeans/athletic-fit-jeans/ae-athletic-straight-jean/1115_7630_540,1115_7630_540,AE Athletic Straight Jean,AE,29.97,,USD,InStock,,,https://www.ae.com/us/en/c/men/jeans/cat6430041,200,
2026-10-06,american_eagle,American Eagle Outfitters,mass,https://www.ae.com/us/en/p/men/jeans/bootcut-jeans/ae-original-bootcut-jean/0115_7656_970,https://www.ae.com/us/en/p/men/jeans/bootcut-jeans/ae-original-bootcut-jean/0115_7656_970,0115_7656_970,AE Original Bootcut Jean,AE,34.96,,USD,InStock,,,https://www.ae.com/us/en/c/men/jeans/cat6430041,200,
2026-10-06,american_eagle,American Eagle Outfitters,mass,https://www.ae.com/us/en/p/men/jeans/slim-fit-jeans/ae-slim-straight-jean/0116_7255_426,https://www.ae.com/us/en/p/men/jeans/slim-fit-jeans/ae-slim-straight-jean/0116_7255_426,0116_7255_426,AE Slim Straight Jean,AE,24.97,,USD,InStock,,,https://www.ae.com/us/en/c/men/jeans/cat6430041,200,
2026-10-06,american_eagle,American Eagle Outfitters,mass,https://www.ae.com/us/en/p/men/jeans/bootcut-jeans/ae-original-bootcut-jean/0115_7249_915,https://www.ae.com/us/en/p/men/jeans/bootcut-jeans/ae-original-bootcut-jean/0115_7249_915,0115_7249_915,AE Original Bootcut Jean,AE,34.96,,USD,InStock,,,https://www.ae.com/us/en/c/men/jeans/cat6430041,200,
2026-10-06,american_eagle,American Eagle Outfitters,mass,https://www.ae.com/us/en/p/men/jeans/straight-leg-jeans/ae-original-straight-jean/0111_7240_909,https://www.ae.com/us/en/p/men/jeans/straight-leg-jeans/ae-original-straight-jean/0111_7240_909,0111_7240_909,AE Original Straight Jean,AE,29.97,,USD,InStock,,,https://www.ae.com/us/en/c/men/jeans/cat6430041,200,
2026-10-06,american_eagle,American Eagle Outfitters,mass,https://www.ae.com/us/en/p/men/jeans/athletic-fit-jeans/ae-athletic-straight-jean/1115_7349_965,https://www.ae.com/us/en/p/men/jeans/athletic-fit-jeans/ae-athletic-straight-jean/1115_7349_965,1115_7349_965,AE Athletic Straight Jean,AE,34.96,,USD,InStock,,,https://www.ae.com/us/en/c/men/jeans/cat6430041,200,
2026-10-06,american_eagle,American Eagle Outfitters,mass,https://www.ae.com/us/en/p/men/jeans/straight-leg-jeans/ae-original-straight-jean/0111_7642_913,https://www.ae.com/us/en/p/men/jeans/straight-leg-jeans/ae-original-straight-jean/0111_7642_913,0111_7642_913,AE Original Straight Jean,AE,41.96,,USD,InStock,,,https://www.ae.com/us/en/c/men/jeans/cat6430041,200,
2026-10-06,american_eagle,American Eagle Outfitters,mass,https://www.ae.com/us/en/p/men/jeans/straight-leg-jeans/ae-original-straight-jean/0111_7058_001,https://www.ae.com/us/en/p/men/jeans/straight-leg-jeans/ae-original-straight-jean/0111_7058_001,0111_7058_001,AE Original Straight Jean,AE,34.96,,USD,InStock,,,https://www.ae.com/us/en/c/men/jeans/cat6430041,200,
2026-10-06,american_eagle,American Eagle Outfitters,mass,https://www.ae.com/us/en/p/men/jeans/baggy-loose-jeans/ae-loose-jean/0178_5485_200,https://www.ae.com/us/en/p/men/jeans/baggy-loose-jeans/ae-loose-jean/0178_5485_200,0178_5485_200,AE Loose Jean,AE,41.96,,USD,InStock,,,https://www.ae.com/us/en/c/men/jeans/cat6430041,200,
2026-10-06,american_eagle,American Eagle Outfitters,mass,https://www.ae.com/us/en/p/men/jeans/straight-leg-jeans/ae-relaxed-straight-jean/0112_7659_540,https://www.ae.com/us/en/p/men/jeans/straight-leg-jeans/ae-relaxed-straight-jean/0112_7659_540,0112_7659_540,AE Relaxed Straight Jean,AE,34.97,,USD,InStock,,,https://www.ae.com/us/en/c/men/jeans/cat6430041,200,
2026-10-06,american_eagle,American Eagle Outfitters,mass,https://www.ae.com/us/en/p/men/jeans/straight-leg-jeans/ae-original-straight-jean/0111_7594_001,https://www.ae.com/us/en/p/men/jeans/straight-leg-jeans/ae-original-straight-jean/0111_7594_001,0111_7594_001,AE Original Straight Jean,AE,41.96,,USD,InStock,,,https://www.ae.com/us/en/c/men/jeans/cat6430041,200,
2026-10-06,american_eagle,American Eagle Outfitters,mass,https://www.ae.com/us/en/p/men/pants/utility-pants/ae-flex-baggy-double-knee-carpenter-pant/1523_5481_212,https://www.ae.com/us/en/p/men/pants/utility-pants/ae-flex-baggy-double-knee-carpenter-pant/1523_5481_212,1523_5481_212,AE Flex Baggy Double-Knee Carpenter Pant,AE,69.95,,USD,InStock,,,https://www.ae.com/us/en/c/men/jeans/cat6430041,200,
2026-10-06,american_eagle,American Eagle Outfitters,mass,https://www.ae.com/us/en/p/men/pants/utility-pants/ae-flex-loose-fit-lived-in-utility-pant/1523_5547_094,https://www.ae.com/us/en/p/men/pants/utility-pants/ae-flex-loose-fit-lived-in-utility-pant/1523_5547_094,1523_5547_094,AE Flex Loose Fit Lived-In Utility Pant,AE,69.95,,USD,InStock,,,https://www.ae.com/us/en/c/men/jeans/cat6430041,200,
2026-10-06,american_eagle,American Eagle Outfitters,mass,https://www.ae.com/us/en/p/men/jeans/bootcut-jeans/ae-original-bootcut-jean/0115_7592_947,https://www.ae.com/us/en/p/men/jeans/bootcut-jeans/ae-original-bootcut-jean/0115_7592_947,0115_7592_947,AE Original Bootcut Jean,AE,34.96,,USD,InStock,,,https://www.ae.com/us/en/c/men/jeans/cat6430041,200,
2026-10-06,american_eagle,American Eagle Outfitters,mass,https://www.ae.com/us/en/p/men/jeans/straight-leg-jeans/ae-relaxed-straight-jean/0112_6950_947,https://www.ae.com/us/en/p/men/jeans/straight-leg-jeans/ae-relaxed-straight-jean/0112_6950_947,0112_6950_947,AE Relaxed Straight Jean,AE,24.97,,USD,InStock,,,https://www.ae.com/us/en/c/men/jeans/cat6430041,200,
2026-10-06,american_eagle,American Eagle Outfitters,mass,https://www.ae.com/us/en/p/women/jeans/baggy-wide-leg-jeans/ae-lowest-rise-baggy-wide-leg-jean/0437_6435_896,https://www.ae.com/us/en/p/women/jeans/baggy-wide-leg-jeans/ae-lowest-rise-baggy-wide-leg-jean/0437_6435_896,0437_6435_896,AE Lowest-Rise Baggy Wide-Leg Jean,AE,52.46,,USD,InStock,,,https://www.ae.com/us/en/c/women/bottoms/jeans/cat6430042,200,
2026-10-06,american_eagle,American Eagle Outfitters,mass,https://www.ae.com/us/en/p/women/jeans/baggy-wide-leg-jeans/ae-low-rise-cargo-baggy-ultra-wide-leg-jean/0437_6515_841,https://www.ae.com/us/en/p/women/jeans/baggy-wide-leg-jeans/ae-low-rise-cargo-baggy-ultra-wide-leg-jean/0437_6515_841,0437_6515_841,AE Low-Rise Cargo Baggy Ultra-Wide Leg Jean,AE,55.96,,USD,InStock,,,https://www.ae.com/us/en/c/women/bottoms/jeans/cat6430042,200,
2026-10-06,american_eagle,American Eagle Outfitters,mass,https://www.ae.com/us/en/p/women/jeans/flare-bootcut-jeans/ae-super-low-rise-kick-boot-jean/1437_6248_896,https://www.ae.com/us/en/p/women/jeans/flare-bootcut-jeans/ae-super-low-rise-kick-boot-jean/1437_6248_896,1437_6248_896,AE Super Low-Rise Kick Boot Jean,AE,55.96,,USD,InStock,,,https://www.ae.com/us/en/c/women/bottoms/jeans/cat6430042,200,
2026-10-06,american_eagle,American Eagle Outfitters,mass,https://www.ae.com/us/en/p/women/jeans/baggy-wide-leg-jeans/ae-lowest-rise-baggy-wide-leg-jean/0437_6516_987,https://www.ae.com/us/en/p/women/jeans/baggy-wide-leg-jeans/ae-lowest-rise-baggy-wide-leg-jean/0437_6516_987,0437_6516_987,AE Lowest-Rise Baggy Wide-Leg Jean,AE,52.46,,USD,InStock,,,https://www.ae.com/us/en/c/women/bottoms/jeans/cat6430042,200,
2026-10-06,american_eagle,American Eagle Outfitters,mass,https://www.ae.com/us/en/p/women/jeans/baggy-wide-leg-jeans/ae-low-rise-cozy-baggy-jean/0437_6439_896,https://www.ae.com/us/en/p/women/jeans/baggy-wide-leg-jeans/ae-low-rise-cozy-baggy-jean/0437_6439_896,,AE Low-Rise Cozy Baggy Jean,,79.95,,USD,,,,https://www.ae.com/us/en/c/women/bottoms/jeans/cat6430042,200,no_jsonld
2026-10-06,american_eagle,American Eagle Outfitters,mass,https://www.ae.com/us/en/p/women/jeans/stovepipe-straight-leg-jeans/ae-low-rise-classic-straight-jean/0435_6183_936,https://www.ae.com/us/en/p/women/jeans/stovepipe-straight-leg-jeans/ae-low-rise-classic-straight-jean/0435_6183_936,0435_6183_936,AE Low-Rise Classic Straight Jean,AE,48.96,,USD,InStock,,,https://www.ae.com/us/en/c/women/bottoms/jeans/cat6430042,200,
2026-10-06,american_eagle,American Eagle Outfitters,mass,https://www.ae.com/us/en/p/women/jeans/baggy-wide-leg-jeans/ae-low-rise-cargo-baggy-ultra-wide-leg-jean/0437_6417_894,https://www.ae.com/us/en/p/women/jeans/baggy-wide-leg-jeans/ae-low-rise-cargo-baggy-ultra-wide-leg-jean/0437_6417_894,0437_6417_894,AE Low-Rise Cargo Baggy Ultra-Wide Leg Jean,AE,55.96,,USD,InStock,,,https://www.ae.com/us/en/c/women/bottoms/jeans/cat6430042,200,
2026-10-06,american_eagle,American Eagle Outfitters,mass,https://www.ae.com/us/en/p/women/jeans/baggy-wide-leg-jeans/ae-low-rise-cozy-baggy-jean/0437_6440_001,https://www.ae.com/us/en/p/women/jeans/baggy-wide-leg-jeans/ae-low-rise-cozy-baggy-jean/0437_6440_001,,AE Low-Rise Cozy Baggy Jean,,79.95,,USD,,,,https://www.ae.com/us/en/c/women/bottoms/jeans/cat6430042,200,no_jsonld
2026-10-06,american_eagle,American Eagle Outfitters,mass,https://www.ae.com/us/en/p/women/jeans/baggy-wide-leg-jeans/ae-super-high-waisted-baggy-wide-leg-jean/0437_6331_857,https://www.ae.com/us/en/p/women/jeans/baggy-wide-leg-jeans/ae-super-high-waisted-baggy-wide-leg-jean/0437_6331_857,0437_6331_857,AE Super High-Waisted Baggy Wide-Leg Jean,AE,48.96,,USD,InStock,,,https://www.ae.com/us/en/c/women/bottoms/jeans/cat6430042,200,
2026-10-06,american_eagle,American Eagle Outfitters,mass,https://www.ae.com/us/en/p/women/jeans/baggy-wide-leg-jeans/ae-lowest-rise-baggy-wide-leg-jean/0437_6529_471,https://www.ae.com/us/en/p/women/jeans/baggy-wide-leg-jeans/ae-lowest-rise-baggy-wide-leg-jean/0437_6529_471,0437_6529_471,AE Lowest-Rise Baggy Wide-Leg Jean,AE,48.96,,USD,InStock,,,https://www.ae.com/us/en/c/women/bottoms/jeans/cat6430042,200,
2026-10-06,american_eagle,American Eagle Outfitters,mass,https://www.ae.com/us/en/p/women/jeans/stovepipe-straight-leg-jeans/ae-low-rise-classic-straight-jean/0435_6309_482,https://www.ae.com/us/en/p/women/jeans/stovepipe-straight-leg-jeans/ae-low-rise-classic-straight-jean/0435_6309_482,0435_6309_482,AE Low-Rise Classic Straight Jean,AE,52.46,,USD,InStock,,,https://www.ae.com/us/en/c/women/bottoms/jeans/cat6430042,200,
2026-10-06,american_eagle,American Eagle Outfitters,mass,https://www.ae.com/us/en/p/women/jeans/baggy-wide-leg-jeans/ae-low-rise-baggy-ultra-wide-leg-jean/0437_6418_914,https://www.ae.com/us/en/p/women/jeans/baggy-wide-leg-jeans/ae-low-rise-baggy-ultra-wide-leg-jean/0437_6418_914,0437_6418_914,AE Low-Rise Baggy Ultra-Wide Leg Jean,AE,62.96,,USD,InStock,,,https://www.ae.com/us/en/c/women/bottoms/jeans/cat6430042,200,
2026-10-06,american_eagle,American Eagle Outfitters,mass,https://www.ae.com/us/en/p/women/jeans/baggy-wide-leg-jeans/ae-low-rise-baggy-straight-jean/0437_6329_001,https://www.ae.com/us/en/p/women/jeans/baggy-wide-leg-jeans/ae-low-rise-baggy-straight-jean/0437_6329_001,0437_6329_001,AE Low-Rise Baggy Straight Jean,AE,47.97,,USD,InStock,,,https://www.ae.com/us/en/c/women/bottoms/jeans/cat6430042,200,
2026-10-06,american_eagle,American Eagle Outfitters,mass,https://www.ae.com/us/en/p/women/jeans/baggy-wide-leg-jeans/ae-low-rise-baggy-ultra-wide-leg-jean/0437_6335_852,https://www.ae.com/us/en/p/women/jeans/baggy-wide-leg-jeans/ae-low-rise-baggy-ultra-wide-leg-jean/0437_6335_852,0437_6335_852,AE Low-Rise Baggy Ultra-Wide Leg Jean,AE,62.96,,USD,InStock,,,https://www.ae.com/us/en/c/women/bottoms/jeans/cat6430042,200,
2026-10-06,american_eagle,American Eagle Outfitters,mass,https://www.ae.com/us/en/p/women/jeans/baggy-wide-leg-jeans/ae-low-rise-cozy-baggy-jean/0437_6437_915,https://www.ae.com/us/en/p/women/jeans/baggy-wide-leg-jeans/ae-low-rise-cozy-baggy-jean/0437_6437_915,0437_6437_915,AE Low-Rise Cozy Baggy Jean,AE,79.95,,USD,InStock,,,https://www.ae.com/us/en/c/women/bottoms/jeans/cat6430042,200,
2026-10-06,american_eagle,American Eagle Outfitters,mass,https://www.ae.com/us/en/p/women/jeans/flare-bootcut-jeans/ae-low-rise-kick-bootcut-jean/1437_6303_896,https://www.ae.com/us/en/p/women/jeans/flare-bootcut-jeans/ae-low-rise-kick-bootcut-jean/1437_6303_896,1437_6303_896,AE Low-Rise Kick Bootcut Jean,AE,48.96,,USD,InStock,,,https://www.ae.com/us/en/c/women/bottoms/jeans/cat6430042,200,
2026-10-06,american_eagle,American Eagle Outfitters,mass,https://www.ae.com/us/en/p/women/jeans/flare-bootcut-jeans/ae-super-low-rise-kick-bootcut-jean/1437_6219_896,https://www.ae.com/us/en/p/women/jeans/flare-bootcut-jeans/ae-super-low-rise-kick-bootcut-jean/1437_6219_896,1437_6219_896,AE Super Low-Rise Kick Bootcut Jean,AE,47.97,,USD,InStock,,,https://www.ae.com/us/en/c/women/bottoms/jeans/cat6430042,200,
2026-10-06,american_eagle,American Eagle Outfitters,mass,https://www.ae.com/us/en/p/women/jeans/flare-bootcut-jeans/the-dolly-jean/1436_5927_987,https://www.ae.com/us/en/p/women/jeans/flare-bootcut-jeans/the-dolly-jean/1436_5927_987,1436_5927_987,AE Super High-Waisted Flare Jean,AE,55.96,,USD,InStock,,,https://www.ae.com/us/en/c/women/bottoms/jeans/cat6430042,200,
2026-10-06,american_eagle,American Eagle Outfitters,mass,https://www.ae.com/us/en/p/women/jeans/mom-jeans/ae-ripped-mom-jean/0436_3936_923,https://www.ae.com/us/en/p/women/jeans/mom-jeans/ae-ripped-mom-jean/0436_3936_923,0436_3936_923,AE Ripped Mom Jean,AE,47.97,,USD,InStock,,,https://www.ae.com/us/en/c/women/bottoms/jeans/cat6430042,200,
2026-10-06,old_navy,Gap Inc,fast_fashion,https://oldnavy.gap.com/browse/product.do?pid=904894002&vid=1&pcid=55474&cid=55474,https://oldnavy.gap.com/browse/product.do?pid=904894002&vid=1&pcid=55474&cid=55474#pdp-page-content,904894002,Plaid Jacket,Old Navy,64.99,,USD,InStock,Imported,according to the care instruction label imported Shipping & returns  This is a carousel ,https://oldnavy.gap.com/browse/category.do?cid=55474,200,
2026-10-06,old_navy,Gap Inc,fast_fashion,https://oldnavy.gap.com/browse/product.do?pid=904893032&vid=1&pcid=55474&cid=55474,https://oldnavy.gap.com/browse/product.do?pid=904893032&vid=1&pcid=55474&cid=55474#pdp-page-content,904893032,Oversized Longline Overcoat,Old Navy,89.99,,USD,InStock,Imported,according to the care instruction label imported Shipping & returns  This is a carousel ,https://oldnavy.gap.com/browse/category.do?cid=55474,200,
2026-10-06,old_navy,Gap Inc,fast_fashion,https://oldnavy.gap.com/browse/product.do?pid=1181338002&vid=1&pcid=55474&cid=55474,https://oldnavy.gap.com/browse/product.do?pid=1181338002&vid=1&pcid=55474&cid=55474#pdp-page-content,1181338002,Cavalry Denim Jacket,Old Navy,49.99,,USD,OutOfStock,Imported,according to the care instruction label imported Shipping & returns  This is a carousel ,https://oldnavy.gap.com/browse/category.do?cid=55474,200,
2026-10-06,old_navy,Gap Inc,fast_fashion,https://oldnavy.gap.com/browse/product.do?pid=1181340002&vid=1&pcid=55474&cid=55474,https://oldnavy.gap.com/browse/product.do?pid=1181340002&vid=1&pcid=55474&cid=55474#pdp-page-content,1181340002,Oversized Full-Length Overcoat,Old Navy,89.99,,USD,InStock,Imported,according to the care instruction label imported Shipping & returns  This is a carousel ,https://oldnavy.gap.com/browse/category.do?cid=55474,200,
2026-10-06,old_navy,Gap Inc,fast_fashion,https://oldnavy.gap.com/browse/product.do?pid=905918002&vid=1&pcid=55474&cid=55474,https://oldnavy.gap.com/browse/product.do?pid=905918002&vid=1&pcid=55474&cid=55474#pdp-page-content,905918002,Loose Sherpa Mixed-Media Pullover,Old Navy,59.99,,USD,InStock,Imported,according to the care instruction label imported Shipping & returns  This is a carousel ,https://oldnavy.gap.com/browse/category.do?cid=55474,200,
2026-10-06,old_navy,Gap Inc,fast_fashion,https://oldnavy.gap.com/browse/product.do?pid=1188713002&vid=1&pcid=55474&cid=55474,https://oldnavy.gap.com/browse/product.do?pid=1188713002&vid=1&pcid=55474&cid=55474#pdp-page-content,1188713002,Twill Cape Jacket,Old Navy,64.99,,USD,InStock,Imported,according to the care instruction label imported Shipping & returns  This is a carousel ,https://oldnavy.gap.com/browse/category.do?cid=55474,200,
2026-10-06,old_navy,Gap Inc,fast_fashion,https://oldnavy.gap.com/browse/product.do?pid=1188714002&vid=1&pcid=55474&cid=55474,https://oldnavy.gap.com/browse/product.do?pid=1188714002&vid=1&pcid=55474&cid=55474#pdp-page-content,1188714002,Longline Twill Double-Breasted Blazer,Old Navy,64.99,,USD,InStock,Imported,according to the care instruction label imported Shipping & returns  This is a carousel ,https://oldnavy.gap.com/browse/category.do?cid=55474,200,
2026-10-06,old_navy,Gap Inc,fast_fashion,https://oldnavy.gap.com/browse/product.do?pid=900512022&vid=1&pcid=55474&cid=55474,https://oldnavy.gap.com/browse/product.do?pid=900512022&vid=1&pcid=55474&cid=55474#pdp-page-content,900512022,Cropped Barn Jacket,Old Navy,35.00,,USD,InStock,Imported,according to the care instruction label imported Shipping & returns  This is a carousel ,https://oldnavy.gap.com/browse/category.do?cid=55474,200,
2026-10-06,old_navy,Gap Inc,fast_fashion,https://oldnavy.gap.com/browse/product.do?pid=465150002&vid=1&pcid=55474&cid=55474,https://oldnavy.gap.com/browse/product.do?pid=465150002&vid=1&pcid=55474&cid=55474#pdp-page-content,465150002,Classic Jean Jacket,Old Navy,35.00,,USD,InStock,Imported,according to the care instruction label imported Shipping & returns  This is a carousel ,https://oldnavy.gap.com/browse/category.do?cid=55474,200,
2026-10-06,old_navy,Gap Inc,fast_fashion,https://oldnavy.gap.com/browse/product.do?pid=902836002&vid=1&pcid=55474&cid=55474,https://oldnavy.gap.com/browse/product.do?pid=902836002&vid=1&pcid=55474&cid=55474#pdp-page-content,902836002,Funnel-Neck Denim Jacket,Old Navy,40.00,,USD,InStock,Imported,according to the care instruction label imported Shipping & returns  This is a carousel ,https://oldnavy.gap.com/browse/category.do?cid=55474,200,
2026-10-06,old_navy,Gap Inc,fast_fashion,https://oldnavy.gap.com/browse/product.do?pid=905910002&vid=1&pcid=55474&cid=55474,https://oldnavy.gap.com/browse/product.do?pid=905910002&vid=1&pcid=55474&cid=55474#pdp-page-content,905910002,Oversized Twill Double-Breasted Blazer,Old Navy,40.00,,USD,InStock,Imported, 30% viscose rayon 2% spandex dry clean imported Shipping & returns  This is a carousel ,https://oldnavy.gap.com/browse/category.do?cid=55474,200,
2026-10-06,old_navy,Gap Inc,fast_fashion,https://oldnavy.gap.com/browse/product.do?pid=904895012&vid=1&pcid=55474&cid=55474,https://oldnavy.gap.com/browse/product.do?pid=904895012&vid=1&pcid=55474&cid=55474#pdp-page-content,904895012,Belted Utility Jacket,Old Navy,35.00,,USD,InStock,Imported,according to the care instruction label imported Shipping & returns  This is a carousel ,https://oldnavy.gap.com/browse/category.do?cid=55474,200,
2026-10-06,old_navy,Gap Inc,fast_fashion,https://oldnavy.gap.com/browse/product.do?pid=905914002&vid=1&pcid=55474&cid=55474,https://oldnavy.gap.com/browse/product.do?pid=905914002&vid=1&pcid=55474&cid=55474#pdp-page-content,905914002,Full-Length Trench Coat,Old Navy,84.99,,USD,InStock,Imported,according to the care instruction label imported Shipping & returns  This is a carousel ,https://oldnavy.gap.com/browse/category.do?cid=55474,200,
2026-10-06,old_navy,Gap Inc,fast_fashion,https://oldnavy.gap.com/browse/product.do?pid=1188715002&vid=1&pcid=55474&cid=55474,https://oldnavy.gap.com/browse/product.do?pid=1188715002&vid=1&pcid=55474&cid=55474#pdp-page-content,1188715002,Denim Cape Jacket,Old Navy,64.99,,USD,InStock,Imported,according to the care instruction label imported Shipping & returns  This is a carousel ,https://oldnavy.gap.com/browse/category.do?cid=55474,200,
2026-10-06,old_navy,Gap Inc,fast_fashion,https://oldnavy.gap.com/browse/product.do?pid=766312032&vid=1&pcid=55474&cid=55474,https://oldnavy.gap.com/browse/product.do?pid=766312032&vid=1&pcid=55474&cid=55474#pdp-page-content,766312032,Classic Double-Weave Blazer,Old Navy,49.99,,USD,InStock,Imported,spandex 100% polyester lining dry clean imported Shipping & returns  This is a carousel ,https://oldnavy.gap.com/browse/category.do?cid=55474,200,
2026-10-06,old_navy,Gap Inc,fast_fashion,https://oldnavy.gap.com/browse/product.do?pid=907272002&vid=1&pcid=55474&cid=55474,https://oldnavy.gap.com/browse/product.do?pid=907272002&vid=1&pcid=55474&cid=55474#pdp-page-content,907272002,Loose Sherpa Full-Zip Jacket,Old Navy,54.99,,USD,InStock,Imported,according to the care instruction label imported Shipping & returns  This is a carousel ,https://oldnavy.gap.com/browse/category.do?cid=55474,200,
2026-10-06,old_navy,Gap Inc,fast_fashion,https://oldnavy.gap.com/browse/product.do?pid=1184432002&vid=1&pcid=55474&cid=55474,https://oldnavy.gap.com/browse/product.do?pid=1184432002&vid=1&pcid=55474&cid=55474#pdp-page-content,1184432002,Old Navy x Altuzarra Sherpa Jacket,Old Navy,79.99,,USD,InStock,Imported,according to the care instruction label imported Shipping & returns  This is a carousel ,https://oldnavy.gap.com/browse/category.do?cid=55474,200,
2026-10-06,old_navy,Gap Inc,fast_fashion,https://oldnavy.gap.com/browse/product.do?pid=1195868002&vid=1&pcid=55474&cid=55474,https://oldnavy.gap.com/browse/product.do?pid=1195868002&vid=1&pcid=55474&cid=55474#pdp-page-content,1195868002,Utility Jacket,Old Navy,59.99,,USD,InStock,Imported,according to the care instruction label imported Shipping & returns  This is a carousel ,https://oldnavy.gap.com/browse/category.do?cid=55474,200,
2026-10-06,old_navy,Gap Inc,fast_fashion,https://oldnavy.gap.com/browse/product.do?pid=903175012&vid=1&pcid=55474&cid=55474,https://oldnavy.gap.com/browse/product.do?pid=903175012&vid=1&pcid=55474&cid=55474#pdp-page-content,903175012,Funnel-Neck Core Puffer Jacket,Old Navy,59.99,,USD,InStock,Imported,according to the care instruction label imported Shipping & returns  This is a carousel ,https://oldnavy.gap.com/browse/category.do?cid=55474,200,
2026-10-06,old_navy,Gap Inc,fast_fashion,https://oldnavy.gap.com/browse/product.do?pid=907290012&vid=1&pcid=55474&cid=55474,https://oldnavy.gap.com/browse/product.do?pid=907290012&vid=1&pcid=55474&cid=55474#pdp-page-content,907290012,Full-Zip Faux-Suede Harrington Jacket,Old Navy,69.99,,USD,OutOfStock,Imported,according to the care instruction label imported Shipping & returns  This is a carousel ,https://oldnavy.gap.com/browse/category.do?cid=55474,200,
2026-10-06,old_navy,Gap Inc,fast_fashion,https://oldnavy.gap.com/browse/product.do?pid=1184436002&vid=1&pcid=55474&cid=55474,https://oldnavy.gap.com/browse/product.do?pid=1184436002&vid=1&pcid=55474&cid=55474#pdp-page-content,1184436002,Old Navy x Altuzarra Overcoat,Old Navy,119.99,,USD,InStock,Imported,according to the care instruction label imported Shipping & returns  This is a carousel ,https://oldnavy.gap.com/browse/category.do?cid=55474,200,
2026-10-06,old_navy,Gap Inc,fast_fashion,https://oldnavy.gap.com/browse/product.do?pid=1182183002&vid=1&pcid=55474&cid=55474,https://oldnavy.gap.com/browse/product.do?pid=1182183002&vid=1&pcid=55474&cid=55474#pdp-page-content,1182183002,Oversized Full-Length Overcoat,Old Navy,89.99,,USD,InStock,Imported,according to the care instruction label imported Shipping & returns  This is a carousel ,https://oldnavy.gap.com/browse/category.do?cid=55474,200,
2026-10-06,old_navy,Gap Inc,fast_fashion,https://oldnavy.gap.com/browse/product.do?pid=1184428002&vid=1&pcid=55474&cid=55474,https://oldnavy.gap.com/browse/product.do?pid=1184428002&vid=1&pcid=55474&cid=55474#pdp-page-content,1184428002,Old Navy x Altuzarra Oversized 2-In-1 Hooded Parka,Old Navy,144.99,,USD,InStock,Imported,according to the care instruction label imported Shipping & returns  This is a carousel ,https://oldnavy.gap.com/browse/category.do?cid=55474,200,
2026-10-06,old_navy,Gap Inc,fast_fashion,https://oldnavy.gap.com/browse/product.do?pid=903740002&vid=1&pcid=55474&cid=55474,https://oldnavy.gap.com/browse/product.do?pid=903740002&vid=1&pcid=55474&cid=55474#pdp-page-content,903740002,Loose Sherpa Half-Zip Pullover,Old Navy,49.99,,USD,InStock,Imported,according to the care instruction label imported Shipping & returns  This is a carousel ,https://oldnavy.gap.com/browse/category.do?cid=55474,200,
2026-10-06,old_navy,Gap Inc,fast_fashion,https://oldnavy.gap.com/browse/product.do?pid=1184413002&vid=1&pcid=55474&cid=55474,https://oldnavy.gap.com/browse/product.do?pid=1184413002&vid=1&pcid=55474&cid=55474#pdp-page-content,1184413002,Old Navy x Altuzarra Fitted Blazer,Old Navy,79.99,,USD,InStock,Imported,according to the care instruction label imported Shipping & returns  This is a carousel ,https://oldnavy.gap.com/browse/category.do?cid=55474,200,
2026-10-06,old_navy,Gap Inc,fast_fashion,https://oldnavy.gap.com/browse/product.do?pid=903680002&vid=1&pcid=55474&cid=55474,https://oldnavy.gap.com/browse/product.do?pid=903680002&vid=1&pcid=55474&cid=55474#pdp-page-content,903680002,Longline Sherpa Jacket,Old Navy,64.99,,USD,OutOfStock,Imported,"d wear sizes s (4), l (12), and xl (18) imported Shipping & returns  This is a carousel ",https://oldnavy.gap.com/browse/category.do?cid=55474,200,
2026-10-06,old_navy,Gap Inc,fast_fashion,https://oldnavy.gap.com/browse/product.do?pid=903178002&vid=1&pcid=55474&cid=55474,https://oldnavy.gap.com/browse/product.do?pid=903178002&vid=1&pcid=55474&cid=55474#pdp-page-content,903178002,Oversized Rounded-Sleeve Anorak,Old Navy,64.99,,USD,OutOfStock,Imported,according to the care instruction label imported Shipping & returns  This is a carousel ,https://oldnavy.gap.com/browse/category.do?cid=55474,200,
2026-10-06,old_navy,Gap Inc,fast_fashion,https://oldnavy.gap.com/browse/product.do?pid=1181342002&vid=1&pcid=55474&cid=55474,https://oldnavy.gap.com/browse/product.do?pid=1181342002&vid=1&pcid=55474&cid=55474#pdp-page-content,1181342002,Faux-Fur Collar Utility Bomber Jacket,Old Navy,59.99,,USD,InStock,Imported,according to the care instruction label imported Shipping & returns  This is a carousel ,https://oldnavy.gap.com/browse/category.do?cid=55474,200,
2026-10-06,old_navy,Gap Inc,fast_fashion,https://oldnavy.gap.com/browse/product.do?pid=904916002&vid=1&pcid=55474&cid=55474,https://oldnavy.gap.com/browse/product.do?pid=904916002&vid=1&pcid=55474&cid=55474#pdp-page-content,904916002,Cropped Denim Barn Jacket,Old Navy,35.00,,USD,InStock,Imported,according to the care instruction label imported Shipping & returns  This is a carousel ,https://oldnavy.gap.com/browse/category.do?cid=55474,200,
2026-10-06,old_navy,Gap Inc,fast_fashion,https://oldnavy.gap.com/browse/product.do?pid=916674002&vid=1&pcid=55474&cid=55474,https://oldnavy.gap.com/browse/product.do?pid=916674002&vid=1&pcid=55474&cid=55474#pdp-page-content,916674002,Hooded Sherpa Vest,Old Navy,39.99,,USD,InStock,Imported,according to the care instruction label imported Shipping & returns  This is a carousel ,https://oldnavy.gap.com/browse/category.do?cid=55474,200,
2026-10-06,old_navy,Gap Inc,fast_fashion,https://oldnavy.gap.com/browse/product.do?pid=900512012&vid=1&pcid=55474&cid=55474,https://oldnavy.gap.com/browse/product.do?pid=900512012&vid=1&pcid=55474&cid=55474#pdp-page-content,900512012,Cropped Barn Jacket,Old Navy,35.00,,USD,InStock,Imported,according to the care instruction label imported Shipping & returns  This is a carousel ,https://oldnavy.gap.com/browse/category.do?cid=55474,200,
2026-10-06,old_navy,Gap Inc,fast_fashion,https://oldnavy.gap.com/browse/product.do?pid=903173022&vid=1&pcid=55474&cid=55474,https://oldnavy.gap.com/browse/product.do?pid=903173022&vid=1&pcid=55474&cid=55474#pdp-page-content,903173022,Water-Resistant Puffer Vest,Old Navy,49.99,,USD,InStock,Imported,according to the care instruction label imported Shipping & returns  This is a carousel ,https://oldnavy.gap.com/browse/category.do?cid=55474,200,
2026-10-06,old_navy,Gap Inc,fast_fashion,https://oldnavy.gap.com/browse/product.do?pid=467752002&vid=1&pcid=55474&cid=55474,https://oldnavy.gap.com/browse/product.do?pid=467752002&vid=1&pcid=55474&cid=55474#pdp-page-content,467752002,Classic Jean Jacket,Old Navy,35.00,,USD,InStock,Imported,according to the care instruction label imported Shipping & returns  This is a carousel ,https://oldnavy.gap.com/browse/category.do?cid=55474,200,
2026-10-06,old_navy,Gap Inc,fast_fashion,https://oldnavy.gap.com/browse/product.do?pid=903183052&vid=1&pcid=55474&cid=55474,https://oldnavy.gap.com/browse/product.do?pid=903183052&vid=1&pcid=55474&cid=55474#pdp-page-content,903183052,Performance Fleece Funnel Neck Pullover,Old Navy,29.99,,USD,InStock,Imported,according to the care instruction label imported Shipping & returns  This is a carousel ,https://oldnavy.gap.com/browse/category.do?cid=55474,200,
2026-10-06,old_navy,Gap Inc,fast_fashion,https://oldnavy.gap.com/browse/product.do?pid=1184419002&vid=1&pcid=55474&cid=55474,https://oldnavy.gap.com/browse/product.do?pid=1184419002&vid=1&pcid=55474&cid=55474#pdp-page-content,1184419002,Old Navy x Altuzarra Embellished Bomber Barn Jacket,Old Navy,89.99,,USD,InStock,Imported,according to the care instruction label imported Shipping & returns  This is a carousel ,https://oldnavy.gap.com/browse/category.do?cid=55474,200,
2026-10-06,old_navy,Gap Inc,fast_fashion,https://oldnavy.gap.com/browse/product.do?pid=903176012&vid=1&pcid=55474&cid=55474,https://oldnavy.gap.com/browse/product.do?pid=903176012&vid=1&pcid=55474&cid=55474#pdp-page-content,903176012,Water-Resistant Oversized Bubble-Hem Zip Bomber Jacket,Old Navy,64.99,,USD,InStock,Imported,according to the care instruction label imported Shipping & returns  This is a carousel ,https://oldnavy.gap.com/browse/category.do?cid=55474,200,
2026-10-06,old_navy,Gap Inc,fast_fashion,https://oldnavy.gap.com/browse/product.do?pid=1188714012&vid=1&pcid=55474&cid=55474,https://oldnavy.gap.com/browse/product.do?pid=1188714012&vid=1&pcid=55474&cid=55474#pdp-page-content,1188714012,Longline Twill Double-Breasted Blazer,Old Navy,64.99,,USD,InStock,Imported,according to the care instruction label imported Shipping & returns  This is a carousel ,https://oldnavy.gap.com/browse/category.do?cid=55474,200,
2026-10-06,old_navy,Gap Inc,fast_fashion,https://oldnavy.gap.com/browse/product.do?pid=907272012&vid=1&pcid=55474&cid=55474,https://oldnavy.gap.com/browse/product.do?pid=907272012&vid=1&pcid=55474&cid=55474#pdp-page-content,907272012,Loose Sherpa Full-Zip Jacket,Old Navy,54.99,,USD,InStock,Imported,according to the care instruction label imported Shipping & returns  This is a carousel ,https://oldnavy.gap.com/browse/category.do?cid=55474,200,
2026-10-06,old_navy,Gap Inc,fast_fashion,https://oldnavy.gap.com/browse/product.do?pid=766312012&vid=1&pcid=55474&cid=55474,https://oldnavy.gap.com/browse/product.do?pid=766312012&vid=1&pcid=55474&cid=55474#pdp-page-content,766312012,Classic Double-Weave Blazer,Old Navy,49.99,,USD,InStock,Imported,spandex 100% polyester lining dry clean imported Shipping & returns  This is a carousel ,https://oldnavy.gap.com/browse/category.do?cid=55474,200,
2026-10-06,old_navy,Gap Inc,fast_fashion,https://oldnavy.gap.com/browse/product.do?pid=903184002&vid=1&pcid=55474&cid=55474,https://oldnavy.gap.com/browse/product.do?pid=903184002&vid=1&pcid=55474&cid=55474#pdp-page-content,903184002,Fitted Performance Fleece Full-Zip Jacket,Old Navy,29.99,,USD,InStock,Imported,ash according to care instruction label imported Shipping & returns  This is a carousel ,https://oldnavy.gap.com/browse/category.do?cid=55474,200,
2026-10-06,old_navy,Gap Inc,fast_fashion,https://oldnavy.gap.com/browse/product.do?pid=903724002&vid=1&pcid=55474&cid=55474,https://oldnavy.gap.com/browse/product.do?pid=903724002&vid=1&pcid=55474&cid=55474#pdp-page-content,903724002,Core Puffer Jacket,Old Navy,59.99,,USD,InStock,Imported,according to the care instruction label imported Shipping & returns  This is a carousel ,https://oldnavy.gap.com/browse/category.do?cid=55474,200,
2026-10-06,old_navy,Gap Inc,fast_fashion,https://oldnavy.gap.com/browse/product.do?pid=903769002&vid=1&pcid=55474&cid=55474,https://oldnavy.gap.com/browse/product.do?pid=903769002&vid=1&pcid=55474&cid=55474#pdp-page-content,903769002,TrekTech Oversized Jacket,Old Navy,32.99,,USD,InStock,Imported,according to the care instruction label imported Shipping & returns  This is a carousel ,https://oldnavy.gap.com/browse/category.do?cid=55474,200,
2026-10-06,old_navy,Gap Inc,fast_fashion,"https://oldnavy.gap.com/browse/product.do?pid=766960032&rrec=true&mlink=5001,1,Error_Page_onoos1_rr_0&clink=1&recommendation_response_id=3032d4f3be714e73a23d504ed74758af",https://oldnavy.gap.com/browse/product.do?pid=766960032&rrec=true&mlink=5001%2C1%2CError_Page_onoos1_rr_0&clink=1&recommendation_response_id=3032d4f3be714e73a23d504ed74758af&vid=1#pdp-page-content,766960032,School Uniform Jersey-Knit Polo Shirt for Girls,Old Navy,8.00,,USD,InStock,Imported,according to the care instruction label imported Shipping & returns  This is a carousel ,https://oldnavy.gap.com/browse/category.do?cid=1091018,200,
2026-10-06,old_navy,Gap Inc,fast_fashion,"https://oldnavy.gap.com/browse/product.do?pid=619919002&rrec=true&mlink=5001,1,Error_Page_onoos1_rr_1&clink=1&recommendation_response_id=3032d4f3be714e73a23d504ed74758af",https://oldnavy.gap.com/browse/product.do?pid=619919002&rrec=true&mlink=5001%2C1%2CError_Page_onoos1_rr_1&clink=1&recommendation_response_id=3032d4f3be714e73a23d504ed74758af&vid=1#pdp-page-content,619919002,First-Layer Scoop-Neck Tank Top,Old Navy,7.00,,USD,InStock,Imported,according to the care instruction label imported Shipping & returns  This is a carousel ,https://oldnavy.gap.com/browse/category.do?cid=1091018,200,
2026-10-06,old_navy,Gap Inc,fast_fashion,"https://oldnavy.gap.com/browse/product.do?pid=734873002&rrec=true&mlink=5001,1,Error_Page_onoos1_rr_2&clink=1&recommendation_response_id=3032d4f3be714e73a23d504ed74758af",https://oldnavy.gap.com/browse/product.do?pid=734873002&rrec=true&mlink=5001%2C1%2CError_Page_onoos1_rr_2&clink=1&recommendation_response_id=3032d4f3be714e73a23d504ed74758af&vid=1#pdp-page-content,734873002,Mid-Rise Wow Boot-Cut Jeans,Old Navy,25.00,,USD,InStock,Imported,according to the care instruction label imported Shipping & returns  This is a carousel ,https://oldnavy.gap.com/browse/category.do?cid=1091018,200,
2026-10-06,old_navy,Gap Inc,fast_fashion,"https://oldnavy.gap.com/browse/product.do?pid=788103002&rrec=true&mlink=5001,1,Error_Page_onoos1_rr_3&clink=1&recommendation_response_id=3032d4f3be714e73a23d504ed74758af",https://oldnavy.gap.com/browse/product.do?pid=788103002&rrec=true&mlink=5001%2C1%2CError_Page_onoos1_rr_3&clink=1&recommendation_response_id=3032d4f3be714e73a23d504ed74758af&vid=1#pdp-page-content,788103002,Mid-Rise Wow Baggy Wide-Leg Jeans,Old Navy,25.00,,USD,InStock,Imported,according to the care instruction label imported Shipping & returns  This is a carousel ,https://oldnavy.gap.com/browse/category.do?cid=1091018,200,
2026-10-06,old_navy,Gap Inc,fast_fashion,"https://oldnavy.gap.com/browse/product.do?pid=855428002&rrec=true&mlink=5001,1,Error_Page_onoos1_rr_4&clink=1&recommendation_response_id=3032d4f3be714e73a23d504ed74758af",https://oldnavy.gap.com/browse/product.do?pid=855428002&rrec=true&mlink=5001%2C1%2CError_Page_onoos1_rr_4&clink=1&recommendation_response_id=3032d4f3be714e73a23d504ed74758af&vid=1#pdp-page-content,855428002,Crew-Neck T-Shirt,Old Navy,10.00,,USD,InStock,Imported,according to the care instruction label imported Shipping & returns  This is a carousel ,https://oldnavy.gap.com/browse/category.do?cid=1091018,200,
2026-10-06,old_navy,Gap Inc,fast_fashion,"https://oldnavy.gap.com/browse/product.do?pid=619919012&rrec=true&mlink=5001,1,Error_Page_onoos1_rr_5&clink=1&recommendation_response_id=3032d4f3be714e73a23d504ed74758af",https://oldnavy.gap.com/browse/product.do?pid=619919012&rrec=true&mlink=5001%2C1%2CError_Page_onoos1_rr_5&clink=1&recommendation_response_id=3032d4f3be714e73a23d504ed74758af&vid=1#pdp-page-content,619919012,First-Layer Scoop-Neck Tank Top,Old Navy,7.00,,USD,OutOfStock,Imported,according to the care instruction label imported Shipping & returns  This is a carousel ,https://oldnavy.gap.com/browse/category.do?cid=1091018,200,
2026-10-06,old_navy,Gap Inc,fast_fashion,"https://oldnavy.gap.com/browse/product.do?pid=811395062&rrec=true&mlink=5001,1,Error_Page_onoos1_rr_6&clink=1&recommendation_response_id=3032d4f3be714e73a23d504ed74758af",https://oldnavy.gap.com/browse/product.do?pid=811395062&rrec=true&mlink=5001%2C1%2CError_Page_onoos1_rr_6&clink=1&recommendation_response_id=3032d4f3be714e73a23d504ed74758af&vid=1#pdp-page-content,811395062,Snug Crop Ribbed T-Shirt,Old Navy,12.00,,USD,InStock,Imported,according to the care instruction label imported Shipping & returns  This is a carousel ,https://oldnavy.gap.com/browse/category.do?cid=1091018,200,
2026-10-06,old_navy,Gap Inc,fast_fashion,"https://oldnavy.gap.com/browse/product.do?pid=487332002&rrec=true&mlink=5001,1,Error_Page_onoos1_rr_7&clink=1&recommendation_response_id=3032d4f3be714e73a23d504ed74758af",https://oldnavy.gap.com/browse/product.do?pid=487332002&rrec=true&mlink=5001%2C1%2CError_Page_onoos1_rr_7&clink=1&recommendation_response_id=3032d4f3be714e73a23d504ed74758af&vid=1#pdp-page-content,487332002,High-Waisted Wow Flare Jeans,Old Navy,25.00,,USD,InStock,Imported,according to the care instruction label imported Shipping & returns  This is a carousel ,https://oldnavy.gap.com/browse/category.do?cid=1091018,200,
