brand,product_code,window,month,snapshot_timestamp,snapshot_url,page_title,price,currency,method
dior,X9000,A_2018_2020,201905,20190524005214,https://web.archive.org/web/20190524005214/https://www.dior.com/en_us/products/couture-841P03A1166_X9000-wool-and-silk-shorts,Wool and silk shorts - Ready-to-wear - Women's Fashion | DIOR,950,USD,jsonld_offer_price
dior,X9000,A_2018_2020,201906,20190616213146,https://web.archive.org/web/20190616213146/https://www.dior.com/en_us/products/couture-841V30A1166_X9000-wool-and-silk-jacket,Wool and silk jacket - Ready-to-wear - Women's Fashion | DIOR,4000,USD,jsonld_offer_price
dior,X9000,A_2018_2020,201907,20190722223312,https://web.archive.org/web/20190722223312/https://www.dior.com/en_us/products/couture-841J50A8810_X9000-tulle-pleated-skirt,Tulle pleated skirt - Ready-to-wear - Women's Fashion | DIOR,3800,USD,jsonld_offer_price
dior,X9000,A_2018_2020,201908,20190819132551,https://web.archive.org/web/20190819132551/https://www.dior.com/en_us/products/couture-841B42A8810_X9000,Tulle blouse - Ready-to-wear - Women's Fashion | DIOR,2000,USD,jsonld_offer_price
dior,X9000,A_2018_2020,201909,20190922102928,https://web.archive.org/web/20190922102928/https://www.dior.com/en_us/products/couture-841B42A8810_X9000-tulle-blouse,Tulle blouse - Ready-to-wear - Women's Fashion | DIOR,2000,USD,jsonld_offer_price
dior,X9000,A_2018_2020,201910,20191014020305,https://web.archive.org/web/20191014020305/https://www.dior.com/en_us/products/couture-841P03A1166_X9000-black-woolen-silk-shorts,Black Woolen Silk Shorts - Ready-to-wear - Women's Fashion | DIOR,950,USD,jsonld_offer_price
dior,X9000,A_2018_2020,201911,20191119032520,https://web.archive.org/web/20191119032520/https://www.dior.com/en_us/products/couture-841P03A1166_X9000-black-woolen-silk-shorts,Black Woolen Silk Shorts - Ready-to-wear - Women's Fashion | DIOR,950,USD,jsonld_offer_price
dior,X9000,A_2018_2020,201912,20191214080105,https://web.archive.org/web/20191214080105/https://www.dior.com/en_us/products/couture-841P03A1166_X9000-black-woolen-silk-shorts,Black Woolen Silk Shorts - products | DIOR,950,USD,jsonld_offer_price
dior,X9000,A_2018_2020,202003,20200316132915,https://web.archive.org/web/20200316132915/https://www.dior.com/en_us/products/couture-011R61A1166_X9000-black-woolen-silk-dress,,,,fetch_failed
dior,X9000,B_2024_2026,202410,20241023194704,https://web.archive.org/web/20241023194704/https://www.dior.com/en_us/fashion/products/354S48AM053_X9000,,,,fetch_failed
dior,X9000,B_2024_2026,202411,20241107232131,https://web.archive.org/web/20241107232131/https://www.dior.com/en_us/fashion/products/354S48AM053_X9000,Tied Collar Sweater Black Cashmere Knit | DIOR,2050.00,USD,jsonld_offer_price
dior,X9000,B_2024_2026,202412,20241209041446,https://web.archive.org/web/20241209041446/https://www.dior.com/en_us/fashion/products/351V34A1166_X9000,Cropped Jacket Black Wool and Silk | DIOR,4200.00,USD,jsonld_offer_price
dior,X9000,B_2024_2026,202501,20250126033323,https://web.archive.org/web/20250126033323/https://www.dior.com/en_us/fashion/products/121P45B1166_X9000,Skort with CD Button Black Wool and Silk | DIOR,2200.00,USD,jsonld_offer_price
dior,X9000,B_2024_2026,202502,20250216152902,https://web.archive.org/web/20250216152902/https://www.dior.com/en_us/fashion/products/324V53BM512_X9000,Cropped Jacket Black Technical Mesh | DIOR,3200.00,USD,jsonld_offer_price
dior,X9000,B_2024_2026,202503,20250318230734,https://web.archive.org/web/20250318230734/https://www.dior.com/en_us/fashion/products/121P45B1166_X9000,Skort with CD Button Black Wool and Silk | DIOR,2200.00,USD,jsonld_offer_price
dior,X9000,B_2024_2026,202507,20250720153633,https://web.archive.org/web/20250720153633/https://www.dior.com/en_us/fashion/products/841J50A8810_X9000,Mid-Length Pleated Skirt Black Plumetis Tulle | DIOR,4600.00,USD,jsonld_offer_price
dior,X9000,B_2024_2026,202509,20250915035133,https://web.archive.org/web/20250915035133/https://www.dior.com/en_us/fashion/products/451V25A1761_X9000,Peplum Jacket Black Virgin Wool and Cotton Bouclé Blend | DIOR,4300.00,USD,jsonld_offer_price
dior,X9000,B_2024_2026,202510,20251005195129,https://web.archive.org/web/20251005195129/https://www.dior.com/en_us/fashion/products/244S94AM054_X9000,Sweater Black Cashmere Knit | DIOR,2600.00,USD,jsonld_offer_price
dior,X9000,B_2024_2026,202511,20251103221013,https://web.archive.org/web/20251103221013/https://www.dior.com/en_us/fashion/products/521V79A7050_X9000,Asymmetric Belted Jacket Black Silk and Cotton Faille | DIOR,4900.00,USD,jsonld_offer_price
dior,X9000,B_2024_2026,202512,20251206070555,https://web.archive.org/web/20251206070555/https://www.dior.com/en_us/fashion/products/841V30A1166_X9000,Off-The-Shoulder Jacket Black Double-Breasted Wool and Silk | DIOR,4300,USD,jsonld_offer_price
dior,X9000,B_2024_2026,202601,20260112174722,https://web.archive.org/web/20260112174722/https://www.dior.com/en_us/fashion/products/411V57P1571_X9000,Cropped Jacket Black Double-Sided Virgin Wool Bouclé | DIOR,4300.00,USD,jsonld_offer_price
dior,X9000,B_2024_2026,202602,20260219102413,https://web.archive.org/web/20260219102413/https://www.dior.com/en_us/fashion/products/354S48AM053_X9000,Tied Collar Sweater Black Cashmere Knit | DIOR,2200.00,USD,jsonld_offer_price
dior,X9000,B_2024_2026,202603,20260306140418,https://web.archive.org/web/20260306140418/https://www.dior.com/en_us/fashion/products/141R38A2790_X9000,Mid-Length Belted Dress Matte Black Cloqué Technical Fabric | DIOR,5900.00,USD,jsonld_offer_price
dior,X9000,B_2024_2026,202604,20260418064407,https://web.archive.org/web/20260418064407/https://www.dior.com/en_us/fashion/products/111R17A1166_X9000,Short Dress with CD Buttons Black Wool and Silk | DIOR,3500.00,USD,jsonld_offer_price
dior,X9000,B_2024_2026,202605,20260515023232,https://web.archive.org/web/20260515023232/https://www.dior.com/en_us/fashion/products/121P45B1166_X9000,,,,fetch_failed
dior,X0200,A_2018_2020,201905,20190522033836,https://web.archive.org/web/20190522033836/https://www.dior.com/en_us/products/couture-843T03TA428_X0200-we-should-all-be-feminists-t-shirt,,,,fetch_failed
dior,X0200,A_2018_2020,201906,20190605021848,https://web.archive.org/web/20190605021848/https://www.dior.com/en_us/products/fp-cdc/(product)/843T03TA428_X0200,"""We Should All Be Feminists"" T-shirt - Ready-to-wear - Women's Fashion | DIOR",860,USD,jsonld_offer_price
dior,X0200,A_2018_2020,201907,20190717182018,https://web.archive.org/web/20190717182018/https://www.dior.com/en_us/products/couture-844E02AM506_X0200-christian-dior-j-adior-knit-bra,"""Christian Dior J'Adior"" knit bra - Ready-to-wear - Women's Fashion | DIOR",970,USD,jsonld_offer_price
dior,X0200,A_2018_2020,201908,20190821204724,https://web.archive.org/web/20190821204724/https://www.dior.com/en_us/products/couture-841V01A1166_X0200-%E0%B9%80%E0%B8%AA%E0%B8%B7%E0%B9%89%E0%B8%AD%E0%B9%81%E0%B8%88%E0%B9%87%E0%B8%84%E0%B9%80%E0%B8%81%E0%B9%87%E0%B8%95%E0%B8%9A%E0%B8%B2%E0%B8%A3%E0%B9%8C%E0%B8%9C%E0%B9%89%E0%B8%B2%E0%B8%82%E0%B8%99%E0%B9%81%E0%B8%81%E0%B8%B0%E0%B9%81%E0%B8%A5%E0%B8%B0%E0%B8%9C%E0%B9%89%E0%B8%B2%E0%B9%84%E0%B8%AB%E0%B8%A1,Wool and silk jacket - Ready-to-wear - Women's Fashion | DIOR,4100,USD,jsonld_offer_price
dior,X0200,A_2018_2020,201909,20190921105957,https://web.archive.org/web/20190921105957/https://www.dior.com/en_us/products/couture-841V01A1166_X0200-veste-en-laine-et-soie,Wool and silk jacket - Ready-to-wear - Women's Fashion | DIOR,4100,USD,jsonld_offer_price
dior,X0200,A_2018_2020,201910,20191008134746,https://web.archive.org/web/20191008134746/https://www.dior.com/en_us/products/couture-843T03TA428_X0200-we-should-all-be-feminists-t-shirt,"""We Should All Be Feminists"" T-shirt - Ready-to-wear - Women's Fashion | DIOR",860,USD,jsonld_offer_price
dior,X0200,A_2018_2020,201911,20191111033304,https://web.archive.org/web/20191111033304/https://www.dior.com/en_us/products/couture-843T03TA428_X0200-we-should-all-be-feminists-t-shirt,"""We Should All Be Feminists"" T-shirt - Ready-to-wear - Women's Fashion | DIOR",860,USD,jsonld_offer_price
dior,X0200,A_2018_2020,201912,20191221141324,https://web.archive.org/web/20191221141324/https://www.dior.com/en_us/products/fp-cdc/(product)/844E50AM506_X0200,"""Christian Dior J'Adior"" knit briefs - Ready-to-wear - Women's Fashion | DIOR",1000,USD,jsonld_offer_price
dior,X0200,B_2024_2026,202410,20241026225518,https://web.archive.org/web/20241026225518/https://www.dior.com/en_us/fashion/products/451R72A3124_X0200_T38?,Belted Shirtdress Ecru Cotton and Silk Poplin | DIOR,4100.00,USD,jsonld_offer_price
dior,X0200,B_2024_2026,202412,20241208091449,https://web.archive.org/web/20241208091449/https://www.dior.com/en_us/fashion/products/514G14A3400_X0200,Cannage Cardigan Ecru Blended Wool and Cashmere Textured Knit | DIOR,3100.00,USD,jsonld_offer_price
dior,X0200,B_2024_2026,202501,20250125144125,https://web.archive.org/web/20250125144125/https://www.dior.com/en_us/fashion/products/454J03AM709_X0200,Flared Miniskirt Ecru Cotton- and Wool-Blend Knit | DIOR,1450.00,USD,jsonld_offer_price
dior,X0200,B_2024_2026,202502,20250215003019,https://web.archive.org/web/20250215003019/https://www.dior.com/en_us/fashion/products/143T04A4043_X0200,T-Shirt White and Navy Blue Cotton Jersey | DIOR,1100.00,USD,jsonld_offer_price
dior,X0200,B_2024_2026,202507,20250715050841,https://web.archive.org/web/20250715050841/https://www.dior.com/en_us/fashion/products/451R72A3124_X0200,Belted Shirtdress Ecru Cotton and Silk Poplin | DIOR,4100.00,USD,jsonld_offer_price
dior,X0200,B_2024_2026,202509,20250909100738,https://web.archive.org/web/20250909100738/https://www.dior.com/en_us/fashion/products/211P07A1166_X0200,Flared Pants Ecru Wool and Silk | DIOR,2600.00,USD,jsonld_offer_price
dior,X0200,B_2024_2026,202510,20251018210829,https://web.archive.org/web/20251018210829/https://www.dior.com/en_us/fashion/products/454J07AM538_X0200,Flared Miniskirt Ecru Technical Knit | DIOR,2800.00,USD,jsonld_offer_price
dior,X0200,B_2024_2026,202512,20251211115603,https://web.archive.org/web/20251211115603/https://www.dior.com/en_us/fashion/products/514G14A3400_X0200,Cannage Cardigan Ecru Blended Wool and Cashmere Textured Knit | DIOR,3200.00,USD,jsonld_offer_price
dior,X0200,B_2024_2026,202601,20260123012441,https://web.archive.org/web/20260123012441/https://www.dior.com/en_us/fashion/products/143T10A4047_X0200,,,,fetch_failed
dior,X0200,B_2024_2026,202602,20260206182940,https://web.archive.org/web/20260206182940/https://www.dior.com/en_us/fashion/products/844E02AM506_X0200,,,,fetch_failed
dior,X0200,B_2024_2026,202603,20260305105154,https://web.archive.org/web/20260305105154/https://www.dior.com/en_us/fashion/products/523T50D4086_X0200,Tank Top White Ribbed Cotton Jersey | DIOR,930.00,USD,jsonld_offer_price
dior,X0200,B_2024_2026,202604,20260411042509,https://web.archive.org/web/20260411042509/https://www.dior.com/en_us/fashion/products/323T06A4414_X0200,T-Shirt White Cotton Jersey with Signature | DIOR,1150.00,USD,jsonld_offer_price
dior,X0200,B_2024_2026,202605,20260517060927,https://web.archive.org/web/20260517060927/https://www.dior.com/en_us/fashion/products/214V44AM114_X0200,Caro Jacket Ecru Wool-Blend Fleece Knit | DIOR,2900.00,USD,jsonld_offer_price
dior,Y0685240,A_2018_2020,201905,20190502224503,https://web.archive.org/web/20190502224503/https://www.dior.com/en_us/products/beauty-y0685240-sauvage-eau-de-toilette,Sauvage Eau de Toilette: freshness with a woody trail | DIOR,95.0,USD,jsonld_offer_price
dior,Y0685240,A_2018_2020,201907,20190708220716,https://web.archive.org/web/20190708220716/https://www.dior.com/en_us/products/beauty-Y0685240-sauvage-eau-de-toilette,Sauvage Eau de Toilette: freshness with a woody trail | DIOR,95.0,USD,jsonld_offer_price
dior,Y0685240,A_2018_2020,201909,20190917113258,https://web.archive.org/web/20190917113258/https://www.dior.com/en_us/products/beauty-y0685240-sauvage-eau-de-toilette,Sauvage Eau de Toilette: freshness with a woody trail | DIOR,95.0,USD,jsonld_offer_price
dior,Y0685240,A_2018_2020,201910,20191023050148,https://web.archive.org/web/20191023050148/https://www.dior.com/en_us/products/beauty-Y0685240-sauvage-eau-de-toilette,Sauvage Eau de Toilette: freshness with a woody trail | DIOR,95.0,USD,jsonld_offer_price
dior,Y0685240,A_2018_2020,201911,20191118162703,https://web.archive.org/web/20191118162703/https://www.dior.com/en_us/products/beauty-y0685240-dior-sauvage-eaudetoilette?gclid=Cj0KEQiA4eqyBRDUh7Omv9vCtsoBEiQAspfs8gn-VT4mWPtl-fjxEOUDeO0OMSEPBkkuYnAG9wL9y-4aApol8P8HAQ,Sauvage Eau de Toilette: freshness with a woody trail | DIOR,95.0,USD,jsonld_offer_price
dior,Y0685240,A_2018_2020,201912,20191217235600,https://web.archive.org/web/20191217235600/https://www.dior.com/en_us/products/beauty-Y0685240-sauvage-eau-de-toilette,Sauvage Eau de Toilette: freshness with a woody trail | DIOR,95.0,USD,jsonld_offer_price
dior,Y0685240,A_2018_2020,202003,20200310063539,https://web.archive.org/web/20200310063539/https://www.dior.com/en_us/products/beauty-Y0685240-sauvage-eau-de-toilette,Sauvage Eau de Toilette: freshness with a woody trail | DIOR,95.0,USD,jsonld_offer_price
dior,Y0685240,B_2024_2026,202506,20250614193558,https://web.archive.org/web/20250614193558/https://www.dior.com/en_us/beauty/products/sauvage-eau-de-toilette-Y0685240.html,Sauvage Eau de Toilette: Best-Selling Men's Fragrance | Dior US US,,,no_price_found
dior,Y0685240,B_2024_2026,202508,20250820191909,https://web.archive.org/web/20250820191909/https://www.dior.com/en_us/beauty/products/sauvage-eau-de-toilette-Y0685240.html,Sauvage Eau de Toilette: Best-Selling Men's Fragrance | Dior US US,,,no_price_found
dior,Y0685240,B_2024_2026,202509,20250925181158,https://web.archive.org/web/20250925181158/https://www.dior.com/en_us/beauty/products/sauvage-eau-de-toilette-Y0685240.html,,,,no_price_found
dior,Y0685240,B_2024_2026,202510,20251017153427,https://web.archive.org/web/20251017153427/https://www.dior.com/en_us/beauty/products/sauvage-eau-de-toilette-Y0685240.html,,,,no_price_found
dior,Y0685240,B_2024_2026,202511,20251121154520,https://web.archive.org/web/20251121154520/https://www.dior.com/en_us/beauty/products/sauvage-eau-de-toilette-Y0685240.html,Sauvage Eau de Toilette: Best-Selling Men's Fragrance | Dior US US,135,USD,jsonld_offer_price
dior,Y0685240,B_2024_2026,202601,20260107153123,https://web.archive.org/web/20260107153123/https://www.dior.com/en_us/beauty/products/sauvage-eau-de-toilette-Y0685240.html,,,,no_price_found
dior,Y0685240,B_2024_2026,202603,20260331170928,https://web.archive.org/web/20260331170928/https://www.dior.com/en_us/beauty/products/sauvage-eau-de-toilette-Y0685240.html,,,,fetch_failed
dior,X9330,A_2018_2020,201905,20190529033450,https://web.archive.org/web/20190529033450/https://www.dior.com/en_us/products/couture-844S36AM016_X9330-cashmere-jumper,,,,fetch_failed
dior,X9330,A_2018_2020,201907,20190719055407,https://web.archive.org/web/20190719055407/https://www.dior.com/en_us/products/couture-941P27A1140_X9330-wool-houndstooth-cropped-pants,Wool houndstooth cropped pants - Ready-to-wear - Women's Fashion | DIOR,1800,USD,jsonld_offer_price
dior,X9330,A_2018_2020,201908,20190819205358,https://web.archive.org/web/20190819205358/https://www.dior.com/en_us/products/couture-844S36AM016_X9330-%E0%B8%88%E0%B8%B1%E0%B8%A1%E0%B9%80%E0%B8%9B%E0%B8%AD%E0%B8%A3%E0%B9%8C%E0%B8%9C%E0%B9%89%E0%B8%B2%E0%B9%81%E0%B8%84%E0%B8%8A%E0%B9%80%E0%B8%A1%E0%B8%B5%E0%B8%A2%E0%B8%A3%E0%B9%8C,Cashmere jumper - Ready-to-wear - Women's Fashion | DIOR,1650,USD,jsonld_offer_price
dior,X9330,A_2018_2020,201909,20190916085824,https://web.archive.org/web/20190916085824/https://www.dior.com/en_us/products/couture-924S55AM009_X9330-j-adior-8-cashmere-sweater,"""J'Adior 8"" cashmere sweater - Ready-to-wear - Women's Fashion | DIOR",2200,USD,jsonld_offer_price
dior,X9330,A_2018_2020,201910,20191014041253,https://web.archive.org/web/20191014041253/https://www.dior.com/en_us/products/couture-844S92AM009_X9330-j-adior-8-cashmere-sweater,"""J'Adior 8"" cashmere sweater - Ready-to-wear - Women's Fashion | DIOR",3700,USD,jsonld_offer_price
dior,X9330,A_2018_2020,201911,20191122031849,https://web.archive.org/web/20191122031849/https://www.dior.com/en_us/products/couture-014S55AM035_X9330-houndstooth-fantaisie-30-montaigne-jacquard-knit-sweater,Houndstooth Fantaisie 30 Montaigne Jacquard Knit Sweater - Ready-to-wear - Women's Fashion | DIOR,2150,USD,jsonld_offer_price
dior,X9330,A_2018_2020,201912,20191213214803,https://web.archive.org/web/20191213214803/https://www.dior.com/en_us/products/couture-017C10A2856_X9330-anorak-30-montaigne-a-motif-pied-de-poule,Houndstooth Fantaisie 30 Montaigne Anorak - Ready-to-wear - Women's Fashion | DIOR,2900,USD,jsonld_offer_price
dior,X9330,A_2018_2020,202001,20200110175812,https://web.archive.org/web/20200110175812/https://www.dior.com/en_us/products/fp-cdc/(product)/951J50A8974_X9330,Pleated skirt in tulle with check motif - Ready-to-wear - Women's Fashion | DIOR,4950,USD,jsonld_offer_price
dior,X9330,A_2018_2020,202003,20200309233252,https://web.archive.org/web/20200309233252/https://www.dior.com/en_us/products/couture-017C10A2856_X9330-houndstooth-fantaisie-30-montaigne-anorak,Houndstooth Fantaisie 30 Montaigne Anorak - Ready-to-wear - Women's Fashion | DIOR,2900,USD,jsonld_offer_price
dior,X9330,B_2024_2026,202412,20241210150323,https://web.archive.org/web/20241210150323/https://www.dior.com/en_us/fashion/products/354W05AM324_X9330,Twinset Black and White Houndstooth Technical Cotton Knit | DIOR,2350.00,USD,jsonld_offer_price
dior,X9330,B_2024_2026,202501,20250122223352,https://web.archive.org/web/20250122223352/https://www.dior.com/en_us/fashion/products/354W05AM324_X9330,,,,no_price_found
dior,X9330,B_2024_2026,202502,20250209113343,https://web.archive.org/web/20250209113343/https://www.dior.com/en_us/fashion/products/354W05AM324_X9330,Twinset Black and White Houndstooth Technical Cotton Knit | DIOR,2350.00,USD,jsonld_offer_price
dior,X9330,B_2024_2026,202504,20250408130713,https://web.archive.org/web/20250408130713/https://www.dior.com/en_us/fashion/products/511V22A1186_X9330_T40?&wiz_campaign=21582555079&wiz_medium=search_cpc&wiz_source=google&wiz_term=&gad_source=1&gclid=CjwKCAiA5pq-BhBuEiwAvkzVZdnzklHMmUYs0AGJJ_i5QbXiwetNS2lji61sjbElAjpeMLT6-3RL-RoCGLQQAvD_BwE&gclsrc=aw.ds,Belted Jacket with Removable Scarf Gray Virgin Wool Tweed | DIOR,5500.00,USD,jsonld_offer_price
dior,X9330,B_2024_2026,202512,20251211192106,https://web.archive.org/web/20251211192106/https://www.dior.com/en_us/fashion/products/454V12AM328_X9330,Jacket Black Wool-Blend Heathered Textured Knit | DIOR,2900.00,USD,jsonld_offer_price
dior,X9330,B_2024_2026,202601,20260124153504,https://web.archive.org/web/20260124153504/https://www.dior.com/en_us/fashion/products/251V01A1258_X9330,30 Montaigne Bar Jacket Black and White Single-Breasted Houndstooth Virgin Wool Blend | DIOR,4400.00,USD,jsonld_offer_price
dior,X9330,B_2024_2026,202604,20260415100948,https://web.archive.org/web/20260415100948/https://www.dior.com/en_us/fashion/products/354W05AM324_X9330,Twinset Black and White Houndstooth Technical Cotton Knit | DIOR,2900.00,USD,jsonld_offer_price
dior,Y0012000,A_2018_2020,201904,20190402095538,https://web.archive.org/web/20190402095538/https://www.dior.com/en_us/products/beauty-Y0012000-dior-backstage-eye-palette-multi-finish-high-pigment-prime-shade-highlight-line,Dior Backstage Eye Palette - Makeup - Woman | DIOR,49.0,USD,jsonld_offer_price
dior,Y0012000,A_2018_2020,201905,20190530065822,https://web.archive.org/web/20190530065822/https://www.dior.com/en_us/products/beauty-Y0012000-dior-backstage-eye-palette-multi-finish-high-pigment-prime-shade-highlight-line,Dior Backstage Eye Palette - Dior Backstage - Makeup | DIOR,49.0,USD,jsonld_offer_price
dior,Y0012000,A_2018_2020,201909,20190918013738,https://web.archive.org/web/20190918013738/https://www.dior.com/en_us/products/fp-pcd/(product)/Y0012000?a_aid=5cb726f9de536,Dior Backstage Eye Palette - Dior Backstage - Makeup | DIOR,49.0,USD,jsonld_offer_price
dior,Y0012000,A_2018_2020,201910,20191014080750,https://web.archive.org/web/20191014080750/https://www.dior.com/en_us/products/beauty-y0012000-eyeshadows-multi-finish-high-pigment-prime-shade-highlight-line,Dior Backstage Eye Palette - Eyes - Makeup | DIOR,49.0,USD,jsonld_offer_price
dior,Y0012000,A_2018_2020,201911,20191117225420,https://web.archive.org/web/20191117225420/https://www.dior.com/en_us/products/beauty-y0012000-eyes-multi-finish-high-pigment-prime-shade-highlight-line,Dior Backstage Eye Palette - Eyes - Makeup | DIOR,49.0,USD,jsonld_offer_price
dior,Y0012000,A_2018_2020,202002,20200208013852,https://web.archive.org/web/20200208013852/https://www.dior.com/en_us/products/beauty-Y0012000-dior-backstage-eye-palette-multi-finish-high-pigment-prime-shade-highlight-line,Dior Backstage Eye Palette - Eyes - Makeup | DIOR,49.0,USD,jsonld_offer_price
dior,Y0012000,B_2024_2026,202412,20241203141800,https://web.archive.org/web/20241203141800/https://www.dior.com/en_us/beauty/products/dior-backstage-eye-palette-Y0012000.html,Dior Backstage Eye Palette: Multi-Use Eye Makeup Palette | Dior US,52.00,USD,jsonld_offer_price
dior,Y0012000,B_2024_2026,202502,20250227183405,https://web.archive.org/web/20250227183405/https://www.dior.com/en_us/beauty/products/dior-backstage-eye-palette-Y0012000.html,,,,no_price_found
dior,Y0012000,B_2024_2026,202504,20250429224421,https://web.archive.org/web/20250429224421/https://www.dior.com/en_us/beauty/products/dior-backstage-eye-palette-Y0012000.html,,,,fetch_failed
dior,Y0012000,B_2024_2026,202505,20250529141918,https://web.archive.org/web/20250529141918/https://www.dior.com/en_us/beauty/products/dior-backstage-eye-palette-Y0012000.html,,,,fetch_failed
dior,Y0012000,B_2024_2026,202507,20250725152831,https://web.archive.org/web/20250725152831/https://www.dior.com/en_us/beauty/products/dior-backstage-eye-palette-Y0012000.html,,,,no_price_found
dior,Y0012000,B_2024_2026,202508,20250821080107,https://web.archive.org/web/20250821080107/https://www.dior.com/en_us/beauty/products/dior-backstage-eye-palette-Y0012000.html,,,,no_price_found
dior,Y0012000,B_2024_2026,202510,20251019200628,https://web.archive.org/web/20251019200628/https://www.dior.com/en_us/beauty/products/dior-backstage-eye-palette-Y0012000.html,Dior Backstage Eye Palette: Multi-Use Eye Makeup Palette | Dior US,55,USD,jsonld_offer_price
dior,Y0012000,B_2024_2026,202511,20251114005050,https://web.archive.org/web/20251114005050/https://www.dior.com/en_us/beauty/products/dior-backstage-eye-palette-Y0012000.html,,,,no_price_found
dior,Y0012000,B_2024_2026,202512,20251207010751,https://web.archive.org/web/20251207010751/https://www.dior.com/en_us/beauty/products/dior-backstage-eye-palette-Y0012000.html,,,,no_price_found
dior,Y0012000,B_2024_2026,202603,20260315114803,https://web.archive.org/web/20260315114803/https://www.dior.com/en_us/beauty/products/dior-backstage-eye-palette-Y0012000.html,Dior Backstage Eye Palette: Multi-Use Eye Makeup Palette | Dior US,55,USD,jsonld_offer_price
dior,X0100,A_2018_2020,201905,20190515234304,https://web.archive.org/web/20190515234304/https://www.dior.com/en_us/products/couture-841B41A3356_X0100-cotton-poplin-blouse,Cotton poplin blouse - Ready-to-wear - Women's Fashion | DIOR,1300,USD,jsonld_offer_price
dior,X0100,A_2018_2020,201907,20190728183603,https://web.archive.org/web/20190728183603/https://www.dior.com/en_us/products/couture-841B53A3356_X0100-cotton-blouse,Cotton Blouse - Ready-to-wear - Women's Fashion | DIOR,1650,USD,jsonld_offer_price
dior,X0100,A_2018_2020,201908,20190823011243,https://web.archive.org/web/20190823011243/https://www.dior.com/en_us/products/couture-841B41A3356_X0100-cotton-poplin-blouse,Cotton poplin blouse - Ready-to-wear - Women's Fashion | DIOR,1300,USD,jsonld_offer_price
dior,X0100,A_2018_2020,201909,20190919045900,https://web.archive.org/web/20190919045900/https://www.dior.com/en_us/products/couture-841B41A3356_X0100-cotton-poplin-blouse,Cotton poplin blouse - Ready-to-wear - Women's Fashion | DIOR,1300,USD,jsonld_offer_price
dior,X0100,A_2018_2020,201911,20191117205658,https://web.archive.org/web/20191117205658/https://www.dior.com/en_us/products/couture-011B13A3356_X0100-blouse-blanche-sans-manches-en-soie,White Silk Sleeveless Blouse - Ready-to-wear - Women's Fashion | DIOR,1550,USD,jsonld_offer_price
dior,X0100,A_2018_2020,201912,20191215001534,https://web.archive.org/web/20191215001534/https://www.dior.com/en_us/products/couture-011B13A3356_X0100-blouse-blanche-sans-manches-en-soie,White Silk Sleeveless Blouse - Ready-to-wear - Women's Fashion | DIOR,1550,USD,jsonld_offer_price
dior,X0100,B_2024_2026,202507,20250718145108,https://web.archive.org/web/20250718145108/https://www.dior.com/en_us/fashion/products/351B07A3356_X0100,Blouse with Puff Sleeves White Cotton Poplin | DIOR,2150.00,USD,jsonld_offer_price
dior,X0100,B_2024_2026,202512,20251222002637,https://web.archive.org/web/20251222002637/https://www.dior.com/en_us/fashion/products/421B76A3356_X0100-asymmetric-shirt-white-cotton-poplin,,,,no_price_found
dior,X0100,B_2024_2026,202601,20260124125543,https://web.archive.org/web/20260124125543/https://www.dior.com/en_us/fashion/products/041B27A3356_X0100,Blouse White Cotton | DIOR,1650.00,USD,jsonld_offer_price
dior,X0100,B_2024_2026,202602,20260213035108,https://web.archive.org/web/20260213035108/https://www.dior.com/en_us/fashion/products/111B61A3356_X0100,Cropped Button-Up Blouse White Cotton Poplin | DIOR,1350.00,USD,jsonld_offer_price
dior,X0100,B_2024_2026,202603,20260308141515,https://web.archive.org/web/20260308141515/https://www.dior.com/en_us/fashion/products/222P04A3525_X0100,"Dior 8 Flared Jeans, D04 White Cotton Denim | DIOR",1700.00,USD,jsonld_offer_price
dior,X0100,B_2024_2026,202604,20260414001018,https://web.archive.org/web/20260414001018/https://www.dior.com/en_us/fashion/products/841B41A3356_X0100,Sleeveless Blouse with Plastron White Cotton Poplin | DIOR,1350.00,USD,jsonld_offer_price
dior,X0100,B_2024_2026,202605,20260513215917,https://web.archive.org/web/20260513215917/https://www.dior.com/en_us/fashion/products/441B14A3356_X0100,Blouse White Cotton Poplin | DIOR,2100.00,USD,jsonld_offer_price
dior,B0961ADRCO,A_2018_2020,201904,20190403111547,https://web.archive.org/web/20190403111547/https://www.dior.com/en_us/products/couture-B0961ADRCO_D658_TU-set-of-christian-dior-j%E2%80%99adior-bracelets,Dior,,,no_price_found
dior,B0961ADRCO,A_2018_2020,201905,20190529024524,https://web.archive.org/web/20190529024524/https://www.dior.com/en_us/products/couture-B0961ADRCO_D650_TU-set-of-christian-dior-j%E2%80%99adior-bracelets,Set of Christian Dior J’Adior bracelets - Fashion Jewelry - Women's Fashion | DIOR,390,USD,jsonld_offer_price
dior,B0961ADRCO,A_2018_2020,201906,20190603072755,https://web.archive.org/web/20190603072755/https://www.dior.com/en_us/products/couture-B0961ADRCO_D066_TU-set-of-christian-dior-j-adior-bracelets,Set of Christian Dior J'Adior bracelets - Fashion Jewelry - Women's Fashion | DIOR,420,USD,jsonld_offer_price
dior,B0961ADRCO,A_2018_2020,201907,20190716223124,https://web.archive.org/web/20190716223124/https://www.dior.com/en_us/products/couture-B0961ADRCO_D112_TU-set-of-christian-dior-j-adior-bracelets,Set of Christian Dior J'Adior bracelets - Fashion Jewelry - Women's Fashion | DIOR,420,USD,jsonld_offer_price
dior,B0961ADRCO,A_2018_2020,201908,20190820134048,https://web.archive.org/web/20190820134048/https://www.dior.com/en_us/products/couture-B0961ADRCO_D112_TU-set-of-christian-dior-j-adior-bracelets,Set of Christian Dior J'Adior bracelets - Fashion Jewelry - Women's Fashion | DIOR,420,USD,jsonld_offer_price
dior,B0961ADRCO,A_2018_2020,201909,20190919170852,https://web.archive.org/web/20190919170852/https://www.dior.com/en_us/products/couture-B0961ADRCO_D112_TU-set-of-christian-dior-j-adior-bracelets,,,,fetch_failed
dior,B0961ADRCO,A_2018_2020,201910,20191023060918,https://web.archive.org/web/20191023060918/https://www.dior.com/en_us/products/couture-B0961ADRCO_D650_TU-set-of-christian-dior-j%E2%80%99adior-bracelets,,,,fetch_failed
dior,B0961ADRCO,A_2018_2020,201911,20191119025645,https://web.archive.org/web/20191119025645/https://www.dior.com/en_us/products/couture-B0961ADRCO_D650-set-of-christian-dior-j-u-2019-adior-bracelets,Set of Christian Dior J’Adior bracelets - Fashion Jewelry - Women's Fashion | DIOR,420,USD,jsonld_offer_price
dior,B0961ADRCO,A_2018_2020,201912,20191208232857,https://web.archive.org/web/20191208232857/https://www.dior.com/en_us/products/couture-B0961ADRCO_D304-set-of-christian-dior-j-adior-bracelets,Set of Christian Dior J'Adior bracelets - Fashion Jewelry - Women's Fashion | DIOR,420,USD,jsonld_offer_price
dior,B0961ADRCO,A_2018_2020,202002,20200203013331,https://web.archive.org/web/20200203013331/https://www.dior.com/en_us/products/couture-B0961ADRCO_D810_TU-burgundy-and-pink-%E2%80%98j-adior%E2%80%99-cotton-bracelet-set,Burgundy and Pink ‘J'Adior’ Cotton Bracelet Set - Fashion Jewelry - Women's Fashion | DIOR,420,USD,jsonld_offer_price
dior,B0961ADRCO,A_2018_2020,202003,20200305101839,https://web.archive.org/web/20200305101839/https://www.dior.com/en_us/products/couture-B0961ADRCO_D811-emerald-and-caramel-%E2%80%98j-adior%E2%80%99-cotton-bracelet-set,Emerald and Caramel ‘J'Adior’ Cotton Bracelet Set - Fashion Jewelry - Women's Fashion | DIOR,420,USD,jsonld_offer_price
dior,B0961ADRCO,B_2024_2026,202412,20241208103017,https://web.archive.org/web/20241208103017/https://www.dior.com/en_us/fashion/products/B0961ADRCO_D22W,Christian Dior Bracelet Set Gold-Tone and White Dior Oblique Cotton | DIOR,420.00,USD,jsonld_offer_price
dior,B0961ADRCO,B_2024_2026,202502,20250214153533,https://web.archive.org/web/20250214153533/https://www.dior.com/en_us/fashion/products/B0961ADRCO_D49P,Christian Dior Bracelet Set Rose des Vents Dior Oblique Cotton | DIOR,420.00,USD,jsonld_offer_price
dior,B0961ADRCO,B_2024_2026,202505,20250529133432,https://web.archive.org/web/20250529133432/https://www.dior.com/en_us/fashion/products/B0961ADRCO_D650_TU?&wiz_campaign=21582555079&wiz_medium=search_cpc&wiz_source=google&wiz_term=&gad_source=1&gbraid=0AAAAADuWcR3DLvZRysSSw0TmQmkvPfeqr,,,,no_price_found
dior,B0961ADRCO,B_2024_2026,202510,20251010102045,https://web.archive.org/web/20251010102045/https://www.dior.com/en_us/fashion/products/B0961ADRCO_D650,Christian Dior Bracelet Set Navy Blue Dior Oblique Cotton | DIOR,430.00,USD,jsonld_offer_price
dior,B0961ADRCO,B_2024_2026,202603,20260315181233,https://web.archive.org/web/20260315181233/https://www.dior.com/en_us/fashion/products/B0961ADRCO_D13G,Christian Dior Bracelet Set Gray Dior Oblique Cotton | DIOR,440.00,USD,jsonld_offer_price
dior,B0961ADRCO,B_2024_2026,202604,20260410170741,https://web.archive.org/web/20260410170741/https://www.dior.com/en_us/fashion/products/B0961ADRCO_D49P,Christian Dior Bracelet Set Rose des Vents Dior Oblique Cotton | DIOR,440.00,USD,jsonld_offer_price
dior,Y0998004,A_2018_2020,201908,20190831181314,https://web.archive.org/web/20190831181314/https://www.dior.com/en_us/products/beauty-Y0998004-sauvage-parfum,"Sauvage Parfum: a smoldering, wild fragrance trail | DIOR",150.0,USD,jsonld_offer_price
dior,Y0998004,A_2018_2020,201909,20190917111509,https://web.archive.org/web/20190917111509/https://www.dior.com/en_us/products/beauty-y0998004-sauvage-parfum,"Sauvage Parfum: a smoldering, wild fragrance trail | DIOR",150.0,USD,jsonld_offer_price
dior,Y0998004,A_2018_2020,201910,20191017030724,https://web.archive.org/web/20191017030724/https://www.dior.com/en_us/products/fp-pcd/(product)/Y0998004,"Sauvage Parfum: a smoldering, wild fragrance trail | DIOR",150.0,USD,jsonld_offer_price
dior,Y0998004,A_2018_2020,201911,20191115140258,https://web.archive.org/web/20191115140258/https://www.dior.com/en_us/products/beauty-Y0998004-sauvage-parfum,"Sauvage Parfum: a smoldering, wild fragrance trail | DIOR",150.0,USD,jsonld_offer_price
dior,Y0998004,A_2018_2020,201912,20191212171908,https://web.archive.org/web/20191212171908/https://www.dior.com/en_us/products/beauty-Y0998004-sauvage-parfum,,,,fetch_failed
dior,Y0998004,A_2018_2020,202002,20200206212104,https://web.archive.org/web/20200206212104/https://www.dior.com/en_us/products/fp-pcd/(product)/Y0998004,,,,fetch_failed
dior,Y0998004,B_2024_2026,202506,20250622195625,https://web.archive.org/web/20250622195625/https://www.dior.com/en_us/beauty/products/sauvage-parfum-Y0998004.html,,,,no_price_found
dior,Y0998004,B_2024_2026,202508,20250807004243,https://web.archive.org/web/20250807004243/https://www.dior.com/en_us/beauty/products/sauvage-parfum-Y0998004.html,Sauvage Parfum: Refillable Citrus and Woody Fragrance | Dior US,,,no_price_found
dior,Y0998004,B_2024_2026,202509,20250912045045,https://web.archive.org/web/20250912045045/https://www.dior.com/en_us/beauty/products/sauvage-parfum-Y0998004.html,,,,no_price_found
dior,Y0998004,B_2024_2026,202510,20251017001646,https://web.archive.org/web/20251017001646/https://www.dior.com/en_us/beauty/products/sauvage-parfum-Y0998004.html,,,,no_price_found
dior,Y0998004,B_2024_2026,202603,20260315073327,https://web.archive.org/web/20260315073327/https://www.dior.com/en_us/beauty/products/sauvage-parfum-Y0998004.html,Sauvage Parfum: Refillable Citrus and Woody Fragrance | Dior US,110,USD,jsonld_offer_price
dior,Y0998004,B_2024_2026,202609,20260918081735,https://web.archive.org/web/20260918081735/https://www.dior.com/en_us/beauty/products/sauvage-parfum-Y0998004.html,Sauvage Parfum: Refillable Citrus and Woody Fragrance | Dior US,115,USD,jsonld_offer_price
dior,Y0998004,B_2024_2026,202610,20261003125133,https://web.archive.org/web/20261003125133/https://www.dior.com/en_us/beauty/products/sauvage-parfum-Y0998004.html,,,,no_price_found
dior,Y0742427,A_2018_2020,201904,20190428123038,https://web.archive.org/web/20190428123038/https://www.dior.com/en_us/products/beauty-y0742427-the-fragrances-fragrance,Jasmin Des Anges Fragrance - products | DIOR,220.0,USD,jsonld_offer_price
dior,Y0742427,A_2018_2020,201906,20190616113839,https://web.archive.org/web/20190616113839/https://www.dior.com/en_us/products/beauty-Y0742427-jasmin-des-anges-fragrance,Jasmin Des Anges Fragrance - Maison Christian Dior Perfumes - Men's Fragrance | DIOR,220.0,USD,jsonld_offer_price
dior,Y0742427,A_2018_2020,201908,20190825201858,https://web.archive.org/web/20190825201858/https://www.dior.com/en_us/products/beauty-Y0742427-jasmin-des-anges,Jasmin Des Anges Fragrance - Maison Christian Dior Perfumes - Men's Fragrance | DIOR,220.0,USD,jsonld_offer_price
dior,Y0742427,A_2018_2020,201910,20191018084408,https://web.archive.org/web/20191018084408/https://www.dior.com/en_us/products/beauty-Y0742427-jasmin-des-anges-fragrance,Jasmin Des Anges Fragrance - Maison Christian Dior Perfumes - Men's Fragrance | DIOR,220.0,USD,jsonld_offer_price
dior,Y0742427,A_2018_2020,201912,20191209140504,https://web.archive.org/web/20191209140504/https://www.dior.com/en_us/products/beauty-y0742427-the-fragrances-fragrance,,,,fetch_failed
dior,Y0742427,B_2024_2026,202501,20250112033518,https://web.archive.org/web/20250112033518/https://www.dior.com/en_us/beauty/products/jasmin-des-anges-Y0742427.html?utm_source=Future+Publishing+Ltd+2294204&utm_medium=affiliate&utm_content=&utm_campaign=always_on_rakuten&ranMID=47916&ranEAID=kXQk6*ivFEQ&ranSiteID=kXQk6.ivFEQ-p1fkpENwd1k2ORYlOe5guA,,,,fetch_failed
dior,Y0742427,B_2024_2026,202502,20250202105704,https://web.archive.org/web/20250202105704/https://www.dior.com/en_us/beauty/products/jasmin-des-anges-Y0742427.html,,,,no_price_found
dior,Y0742427,B_2024_2026,202503,20250329184340,https://web.archive.org/web/20250329184340/https://www.dior.com/en_us/beauty/products/jasmin-des-anges-Y0742427.html,,,,no_price_found
dior,Y0742427,B_2024_2026,202504,20250405173702,https://web.archive.org/web/20250405173702/https://www.dior.com/en_us/beauty/products/jasmin-des-anges-Y0742427.html,,,,no_price_found
dior,Y0742427,B_2024_2026,202507,20250717085934,https://web.archive.org/web/20250717085934/https://www.dior.com/en_us/beauty/products/jasmin-des-anges-Y0742427.html?ranMID=43935&ranEAID=TnL5HPStwNw&ranSiteID=TnL5HPStwNw-9Zeldfv9br3mGJJ2RkyziQ,,,,fetch_failed
dior,Y0742427,B_2024_2026,202508,20250804111103,https://web.archive.org/web/20250804111103/https://www.dior.com/en_us/beauty/products/jasmin-des-anges-Y0742427.html,,,,fetch_failed
dior,Y0742427,B_2024_2026,202509,20250901223758,https://web.archive.org/web/20250901223758/https://www.dior.com/en_us/beauty/products/jasmin-des-anges-Y0742427.html,Jasmin des Anges: Eau de Parfum with Fruity Floral Notes | DIOR US,,,no_price_found
dior,Y0742427,B_2024_2026,202510,20251024075511,https://web.archive.org/web/20251024075511/https://www.dior.com/en_us/beauty/products/jasmin-des-anges-Y0742427.html,,,,no_price_found
dior,Y0742427,B_2024_2026,202511,20251115142518,https://web.archive.org/web/20251115142518/https://www.dior.com/en_us/beauty/products/jasmin-des-anges-Y0742427.html?utm_source=Future+Publishing+Ltd+2294204&utm_medium=affiliate&utm_content=&utm_campaign=always_on_rakuten&ranMID=47916&ranEAID=kXQk6*ivFEQ&ranSiteID=kXQk6.ivFEQ-yROpA2rAYbckoHymzIcGHw,Jasmin des Anges: Eau de Parfum with Fruity Floral Notes | DIOR US,220,USD,jsonld_offer_price
dior,Y0742427,B_2024_2026,202604,20260425142624,https://web.archive.org/web/20260425142624/https://www.dior.com/en_us/beauty/products/jasmin-des-anges-Y0742427.html,,,,no_price_found
dior,Y0742427,B_2024_2026,202605,20260521053802,https://web.archive.org/web/20260521053802/https://www.dior.com/en_us/beauty/products/jasmin-des-anges-Y0742427.html,Jasmin des Anges: Eau de Parfum with Fruity Floral Notes | DIOR US,231,USD,jsonld_offer_price
dior,Y0909280,A_2018_2020,201905,20190502174334,https://web.archive.org/web/20190502174334/https://www.dior.com/en_us/products/beauty-y0909280-the-fragrances-fragrance,,,,fetch_failed
dior,Y0909280,A_2018_2020,201906,20190603094201,https://web.archive.org/web/20190603094201/https://www.dior.com/en_us/products/beauty-Y0909280-oud-ispahan-fragrance,Oud Ispahan Fragrance - products | DIOR,220.0,USD,jsonld_offer_price
dior,Y0909280,A_2018_2020,201907,20190719140612,https://web.archive.org/web/20190719140612/https://www.dior.com/en_us/products/fp-pcd/(product)/Y0909280,Oud Ispahan Fragrance - Maison Christian Dior Perfumes - Men's Fragrance | DIOR,220.0,USD,jsonld_offer_price
dior,Y0909280,A_2018_2020,201910,20191015034408,https://web.archive.org/web/20191015034408/https://www.dior.com/en_us/products/beauty-y0909280-the-fragrances-fragrance,Oud Ispahan Fragrance - Maison Christian Dior Perfumes - Men's Fragrance | DIOR,220.0,USD,jsonld_offer_price
dior,Y0909280,A_2018_2020,201912,20191214215324,https://web.archive.org/web/20191214215324/https://www.dior.com/en_us/products/beauty-Y0909280-oud-ispahan-fragrance,Oud Ispahan Fragrance - Maison Christian Dior Perfumes - Men's Fragrance | DIOR,220.0,USD,jsonld_offer_price
dior,Y0909280,B_2024_2026,202410,20241024030747,https://web.archive.org/web/20241024030747/https://www.dior.com/en_us/beauty/products/oud-ispahan-Y0909280.html,Oud Ispahan: warm genderless perfume with a floral signature | Dior US,165.00,USD,jsonld_offer_price
dior,Y0909280,B_2024_2026,202411,20241104233156,https://web.archive.org/web/20241104233156/https://www.dior.com/en_us/beauty/products/oud-ispahan-Y0909280.html?u1=marieclaireus-us-3535818688365276491,Oud Ispahan: warm genderless perfume with a floral signature | Dior US,165.00,USD,jsonld_offer_price
dior,Y0909280,B_2024_2026,202501,20250121091413,https://web.archive.org/web/20250121091413/https://www.dior.com/en_us/beauty/products/oud-ispahan-Y0909280.html,,,,no_price_found
dior,Y0909280,B_2024_2026,202502,20250202105702,https://web.archive.org/web/20250202105702/https://www.dior.com/en_us/beauty/products/oud-ispahan-Y0909280.html,,,,no_price_found
dior,Y0909280,B_2024_2026,202503,20250329184324,https://web.archive.org/web/20250329184324/https://www.dior.com/en_us/beauty/products/oud-ispahan-Y0909280.html,,,,no_price_found
dior,Y0909280,B_2024_2026,202504,20250405173702,https://web.archive.org/web/20250405173702/https://www.dior.com/en_us/beauty/products/oud-ispahan-Y0909280.html,,,,no_price_found
dior,Y0909280,B_2024_2026,202507,20250727133434,https://web.archive.org/web/20250727133434/https://www.dior.com/en_us/beauty/products/oud-ispahan-Y0909280.html?ranMID=43935&ranEAID=MZ9491VLjxM&ranSiteID=MZ9491VLjxM-IaSqkeY02l1D9CR7Xtk_Eg,Oud Ispahan: warm genderless perfume with a floral signature | Dior US,,,no_price_found
dior,Y0909280,B_2024_2026,202508,20250804111103,https://web.archive.org/web/20250804111103/https://www.dior.com/en_us/beauty/products/oud-ispahan-Y0909280.html,,,,no_price_found
dior,Y0909280,B_2024_2026,202509,20250901225106,https://web.archive.org/web/20250901225106/https://www.dior.com/en_us/beauty/products/oud-ispahan-Y0909280.html?utm_source=google&utm_medium=cpc&utm_campaign=PCD_PC_USA_ALL_UNI_LCP_OGOING_EC_TXT_GGL_CRD_ENG_USD_MXMT_BRA&gclsrc=aw.ds&gad_source=1&gad_campaignid=6966195836&gbraid=0AAAAADyjeu3RT7fS1gccMmLyFaAa5GKXo&gclid=CjwKCAjwtrXFBhBiEiwAEKen1xrs-2yst1HcZaiYZ1UdNYKaP6SE-Iyl02gxpMESddmD6TA_p0OWuRoCu5sQAvD_BwE&utm_source=Future+Publishing+Ltd+2294204&utm_medium=affiliate&utm_content=&utm_campaign=always_on_rakuten&ranMID=43935&ranEAID=kXQk6*ivFEQ&ranSiteID=kXQk6.ivFEQ-D1X58Evf.iHOz.UWBpRCsQ,Oud Ispahan: warm genderless perfume with a floral signature | Dior US,,,no_price_found
dior,Y0909280,B_2024_2026,202511,20251119041407,https://web.archive.org/web/20251119041407/https://www.dior.com/en_us/beauty/products/oud-ispahan-Y0909280.html,Oud Ispahan: warm genderless perfume with a floral signature | Dior US,465,USD,jsonld_offer_price
dior,Y0909280,B_2024_2026,202512,20251208034409,https://web.archive.org/web/20251208034409/https://www.dior.com/en_us/beauty/products/oud-ispahan-Y0909280.html?ranSiteID=8yaPBDQV8ls-93qOWJfT5SzlWBJLqrZv_w&utm_source=ShopMy+3704027&utm_medium=affiliate&utm_content=&utm_campaign=always_on_rakuten&ranMID=43935&ranEAID=8yaPBDQV8ls,,,,no_price_found
dior,Y0909280,B_2024_2026,202601,20260121211228,https://web.archive.org/web/20260121211228/https://www.dior.com/en_us/beauty/products/oud-ispahan-Y0909280.html,Oud Ispahan: warm genderless perfume with a floral signature | Dior US,465,USD,jsonld_offer_price
dior,Y0909280,B_2024_2026,202602,20260203081054,https://web.archive.org/web/20260203081054/https://www.dior.com/en_us/beauty/products/oud-ispahan-Y0909280.html,,,,no_price_found
dior,Y0909280,B_2024_2026,202605,20260505120819,https://web.archive.org/web/20260505120819/https://www.dior.com/en_us/beauty/products/oud-ispahan-Y0909280.html,,,,no_price_found
dior,Y0909280,B_2024_2026,202609,20260906024035,https://web.archive.org/web/20260906024035/https://www.dior.com/en_us/beauty/products/oud-ispahan-Y0909280.html,,,,no_price_found
dior,Y0909280,B_2024_2026,202610,20261003171751,https://web.archive.org/web/20261003171751/https://www.dior.com/en_us/beauty/products/oud-ispahan-Y0909280.html,,,,no_price_found
dior,S0074OVRB,A_2018_2020,201904,20190409051237,https://web.archive.org/web/20190409051237/https://www.dior.com/en_us/products/couture-S0074OVRB_M46P_TU-lady-dior-calfskin-card-holder,Dior,,,no_price_found
dior,S0074OVRB,A_2018_2020,201906,20190604122935,https://web.archive.org/web/20190604122935/https://www.dior.com/en_us/products/fp-cdc/(product)/S0074OVRB_M900_TU,,,,fetch_failed
dior,S0074OVRB,A_2018_2020,201907,20190703051143,https://web.archive.org/web/20190703051143/https://www.dior.com/en_us/products/couture-S0074OVRB_M85B_TU-lady-dior-card-holder-in-blue-calfskin,,,,fetch_failed
dior,S0074OVRB,A_2018_2020,201908,20190819115720,https://web.archive.org/web/20190819115720/https://www.dior.com/en_us/products/couture-S0074OVRB_M900-lady-dior-calfskin-card-holder,Lady Dior calfskin card holder - Bags - Women's Fashion | DIOR,350,USD,jsonld_offer_price
dior,S0074OVRB,A_2018_2020,201909,20190916145311,https://web.archive.org/web/20190916145311/https://www.dior.com/en_us/products/couture-S0074OVRB_M900_TU-lady-dior-calfskin-card-holder,Lady Dior calfskin card holder - Bags - Women's Fashion | DIOR,350,USD,jsonld_offer_price
dior,S0074OVRB,A_2018_2020,201910,20191013230852,https://web.archive.org/web/20191013230852/https://www.dior.com/en_us/products/couture-S0074OVRB_M90B_TU-lady-dior-calfskin-card-holder,Lady Dior calfskin card holder - Bags - Women's Fashion | DIOR,350,USD,jsonld_offer_price
dior,S0074OVRB,A_2018_2020,201911,20191121213546,https://web.archive.org/web/20191121213546/https://www.dior.com/en_us/products/couture-S0074OVRB_M33O_TU-porte-cartes-a-goussets-lady-dior-cannage-en-cuir-verni-rouge-indien,Small Indian Red Lady Dior Cannage Patent Calfskin 5-Pocket Card Holder - products | DIOR,350,USD,jsonld_offer_price
dior,S0074OVRB,A_2018_2020,201912,20191207235848,https://web.archive.org/web/20191207235848/https://www.dior.com/en_us/products/couture-S0074OVRB_M33O_TU-small-indian-red-lady-dior-cannage-patent-calfskin-5-pocket-card-holder,Small Indian Red Lady Dior Cannage Patent Calfskin 5-Pocket Card Holder - products | DIOR,350,USD,jsonld_offer_price
dior,S0074OVRB,B_2024_2026,202412,20241211234642,https://web.archive.org/web/20241211234642/https://www.dior.com/en_us/fashion/products/S0074OVRB_M81B,,,,no_price_found
dior,S0074OVRB,B_2024_2026,202502,20250226143744,https://web.archive.org/web/20250226143744/https://www.dior.com/en_us/fashion/products/S0074OVRB_M81B,,,,no_price_found
dior,S0074OVRB,B_2024_2026,202601,20260123191814,https://web.archive.org/web/20260123191814/https://www.dior.com/en_us/fashion/products/S0074OVRB_M900,Lady Dior Jasmine Card Holder Black Patent Cannage Calfskin | DIOR,550.00,USD,jsonld_offer_price
dior,S0074OVRB,B_2024_2026,202602,20260213040349,https://web.archive.org/web/20260213040349/https://www.dior.com/en_us/fashion/products/S0074OVRB_M116,Lady Dior Jasmine Card Holder Sand-Colored Patent Cannage Calfskin | DIOR,550.00,USD,jsonld_offer_price
dior,S0074OVRB,B_2024_2026,202603,20260307064644,https://web.archive.org/web/20260307064644/https://www.dior.com/en_us/fashion/products/S0074OVRB_M323,Lady Dior Jasmine Card Holder Cherry Red Patent Cannage Calfskin | DIOR,550.00,USD,jsonld_offer_price
dior,Y0105000,A_2018_2020,201907,20190713023313,https://web.archive.org/web/20190713023313/https://www.dior.com/en_us/products/beauty-Y0105000-dior-backstage-face-body-primer-professional-performance-instant-radiant-blurring-plumping-effect-mattifying-24h-hydration*,"Face & Body Primer: universal primer with a radiance-enhancing, plumping and blurring effect | DIOR",36.0,USD,jsonld_offer_price
dior,Y0105000,A_2018_2020,201908,20190822123237,https://web.archive.org/web/20190822123237/https://www.dior.com/en_us/products/beauty-y0105000-complexion-professional-performance-instant-radiant-blurring-plumping-effect-mattifying-24h-hydration*,"Face & Body Primer: universal primer with a radiance-enhancing, plumping and blurring effect | DIOR",36.0,USD,jsonld_offer_price
dior,Y0105000,A_2018_2020,201909,20190919122339,https://web.archive.org/web/20190919122339/https://www.dior.com/en_us/products/fp-pcd/(product)/Y0105000?a_aid=5cb726f9de536,"Face & Body Primer: universal primer with a radiance-enhancing, plumping and blurring effect | DIOR",36.0,USD,jsonld_offer_price
dior,Y0105000,A_2018_2020,201910,20191021121918,https://web.archive.org/web/20191021121918/https://www.dior.com/en_us/products/beauty-Y0105000-dior-backstage-face-body-primer-professional-performance-instant-radiant-blurring-plumping-effect-24h-hydration,"Face & Body Primer: universal primer with a radiance-enhancing, plumping and blurring effect | DIOR",36.0,USD,jsonld_offer_price
dior,Y0105000,A_2018_2020,201912,20191215023643,https://web.archive.org/web/20191215023643/https://www.dior.com/en_us/products/beauty-Y0105000-dior-backstage-face-body-primer-professional-performance-instant-radiant-blurring-plumping-effect-24h-hydration,"Face & Body Primer: universal primer with a radiance-enhancing, plumping and blurring effect | DIOR",36.0,USD,jsonld_offer_price
dior,Y0105000,B_2024_2026,202412,20241206163738,https://web.archive.org/web/20241206163738/https://www.dior.com/en_us/beauty/products/dior-backstage-face-and-body-primer-Y0105000.html,,,,no_price_found
dior,Y0105000,B_2024_2026,202501,20250118134245,https://web.archive.org/web/20250118134245/https://www.dior.com/en_us/beauty/products/dior-backstage-face-and-body-primer-Y0105000.html,,,,no_price_found
dior,Y0105000,B_2024_2026,202503,20250326015617,https://web.archive.org/web/20250326015617/https://www.dior.com/en_us/beauty/products/dior-backstage-face-and-body-primer-Y0105000.html,,,,no_price_found
dior,Y0105000,B_2024_2026,202505,20250530035941,https://web.archive.org/web/20250530035941/https://www.dior.com/en_us/beauty/products/dior-backstage-face-and-body-primer-Y0105000.html,,,,fetch_failed
dior,Y0105000,B_2024_2026,202509,20250923015033,https://web.archive.org/web/20250923015033/https://www.dior.com/en_us/beauty/products/dior-backstage-face-and-body-primer-Y0105000.html,,,,fetch_failed
dior,Y0105000,B_2024_2026,202512,20251219150632,https://web.archive.org/web/20251219150632/https://www.dior.com/en_us/beauty/products/dior-backstage-face-and-body-primer-Y0105000.html,Dior Backstage Face & Body Blurring Primer | Dior US US,38,USD,jsonld_offer_price
dior,Y0097001,A_2018_2020,201905,20190502151955,https://web.archive.org/web/20190502151955/https://www.dior.com/en_us/products/beauty-y0097001-eau-sauvage-eau-de-toilette,Eau Sauvage Eau de toilette - Men's Fragrance - Men's Fragrance | DIOR,95.0,USD,jsonld_offer_price
dior,Y0097001,A_2018_2020,201906,20190614115918,https://web.archive.org/web/20190614115918/https://www.dior.com/en_us/products/beauty-Y0097001-eau-de-toilette,Eau Sauvage Eau de toilette - Men's Fragrance - Men's Fragrance | DIOR,95.0,USD,jsonld_offer_price
dior,Y0097001,A_2018_2020,201907,20190708220555,https://web.archive.org/web/20190708220555/https://www.dior.com/en_us/products/beauty-Y0097001-eau-sauvage-eau-de-toilette,Eau Sauvage Eau de toilette - Men's Fragrance - Men's Fragrance | DIOR,95.0,USD,jsonld_offer_price
dior,Y0097001,A_2018_2020,201910,20191014235420,https://web.archive.org/web/20191014235420/https://www.dior.com/en_us/products/beauty-Y0097001-eau-sauvage-eau-de-toilette,Eau Sauvage Eau de toilette - Men's Fragrance - Men's Fragrance | DIOR,95.0,USD,jsonld_offer_price
dior,Y0097001,B_2024_2026,202412,20241205014348,https://web.archive.org/web/20241205014348/https://www.dior.com/en_us/beauty/products/eau-sauvage-eau-de-toilette-Y0097001.html,Eau Sauvage Eau de Toilette: Citrusy and Floral Notes | Dior US,130.00,USD,jsonld_offer_price
dior,Y0097001,B_2024_2026,202501,20250102051629,https://web.archive.org/web/20250102051629/https://www.dior.com/en_us/beauty/products/eau-sauvage-eau-de-toilette-Y0097001.html?utm_source=Future+Publishing+Ltd+2294204&utm_medium=affiliate&utm_content=https%3A%2F%2Fwww.marieclaire.com%2Fbeauty%2Fbest-light-perfumes%2F&utm_campaign=always_on_rakuten&ranMID=47916&ranEAID=kXQk6*ivFEQ&ranSiteID=kXQk6.ivFEQ-oFdkYEzKWrl7F_cEuJrsLQ,,,,fetch_failed
dior,Y0097001,B_2024_2026,202502,20250225003338,https://web.archive.org/web/20250225003338/https://www.dior.com/en_us/beauty/products/eau-sauvage-eau-de-toilette-Y0097001.html,,,,fetch_failed
dior,Y0097001,B_2024_2026,202509,20250925181217,https://web.archive.org/web/20250925181217/https://www.dior.com/en_us/beauty/products/eau-sauvage-eau-de-toilette-Y0097001.html,,,,no_price_found
dior,Y0097001,B_2024_2026,202510,20251021193035,https://web.archive.org/web/20251021193035/https://www.dior.com/en_us/beauty/products/eau-sauvage-eau-de-toilette-Y0097001.html,,,,no_price_found
dior,Y0097001,B_2024_2026,202601,20260107153136,https://web.archive.org/web/20260107153136/https://www.dior.com/en_us/beauty/products/eau-sauvage-eau-de-toilette-Y0097001.html,Eau Sauvage Eau de Toilette: Citrusy and Floral Notes | Dior US,112,USD,jsonld_offer_price
dior,Y0697150,A_2018_2020,201905,20190502155116,https://web.archive.org/web/20190502155116/https://www.dior.com/en_us/products/beauty-y0697150-mascaras-buildable-volume-lash-extension-effect,,,,fetch_failed
dior,Y0697150,A_2018_2020,201910,20191022234636,https://web.archive.org/web/20191022234636/https://www.dior.com/en_us/products/beauty-Y0697150-diorshow-waterproof-buildable-volum-lash-extension-effect,,,,fetch_failed
dior,Y0697150,A_2018_2020,201911,20191117225547,https://web.archive.org/web/20191117225547/https://www.dior.com/en_us/products/beauty-y0697150-mascaras-buildable-volume-lash-extension-effect,Diorshow Waterproof - Eyes - Makeup | DIOR,29.5,USD,jsonld_offer_price
dior,Y0697150,A_2018_2020,201912,20191214061304,https://web.archive.org/web/20191214061304/https://www.dior.com/en_us/products/beauty-Y0697150-diorshow-waterproof-buildable-volum-lash-extension-effect,Diorshow Waterproof - Eyes - Makeup | DIOR,29.5,USD,jsonld_offer_price
dior,Y0697150,B_2024_2026,202502,20250212230650,https://web.archive.org/web/20250212230650/https://www.dior.com/en_us/beauty/products/diorshow-waterproof-Y0697150.html,,,,no_price_found
dior,Y0697150,B_2024_2026,202506,20250611070640,https://web.archive.org/web/20250611070640/https://www.dior.com/en_us/beauty/products/diorshow-waterproof-Y0697150.html,,,,no_price_found
dior,Y0697150,B_2024_2026,202507,20250714131554,https://web.archive.org/web/20250714131554/https://www.dior.com/en_us/beauty/products/diorshow-waterproof-Y0697150.html,Diorshow Lash Extension Volume Waterproof Mascara | DIOR US US,35.00,USD,jsonld_offer_price
dior,Y0697150,B_2024_2026,202510,20251006192938,https://web.archive.org/web/20251006192938/https://www.dior.com/en_us/beauty/products/diorshow-waterproof-Y0697150.html,,,,fetch_failed
dior,Y0697150,B_2024_2026,202602,20260205075413,https://web.archive.org/web/20260205075413/https://www.dior.com/en_us/beauty/products/diorshow-waterproof-Y0697150.html,,,,fetch_failed
dior,Y0785220,A_2018_2020,201905,20190502100729,https://web.archive.org/web/20190502100729/https://www.dior.com/en_us/products/beauty-y0785220-sauvage-eau-de-parfum,Sauvage Eau de Parfum: an intense and smooth trail | DIOR,95.0,USD,jsonld_offer_price
dior,Y0785220,A_2018_2020,201906,20190605165049,https://web.archive.org/web/20190605165049/https://www.dior.com/en_us/products/beauty-Y0785220-sauvage-eau-de-parfum,Sauvage Eau de Parfum: an intense and smooth trail | DIOR,95.0,USD,jsonld_offer_price
dior,Y0785220,A_2018_2020,201908,20190825181305,https://web.archive.org/web/20190825181305/https://www.dior.com/en_us/products/beauty-Y0785220-sauvage?query=sauvage%20edJOY%20by%20Dior,Sauvage Eau de Parfum: an intense and smooth trail | DIOR,120.0,USD,jsonld_offer_price
dior,Y0785220,A_2018_2020,201912,20191225005339,https://web.archive.org/web/20191225005339/https://www.dior.com/en_us/products/beauty-Y0785220-sauvage-eau-de-parfum,Sauvage Eau de Parfum: an intense and smooth trail | DIOR,95.0,USD,jsonld_offer_price
dior,Y0785220,B_2024_2026,202502,20250215173851,https://web.archive.org/web/20250215173851/https://www.dior.com/en_us/beauty/products/sauvage-eau-de-parfum-Y0785220.html,,,,no_price_found
dior,Y0785220,B_2024_2026,202503,20250316195157,https://web.archive.org/web/20250316195157/https://www.dior.com/en_us/beauty/products/sauvage-eau-de-parfum-Y0785220.html?ranMID=43935&ranEAID=TnL5HPStwNw&ranSiteID=TnL5HPStwNw-VrQTepfb6mA7404rBFfEKA,,,,fetch_failed
dior,Y0785220,B_2024_2026,202509,20250908065631,https://web.archive.org/web/20250908065631/https://www.dior.com/en_us/beauty/products/sauvage-eau-de-parfum-Y0785220.html,,,,fetch_failed
dior,Y0785220,B_2024_2026,202510,20251017024239,https://web.archive.org/web/20251017024239/https://www.dior.com/en_us/beauty/products/sauvage-eau-de-parfum-Y0785220.html,,,,no_price_found
dior,Y0785220,B_2024_2026,202511,20251105185704,https://web.archive.org/web/20251105185704/https://www.dior.com/en_us/beauty/products/sauvage-eau-de-parfum-Y0785220.html,,,,no_price_found
dior,Y0785220,B_2024_2026,202610,20261003125133,https://web.archive.org/web/20261003125133/https://www.dior.com/en_us/beauty/products/sauvage-eau-de-parfum-Y0785220.html,,,,no_price_found
dior,Y0958160,A_2018_2020,201905,20190502035120,https://web.archive.org/web/20190502035120/https://www.dior.com/en_us/products/beauty-y0958160-the-fragrances-fragrance,Ambre Nuit Fragrance - products | DIOR,220.0,USD,jsonld_offer_price
dior,Y0958160,A_2018_2020,201906,20190605165057,https://web.archive.org/web/20190605165057/https://www.dior.com/en_us/products/beauty-Y0958160-ambre-nuit-fragrance,Ambre Nuit Fragrance - Maison Christian Dior Perfumes - Men's Fragrance | DIOR,220.0,USD,jsonld_offer_price
dior,Y0958160,A_2018_2020,201910,20191021151404,https://web.archive.org/web/20191021151404/https://www.dior.com/en_us/products/beauty-Y0958160-ambre-nuit-fragrance,,,,fetch_failed
dior,Y0958160,A_2018_2020,201912,20191203230012,https://web.archive.org/web/20191203230012/https://www.dior.com/en_us/products/beauty-Y0958160-ambre-nuit,,,,fetch_failed
dior,Y0958160,B_2024_2026,202410,20241027171949,https://web.archive.org/web/20241027171949/https://www.dior.com/en_us/beauty/products/ambre-nuit-Y0958160.html?utm_source=Skimlinks.com+2116208&utm_medium=affiliate&utm_content=&utm_campaign=always_on_rakuten&ranMID=43935&ranEAID=TnL5HPStwNw&ranSiteID=TnL5HPStwNw-bgAjigd4Akp56LSyBwzxQA,Ambre Nuit Dior perfume: the unisex amber floral fragrance | Dior US,165.00,USD,jsonld_offer_price
dior,Y0958160,B_2024_2026,202502,20250202105704,https://web.archive.org/web/20250202105704/https://www.dior.com/en_us/beauty/products/ambre-nuit-Y0958160.html,,,,no_price_found
dior,Y0958160,B_2024_2026,202503,20250329184339,https://web.archive.org/web/20250329184339/https://www.dior.com/en_us/beauty/products/ambre-nuit-Y0958160.html,,,,no_price_found
dior,Y0958160,B_2024_2026,202504,20250405173702,https://web.archive.org/web/20250405173702/https://www.dior.com/en_us/beauty/products/ambre-nuit-Y0958160.html,,,,no_price_found
dior,Y0958160,B_2024_2026,202508,20250804111103,https://web.archive.org/web/20250804111103/https://www.dior.com/en_us/beauty/products/ambre-nuit-Y0958160.html,,,,no_price_found
dior,Y0958160,B_2024_2026,202509,20250926222011,https://web.archive.org/web/20250926222011/https://www.dior.com/en_us/beauty/products/ambre-nuit-Y0958160.html?utm_source=google&utm_medium=cpc&utm_campaign=PCD_PC_USA_ALL_UNI_LCP_OGOING_EC_TXT_GGL_CRD_ENG_USD_MXMT_BRA&gclsrc=aw.ds&gad_source=1&gad_campaignid=6966195836&gbraid=0AAAAADyjeu3qWKEWPpxcRW4nrkVTnT1A5&gclid=Cj0KCQjw_rPGBhCbARIsABjq9ceIMu5k_d1zXMwDaG33vM8GdeFk1x5ePemJSF_oVZs8l75CJYhJHhkaAts7EALw_wcB&utm_source=Future+Publishing+Ltd+2294204&utm_medium=affiliate&utm_content=&utm_campaign=always_on_rakuten&ranMID=43935&ranEAID=kXQk6*ivFEQ&ranSiteID=kXQk6.ivFEQ-.c_l5T6dG36bQGhFqNqKcg,,,,fetch_failed
dior,Y0958160,B_2024_2026,202512,20251204010058,https://web.archive.org/web/20251204010058/https://www.dior.com/en_us/beauty/products/ambre-nuit-Y0958160.html?ranMID=43935&ranEAID=0c5b5rpoqTU&ranSiteID=0c5b5rpoqTU-X62CVH3smbgryi8BnbfOJA,Ambre Nuit Dior perfume: the unisex amber floral fragrance | Dior US,330,USD,jsonld_offer_price
dior,Y0958160,B_2024_2026,202601,20260128183107,https://web.archive.org/web/20260128183107/https://www.dior.com/en_us/beauty/products/ambre-nuit-Y0958160.html,,,,fetch_failed
dior,Y0958160,B_2024_2026,202602,20260210000333,https://web.archive.org/web/20260210000333/https://www.dior.com/en_us/beauty/products/ambre-nuit-Y0958160.html,,,,fetch_failed
dior,Y0958160,B_2024_2026,202609,20260922232644,https://web.archive.org/web/20260922232644/https://www.dior.com/en_us/beauty/products/ambre-nuit-Y0958160.html,,,,no_price_found
dior,Y0958160,B_2024_2026,202610,20261001013843,https://web.archive.org/web/20261001013843/https://www.dior.com/en_us/beauty/products/ambre-nuit-Y0958160.html,,,,no_price_found
dior,Y0959160,A_2018_2020,201904,20190411080659,https://web.archive.org/web/20190411080659/https://www.dior.com/en_us/products/beauty-Y0959160-bois-dargent-fragrance,Bois D'argent Fragrance - products | DIOR,220.0,USD,jsonld_offer_price
dior,Y0959160,A_2018_2020,201905,20190502100722,https://web.archive.org/web/20190502100722/https://www.dior.com/en_us/products/beauty-y0959160-the-fragrances-fragrance,Bois D'argent Fragrance - Maison Christian Dior Perfumes - Men's Fragrance | DIOR,220.0,USD,jsonld_offer_price
dior,Y0959160,A_2018_2020,201910,20191018090852,https://web.archive.org/web/20191018090852/https://www.dior.com/en_us/products/beauty-Y0959160-bois-dargent-fragrance,Bois D'argent Fragrance - Maison Christian Dior Perfumes - Men's Fragrance | DIOR,220.0,USD,jsonld_offer_price
dior,Y0959160,A_2018_2020,201911,20191124130611,https://web.archive.org/web/20191124130611/https://www.dior.com/en_us/products/beauty-y0959160-la-collection-privee-christian-dior-boisdargent,Bois D'argent Fragrance - Maison Christian Dior Perfumes - Men's Fragrance | DIOR,220.0,USD,jsonld_offer_price
dior,Y0959160,B_2024_2026,202412,20241203062317,https://web.archive.org/web/20241203062317/https://www.dior.com/en_us/beauty/products/bois-dargent-Y0959160.html,Bois d'Argent: The unisex balance of feminine-masculine energy | Dior US,330.00,USD,jsonld_offer_price
dior,Y0959160,B_2024_2026,202501,20250119135331,https://web.archive.org/web/20250119135331/https://www.dior.com/en_us/beauty/products/bois-dargent-Y0959160.html,,,,no_price_found
dior,Y0959160,B_2024_2026,202509,20250926212348,https://web.archive.org/web/20250926212348/https://www.dior.com/en_us/beauty/products/bois-dargent-Y0959160.html?utm_source=google&utm_medium=cpc&utm_campaign=PCD_PC_USA_ALL_UNI_LCP_OGOING_EC_TXT_GGL_CRD_ENG_USD_MXMT_BRA&gclsrc=aw.ds&gad_source=1&gad_campaignid=6966195836&gbraid=0AAAAADyjeu3qWKEWPpxcRW4nrkVTnT1A5&gclid=Cj0KCQjw_rPGBhCbARIsABjq9cfiy27EHjLU4yRT3il9ljFUNDk7iSB7mQejO-ibJCDc39P2fZ85p_caAt1uEALw_wcB&utm_source=Future+Publishing+Ltd+2294204&utm_medium=affiliate&utm_content=&utm_campaign=always_on_rakuten&ranMID=43935&ranEAID=kXQk6*ivFEQ&ranSiteID=kXQk6.ivFEQ-oW.t_n.7U1TNAEyBPoU43w,,,,fetch_failed
dior,Y0959160,B_2024_2026,202510,20251011034918,https://web.archive.org/web/20251011034918/https://www.dior.com/en_us/beauty/products/bois-dargent-Y0959160.html,,,,fetch_failed
dior,Y0959160,B_2024_2026,202511,20251111220717,https://web.archive.org/web/20251111220717/https://www.dior.com/en_us/beauty/products/bois-dargent-Y0959160.html,Bois d'Argent: The unisex balance of feminine-masculine energy | Dior US,465,USD,jsonld_offer_price
dior,Y0959160,B_2024_2026,202512,20251203235433,https://web.archive.org/web/20251203235433/https://www.dior.com/en_us/beauty/products/bois-dargent-Y0959160.html?ranMID=43935&ranEAID=0c5b5rpoqTU&ranSiteID=0c5b5rpoqTU-HPXnbESmdWM2v1R5qnF1fA,Bois d'Argent: The unisex balance of feminine-masculine energy | Dior US,465,USD,jsonld_offer_price
dior,Y0959160,B_2024_2026,202603,20260310051512,https://web.archive.org/web/20260310051512/https://www.dior.com/en_us/beauty/products/bois-dargent-Y0959160.html,Bois d'Argent: The unisex balance of feminine-masculine energy | Dior US,495,USD,jsonld_offer_price
dior,Y0959160,B_2024_2026,202609,20260908022655,https://web.archive.org/web/20260908022655/https://www.dior.com/en_us/beauty/products/bois-dargent-Y0959160.html,,,,no_price_found
dior,Y0996026,A_2018_2020,201904,20190412103514,https://web.archive.org/web/20190412103514/https://www.dior.com/en_us/products/beauty-Y0996026-dior-backstage-retractable-lip-brush-n%C2%B0-31-retractable-lip-brush-n%C2%B0-31,Dior Backstage Retractable Lip Brush N° 31 - Lips - Makeup | DIOR,25.0,USD,jsonld_offer_price
dior,Y0996026,A_2018_2020,201905,20190502114205,https://web.archive.org/web/20190502114205/https://www.dior.com/en_us/products/beauty-y0996026-accessories-and-brushes-retractable-lip-brush-n%C2%B0-31,Dior Backstage Retractable Lip Brush N° 31 - Lips - Makeup | DIOR,25.0,USD,jsonld_offer_price
dior,Y0996026,A_2018_2020,201910,20191014212735,https://web.archive.org/web/20191014212735/https://www.dior.com/en_us/products/beauty-Y0996026-dior-backstage-retractable-lip-brush-n%C2%B0-31-retractable-lip-brush-n%C2%B0-31,Dior Backstage Retractable Lip Brush N° 31 - Lips - Makeup | DIOR,25.0,USD,jsonld_offer_price
dior,Y0996026,A_2018_2020,201911,20191114203259,https://web.archive.org/web/20191114203259/https://www.dior.com/en_us/products/beauty-Y0996026-dior-backstage-retractable-lip-brush-n%C2%B0-31-dior-backstage-retractable-lip-brush-n%C2%B031,Dior Backstage Retractable Lip Brush N° 31 - Lips - Makeup | DIOR,25.0,USD,jsonld_offer_price
dior,Y0996026,A_2018_2020,201912,20191209174947,https://web.archive.org/web/20191209174947/https://www.dior.com/en_us/products/beauty-Y0996026-dior-backstage-retractable-lip-brush-n%C2%B0-31-dior-backstage-retractable-lip-brush-n%C2%B031,Dior Backstage Retractable Lip Brush N° 31 - Lips - Makeup | DIOR,25.0,USD,jsonld_offer_price
dior,Y0996026,B_2024_2026,202505,20250526004854,https://web.archive.org/web/20250526004854/https://www.dior.com/en_us/beauty/products/dior-backstage-retractable-lip-brush-n%C2%B0%C2%A031-Y0996026.html,,,,no_price_found
dior,Y0996026,B_2024_2026,202507,20250701162008,https://web.archive.org/web/20250701162008/https://www.dior.com/en_us/beauty/products/dior-backstage-retractable-lip-brush-n%C2%B0%C2%A031-Y0996026.html,,,,fetch_failed
dior,Y0996026,B_2024_2026,202509,20250917030536,https://web.archive.org/web/20250917030536/https://www.dior.com/en_us/beauty/products/dior-backstage-retractable-lip-brush-n%C2%B0%C2%A031-Y0996026.html,,,,fetch_failed
dior,Y0996026,B_2024_2026,202510,20251017215741,https://web.archive.org/web/20251017215741/https://www.dior.com/en_us/beauty/products/dior-backstage-retractable-lip-brush-n%C2%B0%C2%A031-Y0996026.html,,,,no_price_found
dior,S0204OVRB,A_2018_2020,201905,20190525230520,https://web.archive.org/web/20190525230520/https://www.dior.com/en_us/products/fp-cdc/(product)/S0204OVRB_M900_TU,Lady Dior calfskin clutch - Bags - Women's Fashion | DIOR,1550,USD,jsonld_offer_price
dior,S0204OVRB,A_2018_2020,201906,20190616163633,https://web.archive.org/web/20190616163633/https://www.dior.com/en_us/products/couture-S0204OVRB_M900_TU-lady-dior-calfskin-clutch,Lady Dior calfskin clutch - Bags - Women's Fashion | DIOR,1550,USD,jsonld_offer_price
dior,S0204OVRB,A_2018_2020,201907,20190717182441,https://web.archive.org/web/20190717182441/https://www.dior.com/en_us/products/couture-S0204OVRB_M85B_TU-lady-dior-clutch-in-blue-calfskin,Lady Dior clutch in blue calfskin - Bags - Women's Fashion | DIOR,1550,USD,jsonld_offer_price
dior,S0204OVRB,A_2018_2020,201908,20190823112046,https://web.archive.org/web/20190823112046/https://www.dior.com/en_us/products/couture-S0204OVRB_M85B_TU-lady-dior-clutch-in-blue-calfskin,Lady Dior clutch in blue calfskin - Bags - Women's Fashion | DIOR,1550,USD,jsonld_offer_price
dior,S0204OVRB,A_2018_2020,201909,20190915181851,https://web.archive.org/web/20190915181851/https://www.dior.com/en_us/products/couture-S0204OVRB_M85B_TU-lady-dior-%E0%B8%81%E0%B8%A3%E0%B8%B0%E0%B9%80%E0%B8%9B%E0%B9%8B%E0%B8%B2%E0%B8%84%E0%B8%A5%E0%B8%B1%E0%B8%97%E0%B8%8A%E0%B9%8C%E0%B8%AB%E0%B8%99%E0%B8%B1%E0%B8%87%E0%B8%A5%E0%B8%B9%E0%B8%81%E0%B8%A7%E0%B8%B1%E0%B8%A7%E0%B8%AA%E0%B8%B5%E0%B8%99%E0%B9%89%E0%B8%B3%E0%B9%80%E0%B8%87%E0%B8%B4%E0%B8%99,Lady Dior clutch in blue calfskin - Bags - Women's Fashion | DIOR,1550,USD,jsonld_offer_price
dior,S0204OVRB,A_2018_2020,201910,20191018010520,https://web.archive.org/web/20191018010520/https://www.dior.com/en_us/products/couture-S0204OVRB_M900-lady-dior-%E0%B8%81%E0%B8%A3%E0%B8%B0%E0%B9%80%E0%B8%9B%E0%B9%8B%E0%B8%B2%E0%B8%84%E0%B8%A5%E0%B8%B1%E0%B8%97%E0%B8%8A%E0%B9%8C%E0%B8%AB%E0%B8%99%E0%B8%B1%E0%B8%87%E0%B8%A5%E0%B8%B9%E0%B8%81%E0%B8%A7%E0%B8%B1%E0%B8%A7,Lady Dior calfskin clutch - Bags - Women's Fashion | DIOR,1550,USD,jsonld_offer_price
dior,S0204OVRB,A_2018_2020,201911,20191115053945,https://web.archive.org/web/20191115053945/https://www.dior.com/en_us/products/couture-S0204OVRB_M33O_TU-indian-red-lady-dior-cannage-patent-calfskin-chain-pouch,Indian Red Lady Dior Cannage Patent Calfskin Chain Pouch - Bags - Women's Fashion | DIOR,1550,USD,jsonld_offer_price
dior,S0204OVRB,A_2018_2020,201912,20191207235026,https://web.archive.org/web/20191207235026/https://www.dior.com/en_us/products/couture-S0204OVRB_M33O_TU-indian-red-lady-dior-cannage-patent-calfskin-chain-pouch,Indian Red Lady Dior Cannage Patent Calfskin Chain Pouch - Bags - Women's Fashion | DIOR,1550,USD,jsonld_offer_price
dior,S0204OVRB,B_2024_2026,202412,20241207184353,https://web.archive.org/web/20241207184353/https://www.dior.com/en_us/fashion/products/S0204OVRB_M323?objectID=S0204OVRB_M323&query=Patent+leather&queryID=0200e22f7e42f619354dfc351a20f65e,,,,no_price_found
dior,S0204OVRB,B_2024_2026,202502,20250217002831,https://web.archive.org/web/20250217002831/https://www.dior.com/en_us/fashion/products/S0204OVRB_M323,Lady Dior Pouch with Chain Cherry Red Patent Cannage Calfskin | DIOR,2400.00,USD,jsonld_offer_price
dior,S0204OVRB,B_2024_2026,202602,20260211031339,https://web.archive.org/web/20260211031339/https://www.dior.com/en_us/fashion/products/S0204OVRB_M900,Lady Dior Pouch Black Patent Cannage Calfskin | DIOR,2450.00,USD,jsonld_offer_price
dior,S0204OVRB,B_2024_2026,202605,20260510144118,https://web.archive.org/web/20260510144118/https://www.dior.com/en_us/fashion/products/S0204OVRB_M323,Lady Dior Pouch with Chain Cherry Red Patent Cannage Calfskin | DIOR,2500.00,USD,jsonld_offer_price
dior,Y0715201,A_2018_2020,201901,20190106204235,https://web.archive.org/web/20190106204235/https://www.dior.com/en_us/products/beauty-Y0715201-jadore-eau-de-parfum,J'adore Eau de parfum - Fragrance - Woman | DIOR,,,no_price_found
dior,Y0715201,A_2018_2020,201905,20190502224524,https://web.archive.org/web/20190502224524/https://www.dior.com/en_us/products/beauty-y0715201-jadore-eau-de-parfum,J'adore Eau de parfum - Women's Fragrance - Men's Fragrance | DIOR,130.0,USD,jsonld_offer_price
dior,Y0715201,A_2018_2020,201907,20190709182130,https://web.archive.org/web/20190709182130/https://www.dior.com/en_us/products/beauty-y0715201-jadore-eau-de-parfum,J'adore Eau de parfum - Women's Fragrance - Men's Fragrance | DIOR,130.0,USD,jsonld_offer_price
dior,Y0715201,A_2018_2020,201908,20190817131634,https://web.archive.org/web/20190817131634/https://www.dior.com/en_us/products/beauty-y0715201-jadore-eau-de-parfum,J'adore Eau de parfum - Women's Fragrance - Men's Fragrance | DIOR,130.0,USD,jsonld_offer_price
dior,Y0715201,A_2018_2020,201909,20190917190435,https://web.archive.org/web/20190917190435/https://www.dior.com/en_us/products/beauty-Y0715201-jadore-eau-de-parfum,J'adore Eau de parfum - Women's Fragrance - Men's Fragrance | DIOR,130.0,USD,jsonld_offer_price
dior,Y0715201,A_2018_2020,201910,20191003012159,https://web.archive.org/web/20191003012159/https://www.dior.com/en_us/products/beauty-Y0715201-jadore-eau-de-parfum,J'adore Eau de parfum - Women's Fragrance - Men's Fragrance | DIOR,130.0,USD,jsonld_offer_price
dior,Y0715201,A_2018_2020,201911,20191115134827,https://web.archive.org/web/20191115134827/https://www.dior.com/en_us/products/fp-pcd/(product)/y0715201,J'adore Eau de parfum - Women's Fragrance - Men's Fragrance | DIOR,130.0,USD,jsonld_offer_price
dior,Y0715201,B_2024_2026,202412,20241202181200,https://web.archive.org/web/20241202181200/https://www.dior.com/en_us/beauty/products/jadore-eau-de-parfum-Y0715201.html,"J'Adore Eau De Parfum - Classic, Iconic Perfume | Dior US",172.00,USD,jsonld_offer_price
dior,Y0715201,B_2024_2026,202501,20250113212245,https://web.archive.org/web/20250113212245/https://www.dior.com/en_us/beauty/products/jadore-eau-de-parfum-Y0715201.html,,,,no_price_found
dior,Y0715201,B_2024_2026,202502,20250218115323,https://web.archive.org/web/20250218115323/https://www.dior.com/en_us/beauty/products/jadore-eau-de-parfum-Y0715201.html,"J'Adore Eau De Parfum - Classic, Iconic Perfume | Dior US",172.00,USD,jsonld_offer_price
dior,Y0063401,A_2018_2020,201905,20190527192131,https://web.archive.org/web/20190527192131/https://www.dior.com/en_us/products/beauty-Y0063401-hypnotic-poison-eau-de-toilette,Hypnotic Poison Roller-Pearl: the new fragrance gesture | DIOR,102.0,USD,jsonld_offer_price
dior,Y0063401,A_2018_2020,201910,20191014230452,https://web.archive.org/web/20191014230452/https://www.dior.com/en_us/products/beauty-Y0063401-hypnotic-poison-eau-de-toilette,Hypnotic Poison Roller-Pearl: the new fragrance gesture | DIOR,102.0,USD,jsonld_offer_price
dior,Y0063401,A_2018_2020,201912,20191212163334,https://web.archive.org/web/20191212163334/https://www.dior.com/en_us/products/beauty-y0063401-poison-eau-de-toilette,Hypnotic Poison Roller-Pearl: the new fragrance gesture | DIOR,102.0,USD,jsonld_offer_price
dior,Y0063401,B_2024_2026,202501,20250119075758,https://web.archive.org/web/20250119075758/https://www.dior.com/en_us/beauty/products/hypnotic-poison-eau-de-toilette-Y0063401.html,Dior Hypnotic Poison: Vanilla Sensual Eau de Toilette | Dior US,145.00,USD,jsonld_offer_price
dior,Y0063401,B_2024_2026,202502,20250209182420,https://web.archive.org/web/20250209182420/https://www.dior.com/en_us/beauty/products/hypnotic-poison-eau-de-toilette-Y0063401.html,Dior Hypnotic Poison: Vanilla Sensual Eau de Toilette | Dior US,145.00,USD,jsonld_offer_price
dior,Y0063401,B_2024_2026,202508,20250815165059,https://web.archive.org/web/20250815165059/https://www.dior.com/en_us/beauty/products/hypnotic-poison-eau-de-toilette-Y0063401.html,Dior Hypnotic Poison: Vanilla Sensual Eau de Toilette | Dior US,,,no_price_found
dior,Y0063401,B_2024_2026,202510,20251030172701,https://web.archive.org/web/20251030172701/https://www.dior.com/en_us/beauty/products/hypnotic-poison-eau-de-toilette-Y0063401.html,,,,no_price_found
dior,Y0063401,B_2024_2026,202512,20251220100354,https://web.archive.org/web/20251220100354/https://www.dior.com/en_us/beauty/products/hypnotic-poison-eau-de-toilette-Y0063401.html,,,,no_price_found
dior,Y0063401,B_2024_2026,202604,20260420192550,https://web.archive.org/web/20260420192550/https://www.dior.com/en_us/beauty/products/hypnotic-poison-eau-de-toilette-Y0063401.html,,,,fetch_failed
dior,Y0615246,A_2018_2020,201905,20190515162536,https://web.archive.org/web/20190515162536/https://www.dior.com/en_us/products/beauty-y0615246-jadorefragrances,,,,fetch_failed
dior,Y0615246,A_2018_2020,201906,20190605163508,https://web.archive.org/web/20190605163508/https://www.dior.com/en_us/products/beauty-Y0615246-jadore-eau-de-toilette,J'adore Eau de toilette - Women's Fragrance - Men's Fragrance | DIOR,100.0,USD,jsonld_offer_price
dior,Y0615246,A_2018_2020,201907,20190716120146,https://web.archive.org/web/20190716120146/https://www.dior.com/en_us/products/beauty-y0615246-jadore-eau-de-toilette,J'adore Eau de toilette - Women's Fragrance - Men's Fragrance | DIOR,130.0,USD,jsonld_offer_price
dior,Y0615246,B_2024_2026,202412,20241210182629,https://web.archive.org/web/20241210182629/https://www.dior.com/en_us/beauty/products/jadore-eau-de-toilette-Y0615246.html,J'adore Eau de Toilette: a fresh and luminous fragrance. | Dior US,165.00,USD,jsonld_offer_price
dior,Y0615246,B_2024_2026,202512,20251215094034,https://web.archive.org/web/20251215094034/https://www.dior.com/en_us/beauty/products/jadore-eau-de-toilette-Y0615246.html,,,,no_price_found
dior,Y0615246,B_2024_2026,202601,20260124033017,https://web.archive.org/web/20260124033017/https://www.dior.com/en_us/beauty/products/jadore-eau-de-toilette-Y0615246.html,J'adore Eau de Toilette: a fresh and luminous fragrance. | Dior US,173,USD,jsonld_offer_price
dior,Y0744427,A_2018_2020,201904,20190428173643,https://web.archive.org/web/20190428173643/https://www.dior.com/en_us/products/beauty-y0744427-the-fragrances-fragrance,Thé Cachemire Fragrance - products | DIOR,220.0,USD,jsonld_offer_price
dior,Y0744427,A_2018_2020,201906,20190603094145,https://web.archive.org/web/20190603094145/https://www.dior.com/en_us/products/beauty-Y0744427-the-cachemire-fragrance,Thé Cachemire Fragrance - products | DIOR,220.0,USD,jsonld_offer_price
dior,Y0744427,A_2018_2020,201910,20191018082601,https://web.archive.org/web/20191018082601/https://www.dior.com/en_us/products/beauty-Y0744427-the-cachemire-fragrance,Thé Cachemire Fragrance - Maison Christian Dior Perfumes - Men's Fragrance | DIOR,220.0,USD,jsonld_offer_price
dior,Y0744427,B_2024_2026,202502,20250206154643,https://web.archive.org/web/20250206154643/https://www.dior.com/en_us/beauty/products/the-cachemire-Y0744427.html,Thé Cachemire: Unisex Eau de Parfum with Floral and Green Notes | DIOR US,330.00,USD,jsonld_offer_price
dior,Y0744427,B_2024_2026,202602,20260219030643,https://web.archive.org/web/20260219030643/https://www.dior.com/en_us/beauty/products/the-cachemire-Y0744427.html,,,,no_price_found
dior,Y0744427,B_2024_2026,202603,20260302232310,https://web.archive.org/web/20260302232310/https://www.dior.com/en_us/beauty/products/the-cachemire-Y0744427.html,,,,no_price_found
dior,Y0744427,B_2024_2026,202605,20260522170835,https://web.archive.org/web/20260522170835/https://www.dior.com/en_us/beauty/products/the-cachemire-Y0744427.html,,,,no_price_found
dior,Y0990584,A_2018_2020,201906,20190616115427,https://web.archive.org/web/20190616115427/https://www.dior.com/en_us/products/beauty-Y0990584-ambre-nuit-candle,,,,fetch_failed
dior,Y0990584,A_2018_2020,201910,20191018234921,https://web.archive.org/web/20191018234921/https://www.dior.com/en_us/products/beauty-Y0990584-ambre-nuit-candle,,,,fetch_failed
dior,Y0990584,A_2018_2020,201911,20191107070858,https://web.archive.org/web/20191107070858/https://www.dior.com/en_us/products/beauty-Y0990584-ambre-nuit,Ambre Nuit Candle - Maison Christian Dior Perfumes - Men's Fragrance | DIOR,85.0,USD,jsonld_offer_price
dior,Y0990584,A_2018_2020,201912,20191205125942,https://web.archive.org/web/20191205125942/https://www.dior.com/en_us/products/beauty-Y0990584-ambre-nuit,Ambre Nuit Candle - Maison Christian Dior Perfumes - Men's Fragrance | DIOR,85.0,USD,jsonld_offer_price
dior,Y0990584,B_2024_2026,202507,20250723175100,https://web.archive.org/web/20250723175100/https://www.dior.com/en_us/beauty/products/ambre-nuit-Y0990584.html,Ambre Nuit Candle - Collection Privée - Unisex Scent | Dior US,100.00,USD,jsonld_offer_price
dior,Y0990584,B_2024_2026,202508,20250809192523,https://web.archive.org/web/20250809192523/https://www.dior.com/en_us/beauty/products/ambre-nuit-Y0990584.html,Ambre Nuit Candle - Collection Privée - Unisex Scent | Dior US,100.00,USD,jsonld_offer_price
dior,Y0990584,B_2024_2026,202510,20251023094150,https://web.archive.org/web/20251023094150/https://www.dior.com/en_us/beauty/products/ambre-nuit-Y0990584.html,,,,no_price_found
dior,Y0996018,A_2018_2020,201904,20190409065912,https://web.archive.org/web/20190409065912/https://www.dior.com/en_us/products/beauty-Y0996018-dior-backstage-blush-brush-n%C2%B016-blush-brush-n%C2%B016,Dior Backstage Blush Brush N°16 - Makeup - Woman | DIOR,40.0,USD,jsonld_offer_price
dior,Y0996018,A_2018_2020,201905,20190502224550,https://web.archive.org/web/20190502224550/https://www.dior.com/en_us/products/beauty-y0996018-accessories-and-brushes-blush-brush-n%C2%B016,Dior Backstage Blush Brush N°16 - Complexion - Makeup | DIOR,40.0,USD,jsonld_offer_price
dior,Y0996018,A_2018_2020,201908,20190811191615,https://web.archive.org/web/20190811191615/https://www.dior.com/en_us/products/beauty-y0996018-accessories-and-brushes-blush-brush-n%C2%B016,Dior Backstage Blush Brush N°16 - Complexion - Makeup | DIOR,40.0,USD,jsonld_offer_price
dior,Y0996018,A_2018_2020,201909,20190922081028,https://web.archive.org/web/20190922081028/https://www.dior.com/en_us/products/beauty-y0996018-accessories-and-brushes-blush-brush-n%C2%B016,Dior Backstage Blush Brush N°16 - Complexion - Makeup | DIOR,40.0,USD,jsonld_offer_price
dior,Y0996018,A_2018_2020,201910,20191016141639,https://web.archive.org/web/20191016141639/https://www.dior.com/en_us/products/beauty-y0996018-accessories-and-brushes-dior-backstage-blush-brush-n%C2%B016,Dior Backstage Blush Brush N°16 - Complexion - Makeup | DIOR,40.0,USD,jsonld_offer_price
dior,Y0996018,A_2018_2020,201911,20191119131916,https://web.archive.org/web/20191119131916/https://www.dior.com/en_us/products/beauty-Y0996018-dior-backstage-blush-brush-n%C2%B016-dior-backstage-blush-brush-n%C2%B016,Dior Backstage Blush Brush N°16 - Complexion - Makeup | DIOR,40.0,USD,jsonld_offer_price
dior,Y0996018,A_2018_2020,201912,20191216121732,https://web.archive.org/web/20191216121732/https://www.dior.com/en_us/products/beauty-Y0996018-dior-backstage-blush-brush-n%C2%B016-dior-backstage-blush-brush-n%C2%B016,Dior Backstage Blush Brush N°16 - Complexion - Makeup | DIOR,40.0,USD,jsonld_offer_price
dior,Y0996018,B_2024_2026,202504,20250425090825,https://web.archive.org/web/20250425090825/https://www.dior.com/en_us/beauty/products/dior-backstage-blush-brush-n%C2%B016-Y0996018.html,,,,no_price_found
dior,Y0996018,B_2024_2026,202507,20250724115550,https://web.archive.org/web/20250724115550/https://www.dior.com/en_us/beauty/products/dior-backstage-blush-brush-n%C2%B016-Y0996018.html,Dior Backstage Blush Brush N°16 | Dior US,53.00,USD,jsonld_offer_price
dior,Y0996018,B_2024_2026,202510,20251018061934,https://web.archive.org/web/20251018061934/https://www.dior.com/en_us/beauty/products/dior-backstage-blush-brush-n%C2%B016-Y0996018.html,,,,no_price_found
dior,X0150,A_2018_2020,201904,20190416125355,https://web.archive.org/web/20190416125355/https://www.dior.com/en_us/products/couture-842P01A3322_X0150-jeans,,,,fetch_failed
dior,X0150,A_2018_2020,201906,20190603173312,https://web.archive.org/web/20190603173312/https://www.dior.com/en_us/products/fp-cdc/(product)/912P01A3322_X0150,"Boyfriend ""Christian Dior"" Selvedge Jeans - Ready-to-wear - Women's Fashion | DIOR",1300,USD,jsonld_offer_price
dior,X0150,A_2018_2020,201908,20190821154351,https://web.archive.org/web/20190821154351/https://www.dior.com/en_us/products/couture-912P01A3322_X0150-boyfriend-christian-dior-selvedge-jeans,"Boyfriend ""Christian Dior"" Selvedge Jeans - Ready-to-wear - Women's Fashion | DIOR",1300,USD,jsonld_offer_price
dior,X0150,A_2018_2020,201911,20191117044004,https://web.archive.org/web/20191117044004/https://www.dior.com/en_us/products/couture-912P01A3322_X0150-jean-boyfriend-en-denim-blanc,White Denim Boyfriend Jeans - Ready-to-wear - Women's Fashion | DIOR,1300,USD,jsonld_offer_price
dior,X0150,B_2024_2026,202412,20241206163418,https://web.archive.org/web/20241206163418/https://www.dior.com/en_us/fashion/products/324V53BM512_X0150,Cropped Jacket White Technical Mesh | DIOR,3200.00,USD,jsonld_offer_price
dior,X0150,B_2024_2026,202510,20251005155639,https://web.archive.org/web/20251005155639/https://www.dior.com/en_us/fashion/products/451V81Z1162_X0150,Embroidered Cropped Jacket White Wool and Silk | DIOR,6000.00,USD,jsonld_offer_price
dior,X0150,B_2024_2026,202512,20251205002712,https://web.archive.org/web/20251205002712/https://www.dior.com/en_us/fashion/products/912P01A3322_X0150,Boyfriend Jeans White Denim | DIOR,1700.00,USD,jsonld_offer_price
dior,S0204ONMJ,A_2018_2020,201904,20190409225351,https://web.archive.org/web/20190409225351/https://www.dior.com/en_us/products/couture-S0204ONMJ_M42R_TU-lady-dior-lambskin-clutch,Dior,,,no_price_found
dior,S0204ONMJ,A_2018_2020,201905,20190529033305,https://web.archive.org/web/20190529033305/https://www.dior.com/en_us/products/couture-S0204ONMJ_M900_TU-lady-dior-lambskin-clutch,Lady Dior lambskin clutch - Bags - Women's Fashion | DIOR,1550,USD,jsonld_offer_price
dior,S0204ONMJ,A_2018_2020,201907,20190718004827,https://web.archive.org/web/20190718004827/https://www.dior.com/en_us/products/couture-S0204ONMJ_M900_TU-pochette-lady-dior-en-agneau,Lady Dior lambskin clutch - Bags - Women's Fashion | DIOR,1550,USD,jsonld_offer_price
dior,S0204ONMJ,A_2018_2020,201908,20190819115528,https://web.archive.org/web/20190819115528/https://www.dior.com/en_us/products/couture-S0204ONMJ_M413-lady-dior-lambskin-clutch,Lady Dior lambskin clutch - Bags - Women's Fashion | DIOR,1550,USD,jsonld_offer_price
dior,S0204ONMJ,A_2018_2020,201909,20190921191714,https://web.archive.org/web/20190921191714/https://www.dior.com/en_us/products/couture-S0204ONMJ_M413_TU-lady-dior-lambskin-clutch,Lady Dior lambskin clutch - Bags - Women's Fashion | DIOR,1550,USD,jsonld_offer_price
dior,S0204ONMJ,A_2018_2020,201910,20191015094137,https://web.archive.org/web/20191015094137/https://www.dior.com/en_us/products/couture-S0204ONMJ_M413_TU-lady-dior-lambskin-clutch,Lady Dior lambskin clutch - Bags - Women's Fashion | DIOR,1550,USD,jsonld_offer_price
dior,S0204ONMJ,A_2018_2020,201912,20191219204537,https://web.archive.org/web/20191219204537/https://www.dior.com/en_us/products/fp-cdc/(product)/S0204ONMJ_M413_TU,Lady Dior lambskin clutch - Bags - Women's Fashion | DIOR,1550,USD,jsonld_offer_price
dior,S0204ONMJ,B_2024_2026,202501,20250118165553,https://web.archive.org/web/20250118165553/https://www.dior.com/en_us/fashion/products/S0204ONMJ_M030,,,,no_price_found
dior,S0204ONMJ,B_2024_2026,202509,20250908130635,https://web.archive.org/web/20250908130635/https://www.dior.com/en_us/fashion/products/S0204ONMJ_M81B,Lady Dior Pouch with Chain Cloud Blue Cannage Lambskin | DIOR,2400.00,USD,jsonld_offer_price
dior,S0204ONMJ,B_2024_2026,202603,20260314101811,https://web.archive.org/web/20260314101811/https://www.dior.com/en_us/fashion/products/S0204ONMJ_M900,Lady Dior Pouch Black Cannage Lambskin | DIOR,2500.00,USD,jsonld_offer_price
dior,S5614CTZQ,A_2018_2020,201906,20190626190831,https://web.archive.org/web/20190626190831/https://www.dior.com/en_us/products/couture-S5614CTZQ_M928_TU-dior-oblique-saddle-wallet,Dior Oblique Saddle wallet - Accessories - Women's Fashion | DIOR,1100,USD,jsonld_offer_price
dior,S5614CTZQ,A_2018_2020,201907,20190724004850,https://web.archive.org/web/20190724004850/https://www.dior.com/en_us/products/couture-S5614CTZQ_M928_TU-dior-oblique-saddle-wallet,Dior Oblique Saddle wallet - Accessories - Women's Fashion | DIOR,1100,USD,jsonld_offer_price
dior,S5614CTZQ,A_2018_2020,201908,20190819115241,https://web.archive.org/web/20190819115241/https://www.dior.com/en_us/products/couture-S5614CTZQ_M928-dior-oblique-saddle-wallet,Dior Oblique Saddle wallet - Accessories - Women's Fashion | DIOR,1100,USD,jsonld_offer_price
dior,S5614CTZQ,A_2018_2020,201909,20190915141412,https://web.archive.org/web/20190915141412/https://www.dior.com/en_us/products/couture-S5614CTZQ_M928_TU-dior-oblique-saddle-wallet,Dior Oblique Saddle wallet - Accessories - Women's Fashion | DIOR,1100,USD,jsonld_offer_price
dior,S5614CTZQ,B_2024_2026,202502,20250218121939,https://web.archive.org/web/20250218121939/https://www.dior.com/en_us/fashion/products/S5614CTZQ_M928,Small Saddle Pouch with Chain Blue Dior Oblique Jacquard | DIOR,1700.00,USD,jsonld_offer_price
dior,S5614CTZQ,B_2024_2026,202512,20251207201001,https://web.archive.org/web/20251207201001/https://www.dior.com/en_us/fashion/products/S5614CTZQ_M928,Small Saddle Pouch with Chain Blue Dior Oblique Jacquard | DIOR,1750.00,USD,jsonld_offer_price
dior,S5614CTZQ,B_2024_2026,202605,20260519104030,https://web.archive.org/web/20260519104030/https://www.dior.com/en_us/fashion/products/S5614CTZQ_M932,Small Saddle Pouch with Chain Gray Dior Oblique Jacquard | DIOR,1750.00,USD,jsonld_offer_price
dior,F006324009,A_2018_2020,201907,20190716143205,https://web.archive.org/web/20190716143205/https://www.dior.com/en_us/products/beauty-F006324009-poison,Poison Eau de toilette - Women's Fragrance - Men's Fragrance | DIOR,102.0,USD,jsonld_offer_price
dior,F006324009,A_2018_2020,201908,20190817143338,https://web.archive.org/web/20190817143338/https://www.dior.com/en_us/products/beauty-F006324009-poison,Poison Eau de toilette - Women's Fragrance - Men's Fragrance | DIOR,102.0,USD,jsonld_offer_price
dior,F006324009,A_2018_2020,201909,20190916062000,https://web.archive.org/web/20190916062000/https://www.dior.com/en_us/products/beauty-F006324009-poison,Poison Eau de toilette - Women's Fragrance - Men's Fragrance | DIOR,102.0,USD,jsonld_offer_price
dior,F006324009,B_2024_2026,202504,20250404195431,https://web.archive.org/web/20250404195431/https://www.dior.com/en_us/beauty/products/poison-F006324009.html,Poison Eau de Toilette Spray Women's Perfume | Dior US US,145.00,USD,jsonld_offer_price
dior,F006324009,B_2024_2026,202510,20251017031000,https://web.archive.org/web/20251017031000/https://www.dior.com/en_us/beauty/products/poison-F006324009.html,,,,no_price_found
dior,F006324009,B_2024_2026,202601,20260115001220,https://web.archive.org/web/20260115001220/https://www.dior.com/en_us/beauty/products/poison-F006324009.html?gad_source=1&gclid=CjwKCAiAnKi8BhB0EiwA58DA4bk1pgWXi1bN9nnNUMYhDXKOp8w9kmpp0WfQ_XXNdej9XHzcT2oV5RoC9jwQAvD_BwE&gclsrc=aw.ds&utm_source=Future+Publishing+Ltd+2294204&utm_medium=affiliate&utm_content=&utm_campaign=always_on_rakuten&ranMID=43935&ranEAID=kXQk6*ivFEQ&ranSiteID=kXQk6.ivFEQ-5HYSHjb2J8kR4ZLtZOM_Iw,Poison Eau de Toilette Spray Women's Perfume | Dior US US,150,USD,jsonld_offer_price
dior,F009724109,A_2018_2020,201907,20190720164121,https://web.archive.org/web/20190720164121/https://www.dior.com/en_us/products/beauty-F009724109-eau-sauvage,,,,fetch_failed
dior,F009724109,A_2018_2020,201908,20190818214502,https://web.archive.org/web/20190818214502/https://www.dior.com/en_us/products/beauty-F009724109-eau-sauvage,,,,fetch_failed
dior,F009724109,A_2018_2020,201909,20190920120615,https://web.archive.org/web/20190920120615/https://www.dior.com/en_us/products/beauty-F009724109-eau-sauvage,Eau Sauvage Eau de toilette - Men's Fragrance - Men's Fragrance | DIOR,95.0,USD,jsonld_offer_price
dior,F009724109,B_2024_2026,202505,20250530145623,https://web.archive.org/web/20250530145623/https://www.dior.com/en_us/beauty/products/eau-sauvage-eau-de-toilette-F009724109.html,,,,no_price_found
dior,F009724109,B_2024_2026,202507,20250717230523,https://web.archive.org/web/20250717230523/https://www.dior.com/en_us/beauty/products/eau-sauvage-eau-de-toilette-F009724109.html,Eau Sauvage Eau de Toilette: Citrusy and Floral Notes | Dior US,135.00,USD,jsonld_offer_price
dior,F009724109,B_2024_2026,202512,20251210104051,https://web.archive.org/web/20251210104051/https://www.dior.com/en_us/beauty/products/eau-sauvage-eau-de-toilette-F009724109.html,,,,no_price_found
dior,F069715090,A_2018_2020,201908,20190817171110,https://web.archive.org/web/20190817171110/https://www.dior.com/en_us/products/beauty-F069715090-mascara-diorshow-waterproof,Diorshow Waterproof - Eyes - Makeup | DIOR,29.5,USD,jsonld_offer_price
dior,F069715090,A_2018_2020,201909,20190915221014,https://web.archive.org/web/20190915221014/https://www.dior.com/en_us/products/beauty-F069715090-diorshow-waterproof,Diorshow Waterproof - Eyes - Makeup | DIOR,29.5,USD,jsonld_offer_price
dior,F069715090,A_2018_2020,201912,20191208215943,https://web.archive.org/web/20191208215943/https://www.dior.com/en_us/products/beauty-Y0697150_F069715090-diorshow-waterproof-buildable-volum-lash-extension-effect?gclid=EAIaIQobChMIh4OAsaD55QIVD26GCh2i2Ao6EAQYASABEgKvcvD_BwE&gclsrc=aw.ds,Diorshow Waterproof - Eyes - Makeup | DIOR,29.5,USD,jsonld_offer_price
dior,F069715090,B_2024_2026,202411,20241124055133,https://web.archive.org/web/20241124055133/https://www.dior.com/en_us/beauty/products/diorshow-waterproof-F069715090.html,,,,no_price_found
dior,F069715090,B_2024_2026,202508,20250829022056,https://web.archive.org/web/20250829022056/https://www.dior.com/en_us/beauty/products/diorshow-waterproof-F069715090.html?ranMID=43935&ranEAID=TnL5HPStwNw&ranSiteID=TnL5HPStwNw-JfltrIzjXAC0LY685dzUsg,,,,fetch_failed
dior,F069715090,B_2024_2026,202510,20251006192936,https://web.archive.org/web/20251006192936/https://www.dior.com/en_us/beauty/products/diorshow-waterproof-F069715090.html,,,,fetch_failed
dior,Y0015002,A_2018_2020,201907,20190721134307,https://web.archive.org/web/20190721134307/https://www.dior.com/en_us/products/fp-pcd/(product)/Y0015002,Dior Backstage Glow Face Palette: stretches the boundaries of radiance even further. | DIOR,45.0,USD,jsonld_offer_price
dior,Y0015002,A_2018_2020,201908,20190819230800,https://web.archive.org/web/20190819230800/https://www.dior.com/en_us/products/beauty-y0015002-complexion-professional-performance-pure-shimmer-blendable-highlight-blush,Dior Backstage Glow Face Palette: stretches the boundaries of radiance even further. | DIOR,45.0,USD,jsonld_offer_price
dior,Y0015002,A_2018_2020,201909,20190922142013,https://web.archive.org/web/20190922142013/https://www.dior.com/en_us/products/fp-pcd/(product)/Y0015002?a_aid=5cb726f9de536,Dior Backstage Glow Face Palette: stretches the boundaries of radiance even further. | DIOR,45.0,USD,jsonld_offer_price
dior,Y0015002,A_2018_2020,201910,20191021125038,https://web.archive.org/web/20191021125038/https://www.dior.com/en_us/products/beauty-y0015002-highlighter-luminizer-professional-performance-pure-shimmer-blendable-highlight-blush,Dior Backstage Glow Face Palette: stretches the boundaries of radiance even further. | DIOR,45.0,USD,jsonld_offer_price
dior,Y0015002,A_2018_2020,201911,20191115164640,https://web.archive.org/web/20191115164640/https://www.dior.com/en_us/products/beauty-Y0015002-dior-backstage-glow-face-palette-professional-performance-pure-shimmer-blendable-highlight-blush,Dior Backstage Glow Face Palette: stretches the boundaries of radiance even further. | DIOR,45.0,USD,jsonld_offer_price
dior,Y0015002,A_2018_2020,201912,20191231045530,https://web.archive.org/web/20191231045530/https://www.dior.com/en_us/products/beauty-Y0015002-dior-backstage-glow-face-palette-professional-performance-pure-shimmer-blendable-highlight-blush,Dior Backstage Glow Face Palette: stretches the boundaries of radiance even further. | DIOR,45.0,USD,jsonld_offer_price
dior,Y0015002,A_2018_2020,202001,20200101074045,https://web.archive.org/web/20200101074045/https://www.dior.com/en_us/products/beauty-Y0015002-dior-backstage-glow-face-palette-professional-performance-pure-shimmer-blendable-highlight-blush,Dior Backstage Glow Face Palette: stretches the boundaries of radiance even further. | DIOR,45.0,USD,jsonld_offer_price
dior,Y0015002,A_2018_2020,202002,20200208022734,https://web.archive.org/web/20200208022734/https://www.dior.com/en_us/products/beauty-Y0015002-dior-backstage-glow-face-palette-professional-performance-pure-shimmer-blendable-highlight-blush,Dior Backstage Glow Face Palette: stretches the boundaries of radiance even further. | DIOR,45.0,USD,jsonld_offer_price
dior,Y0015002,B_2024_2026,202501,20250114212022,https://web.archive.org/web/20250114212022/https://www.dior.com/en_us/beauty/products/dior-backstage-glow-face-palette-Y0015002.html,,,,no_price_found
dior,Y0015002,B_2024_2026,202502,20250205095118,https://web.archive.org/web/20250205095118/https://www.dior.com/en_us/beauty/products/dior-backstage-glow-face-palette-Y0015002.html,,,,fetch_failed
dior,Y0015002,B_2024_2026,202506,20250622212928,https://web.archive.org/web/20250622212928/https://www.dior.com/en_us/beauty/products/dior-backstage-glow-face-palette-Y0015002.html,,,,fetch_failed
dior,Y0750427,A_2018_2020,201908,20190811182034,https://web.archive.org/web/20190811182034/https://www.dior.com/en_us/products/beauty-Y0750427-lucky-fragrance,Lucky Fragrance - Maison Christian Dior Perfumes - Men's Fragrance | DIOR,220.0,USD,jsonld_offer_price
dior,Y0750427,A_2018_2020,201910,20191019121154,https://web.archive.org/web/20191019121154/https://www.dior.com/en_us/products/beauty-Y0750427-lucky-fragrance,Lucky Fragrance - Maison Christian Dior Perfumes - Men's Fragrance | DIOR,220.0,USD,jsonld_offer_price
dior,Y0750427,A_2018_2020,201912,20191209122343,https://web.archive.org/web/20191209122343/https://www.dior.com/en_us/products/beauty-y0750427-the-fragrances-fragrance,Lucky Fragrance - Maison Christian Dior Perfumes - Men's Fragrance | DIOR,220.0,USD,jsonld_offer_price
dior,Y0750427,B_2024_2026,202506,20250605171359,https://web.archive.org/web/20250605171359/https://www.dior.com/en_us/beauty/products/lucky-Y0750427.html,"Lucky: verdant, lily-of-the-valley unisex cologne | Dior US",,,no_price_found
dior,Y0750427,B_2024_2026,202508,20250811204911,https://web.archive.org/web/20250811204911/https://www.dior.com/en_us/beauty/products/lucky-Y0750427.html,,,,fetch_failed
dior,Y0750427,B_2024_2026,202510,20251019062737,https://web.archive.org/web/20251019062737/https://www.dior.com/en_us/beauty/products/lucky-Y0750427.html,,,,fetch_failed
dior,Y0750427,B_2024_2026,202511,20251106202528,https://web.archive.org/web/20251106202528/https://www.dior.com/en_us/beauty/products/lucky-Y0750427.html?utm_source=facebookinstagram&utm_medium=paid-social&utm_campaign=pcd_pc_usa_xmas-lcp_uni_fra_202511_ec_purc_fi_crd_usd_ins_&utm_content=xmas-lcp_carousel-lcp-edp-2_sc_img_shop_mpp_ins_&utm_term=%7Badset.name%7D&utm_id=%7B%7Bcampaign.id%7D%7D,"Lucky: verdant, lily-of-the-valley unisex cologne | Dior US",465,USD,jsonld_offer_price
dior,Y0750427,B_2024_2026,202605,20260526083559,https://web.archive.org/web/20260526083559/https://www.dior.com/en_us/beauty/products/lucky-Y0750427.html,,,,no_price_found
dior,CD043165A001,A_2018_2020,201908,20190823065309,https://web.archive.org/web/20190823065309/https://www.dior.com/en_us/products/couture-CD043165A001_0000_U-la-d-de-dior-dentelle-%E0%B8%95%E0%B8%B1%E0%B8%A7%E0%B9%80%E0%B8%A3%E0%B8%B7%E0%B8%AD%E0%B8%99%E0%B8%82%E0%B8%99%E0%B8%B2%E0%B8%94-38-%E0%B8%A1%E0%B8%A1-%E0%B8%9E%E0%B8%A3%E0%B9%89%E0%B8%AD%E0%B8%A1%E0%B8%81%E0%B8%A5%E0%B9%84%E0%B8%81%E0%B8%84%E0%B8%A7%E0%B8%AD%E0%B8%97%E0%B8%8B%E0%B9%8C,"La D de Dior Dentelle Ø 38mm, quartz movement - Watchmaking - Women's Fashion | DIOR",,USD,no_price_found
dior,CD043165A001,A_2018_2020,201909,20190921222134,https://web.archive.org/web/20190921222134/https://www.dior.com/en_us/products/couture-CD043165A001_0000_U-la-d-de-dior-dentelle-o-38-mm-quartz-movement,"La D de Dior Dentelle Ø 38mm, quartz movement - Watchmaking - Women's Fashion | DIOR",,USD,no_price_found
dior,CD043165A001,A_2018_2020,201910,20191016071932,https://web.archive.org/web/20191016071932/https://www.dior.com/en_us/products/fp-cdc/(product)/CD043165A001_0000_U,"La D de Dior Dentelle Ø 38mm, quartz movement - Watchmaking - Women's Fashion | DIOR",,USD,no_price_found
dior,CD043165A001,B_2024_2026,202412,20241210154145,https://web.archive.org/web/20241210154145/https://www.dior.com/en_us/fashion/products/CD043165A001_0000,"La D de Dior Dentelle Ø 38 mm, Quartz Movement | DIOR",,USD,no_price_found
dior,CD043165A001,B_2024_2026,202502,20250211064533,https://web.archive.org/web/20250211064533/https://www.dior.com/en_us/fashion/products/CD043165A001_0000,"La D de Dior Dentelle Ø 38 mm, Quartz Movement | DIOR",,USD,no_price_found
dior,CD043165A001,B_2024_2026,202603,20260306055611,https://web.archive.org/web/20260306055611/https://www.dior.com/en_us/fashion/products/CD043165A001_0000,"La D de Dior Dentelle Ø 38 mm, Quartz Movement | DIOR",,USD,no_price_found
dior,S5611CTZQ,A_2018_2020,201907,20190717022040,https://web.archive.org/web/20190717022040/https://www.dior.com/en_us/products/couture-S5611CTZQ_M928_TU-porte-cartes-a-rabat-saddle-dior-oblique,Dior Oblique Saddle card holder - Bags - Women's Fashion | DIOR,370,USD,jsonld_offer_price
dior,S5611CTZQ,A_2018_2020,201908,20190819131638,https://web.archive.org/web/20190819131638/https://www.dior.com/en_us/products/couture-S5611CTZQ_M928-dior-oblique-saddle-card-holder,Dior Oblique Saddle card holder - Bags - Women's Fashion | DIOR,370,USD,jsonld_offer_price
dior,S5611CTZQ,A_2018_2020,201909,20190915081300,https://web.archive.org/web/20190915081300/https://www.dior.com/en_us/products/couture-S5611CTZQ_M928_TU-dior-oblique-saddle-card-holder,,,,fetch_failed
dior,S5611CTZQ,A_2018_2020,201910,20191014040312,https://web.archive.org/web/20191014040312/https://www.dior.com/en_us/products/fp-cdc/(product)/S5611CTZQ_M974_TU,,,,fetch_failed
dior,S5611CTZQ,A_2018_2020,201912,20191206115300,https://web.archive.org/web/20191206115300/https://www.dior.com/en_us/products/fp-cdc/(product)/S5611CTZQ_M974_TU,Dior Oblique Saddle card holder - Bags - Women's Fashion | DIOR,370,USD,jsonld_offer_price
dior,S5611CTZQ,B_2024_2026,202412,20241210084351,https://web.archive.org/web/20241210084351/https://www.dior.com/en_us/fashion/products/S5611CTZQ_M932_TU?wiz_source=google&gad_source=1&wiz_medium=search_cpc&wiz_term=155943039075&wiz_campaign=20736584153&gclid=EAIaIQobChMIu_nb6t-aigMVkhxECB2xexOEEAQYHCABEgLErPD_BwE&gclsrc=aw.ds&gclsrc=aw.ds,,,,no_price_found
dior,S5611CTZQ,B_2024_2026,202601,20260125093559,https://web.archive.org/web/20260125093559/https://www.dior.com/en_us/fashion/products/S5611CTZQ_M928,Saddle Bloom Card Holder Blue Dior Oblique Jacquard | DIOR,510.00,USD,jsonld_offer_price
dior,S5611CTZQ,B_2024_2026,202602,20260216211142,https://web.archive.org/web/20260216211142/https://www.dior.com/en_us/fashion/products/S5611CTZQ_M932,Saddle Bloom Card Holder Gray Dior Oblique Jacquard | DIOR,510.00,USD,jsonld_offer_price
dior,Y0996128,A_2018_2020,201910,20191018210910,https://web.archive.org/web/20191018210910/https://www.dior.com/en_us/products/fp-pcd/(product)/Y0996128,Spice Blend Fragrance - Maison Christian Dior Perfumes - Men's Fragrance | DIOR,220.0,USD,jsonld_offer_price
dior,Y0996128,A_2018_2020,201911,20191107012431,https://web.archive.org/web/20191107012431/https://www.dior.com/en_us/products/beauty-Y0996128-spice-blend-fragrance,Spice Blend Fragrance - Maison Christian Dior Perfumes - Men's Fragrance | DIOR,220.0,USD,jsonld_offer_price
dior,Y0996128,A_2018_2020,201912,20191207130505,https://web.archive.org/web/20191207130505/https://www.dior.com/en_us/products/beauty-Y0996128-spice-blend-fragrance,,,,fetch_failed
dior,Y0996128,A_2018_2020,202001,20200102230353,https://web.archive.org/web/20200102230353/https://www.dior.com/en_us/products/fp-pcd/(product)/Y0996128,,,,fetch_failed
dior,Y0996128,A_2018_2020,202002,20200201012541,https://web.archive.org/web/20200201012541/https://www.dior.com/en_us/products/beauty-Y0996128-spice-blend-fragrance,Spice Blend Fragrance - Maison Christian Dior Perfumes - Men's Fragrance | DIOR,220.0,USD,jsonld_offer_price
dior,Y0996128,B_2024_2026,202601,20260123150803,https://web.archive.org/web/20260123150803/https://www.dior.com/en_us/beauty/products/spice-blend-Y0996128.html,"Spice Blend: powerful, spicy, woody unisex cologne | Dior US",330,USD,jsonld_offer_price
dior,Y0996128,B_2024_2026,202603,20260310051431,https://web.archive.org/web/20260310051431/https://www.dior.com/en_us/beauty/products/spice-blend-Y0996128.html,"Spice Blend: powerful, spicy, woody unisex cologne | Dior US",350,USD,jsonld_offer_price
dior,Y0996128,B_2024_2026,202609,20260909173718,https://web.archive.org/web/20260909173718/https://www.dior.com/en_us/beauty/products/spice-blend-Y0996128.html,,,,no_price_found
dior,Y0996029,A_2018_2020,201812,20181227085009,https://web.archive.org/web/20181227085009/https://www.dior.com/en_us/products/beauty-y0996029-accessoires-et-pinceaux-pinceau-fond-de-teint-fluide-haute-couvrance-n%C2%B0-12,Dior Backstage Full Coverage Fluid Foundation Brush N° 12 - Makeup - Woman | DIOR,,,no_price_found
dior,Y0996029,A_2018_2020,201903,20190320105548,https://web.archive.org/web/20190320105548/https://www.dior.com/en_us/products/beauty-y0996029-accessories-and-brushes-full-coverage-fluid-foundation-brush-n%C2%B0-12,Dior Backstage Full Coverage Fluid Foundation Brush N° 12 - Makeup - Woman | DIOR,45.0,USD,jsonld_offer_price
dior,Y0996029,A_2018_2020,201904,20190410134249,https://web.archive.org/web/20190410134249/https://www.dior.com/en_us/products/fp-pcd/(product)/Y0996029,Dior Backstage Full Coverage Fluid Foundation Brush N° 12 - Complexion - Makeup | DIOR,45.0,USD,jsonld_offer_price
dior,Y0996029,A_2018_2020,201906,20190605170616,https://web.archive.org/web/20190605170616/https://www.dior.com/en_us/products/beauty-Y0996029-dior-backstage-full-coverage-fluid-foundation-brush-n%C2%B0-12-full-coverage-fluid-foundation-brush-n%C2%B0-12,,,,fetch_failed
dior,Y0996029,A_2018_2020,201909,20190923065245,https://web.archive.org/web/20190923065245/https://www.dior.com/en_us/products/fp-pcd/(product)/Y0996029,,,,fetch_failed
dior,Y0996029,A_2018_2020,201910,20191017075752,https://web.archive.org/web/20191017075752/https://www.dior.com/en_us/products/beauty-Y0996029-dior-backstage-full-coverage-fluid-foundation-brush-n%C2%B0-12-full-coverage-fluid-foundation-brush-n%C2%B0-12,Dior Backstage Full Coverage Fluid Foundation Brush N° 12 - Complexion - Makeup | DIOR,45.0,USD,jsonld_offer_price
dior,Y0996029,A_2018_2020,201911,20191119130612,https://web.archive.org/web/20191119130612/https://www.dior.com/en_us/products/beauty-Y0996029-dior-backstage-full-coverage-fluid-foundation-brush-n%C2%B0-12-dior-backstage-full-coverage-fluid-foundation-brush-n%C2%B012,Dior Backstage Full Coverage Fluid Foundation Brush N° 12 - Complexion - Makeup | DIOR,45.0,USD,jsonld_offer_price
dior,Y0996029,A_2018_2020,201912,20191210011844,https://web.archive.org/web/20191210011844/https://www.dior.com/en_us/products/beauty-Y0996029-dior-backstage-full-coverage-fluid-foundation-brush-n%C2%B0-12-dior-backstage-full-coverage-fluid-foundation-brush-n%C2%B012,Dior Backstage Full Coverage Fluid Foundation Brush N° 12 - Complexion - Makeup | DIOR,45.0,USD,jsonld_offer_price
dior,Y0996029,B_2024_2026,202509,20250911122312,https://web.archive.org/web/20250911122312/https://www.dior.com/en_us/beauty/products/dior-backstage-brush-n%C2%B0-12-Y0996029.html,Dior Backstage N°12 Fluid Foundation Makeup Brush | Dior US,53.00,USD,jsonld_offer_price
dior,Y0996029,B_2024_2026,202510,20251018160034,https://web.archive.org/web/20251018160034/https://www.dior.com/en_us/beauty/products/dior-backstage-brush-n%C2%B0-12-Y0996029.html,,,,no_price_found
dior,Y0996027,A_2018_2020,201902,20190213025754,https://web.archive.org/web/20190213025754/https://www.dior.com/en_us/products/beauty-Y0996027-joy-by-dior-eau-de-parfum,JOY By Dior Eau de parfum - Fragrance - Woman | DIOR,,,no_price_found
dior,Y0996027,A_2018_2020,201903,20190307203021,https://web.archive.org/web/20190307203021/https://www.dior.com/en_us/products/beauty-y0996027-joy-by-dior-eau-de-parfum,JOY By Dior Eau de parfum - Fragrance - Woman | DIOR,,,no_price_found
dior,Y0996027,A_2018_2020,201904,20190428182145,https://web.archive.org/web/20190428182145/https://www.dior.com/en_us/products/beauty-y0996027-joybydiorfragrances,JOY By Dior Eau de parfum - Women's Fragrance - Men's Fragrance | DIOR,100.0,USD,jsonld_offer_price
dior,Y0996027,A_2018_2020,201905,20190502175913,https://web.archive.org/web/20190502175913/https://www.dior.com/en_us/products/beauty-y0996027-joy-by-dior-eau-de-parfum,JOY By Dior Eau de parfum - Women's Fragrance - Men's Fragrance | DIOR,100.0,USD,jsonld_offer_price
dior,Y0996027,A_2018_2020,201906,20190603185849,https://web.archive.org/web/20190603185849/https://www.dior.com/en_us/products/fp-pcd/(product)/Y0996027,JOY by Dior: an enveloping scent that pulls you in and carries you away | DIOR,100.0,USD,jsonld_offer_price
dior,Y0996027,A_2018_2020,201912,20191213235842,https://web.archive.org/web/20191213235842/https://www.dior.com/en_us/products/beauty-Y0996027-joy-by-dior-eau-de-parfum,JOY by Dior: an enveloping scent that pulls you in and carries you away. | DIOR,100.0,USD,jsonld_offer_price
dior,Y0996027,A_2018_2020,202002,20200217024637,https://web.archive.org/web/20200217024637/https://www.dior.com/en_us/products/beauty-Y0996027-,,,,fetch_failed
dior,Y0996027,A_2018_2020,202003,20200310070812,https://web.archive.org/web/20200310070812/https://www.dior.com/en_us/products/beauty-y0996027-joy-by-dior-eau-de-parfum,,,,fetch_failed
dior,Y0996027,B_2024_2026,202505,20250522201128,https://web.archive.org/web/20250522201128/https://www.dior.com/en_us/beauty/products/joy-by-dior-Y0996027.html,,,,no_price_found
dior,Y0996027,B_2024_2026,202508,20250808012925,https://web.archive.org/web/20250808012925/https://www.dior.com/en_us/beauty/products/joy-by-dior-Y0996027.html,JOY by DIOR Eau de Parfum Spray Perfume for Women | Dior US,149.00,USD,jsonld_offer_price
dior,Y0063201,A_2018_2020,201905,20190502231718,https://web.archive.org/web/20190502231718/https://www.dior.com/en_us/products/beauty-y0063201-poison-eau-de-toilette,Poison Eau de toilette - products | DIOR,102.0,USD,jsonld_offer_price
dior,Y0063201,A_2018_2020,201906,20190611014436,https://web.archive.org/web/20190611014436/https://www.dior.com/en_us/products/beauty-y0063201-poison-eau-de-toilette,Poison Eau de toilette - Women's Fragrance - Men's Fragrance | DIOR,102.0,USD,jsonld_offer_price
dior,Y0063201,A_2018_2020,201910,20191018233037,https://web.archive.org/web/20191018233037/https://www.dior.com/en_us/products/beauty-Y0063201-poison-eau-de-toilette,Poison Eau de toilette - Women's Fragrance - Men's Fragrance | DIOR,102.0,USD,jsonld_offer_price
dior,Y0063201,B_2024_2026,202505,20250518232330,https://web.archive.org/web/20250518232330/https://www.dior.com/en_us/beauty/products/poison-Y0063201.html,Poison Eau de Toilette Spray Women's Perfume | Dior US US,145.00,USD,jsonld_offer_price
dior,Y0063201,B_2024_2026,202603,20260306122216,https://web.archive.org/web/20260306122216/https://www.dior.com/en_us/beauty/products/poison-Y0063201.html,Poison Eau de Toilette Spray Women's Perfume | Dior US US,150,USD,jsonld_offer_price
dior,Y0072844,A_2018_2020,201905,20190502100734,https://web.archive.org/web/20190502100734/https://www.dior.com/en_us/products/beauty-y0072844-dior-addict-eau-de-parfum,Dior Addict Eau de parfum - Women's Fragrance - Men's Fragrance | DIOR,130.0,USD,jsonld_offer_price
dior,Y0072844,A_2018_2020,201907,20190724070145,https://web.archive.org/web/20190724070145/https://www.dior.com/en_us/products/beauty-y0072844-dior-addict-eau-de-parfum,Dior Addict Eau de parfum - Women's Fragrance - Men's Fragrance | DIOR,130.0,USD,jsonld_offer_price
dior,Y0072844,A_2018_2020,201908,20190811175135,https://web.archive.org/web/20190811175135/https://www.dior.com/en_us/products/beauty-Y0072844-dior-addict-eau-de-parfum,Dior Addict Eau de parfum - Women's Fragrance - Men's Fragrance | DIOR,130.0,USD,jsonld_offer_price
dior,Y0072844,A_2018_2020,201910,20191021234851,https://web.archive.org/web/20191021234851/https://www.dior.com/en_us/products/beauty-Y0072844-dior-addict-eau-de-parfum,Dior Addict Eau de parfum - Women's Fragrance - Men's Fragrance | DIOR,130.0,USD,jsonld_offer_price
dior,Y0072844,B_2024_2026,202412,20241212162922,https://web.archive.org/web/20241212162922/https://www.dior.com/en_us/beauty/products/dior-addict-Y0072844.html,DIOR Addict Eau de Parfum 3.4 oz Women's Fragrance | Dior US,172.00,USD,jsonld_offer_price
dior,Y0072844,B_2024_2026,202604,20260413201115,https://web.archive.org/web/20260413201115/https://www.dior.com/en_us/beauty/products/dior-addict-Y0072844.html,,,,fetch_failed
