brand,product_code,window,month,snapshot_timestamp,snapshot_url,page_title,price,currency,method
northface,1996,A_2018_2020,201809,20180920063059,https://web.archive.org/web/20180920063059/https://www.thenorthface.com/shop/manteau-1996-retro-nuptse-pour-hommes-nf0a3c8d-fr-ca,Manteau 1996 Retro Nuptse pour hommes | Canada,349.99,,meta_product_price
northface,1996,A_2018_2020,201810,20181004124624,https://web.archive.org/web/20181004124624/https://www.thenorthface.com/shop/veste-retro-nuptse-1996-pour-femmes-nf0a3jqr-fr-ca,VESTE RETRO NUPTSE 1996 POUR FEMMES | Canada,349.99,,meta_product_price
northface,1996,A_2018_2020,201812,20181220165312,https://web.archive.org/web/20181220165312/https://www.thenorthface.com/shop/mens-1996-retro-nuptse-jacket-nf0a3c8d?variationId=207,Men's 1996 Retro Nuptse Jacket | United States,249.00,,meta_product_price
northface,1996,A_2018_2020,201901,20190115074211,https://web.archive.org/web/20190115074211/https://www.thenorthface.com/shop/manteau-1996-retro-nuptse-pour-hommes-nf0a3c8d-fr-ca,Manteau 1996 Retro Nuptse pour hommes | Canada,349.99,,meta_product_price
northface,1996,A_2018_2020,201902,20190206060616,https://web.archive.org/web/20190206060616/https://www.thenorthface.com/shop/manteau-1996-retro-nuptse-pour-hommes-nf0a3c8d-fr-ca,Manteau 1996 Retro Nuptse pour hommes | Canada,349.99,,meta_product_price
northface,1996,A_2018_2020,201903,20190306081649,https://web.archive.org/web/20190306081649/https://www.thenorthface.com/shop/manteau-1996-retro-nuptse-pour-hommes-nf0a3c8d-fr-ca,Manteau 1996 Retro Nuptse pour hommes | Canada,349.99,,meta_product_price
northface,1996,A_2018_2020,201904,20190403015739,https://web.archive.org/web/20190403015739/https://www.thenorthface.com/shop/manteau-1996-retro-nuptse-pour-hommes-nf0a3c8d-fr-ca,,,,fetch_failed
northface,1996,A_2018_2020,201905,20190505171139,https://web.archive.org/web/20190505171139/https://www.thenorthface.com/shop/manteau-1996-retro-nuptse-pour-hommes-nf0a3c8d-fr-ca,Manteau 1996 Retro Nuptse pour hommes | Canada,349.99,,meta_product_price
northface,1996,A_2018_2020,201907,20190725043528,https://web.archive.org/web/20190725043528/https://www.thenorthface.com/shop/manteau-1996-retro-nuptse-pour-hommes-nf0a3c8d-c1-fr-ca,Manteau 1996 Retro Nuptse pour hommes | Canada,244.99,,meta_product_price
northface,1996,A_2018_2020,201908,20190820184831,https://web.archive.org/web/20190820184831/https://www.thenorthface.com/shop/infant-1996-retro-nuptse-down-jacket-nf0a3y6e,Infant 1996 Retro Nuptse Down Jacket | United States,110.00,,meta_product_price
northface,1996,A_2018_2020,201909,20190908133935,https://web.archive.org/web/20190908133935/https://www.thenorthface.com/shop/femmes-manteaux-et-vestes-vestes-sans-manches-fr-ca/veste-1996-retro-nuptse-pour-femmes-nf0a3xep-fr-ca?variationId=70M,Veste 1996 Retro Nuptse pour femmes | Canada,249.99,,meta_product_price
northface,1996,A_2018_2020,201910,20191006194801,https://web.archive.org/web/20191006194801/https://www.thenorthface.com/shop/hommes-manteaux-et-vestes-vestes-sans-manches-fr-ca/veste-1996-retro-nuptse-pour-hommes-nf0a3jqq-fr-ca?variationId=682,Veste 1996 Retro Nuptse pour hommes | Canada,249.99,,meta_product_price
northface,1996,A_2018_2020,201911,20191122003948,https://web.archive.org/web/20191122003948/https://www.thenorthface.com/shop/kids-auxiliary-new-arrivals/toddler-1996-retro-nuptse-down-jacket-nf0a3y79?variationId=WUG,,,,fetch_failed
northface,1996,A_2018_2020,201912,20191210184655,https://web.archive.org/web/20191210184655/https://www.thenorthface.com/shop/infant-1996-retro-nuptse-down-jacket-nf0a3y6e,Infant 1996 Retro Nuptse Down Jacket | The North Face,110.00,,meta_product_price
northface,1996,A_2018_2020,202001,20200102010500,https://web.archive.org/web/20200102010500/https://www.thenorthface.com/shop/manteau-1996-retro-nuptse-pour-hommes-nf0a3c8d-fr-ca,Manteau 1996 Retro Nuptse pour hommes | Canada,349.99,,meta_product_price
northface,1996,B_2024_2026,202502,20250222065938,https://web.archive.org/web/20250222065938/https://www.thenorthface.com/en-us/p/mens/mens-jackets-and-vests/mens-insulated-and-down-300771/mens-1996-retro-nuptse-jacket-NF0A3C8D,Men’s 1996 Retro Nuptse Jacket | The North Face,330,USD,jsonld_offer_price
northface,1996,B_2024_2026,202503,20250326185043,https://web.archive.org/web/20250326185043/https://www.thenorthface.com/en-us/p/mens/mens-jackets-and-vests/mens-insulated-and-down-300771/mens-1996-retro-nuptse-jacket-NF0A3C8D,,,,no_price_found
northface,1996,B_2024_2026,202504,20250404224233,https://web.archive.org/web/20250404224233/https://www.thenorthface.com/en-ca/p/mens/mens-jackets-and-vests/mens-insulated-and-down-300771/mens-1996-retro-nuptse-vest-NF0A3JQQ?color=ROU,,,,no_price_found
northface,1996,B_2024_2026,202505,20250516065648,https://web.archive.org/web/20250516065648/https://www.thenorthface.com/en-us/p/mens/mens-jackets-and-vests/mens-insulated-and-down-300771/mens-1996-retro-nuptse-jacket-NF0A3C8D?color=39F,Men’s 1996 Retro Nuptse Jacket | The North Face,131.98,USD,jsonld_offer_price
northface,1996,B_2024_2026,202506,20250605192422,https://web.archive.org/web/20250605192422/https://www.thenorthface.com/en-us/p/mens/mens-jackets-and-vests/mens-insulated-and-down-300771/mens-1996-retro-nuptse-jacket-NF0A3C8D?color=38S&bc_pid=TkYwQTNDOERfNUVY&obem=_ZNyvzwPKdwe26GHZF_UgA==&bc_lcid=t5116041206554624lw5631381212618752li0,Men’s 1996 Retro Nuptse Jacket | The North Face,131.98,USD,jsonld_offer_price
northface,1996,B_2024_2026,202507,20250725093819,https://web.archive.org/web/20250725093819/https://www.thenorthface.com/en-us/p/mens/mens-jackets-and-vests/mens-insulated-and-down-300771/mens-1996-retro-nuptse-jacket-NF0A3C8D,Men’s 1996 Retro Nuptse Jacket | The North Face,330,USD,jsonld_offer_price
northface,1996,B_2024_2026,202508,20250813131926,https://web.archive.org/web/20250813131926/https://www.thenorthface.com/en-ca/p/mens/mens-jackets-and-vests/mens-insulated-and-down-300771/mens-1996-retro-nuptse-jacket-NF0A3C8D,Men’s 1996 Retro Nuptse Jacket | The North Face Canada,429.99,CAD,jsonld_offer_price
northface,1996,B_2024_2026,202509,20250904035802,https://web.archive.org/web/20250904035802/https://www.thenorthface.com/en-gb/p/men-211701/men-s-1996-retro-nuptse-jacket-NF0A3C8D,Men’s 1996 Retro Nuptse Jacket | The North Face UK,315,GBP,jsonld_offer_price
northface,1996,B_2024_2026,202510,20251028174402,https://web.archive.org/web/20251028174402/https://www.thenorthface.com/de-de/p/damen-211718/1996-retro-nuptse-jacke-fur-damen-NF0A3XEO,1996 Retro Nuptse Jacke für Damen | The North Face DE,350,EUR,jsonld_offer_price
northface,1996,B_2024_2026,202511,20251114093458,https://web.archive.org/web/20251114093458/https://www.thenorthface.com/de-at/p/damen-211718/1996-retro-nuptse-jacke-fur-damen-NF0A3XEO,1996 Retro Nuptse Jacke für Damen | The North Face AT,350,EUR,jsonld_offer_price
northface,1996,B_2024_2026,202512,20251208230117,https://web.archive.org/web/20251208230117/https://www.thenorthface.com/de-ch/p/herren-211701/1996-retro-nuptse-jacke-fur-herren-NF0A3C8D,1996 Retro Nuptse Jacke für Herren | The North Face CH,385,CHF,jsonld_offer_price
northface,1996,B_2024_2026,202601,20260114224610,https://web.archive.org/web/20260114224610/https://www.thenorthface.com/de-ch/p/damen-211718/1996-retro-nuptse-jacke-fur-damen-NF0A3XEO,1996 Retro Nuptse Jacke für Damen | The North Face CH,385,CHF,jsonld_offer_price
northface,1996,B_2024_2026,202602,20260218083733,https://web.archive.org/web/20260218083733/https://www.thenorthface.com/de-at/p/kinder-226125/kids-the-north-face-x-skims-1996-nuptse-jacke-NF0A8JJD,Kids The North Face X SKIMS 1996 Nuptse Jacke | The North Face AT,200,EUR,jsonld_offer_price
northface,1996,B_2024_2026,202603,20260313044834,https://web.archive.org/web/20260313044834/https://www.thenorthface.com/de-ch/p/kinder-226125/kids-the-north-face-x-skims-1996-nuptse-jacke-NF0A8JJD?color=I3X,,,,no_price_found
northface,1996,B_2024_2026,202604,20260410163258,https://web.archive.org/web/20260410163258/https://www.thenorthface.com/de-de/p/damen-211718/1996-retro-nuptse-jacke-fur-damen-NF0A3XEO,1996 Retro Nuptse Jacke für Damen | The North Face DE,350,EUR,jsonld_offer_price
northface,1996,B_2024_2026,202605,20260517060514,https://web.archive.org/web/20260517060514/https://www.thenorthface.com/de-at/p/damen-211718/1996-retro-nuptse-jacke-fur-damen-NF0A3XEO?color=1KI,1996 Retro Nuptse Jacke für Damen | The North Face AT,210,EUR,jsonld_offer_price
northface,1996,B_2024_2026,202606,20260608055544,https://web.archive.org/web/20260608055544/https://www.thenorthface.com/de-de/p/herren-211701/1996-retro-nuptse-jacke-fur-herren-NF0A3C8D?color=GOE,1996 Retro Nuptse Jacke für Herren | The North Face DE,350,EUR,jsonld_offer_price
northface,1996,B_2024_2026,202607,20260715233345,https://web.archive.org/web/20260715233345/https://www.thenorthface.com/en-us/p/womens/womens-jackets-and-vests/womens-puffer-jackets-829825/womens-1996-retro-nuptse-jacket-NF0A3XEO?utm_content=Skimlinks&utm_medium=affiliate&utm_source=CJ&utm_campaign=AFFILIATES_ECOM_NL&CJEVENT=9bd662e380a511f1838f002f0a18b8fc,Women’s 1996 Retro Nuptse Jacket | The North Face,380,USD,jsonld_offer_price
northface,1996,B_2024_2026,202608,20260821091449,https://web.archive.org/web/20260821091449/https://www.thenorthface.com/en-us/p/mens/mens-jackets-and-vests/mens-insulated-and-down-300771/mens-1996-retro-nuptse-jacket-NF0A3C8D,,,,no_price_found
northface,1996,B_2024_2026,202609,20260926082723,https://web.archive.org/web/20260926082723/https://www.thenorthface.com/en-us/p/mens/mens-jackets-and-vests/mens-insulated-and-down-300771/mens-1996-retro-nuptse-jacket-NF0A3C8D?color=JY7&fitType=Standard,,,,no_price_found
northface,1995,A_2018_2020,201908,20190826034210,https://web.archive.org/web/20190826034210/https://www.thenorthface.com/featured/1995-denali.html,,,,fetch_failed
northface,1995,A_2018_2020,201909,20190902041409,https://web.archive.org/web/20190902041409/https://www.thenorthface.com/en_ca/featured/1995-denali.html,1995 Retro Denali Jacket | The North Face,,,no_price_found
northface,1995,A_2018_2020,201910,20191007081519,https://web.archive.org/web/20191007081519/https://www.thenorthface.com/en_ca/featured/1995-denali.html,1995 Retro Denali Jacket | The North Face,,,no_price_found
northface,1995,A_2018_2020,201911,20191104222129,https://web.archive.org/web/20191104222129/https://www.thenorthface.com/en_ca/featured/1995-denali.html,1995 Retro Denali Jacket | The North Face,,,no_price_found
northface,1995,A_2018_2020,201912,20191204215057,https://web.archive.org/web/20191204215057/https://www.thenorthface.com/en_ca/featured/1995-denali.html,1995 Retro Denali Jacket | The North Face Canada,,,no_price_found
northface,1995,A_2018_2020,202001,20200101235034,https://web.archive.org/web/20200101235034/https://www.thenorthface.com/en_ca/featured/1995-denali.html,1995 Retro Denali Jacket | The North Face Canada,,,no_price_found
northface,1995,A_2018_2020,202002,20200207234919,https://web.archive.org/web/20200207234919/https://www.thenorthface.com/en_ca/featured/1995-denali.html,1995 Retro Denali Jacket | The North Face Canada,,,no_price_found
northface,1995,B_2024_2026,202510,20251030234115,https://web.archive.org/web/20251030234115/https://www.thenorthface.com/en-us/p/shop-all/trending-now-474774/tnf-x-cecilie-bahnsen-lea-1995-denali-jacket-NF0A8FAF,TNF x Cecilie Bahnsen Lea 1995 Denali Jacket | The North Face,500,USD,jsonld_offer_price
northface,1995,B_2024_2026,202511,20251118153332,"https://web.archive.org/web/20251118153332/https://www.thenorthface.com/en-us/p/mens/mens-fleece/mens-fleece-full-zip-c829791/tnf-x-oc-1995-polartec-denali-NF0A84RN?color=O4X&utm_source=Hong+Kong+Aichen+Technology+Development+Co.,+Limited&utm_medium=affiliate&utm_campaign=affiliate&utm_content=ecomm&irclickid=&irgwc=1&afsrc=1",,,,no_price_found
northface,1995,B_2024_2026,202512,20251226211955,https://web.archive.org/web/20251226211955/https://www.thenorthface.com/en-us/p/shop-all/the-north-face-x-skims-829919/the-north-face-x-skims-1995-denali-fleece-jacket-NF0A82Z9,The North Face X SKIMS 1995 Denali Fleece Jacket | The North Face,225,USD,jsonld_offer_price
northface,1995,B_2024_2026,202601,20260112134209,https://web.archive.org/web/20260112134209/https://www.thenorthface.com/en-gb/p/women-211718/unisex-1995-casentino-denali-jacket-NF0A8FH2,,,,no_price_found
northface,1995,B_2024_2026,202602,20260218095040,https://web.archive.org/web/20260218095040/https://www.thenorthface.com/de-at/p/damen-211718/unisex-the-north-face-x-skims-1995-denali-fleecejacke-NF0A82Z9,Unisex The North Face X SKIMS 1995 Denali Fleecejacke | The North Face AT,225,EUR,jsonld_offer_price
northface,1995,B_2024_2026,202603,20260316092844,https://web.archive.org/web/20260316092844/https://www.thenorthface.com/de-ch/p/damen-211718/unisex-the-north-face-x-skims-1995-denali-fleece-hose-mit-geradem-bein-NF0A8JJG?color=I3S,,,,no_price_found
northface,1995,B_2024_2026,202604,20260419181518,https://web.archive.org/web/20260419181518/https://www.thenorthface.com/de-de/p/damen-211718/unisex-1995-casentino-denali-jacke-NF0A8FH2,Unisex 1995 Casentino Denali Jacke | The North Face DE,500,EUR,jsonld_offer_price
northface,1995,B_2024_2026,202605,20260521001645,https://web.archive.org/web/20260521001645/https://www.thenorthface.com/en-ie/p/women-211718/unisex-1995-casentino-denali-jacket-NF0A8FH2?color=682,,,,no_price_found
northface,1995,B_2024_2026,202606,20260613213213,https://web.archive.org/web/20260613213213/https://www.thenorthface.com/cs-cz/p/damska-211718/bunda-1995-casentino-denali-unisex-NF0A8FH2?color=682,Bunda 1995 Casentino Denali unisex | The North Face CZ,12990,CZK,jsonld_offer_price
northface,1992,A_2018_2020,201909,20190908104719,https://web.archive.org/web/20190908104719/https://www.thenorthface.com/shop/mens-1992-nuptse-jacket-nf0a2zwe-en-ca,MEN'S 1992 NUPTSE JACKET | Canada,,,no_price_found
northface,1992,A_2018_2020,201911,20191109111958,https://web.archive.org/web/20191109111958/https://www.thenorthface.com/shop/mens-1992-nuptse-jacket-nf0a2zwe,Men's 1992 Nuptse Jacket - The Return of a Classic | The North Face,249.00,,meta_product_price
northface,1992,B_2024_2026,202511,20251129001640,https://web.archive.org/web/20251129001640/https://www.thenorthface.com/en-gb/p/women-211718/women-s-1992-reversible-nuptse-jacket-NF0A831J,,,,no_price_found
northface,1992,B_2024_2026,202605,20260524024547,https://web.archive.org/web/20260524024547/https://www.thenorthface.com/en-gb/p/women-211718/women-s-1992-reversible-nuptse-jacket-NF0A831J?utm_content=Greater+Than+Limited&utm_medium=affiliate&utm_source=CJ&utm_campaign=AFFILIATES_ECOM_UK&CJEVENT=a2d4f0ce571a11f183f6026f0a82b82a,,,,no_price_found
northface,SLUG:mens-retro-nuptse-jacket,A_2018_2020,201809,20180920063048,https://web.archive.org/web/20180920063048/https://www.thenorthface.com/shop/mens-1996-retro-nuptse-jacket-nf0a3c8d,Men's 1996 Retro Nuptse Jacket | United States,249.00,,meta_product_price
northface,SLUG:mens-retro-nuptse-jacket,A_2018_2020,201812,20181220165312,https://web.archive.org/web/20181220165312/https://www.thenorthface.com/shop/mens-1996-retro-nuptse-jacket-nf0a3c8d?variationId=207,Men's 1996 Retro Nuptse Jacket | United States,249.00,,meta_product_price
northface,SLUG:mens-retro-nuptse-jacket,A_2018_2020,201901,20190115074149,https://web.archive.org/web/20190115074149/https://www.thenorthface.com/shop/mens-1996-retro-nuptse-jacket-nf0a3c8d,Men's 1996 Retro Nuptse Jacket | United States,249.00,,meta_product_price
northface,SLUG:mens-retro-nuptse-jacket,A_2018_2020,201902,20190206060606,https://web.archive.org/web/20190206060606/https://www.thenorthface.com/shop/mens-1996-retro-nuptse-jacket-nf0a3c8d,Men's 1996 Retro Nuptse Jacket | United States,249.00,,meta_product_price
northface,SLUG:mens-retro-nuptse-jacket,A_2018_2020,201903,20190306081636,https://web.archive.org/web/20190306081636/https://www.thenorthface.com/shop/mens-1996-retro-nuptse-jacket-nf0a3c8d,Men's 1996 Retro Nuptse Jacket | United States,249.00,,meta_product_price
northface,SLUG:mens-retro-nuptse-jacket,A_2018_2020,201904,20190403105910,https://web.archive.org/web/20190403105910/https://www.thenorthface.com/shop/mens-1996-retro-nuptse-jacket-nf0a3c8d,Men's 1996 Retro Nuptse Jacket | United States,249.00,,meta_product_price
northface,SLUG:mens-retro-nuptse-jacket,A_2018_2020,201905,20190505171134,https://web.archive.org/web/20190505171134/https://www.thenorthface.com/shop/mens-1996-retro-nuptse-jacket-nf0a3c8d,Men's 1996 Retro Nuptse Jacket | United States,249.00,,meta_product_price
northface,SLUG:mens-retro-nuptse-jacket,A_2018_2020,201907,20190724084647,https://web.archive.org/web/20190724084647/https://www.thenorthface.com/shop/mens-1996-retro-nuptse-jacket-nf0a3c8d,Men's 1996 Retro Nuptse Jacket | United States,249.00,,meta_product_price
northface,SLUG:mens-retro-nuptse-jacket,A_2018_2020,201908,20190821080232,https://web.archive.org/web/20190821080232/https://www.thenorthface.com/shop/mens-jackets-vests-insulated/mens-1996-retro-nuptse-jacket-nf0a3c8d?variationId=5NX,Men's 1996 Retro Nuptse Jacket | United States,249.00,,meta_product_price
northface,SLUG:mens-retro-nuptse-jacket,A_2018_2020,201909,20190902050418,https://web.archive.org/web/20190902050418/https://www.thenorthface.com/shop/mens-1996-retro-nuptse-jacket-nf0a3c8d,Men's 1996 Retro Nuptse Jacket | United States,249.00,,meta_product_price
northface,SLUG:mens-retro-nuptse-jacket,A_2018_2020,201910,20191006195209,https://web.archive.org/web/20191006195209/https://www.thenorthface.com/shop/mens-1996-retro-nuptse-jacket-nf0a3c8d,Men's 1996 Retro Nuptse Jacket | United States,249.00,,meta_product_price
northface,SLUG:mens-retro-nuptse-jacket,A_2018_2020,201911,20191104233738,https://web.archive.org/web/20191104233738/https://www.thenorthface.com/shop/mens-1996-retro-nuptse-jacket-nf0a3c8d,Men's 1996 Retro Nuptse Jacket | United States,249.00,,meta_product_price
northface,SLUG:mens-retro-nuptse-jacket,A_2018_2020,201912,20191205011501,https://web.archive.org/web/20191205011501/https://www.thenorthface.com/shop/mens-1996-retro-nuptse-jacket-nf0a3c8d,Men's 1996 Retro Nuptse Jacket | The North Face,249.00,,meta_product_price
northface,SLUG:mens-retro-nuptse-jacket,A_2018_2020,202001,20200102010455,https://web.archive.org/web/20200102010455/https://www.thenorthface.com/shop/mens-1996-retro-nuptse-jacket-nf0a3c8d,Men's 1996 Retro Nuptse Jacket | The North Face,249.00,,meta_product_price
northface,SLUG:mens-retro-nuptse-jacket,B_2024_2026,202502,20250222065938,https://web.archive.org/web/20250222065938/https://www.thenorthface.com/en-us/p/mens/mens-jackets-and-vests/mens-insulated-and-down-300771/mens-1996-retro-nuptse-jacket-NF0A3C8D,Men’s 1996 Retro Nuptse Jacket | The North Face,330,USD,jsonld_offer_price
northface,SLUG:mens-retro-nuptse-jacket,B_2024_2026,202503,20250326185043,https://web.archive.org/web/20250326185043/https://www.thenorthface.com/en-us/p/mens/mens-jackets-and-vests/mens-insulated-and-down-300771/mens-1996-retro-nuptse-jacket-NF0A3C8D,,,,no_price_found
northface,SLUG:mens-retro-nuptse-jacket,B_2024_2026,202504,20250405215856,https://web.archive.org/web/20250405215856/https://www.thenorthface.com/en-us/p/mens/mens-jackets-and-vests/mens-insulated-and-down-300771/mens-1996-retro-nuptse-jacket-NF0A3C8D,,,,no_price_found
northface,SLUG:mens-retro-nuptse-jacket,B_2024_2026,202505,20250516065648,https://web.archive.org/web/20250516065648/https://www.thenorthface.com/en-us/p/mens/mens-jackets-and-vests/mens-insulated-and-down-300771/mens-1996-retro-nuptse-jacket-NF0A3C8D?color=39F,Men’s 1996 Retro Nuptse Jacket | The North Face,131.98,USD,jsonld_offer_price
northface,SLUG:mens-retro-nuptse-jacket,B_2024_2026,202506,20250605192422,https://web.archive.org/web/20250605192422/https://www.thenorthface.com/en-us/p/mens/mens-jackets-and-vests/mens-insulated-and-down-300771/mens-1996-retro-nuptse-jacket-NF0A3C8D?color=38S&bc_pid=TkYwQTNDOERfNUVY&obem=_ZNyvzwPKdwe26GHZF_UgA==&bc_lcid=t5116041206554624lw5631381212618752li0,Men’s 1996 Retro Nuptse Jacket | The North Face,131.98,USD,jsonld_offer_price
northface,SLUG:mens-retro-nuptse-jacket,B_2024_2026,202507,20250725093819,https://web.archive.org/web/20250725093819/https://www.thenorthface.com/en-us/p/mens/mens-jackets-and-vests/mens-insulated-and-down-300771/mens-1996-retro-nuptse-jacket-NF0A3C8D,Men’s 1996 Retro Nuptse Jacket | The North Face,330,USD,jsonld_offer_price
northface,SLUG:mens-retro-nuptse-jacket,B_2024_2026,202508,20250813131926,https://web.archive.org/web/20250813131926/https://www.thenorthface.com/en-ca/p/mens/mens-jackets-and-vests/mens-insulated-and-down-300771/mens-1996-retro-nuptse-jacket-NF0A3C8D,Men’s 1996 Retro Nuptse Jacket | The North Face Canada,429.99,CAD,jsonld_offer_price
northface,SLUG:mens-retro-nuptse-jacket,B_2024_2026,202510,20251002221102,https://web.archive.org/web/20251002221102/https://www.thenorthface.com/en-us/p/mens/mens-jackets-and-vests/mens-insulated-and-down-300771/mens-1996-retro-nuptse-jacket-NF0A3C8D,Men’s 1996 Retro Nuptse Jacket | The North Face,330,USD,jsonld_offer_price
northface,SLUG:mens-retro-nuptse-jacket,B_2024_2026,202511,20251111135846,https://web.archive.org/web/20251111135846/https://www.thenorthface.com/en-us/p/mens/mens-jackets-and-vests/mens-insulated-and-down-300771/mens-1996-retro-nuptse-jacket-NF0A3C8D,Men’s 1996 Retro Nuptse Jacket | The North Face,330,USD,jsonld_offer_price
northface,SLUG:mens-retro-nuptse-jacket,B_2024_2026,202512,20251222075109,https://web.archive.org/web/20251222075109/https://www.thenorthface.com/en-ca/p/mens/mens-jackets-and-vests/mens-insulated-and-down-300771/mens-1996-retro-nuptse-jacket-NF0A3C8D,,,,no_price_found
northface,SLUG:mens-retro-nuptse-jacket,B_2024_2026,202601,20260122013222,https://web.archive.org/web/20260122013222/https://www.thenorthface.com/en-ca/p/mens/mens-jackets-and-vests/mens-insulated-and-down-300771/mens-1996-retro-nuptse-jacket-NF0A3C8D?color=DHO&fitType=Standard,Men’s 1996 Retro Nuptse Jacket | The North Face Canada,429.99,CAD,jsonld_offer_price
northface,SLUG:mens-retro-nuptse-jacket,B_2024_2026,202602,20260202012447,https://web.archive.org/web/20260202012447/https://www.thenorthface.com/en-us/p/mens/mens-jackets-and-vests/mens-insulated-and-down-300771/mens-1996-retro-nuptse-jacket-NF0A3C8D,,,,fetch_failed
northface,SLUG:mens-retro-nuptse-jacket,B_2024_2026,202603,20260314203851,https://web.archive.org/web/20260314203851/https://www.thenorthface.com/en-us/p/mens/mens-jackets-and-vests/mens-insulated-and-down-300771/mens-1996-retro-nuptse-jacket-NF0A3C8D,Men’s 1996 Retro Nuptse Jacket | The North Face,380,USD,jsonld_offer_price
northface,SLUG:mens-retro-nuptse-jacket,B_2024_2026,202604,20260412023124,https://web.archive.org/web/20260412023124/https://www.thenorthface.com/en-us/p/mens/mens-jackets-and-vests/mens-insulated-and-down-300771/mens-1996-retro-nuptse-jacket-NF0A3C8D,Men’s 1996 Retro Nuptse Jacket | The North Face,380,USD,jsonld_offer_price
northface,SLUG:mens-retro-nuptse-jacket,B_2024_2026,202605,20260513040556,https://web.archive.org/web/20260513040556/https://www.thenorthface.com/en-ca/p/mens/mens-jackets-and-vests/mens-insulated-and-down-300771/mens-1996-retro-nuptse-jacket-NF0A3C8D?color=JX7,Men’s 1996 Retro Nuptse Jacket | The North Face Canada,460,CAD,jsonld_offer_price
northface,SLUG:mens-retro-nuptse-jacket,B_2024_2026,202606,20260602001704,https://web.archive.org/web/20260602001704/https://www.thenorthface.com/en-us/p/mens/mens-jackets-and-vests/mens-insulated-and-down-300771/mens-1996-retro-nuptse-jacket-NF0A3C8D?color=JY7&fitType=Standard,,,,no_price_found
northface,SLUG:mens-retro-nuptse-jacket,B_2024_2026,202608,20260821091449,https://web.archive.org/web/20260821091449/https://www.thenorthface.com/en-us/p/mens/mens-jackets-and-vests/mens-insulated-and-down-300771/mens-1996-retro-nuptse-jacket-NF0A3C8D,,,,no_price_found
northface,SLUG:mens-retro-nuptse-jacket,B_2024_2026,202609,20260926082723,https://web.archive.org/web/20260926082723/https://www.thenorthface.com/en-us/p/mens/mens-jackets-and-vests/mens-insulated-and-down-300771/mens-1996-retro-nuptse-jacket-NF0A3C8D?color=JY7&fitType=Standard,,,,no_price_found
northface,SLUG:mens-retro-nuptse-vest,A_2018_2020,201809,20180920063109,https://web.archive.org/web/20180920063109/https://www.thenorthface.com/shop/mens-1996-retro-nuptse-vest-nf0a3jqq,Men's 1996 Retro Nuptse Vest | United States,179.00,,meta_product_price
northface,SLUG:mens-retro-nuptse-vest,A_2018_2020,201901,20190108003202,https://web.archive.org/web/20190108003202/https://www.thenorthface.com/shop/mens-auxiliary-new-arrivals/mens-1996-retro-nuptse-vest-nf0a3jqq,Men's 1996 Retro Nuptse Vest | United States,179.00,,meta_product_price
northface,SLUG:mens-retro-nuptse-vest,A_2018_2020,201904,20190429115520,https://web.archive.org/web/20190429115520/https://www.thenorthface.com/shop/mens-1996-retro-nuptse-vest-nf0a3jqq,Men's 1996 Retro Nuptse Vest | United States,179.00,,meta_product_price
northface,SLUG:mens-retro-nuptse-vest,A_2018_2020,201907,20190717144056,https://web.archive.org/web/20190717144056/https://www.thenorthface.com/shop/mens-1996-retro-nuptse-vest-nf0a3jqq,Men's 1996 Retro Nuptse Vest | United States,179.00,,meta_product_price
northface,SLUG:mens-retro-nuptse-vest,A_2018_2020,201908,20190820085332,https://web.archive.org/web/20190820085332/https://www.thenorthface.com/shop/mens-1996-retro-nuptse-vest-nf0a3jqq,Men's 1996 Retro Nuptse Vest | United States,179.00,,meta_product_price
northface,SLUG:mens-retro-nuptse-vest,A_2018_2020,201909,20190908105833,https://web.archive.org/web/20190908105833/https://www.thenorthface.com/shop/mens-1996-retro-nuptse-vest-nf0a3jqq,Men's 1996 Retro Nuptse Vest | United States,179.00,,meta_product_price
northface,SLUG:mens-retro-nuptse-vest,A_2018_2020,201910,20191006195354,https://web.archive.org/web/20191006195354/https://www.thenorthface.com/shop/mens-1996-retro-nuptse-vest-nf0a3jqq,,,,fetch_failed
northface,SLUG:mens-retro-nuptse-vest,A_2018_2020,201911,20191117104157,https://web.archive.org/web/20191117104157/https://www.thenorthface.com/shop/mens-1996-retro-nuptse-vest-nf0a3jqq,Men's 1996 Retro Nuptse Vest | United States,179.00,,meta_product_price
northface,SLUG:mens-retro-nuptse-vest,A_2018_2020,201912,20191212010501,https://web.archive.org/web/20191212010501/https://www.thenorthface.com/shop/mens-1996-retro-nuptse-vest-nf0a3jqq,Men's 1996 Retro Nuptse Vest | Free Shipping | The North Face,179.00,,meta_product_price
northface,SLUG:mens-retro-nuptse-vest,B_2024_2026,202502,20250222041041,https://web.archive.org/web/20250222041041/https://www.thenorthface.com/en-us/p/mens/mens-jackets-and-vests/mens-insulated-and-down-300771/mens-1996-retro-nuptse-vest-NF0A3JQQ,Men’s 1996 Retro Nuptse Vest | The North Face,230,USD,jsonld_offer_price
northface,SLUG:mens-retro-nuptse-vest,B_2024_2026,202504,20250404224233,https://web.archive.org/web/20250404224233/https://www.thenorthface.com/en-ca/p/mens/mens-jackets-and-vests/mens-insulated-and-down-300771/mens-1996-retro-nuptse-vest-NF0A3JQQ?color=ROU,,,,no_price_found
northface,SLUG:mens-retro-nuptse-vest,B_2024_2026,202507,20250714001214,https://web.archive.org/web/20250714001214/https://www.thenorthface.com/en-us/p/mens/mens-jackets-and-vests/mens-insulated-and-down-300771/mens-1996-retro-nuptse-vest-NF0A3JQQ,,,,no_price_found
northface,SLUG:mens-retro-nuptse-vest,B_2024_2026,202509,20250909162939,https://web.archive.org/web/20250909162939/https://www.thenorthface.com/en-us/p/mens/mens-jackets-and-vests/mens-insulated-and-down-300771/mens-1996-retro-nuptse-vest-NF0A3JQQ,,,,no_price_found
northface,SLUG:mens-retro-nuptse-vest,B_2024_2026,202510,20251024074333,https://web.archive.org/web/20251024074333/https://www.thenorthface.com/en-us/p/mens/mens-jackets-and-vests/mens-insulated-and-down-300771/mens-1996-retro-nuptse-vest-NF0A3JQQ?color=QBO,,,,fetch_failed
northface,SLUG:mens-retro-nuptse-vest,B_2024_2026,202511,20251108051028,https://web.archive.org/web/20251108051028/https://www.thenorthface.com/en-us/p/mens/mens-jackets-and-vests/mens-insulated-and-down-300771/mens-1996-retro-nuptse-vest-NF0A3JQQ,Men’s 1996 Retro Nuptse Vest | The North Face,230,USD,jsonld_offer_price
northface,SLUG:mens-retro-nuptse-vest,B_2024_2026,202512,20251206061704,https://web.archive.org/web/20251206061704/https://www.thenorthface.com/en-us/p/mens/mens-jackets-and-vests/mens-insulated-and-down-300771/mens-1996-retro-nuptse-vest-NF0A3JQQ,Men’s 1996 Retro Nuptse Vest | The North Face,230,USD,jsonld_offer_price
northface,SLUG:mens-retro-nuptse-vest,B_2024_2026,202601,20260114224427,https://web.archive.org/web/20260114224427/https://www.thenorthface.com/en-ca/p/mens/mens-jackets-and-vests/mens-insulated-and-down-300771/mens-1996-retro-nuptse-vest-NF0A3JQQ,Men’s 1996 Retro Nuptse Vest | The North Face Canada,330,CAD,jsonld_offer_price
northface,SLUG:mens-retro-nuptse-vest,B_2024_2026,202602,20260214173035,https://web.archive.org/web/20260214173035/https://www.thenorthface.com/en-us/p/mens/mens-jackets-and-vests/mens-insulated-and-down-300771/mens-1996-retro-nuptse-vest-NF0A3JQQ,Men’s 1996 Retro Nuptse Vest | The North Face,260,USD,jsonld_offer_price
northface,SLUG:mens-retro-nuptse-vest,B_2024_2026,202604,20260404043600,https://web.archive.org/web/20260404043600/https://www.thenorthface.com/en-us/p/mens/mens-jackets-and-vests/mens-insulated-and-down-300771/mens-1996-retro-nuptse-vest-NF0A3JQQ,Men’s 1996 Retro Nuptse Vest | The North Face,260,USD,jsonld_offer_price
northface,SLUG:womens-osito-jacket,A_2018_2020,201809,20180927213239,https://web.archive.org/web/20180927213239/https://www.thenorthface.com/shop/womens-osito-2-jacket,WOMEN’S OSITO 2 JACKET | United States,99.00,,meta_product_price
northface,SLUG:womens-osito-jacket,A_2018_2020,201810,20181001155340,https://web.archive.org/web/20181001155340/https://www.thenorthface.com/shop/womens-osito-2-jacket-c782-c1,WOMEN’S OSITO 2 JACKET | United States,59.40,,meta_product_price
northface,SLUG:womens-osito-jacket,A_2018_2020,201907,20190723005041,https://web.archive.org/web/20190723005041/https://www.thenorthface.com/shop/womens-jackets-vests-fleece/womens-osito-2-jacket?variationId=9LU,WOMEN’S OSITO 2 JACKET | United States,99.00,,meta_product_price
northface,SLUG:womens-osito-jacket,A_2018_2020,201908,20190826093204,https://web.archive.org/web/20190826093204/https://www.thenorthface.com/shop/womens-auxiliary-extended-sizes/womens-osito-2-jacket?variationId=JK3,WOMEN’S OSITO 2 JACKET | United States,99.00,,meta_product_price
northface,SLUG:womens-osito-jacket,A_2018_2020,201909,20190922143937,https://web.archive.org/web/20190922143937/https://www.thenorthface.com/shop/womens-auxiliary-new-arrivals/womens-osito-jacket-nf0a3xbd?variationId=H2G,Women’s Osito Jacket | United States,99.00,,meta_product_price
northface,SLUG:womens-osito-jacket,A_2018_2020,201910,20191021073910,https://web.archive.org/web/20191021073910/https://www.thenorthface.com/shop/womens-jackets-vests-fleece/womens-osito-2-jacket?variationId=1F7,WOMEN’S OSITO 2 JACKET | United States,99.00,,meta_product_price
northface,SLUG:womens-osito-jacket,A_2018_2020,201911,20191114222319,https://web.archive.org/web/20191114222319/https://www.thenorthface.com/shop/womens-auxiliary-extended-sizes/womens-osito-2-jacket?variationId=JK3,Women's Osito 2 Jacket | Free Shipping | The North Face,99.00,,meta_product_price
northface,SLUG:womens-osito-jacket,A_2018_2020,201912,20191207211613,https://web.archive.org/web/20191207211613/https://www.thenorthface.com/shop/womens-gifts-under-100/womens-osito-2-jacket?variationId=JK3,Women's Osito 2 Jacket | Free Shipping | The North Face,99.00,,meta_product_price
northface,SLUG:womens-osito-jacket,A_2018_2020,202001,20200102010243,https://web.archive.org/web/20200102010243/https://www.thenorthface.com/shop/womens-osito-jacket-nf0a3xbd,Women’s Osito Jacket | United States,99.00,,meta_product_price
northface,SLUG:womens-osito-jacket,B_2024_2026,202502,20250222183804,https://web.archive.org/web/20250222183804/https://www.thenorthface.com/en-us/p/womens/womens-fleece-299271/womens-osito-jacket-NF0A7UQJ?color=QLI,Women’s Osito Jacket | The North Face,100,USD,jsonld_offer_price
northface,SLUG:womens-osito-jacket,B_2024_2026,202504,20250415235219,https://web.archive.org/web/20250415235219/https://www.thenorthface.com/en-us/p/womens/womens-fleece-299271/womens-osito-jacket-NF0A7UQJ?color=QLI,,,,no_price_found
northface,SLUG:womens-osito-jacket,B_2024_2026,202507,20250707171945,https://web.archive.org/web/20250707171945/https://www.thenorthface.com/en-us/p/womens/womens-fleece-299271/womens-osito-jacket-NF0A7UQJ?color=4H0&size=L&fitType=Standard,Women’s Osito Jacket | The North Face,100,USD,jsonld_offer_price
northface,SLUG:womens-osito-jacket,B_2024_2026,202510,20251022181013,https://web.archive.org/web/20251022181013/https://www.thenorthface.com/en-us/p/womens/womens-fleece-299271/womens-osito-jacket-NF0A7UQJ?color=A91,,,,no_price_found
northface,SLUG:womens-osito-jacket,B_2024_2026,202511,20251102031759,https://web.archive.org/web/20251102031759/https://www.thenorthface.com/en-us/p/womens/womens-fleece-299271/womens-osito-jacket-NF0A7UQJ,,,,no_price_found
northface,SLUG:womens-osito-jacket,B_2024_2026,202512,20251213214454,https://web.archive.org/web/20251213214454/https://www.thenorthface.com/en-ca/p/womens/womens-fleece-299271/womens-osito-jacket-NF0A7UQJ,,,,no_price_found
northface,SLUG:womens-osito-jacket,B_2024_2026,202601,20260119043618,https://web.archive.org/web/20260119043618/https://www.thenorthface.com/en-us/p/womens/womens-fleece-299271/womens-osito-jacket-NF0A7UQJ?color=0UZ&fitType=Standard,,,,no_price_found
northface,SLUG:womens-osito-jacket,B_2024_2026,202602,20260219135921,https://web.archive.org/web/20260219135921/https://www.thenorthface.com/en-us/p/womens/womens-fleece-299271/womens-osito-jacket-NF0A7UQJ,Women’s Osito Jacket | The North Face,110,USD,jsonld_offer_price
northface,SLUG:womens-osito-jacket,B_2024_2026,202603,20260311043322,https://web.archive.org/web/20260311043322/https://www.thenorthface.com/en-us/p/womens/womens-fleece-299271/womens-osito-jacket-NF0A7UQJ?color=0SO,Women’s Osito Jacket | The North Face,110,USD,jsonld_offer_price
northface,SLUG:mens-thermoball-traction-booties,A_2018_2020,201904,20190403123732,https://web.archive.org/web/20190403123732/https://www.thenorthface.com/shop/mens-thermoball-traction-booties-nf0a3mkh,MEN'S THERMOBALL™ TRACTION BOOTIES | United States,60.00,,meta_product_price
northface,SLUG:mens-thermoball-traction-booties,A_2018_2020,201905,20190516190352,https://web.archive.org/web/20190516190352/https://www.thenorthface.com/shop/shoes-mens-sale/mens-thermoball-traction-booties-nf0a3mkh-c1,MEN'S THERMOBALL™ TRACTION BOOTIES | United States,,,no_price_found
northface,SLUG:mens-thermoball-traction-booties,A_2018_2020,201907,20190721050319,https://web.archive.org/web/20190721050319/https://www.thenorthface.com/shop/mens-thermoball-traction-booties-nf0a3mkh,MEN'S THERMOBALL™ TRACTION BOOTIES | United States,60.00,,meta_product_price
northface,SLUG:mens-thermoball-traction-booties,A_2018_2020,201908,20190822032323,https://web.archive.org/web/20190822032323/https://www.thenorthface.com/shop/mens-customer-favorites/mens-thermoball-traction-booties-nf0a3mkh?variationId=YXA,MEN'S THERMOBALL™ TRACTION BOOTIES | United States,60.00,,meta_product_price
northface,SLUG:mens-thermoball-traction-booties,A_2018_2020,201909,20190909124301,https://web.archive.org/web/20190909124301/https://www.thenorthface.com/shop/mens-thermoball-traction-booties-nf0a3mkh,MEN'S THERMOBALL™ TRACTION BOOTIES | United States,60.00,,meta_product_price
northface,SLUG:mens-thermoball-traction-booties,A_2018_2020,201910,20191023205311,https://web.archive.org/web/20191023205311/https://www.thenorthface.com/shop/mens-thermoball-traction-booties-nf0a3mkh-c1,MEN'S THERMOBALL™ TRACTION BOOTIES | United States,,,no_price_found
northface,SLUG:mens-thermoball-traction-booties,A_2018_2020,201911,20191117160524,https://web.archive.org/web/20191117160524/https://www.thenorthface.com/shop/mens-thermoball-traction-booties-nf0a3mkh,MEN'S THERMOBALL™ ECO TRACTION BOOTIES | United States,60.00,,meta_product_price
northface,SLUG:mens-thermoball-traction-booties,A_2018_2020,201912,20191206160633,https://web.archive.org/web/20191206160633/https://www.thenorthface.com/shop/mens-customer-favorites/mens-thermoball-traction-booties-nf0a3mkh?variationId=YXA,Men's Thermoball™ Eco Traction Booties | The North Face,60.00,,meta_product_price
northface,SLUG:mens-thermoball-traction-booties,B_2024_2026,202504,20250416065925,https://web.archive.org/web/20250416065925/https://www.thenorthface.com/en-us/p/shop-all/footwear-new-arrivals-829848/mens-thermoball-traction-booties-NF0A3MKH?color=411,Men’s THERMOBALL™ Traction Booties | The North Face,69,USD,jsonld_offer_price
northface,SLUG:mens-thermoball-traction-booties,B_2024_2026,202510,20251018103833,https://web.archive.org/web/20251018103833/https://www.thenorthface.com/en-us/p/shop-all/footwear-new-arrivals-829848/mens-thermoball-traction-booties-NF0A3MKH,Men’s THERMOBALL™ Traction Booties | The North Face,69,USD,jsonld_offer_price
northface,SLUG:mens-thermoball-traction-booties,B_2024_2026,202511,20251122120623,https://web.archive.org/web/20251122120623/https://www.thenorthface.com/en-us/p/shop-all/footwear-new-arrivals-829848/mens-thermoball-traction-booties-NF0A3MKH,,,,no_price_found
northface,SLUG:mens-thermoball-traction-booties,B_2024_2026,202512,20251211224928,https://web.archive.org/web/20251211224928/https://www.thenorthface.com/en-us/p/shop-all/footwear-new-arrivals-829848/mens-thermoball-traction-booties-NF0A3MKH,Men’s THERMOBALL™ Traction Booties | The North Face,69,USD,jsonld_offer_price
northface,SLUG:mens-thermoball-traction-booties,B_2024_2026,202601,20260119200817,https://web.archive.org/web/20260119200817/https://www.thenorthface.com/en-us/p/shop-all/footwear-new-arrivals-829848/mens-thermoball-traction-booties-NF0A3MKH?color=D0L&utm_content=ecomm&utm_medium=cpc&utm_source=google&utm_campaign=US+%7C+all+%7C+Hybrid+%7C+SHOP+-+AUT+~+All+NB+Trending+%26+Priority+Products+Cluster-+General+-+PMax+Shopping&utm_term=&gclsrc=aw.ds&gad_source=1&gad_campaignid=23032378946&gbraid=0AAAAADl87ia9jfkrxzGPMA6NABnG3d2xF&gclid=EAIaIQobChMIqLHDj8emkQMVMlhHAR0wRAT7EAQYCSABEgLrtfD_BwE,Men’s THERMOBALL™ Traction Booties | The North Face,69,USD,jsonld_offer_price
northface,SLUG:mens-thermoball-traction-booties,B_2024_2026,202602,20260228153457,https://web.archive.org/web/20260228153457/https://www.thenorthface.com/en-us/p/sale-829803/mens-thermoball-traction-booties-NF0A3MKH,Men’s THERMOBALL™ Traction Booties | The North Face,75,USD,jsonld_offer_price
northface,SLUG:mens-thermoball-traction-booties,B_2024_2026,202603,20260310121559,https://web.archive.org/web/20260310121559/https://www.thenorthface.com/en-us/p/sale-829803/mens-thermoball-traction-booties-NF0A3MKH?color=411,,,,fetch_failed
northface,SLUG:mens-thermoball-traction-booties,B_2024_2026,202604,20260419182324,https://web.archive.org/web/20260419182324/https://www.thenorthface.com/en-us/p/sale-829803/mens-thermoball-traction-booties-NF0A3MKH?color=411,Men’s THERMOBALL™ Traction Booties | The North Face,75,USD,jsonld_offer_price
northface,SLUG:mens-thermoball-traction-booties,B_2024_2026,202606,20260615075318,https://web.archive.org/web/20260615075318/https://www.thenorthface.com/en-us/p/sale-829803/mens-thermoball-traction-booties-NF0A3MKH?color=28F,,,,no_price_found
northface,SLUG:womens-retro-nuptse-vest,A_2018_2020,201809,20180920063027,https://web.archive.org/web/20180920063027/https://www.thenorthface.com/shop/womens-1996-retro-nuptse-vest-nf0a3jqr,WOMEN’S 1996 RETRO NUPTSE JACKET | United States,249.00,,meta_product_price
northface,SLUG:womens-retro-nuptse-vest,A_2018_2020,201810,20181004124622,https://web.archive.org/web/20181004124622/https://www.thenorthface.com/shop/womens-1996-retro-nuptse-vest-nf0a3jqr,WOMEN’S 1996 RETRO NUPTSE JACKET | United States,249.00,,meta_product_price
northface,SLUG:womens-retro-nuptse-vest,A_2018_2020,201901,20190102090217,https://web.archive.org/web/20190102090217/https://www.thenorthface.com/shop/womens-1996-retro-nuptse-vest-nf0a3jqr,WOMEN’S 1996 RETRO NUPTSE JACKET | United States,249.00,,meta_product_price
northface,SLUG:womens-retro-nuptse-vest,A_2018_2020,201905,20190527040608,https://web.archive.org/web/20190527040608/https://www.thenorthface.com/shop/womens-1996-retro-nuptse-vest-nf0a3jqr,WOMEN’S 1996 RETRO NUPTSE JACKET | United States,249.00,,meta_product_price
northface,SLUG:womens-retro-nuptse-vest,A_2018_2020,201907,20190719210419,https://web.archive.org/web/20190719210419/https://www.thenorthface.com/shop/womens-1996-retro-nuptse-vest-nf0a3jqr,WOMEN’S 1996 RETRO NUPTSE JACKET | United States,249.00,,meta_product_price
northface,SLUG:womens-retro-nuptse-vest,A_2018_2020,201908,20190822071354,https://web.archive.org/web/20190822071354/https://www.thenorthface.com/shop/womens-1996-retro-nuptse-vest-nf0a3jqr?variationId=682,WOMEN’S 1996 RETRO NUPTSE JACKET | United States,249.00,,meta_product_price
northface,SLUG:womens-retro-nuptse-vest,A_2018_2020,201909,20190915011820,https://web.archive.org/web/20190915011820/https://www.thenorthface.com/shop/womens-1996-retro-nuptse-vest-nf0a3jqr,WOMEN’S 1996 RETRO NUPTSE JACKET | United States,249.00,,meta_product_price
northface,SLUG:womens-retro-nuptse-vest,A_2018_2020,201910,20191022061008,https://web.archive.org/web/20191022061008/https://www.thenorthface.com/shop/womens-1996-retro-nuptse-vest-nf0a3jqr-c1,WOMEN’S 1996 RETRO NUPTSE JACKET | United States,149.40,,meta_product_price
northface,SLUG:womens-retro-nuptse-vest,A_2018_2020,201911,20191114145444,https://web.archive.org/web/20191114145444/https://www.thenorthface.com/shop/womens-1996-retro-nuptse-vest-nf0a3jqr,,,,fetch_failed
northface,SLUG:womens-retro-nuptse-vest,A_2018_2020,201912,20191210084244,https://web.archive.org/web/20191210084244/https://www.thenorthface.com/shop/womens-1996-retro-nuptse-vest-nf0a3jqs-c1,Women's 1996 Retro Nuptse Vest (Past Season) | The North Face,107.40,,meta_product_price
northface,SLUG:womens-retro-nuptse-vest,B_2024_2026,202506,20250612205948,https://web.archive.org/web/20250612205948/https://www.thenorthface.com/en-us/p/womens/womens-jackets-and-vests/womens-vests-299280/womens-1996-retro-nuptse-vest-NF0A3XEP,Women’s 1996 Retro Nuptse Vest | The North Face,230,USD,jsonld_offer_price
northface,SLUG:womens-retro-nuptse-vest,B_2024_2026,202507,20250714001215,https://web.archive.org/web/20250714001215/https://www.thenorthface.com/en-us/p/womens/womens-jackets-and-vests/womens-vests-299280/womens-1996-retro-nuptse-vest-NF0A3XEP,,,,no_price_found
northface,SLUG:womens-retro-nuptse-vest,B_2024_2026,202509,20250909162939,https://web.archive.org/web/20250909162939/https://www.thenorthface.com/en-us/p/womens/womens-jackets-and-vests/womens-vests-299280/womens-1996-retro-nuptse-vest-NF0A3XEP,,,,no_price_found
northface,SLUG:womens-retro-nuptse-vest,B_2024_2026,202511,20251116103846,https://web.archive.org/web/20251116103846/https://www.thenorthface.com/en-ca/p/womens/womens-jackets-and-vests/womens-vests-299280/womens-1996-retro-nuptse-vest-NF0A3XEP?color=NL1&size=XS,,,,no_price_found
northface,SLUG:womens-retro-nuptse-vest,B_2024_2026,202512,20251226135138,https://web.archive.org/web/20251226135138/https://www.thenorthface.com/en-ca/p/womens/womens-jackets-and-vests/womens-vests-299280/womens-1996-retro-nuptse-vest-NF0A3XEP,,,,no_price_found
northface,SLUG:womens-retro-nuptse-vest,B_2024_2026,202601,20260119043618,https://web.archive.org/web/20260119043618/https://www.thenorthface.com/en-us/p/womens/womens-jackets-and-vests/womens-vests-299280/womens-1996-retro-nuptse-vest-NF0A3XEP,,,,no_price_found
northface,SLUG:womens-retro-nuptse-vest,B_2024_2026,202604,20260404042317,https://web.archive.org/web/20260404042317/https://www.thenorthface.com/en-us/p/womens/womens-jackets-and-vests/womens-vests-299280/womens-1996-retro-nuptse-vest-NF0A3XEP,Women’s 1996 Retro Nuptse Vest | The North Face,260,USD,jsonld_offer_price
northface,SLUG:womens-retro-nuptse-vest,B_2024_2026,202605,20260521174334,https://web.archive.org/web/20260521174334/https://www.thenorthface.com/en-us/p/womens/womens-jackets-and-vests/womens-vests-299280/womens-1996-retro-nuptse-vest-NF0A3XEP,Women’s 1996 Retro Nuptse Vest | The North Face,260,USD,jsonld_offer_price
northface,SLUG:tnf-logo-box-cuffed-beanie,A_2018_2020,201810,20181006054628,https://web.archive.org/web/20181006054628/https://www.thenorthface.com/shop/tnf-logo-box-cuffed-beanie-nf0a3fjx,TNF™ Logo Box Cuffed Beanie | United States,28.00,,meta_product_price
northface,SLUG:tnf-logo-box-cuffed-beanie,A_2018_2020,201907,20190721084947,https://web.archive.org/web/20190721084947/https://www.thenorthface.com/shop/mens-accessories-hats-scarves/tnf-logo-box-cuffed-beanie-nf0a3fjx?variationId=AW2,TNF™ Logo Box Cuffed Beanie | United States,28.00,,meta_product_price
northface,SLUG:tnf-logo-box-cuffed-beanie,A_2018_2020,201908,20190823181941,https://web.archive.org/web/20190823181941/https://www.thenorthface.com/shop/mens-logo-apparel/tnf-logo-box-cuffed-beanie-nf0a3fjx?variationId=JK3,TNF™ Logo Box Cuffed Beanie | United States,28.00,,meta_product_price
northface,SLUG:tnf-logo-box-cuffed-beanie,A_2018_2020,201909,20190908130329,https://web.archive.org/web/20190908130329/https://www.thenorthface.com/shop/mens-accessories-hats-scarves/tnf-logo-box-cuffed-beanie-nf0a3fjx?variationId=11P,TNF™ Logo Box Cuffed Beanie | United States,28.00,,meta_product_price
northface,SLUG:tnf-logo-box-cuffed-beanie,A_2018_2020,201910,20191015015805,https://web.archive.org/web/20191015015805/https://www.thenorthface.com/shop/mens-logo-apparel/tnf-logo-box-cuffed-beanie-nf0a3fjx?variationId=JK3,TNF™ Logo Box Cuffed Beanie | United States,29.00,,meta_product_price
northface,SLUG:tnf-logo-box-cuffed-beanie,A_2018_2020,201911,20191122162927,https://web.archive.org/web/20191122162927/https://www.thenorthface.com/shop/mens-accessories/tnf-logo-box-cuffed-beanie-nf0a3fjx?variationId=682,TNF™ Logo Box Cuffed Beanie | United States,29.00,,meta_product_price
northface,SLUG:tnf-logo-box-cuffed-beanie,A_2018_2020,201912,20191209032426,https://web.archive.org/web/20191209032426/https://www.thenorthface.com/shop/mens-accessories-hats-scarves/tnf-logo-box-cuffed-beanie-nf0a3fjx?variationId=11P,TNF™ Logo Box Cuffed Beanie | The North Face,29.00,,meta_product_price
northface,SLUG:tnf-logo-box-cuffed-beanie,B_2024_2026,202503,20250323231427,https://web.archive.org/web/20250323231427/https://www.thenorthface.com/en-us/p/shop-all/beanies-829866/tnf-logo-box-cuffed-beanie-NF0A3FJX,TNF™ Logo Box Cuffed Beanie | The North Face,30,USD,jsonld_offer_price
northface,SLUG:tnf-logo-box-cuffed-beanie,B_2024_2026,202504,20250404003321,https://web.archive.org/web/20250404003321/https://www.thenorthface.com/en-us/p/shop-all/beanies-829866/tnf-logo-box-cuffed-beanie-NF0A3FJX?color=1NO,,,,no_price_found
northface,SLUG:tnf-logo-box-cuffed-beanie,B_2024_2026,202510,20251031011407,https://web.archive.org/web/20251031011407/https://www.thenorthface.com/en-gb/p/bags-and-equipment-211747/tnf-logo-box-cuffed-beanie-NF0A8CHE,,,,no_price_found
northface,SLUG:tnf-logo-box-cuffed-beanie,B_2024_2026,202511,20251116095925,https://web.archive.org/web/20251116095925/https://www.thenorthface.com/en-ca/p/shop-all/beanies-829866/tnf-logo-box-cuffed-beanie-NF0A3FJX?color=56P&size=OS&length=REG,TNF™ Logo Box Cuffed Beanie | The North Face Canada,34.99,CAD,jsonld_offer_price
northface,SLUG:tnf-logo-box-cuffed-beanie,B_2024_2026,202512,20251218004313,https://web.archive.org/web/20251218004313/https://www.thenorthface.com/en-gb/p/bags-and-equipment-211747/tnf-logo-box-cuffed-beanie-NF0A3FJX?color=8K2&CJEVENT=e831a3f9baf111f082db00df0a18b8fa,,,,no_price_found
northface,SLUG:tnf-logo-box-cuffed-beanie,B_2024_2026,202601,20260121063459,https://web.archive.org/web/20260121063459/https://www.thenorthface.com/en-ca/p/shop-all/accessories-500789/tnf-logo-box-cuffed-beanie-NF0A8CHE?color=JK3,TNF™ Logo Box Cuffed Beanie | The North Face Canada,30,CAD,jsonld_offer_price
northface,SLUG:tnf-logo-box-cuffed-beanie,B_2024_2026,202602,20260214232740,https://web.archive.org/web/20260214232740/https://www.thenorthface.com/en-se/p/bags-and-equipment-211747/tnf-logo-box-cuffed-beanie-NF0A8CHE?color=8K2,TNF Logo Box Cuffed Beanie | The North Face SE,209.4,SEK,jsonld_offer_price
northface,SLUG:tnf-logo-box-cuffed-beanie,B_2024_2026,202603,20260315143847,https://web.archive.org/web/20260315143847/https://www.thenorthface.com/en-ca/p/shop-all/accessories-500789/tnf-logo-box-cuffed-beanie-NF0A8CHE?color=DYY,TNF™ Logo Box Cuffed Beanie | The North Face Canada,40,CAD,jsonld_offer_price
northface,SLUG:tnf-logo-box-cuffed-beanie,B_2024_2026,202604,20260419014553,https://web.archive.org/web/20260419014553/https://www.thenorthface.com/en-dk/p/bags-and-equipment-211747/tnf-logo-box-cuffed-beanie-NF0A8CHE?color=D5M,TNF Logo Box Cuffed Beanie | The North Face DK,249,DKK,jsonld_offer_price
northface,SLUG:tnf-logo-box-cuffed-beanie,B_2024_2026,202606,20260602070734,https://web.archive.org/web/20260602070734/https://www.thenorthface.com/en-us/p/shop-all/accessories-500789/tnf-logo-box-cuffed-beanie-NF0A8CHE?color=EU9,,,,no_price_found
northface,SLUG:mens-thermoball-jacket,A_2018_2020,201810,20181030233601,https://web.archive.org/web/20181030233601/https://www.thenorthface.com/shop/mens-thermoball-jacket-nf0a3ktv,MEN’S THERMOBALL™ JACKET | United States,199.00,,meta_product_price
northface,SLUG:mens-thermoball-jacket,A_2018_2020,201903,20190327102226,https://web.archive.org/web/20190327102226/https://www.thenorthface.com/shop/mens-thermoball-jacket-nf0a3ktv,MEN’S THERMOBALL™ JACKET | United States,199.00,,meta_product_price
northface,SLUG:mens-thermoball-jacket,A_2018_2020,201904,20190403112011,https://web.archive.org/web/20190403112011/https://www.thenorthface.com/shop/mens-thermoball-jacket-nf0a3ktv,MEN’S THERMOBALL™ JACKET | United States,199.00,,meta_product_price
northface,SLUG:mens-thermoball-jacket,A_2018_2020,201905,20190505173801,https://web.archive.org/web/20190505173801/https://www.thenorthface.com/shop/mens-thermoball-jacket-nf0a3ktv,MEN’S THERMOBALL™ JACKET | United States,199.00,,meta_product_price
northface,SLUG:mens-thermoball-jacket,A_2018_2020,201906,20190602201612,https://web.archive.org/web/20190602201612/https://www.thenorthface.com/shop/mens-thermoball-jacket-nf0a3ktv,MEN’S THERMOBALL™ JACKET | United States,199.00,,meta_product_price
northface,SLUG:mens-thermoball-jacket,A_2018_2020,201907,20190719143059,https://web.archive.org/web/20190719143059/https://www.thenorthface.com/shop/mens-sale/mens-thermoball-jacket-nf0a3ktv-c1?variationId=XYM,MEN’S THERMOBALL™ JACKET | United States,119.40,,meta_product_price
northface,SLUG:mens-thermoball-jacket,A_2018_2020,201908,20190821031127,https://web.archive.org/web/20190821031127/https://www.thenorthface.com/shop/mens-jackets-vests-insulated/mens-thermoball-jacket-nf0a3ktv?variationId=BE5,MEN’S THERMOBALL™ JACKET | United States,,,no_price_found
northface,SLUG:mens-thermoball-jacket,A_2018_2020,201910,20191022190244,https://web.archive.org/web/20191022190244/https://www.thenorthface.com/shop/mens-sale/mens-thermoball-jacket-nf0a3ktv-c1?variationId=XYM,MEN’S THERMOBALL™ JACKET | United States,119.40,,meta_product_price
northface,SLUG:mens-thermoball-jacket,A_2018_2020,201912,20191212012626,https://web.archive.org/web/20191212012626/https://www.thenorthface.com/shop/mens-thermoball-jacket-nf0a3ktv-c1?variationId=9ME,,,,fetch_failed
northface,SLUG:mens-thermoball-jacket,B_2024_2026,202511,20251115184630,https://web.archive.org/web/20251115184630/https://www.thenorthface.com/en-us/p/mens/mens-jackets-and-vests/mens-insulated-and-down-300771/mens-thermoball-jacket-NF0A8D1P,Men’s THERMOBALL™ Jacket | The North Face,200,USD,jsonld_offer_price
northface,SLUG:mens-thermoball-jacket,B_2024_2026,202601,20260102180648,https://web.archive.org/web/20260102180648/https://www.thenorthface.com/en-ca/p/mens/mens-jackets-and-vests/mens-insulated-and-down-300771/mens-thermoball-jacket-NF0A8D1P,,,,no_price_found
northface,SLUG:mens-thermoball-jacket,B_2024_2026,202602,20260208052718,https://web.archive.org/web/20260208052718/https://www.thenorthface.com/en-us/p/mens/mens-jackets-and-vests/mens-insulated-and-down-300771/mens-thermoball-jacket-NF0A8D1P?color=JK3,Men’s THERMOBALL™ Jacket | The North Face,220,USD,jsonld_offer_price
northface,SLUG:mens-thermoball-jacket,B_2024_2026,202603,20260314195944,https://web.archive.org/web/20260314195944/https://www.thenorthface.com/en-us/p/mens/mens-jackets-and-vests/mens-insulated-and-down-300771/mens-thermoball-jacket-NF0A8D1P?color=BRI,Men’s THERMOBALL™ Jacket | The North Face,220,USD,jsonld_offer_price
northface,SLUG:mens-thermoball-jacket,B_2024_2026,202604,20260415082505,https://web.archive.org/web/20260415082505/https://www.thenorthface.com/en-us/p/mens/mens-jackets-and-vests/mens-insulated-and-down-300771/mens-thermoball-jacket-NF0A8D1P,Men’s THERMOBALL™ Jacket | The North Face,220,USD,jsonld_offer_price
northface,SLUG:mens-thermoball-jacket,B_2024_2026,202605,20260514223018,https://web.archive.org/web/20260514223018/https://www.thenorthface.com/en-ca/p/mens/mens-jackets-and-vests/mens-insulated-and-down-300771/mens-thermoball-jacket-NF0A8D1P?color=BRI,Men’s THERMOBALL™ Jacket | The North Face Canada,210,CAD,jsonld_offer_price
northface,SLUG:mens-thermoball-jacket,B_2024_2026,202606,20260607011929,https://web.archive.org/web/20260607011929/https://www.thenorthface.com/en-us/p/mens/mens-jackets-and-vests/mens-insulated-and-down-300771/mens-thermoball-jacket-NF0A8D1P,Men’s THERMOBALL™ Jacket | The North Face,154,USD,jsonld_offer_price
northface,SLUG:womens-thermoball-traction-booties,A_2018_2020,201804,20180401115900,https://web.archive.org/web/20180401115900/https://www.thenorthface.com/shop/womens-thermoball-traction-booties-nf0a331h,WOMEN'S THERMOBALL™ TRACTION BOOTIES | United States,,,no_price_found
northface,SLUG:womens-thermoball-traction-booties,A_2018_2020,201902,20190227231608,https://web.archive.org/web/20190227231608/https://www.thenorthface.com/shop/womens-thermoball-traction-booties-nf0a331h,WOMEN'S THERMOBALL™ TRACTION BOOTIES | United States,,,no_price_found
northface,SLUG:womens-thermoball-traction-booties,A_2018_2020,201907,20190717204142,https://web.archive.org/web/20190717204142/https://www.thenorthface.com/shop/womens-thermoball-traction-booties-nf0a331h,WOMEN'S THERMOBALL™ TRACTION BOOTIES | United States,60.00,,meta_product_price
northface,SLUG:womens-thermoball-traction-booties,A_2018_2020,201908,20190826092515,https://web.archive.org/web/20190826092515/https://www.thenorthface.com/shop/shoes-womens-lifestyle/womens-thermoball-traction-booties-nf0a331h?variationId=YWY,WOMEN'S THERMOBALL™ TRACTION BOOTIES | United States,60.00,,meta_product_price
northface,SLUG:womens-thermoball-traction-booties,A_2018_2020,201909,20190922163432,https://web.archive.org/web/20190922163432/https://www.thenorthface.com/shop/shoes-womens-lifestyle/womens-thermoball-traction-booties-nf0a331h?variationId=H24,WOMEN'S THERMOBALL™ TRACTION BOOTIES | United States,60.00,,meta_product_price
northface,SLUG:womens-thermoball-traction-booties,A_2018_2020,201911,20191120050435,https://web.archive.org/web/20191120050435/https://www.thenorthface.com/shop/shoes-womens-winter-boots/womens-thermoball-traction-booties-nf0a331h?variationId=H24,Women's Thermoball™ Eco Traction Booties | The North Face,60.00,,meta_product_price
northface,SLUG:womens-thermoball-traction-booties,A_2018_2020,201912,20191206223823,https://web.archive.org/web/20191206223823/https://www.thenorthface.com/shop/shoes-womens-lifestyle/womens-thermoball-traction-booties-nf0a331h?variationId=H49,,,,fetch_failed
northface,SLUG:womens-thermoball-traction-booties,B_2024_2026,202507,20250725233716,https://web.archive.org/web/20250725233716/https://www.thenorthface.com/en-us/p/womens/womens-footwear/womens-slippers-695281/womens-thermoball-traction-booties-NF0A331H,Women’s THERMOBALL™ Traction Booties | The North Face,69,USD,jsonld_offer_price
northface,SLUG:womens-thermoball-traction-booties,B_2024_2026,202511,20251119083857,https://web.archive.org/web/20251119083857/https://www.thenorthface.com/en-ca/p/womens/womens-footwear/womens-slippers-695281/womens-thermoball-traction-booties-NF0A331H,Women’s THERMOBALL™ Traction Booties | The North Face Canada,94.99,CAD,jsonld_offer_price
northface,SLUG:womens-thermoball-traction-booties,B_2024_2026,202512,20251207133307,https://web.archive.org/web/20251207133307/https://www.thenorthface.com/en-us/p/womens/womens-footwear/womens-slippers-695281/womens-thermoball-traction-booties-NF0A331H,Women’s THERMOBALL™ Traction Booties | The North Face,69,USD,jsonld_offer_price
northface,SLUG:womens-thermoball-traction-booties,B_2024_2026,202601,20260114162259,https://web.archive.org/web/20260114162259/https://www.thenorthface.com/en-ca/p/womens/womens-footwear/womens-slippers-695281/womens-thermoball-traction-booties-NF0A331H?color=KY4,Women’s THERMOBALL™ Traction Booties | The North Face Canada,100,CAD,jsonld_offer_price
northface,SLUG:womens-thermoball-traction-booties,B_2024_2026,202602,20260208054745,https://web.archive.org/web/20260208054745/https://www.thenorthface.com/en-ca/p/womens/womens-footwear/womens-slippers-695281/womens-thermoball-traction-booties-NF0A331H?color=Q4C&size=080,Women’s THERMOBALL™ Traction Booties | The North Face Canada,94.99,CAD,jsonld_offer_price
northface,SLUG:womens-thermoball-traction-booties,B_2024_2026,202603,20260313145038,https://web.archive.org/web/20260313145038/https://www.thenorthface.com/en-us/p/womens/womens-footwear/womens-slippers-695281/womens-thermoball-traction-booties-NF0A331H?color=KY4&utm_medium=paidsocial&utm_term=m_2p_prospecting_consideration_outdoor_collectionvideo-ffthermoball-offbody-6s&utm_source=snapchat&utm_campaign=fw25_ff&utm_content=ecomm&ScCid=f4042654-ca9b-4515-aa9d-db22575492e7&utm_id=44dc8c39-6908-4d4b-b353-564da4b7591b,Women’s THERMOBALL™ Traction Booties | The North Face,75,USD,jsonld_offer_price
northface,SLUG:womens-thermoball-traction-booties,B_2024_2026,202604,20260424210900,https://web.archive.org/web/20260424210900/https://www.thenorthface.com/en-us/p/womens/womens-footwear/womens-slippers-695281/womens-thermoball-traction-booties-NF0A331H,Women’s THERMOBALL™ Traction Booties | The North Face,75,USD,jsonld_offer_price
northface,SLUG:womens-thermoball-traction-booties,B_2024_2026,202605,20260531090246,https://web.archive.org/web/20260531090246/https://www.thenorthface.com/en-us/p/womens/womens-footwear/womens-slippers-695281/womens-thermoball-traction-booties-NF0A331H?color=KY4&utm_content=ecomm&utm_medium=cpc&utm_source=google&utm_campaign=US+|+all+|+Hybrid+|+SHOP+-+AUT+~+All+Br+Trending+%2526+Priority+Products+Cluster-+General+-+PMax+Shopping&utm_term=&gclsrc=aw.ds&gad_source=1&gad_campaignid=23036433013&gbraid=0AAAAADl87iYVSooe0pF3zEhekgMC4mnoZ&gclid=CjwKCAiAw9vIBhBBEiwAraSATpTmNU09sfwIebfWWHwQ2zkN7mwjuqi-Je9_i8qet5DVPs6GYcde5RoCwq4QAvD_BwE,Women’s THERMOBALL™ Traction Booties | The North Face,75,USD,jsonld_offer_price
northface,SLUG:mudder-trucker-hat,A_2018_2020,201907,20190720031422,https://web.archive.org/web/20190720031422/https://www.thenorthface.com/shop/mens-accessories-hats/mudder-trucker-hat-2,MUDDER TRUCKER | United States,28.00,,meta_product_price
northface,SLUG:mudder-trucker-hat,A_2018_2020,201908,20190824005525,https://web.archive.org/web/20190824005525/https://www.thenorthface.com/shop/mens-accessories-hats/mudder-trucker-hat-2?variationId=1UG,MUDDER TRUCKER | United States,28.00,,meta_product_price
northface,SLUG:mudder-trucker-hat,A_2018_2020,201909,20190908130248,https://web.archive.org/web/20190908130248/https://www.thenorthface.com/shop/mens-accessories-hats/mudder-trucker-hat-2?variationId=EV1,MUDDER TRUCKER | United States,29.00,,meta_product_price
northface,SLUG:mudder-trucker-hat,A_2018_2020,201910,20191017104547,https://web.archive.org/web/20191017104547/https://www.thenorthface.com/shop/mens-accessories-hats/mudder-trucker-hat-2?variationId=2RV,MUDDER TRUCKER | United States,29.00,,meta_product_price
northface,SLUG:mudder-trucker-hat,A_2018_2020,201911,20191116222538,https://web.archive.org/web/20191116222538/https://www.thenorthface.com/shop/mens-summer/mudder-trucker-hat-2?variationId=MQL,MUDDER TRUCKER | United States,29.00,,meta_product_price
northface,SLUG:mudder-trucker-hat,A_2018_2020,201912,20191206230700,https://web.archive.org/web/20191206230700/https://www.thenorthface.com/shop/mens-accessories-hats/mudder-trucker-hat-2?variationId=HR8,MUDDER TRUCKER | United States,29.00,,meta_product_price
northface,SLUG:mudder-trucker-hat,B_2024_2026,202511,20251102213251,https://web.archive.org/web/20251102213251/https://www.thenorthface.com/en-us/p/shop-all/accessories-500789/mudder-trucker-hat-NF0A5FXA?color=97O,Mudder Trucker Hat | The North Face,16,USD,jsonld_offer_price
northface,SLUG:mudder-trucker-hat,B_2024_2026,202512,20251215142142,https://web.archive.org/web/20251215142142/https://www.thenorthface.com/en-ca/p/shop-all/accessories-500789/mudder-trucker-hat-NF0A5FXA,,,,no_price_found
northface,SLUG:mudder-trucker-hat,B_2024_2026,202601,20260105183900,https://web.archive.org/web/20260105183900/https://www.thenorthface.com/en-us/p/shop-all/accessories-500789/mudder-trucker-hat-NF0A5FXA?color=E2V,Mudder Trucker Hat | The North Face,22,USD,jsonld_offer_price
northface,SLUG:mudder-trucker-hat,B_2024_2026,202602,20260209034443,https://web.archive.org/web/20260209034443/https://www.thenorthface.com/en-us/p/shop-all/accessories-500789/mudder-trucker-hat-NF0A5FXA,,,,no_price_found
northface,SLUG:mudder-trucker-hat,B_2024_2026,202603,20260316073603,https://web.archive.org/web/20260316073603/https://www.thenorthface.com/en-us/p/shop-all/accessories-500789/mudder-trucker-hat-NF0A5FXA?color=YW2&size=OS,Mudder Trucker Hat | The North Face,13,USD,jsonld_offer_price
northface,SLUG:mudder-trucker-hat,B_2024_2026,202604,20260418233539,https://web.archive.org/web/20260418233539/https://www.thenorthface.com/en-us/p/shop-all/accessories-500789/mudder-trucker-hat-NF0A5FXA?color=FCI&size=OS&irclickid=4c5d9ec4Na84c11f0ba0ad5c0e2253540&irgwc=1&afsrc=1,,,,no_price_found
northface,SLUG:mens-half-dome-pullover-hoodie,A_2018_2020,201907,20190718193329,https://web.archive.org/web/20190718193329/https://www.thenorthface.com/shop/mens-auxiliary-new-arrivals/mens-half-dome-pullover-hoodie-nf0a3fr1?variationId=GAZ,MEN'S HALF DOME PULLOVER HOODIE | United States,50.00,,meta_product_price
northface,SLUG:mens-half-dome-pullover-hoodie,A_2018_2020,201908,20190822071256,https://web.archive.org/web/20190822071256/https://www.thenorthface.com/shop/mens-auxiliary-new-arrivals/mens-half-dome-pullover-hoodie-nf0a3fr1?variationId=TSF,MEN'S HALF DOME PULLOVER HOODIE | United States,37.50,,meta_product_price
northface,SLUG:mens-half-dome-pullover-hoodie,A_2018_2020,201909,20190919233048,https://web.archive.org/web/20190919233048/https://www.thenorthface.com/shop/mens-half-dome-pullover-hoodie-nf0a3fr1,MEN'S HALF DOME PULLOVER HOODIE | United States,50.00,,meta_product_price
northface,SLUG:mens-half-dome-pullover-hoodie,A_2018_2020,201910,20191022061529,https://web.archive.org/web/20191022061529/https://www.thenorthface.com/shop/mens-auxiliary-new-arrivals/mens-half-dome-pullover-hoodie-nf0a3fr1?variationId=GAZ,MEN'S HALF DOME PULLOVER HOODIE | United States,50.00,,meta_product_price
northface,SLUG:mens-half-dome-pullover-hoodie,A_2018_2020,201911,20191120174845,https://web.archive.org/web/20191120174845/https://www.thenorthface.com/shop/mens-half-dome-pullover-hoodie-nf0a3fr1,MEN'S HALF DOME PULLOVER HOODIE | The North Face,50.00,,meta_product_price
northface,SLUG:mens-half-dome-pullover-hoodie,A_2018_2020,201912,20191206001459,https://web.archive.org/web/20191206001459/https://www.thenorthface.com/shop/mens-shirts-tops/mens-half-dome-pullover-hoodie-nf0a3fr1?variationId=G78,MEN'S HALF DOME PULLOVER HOODIE | United States,50.00,,meta_product_price
northface,SLUG:mens-half-dome-pullover-hoodie,B_2024_2026,202504,20250416023755,https://web.archive.org/web/20250416023755/https://www.thenorthface.com/en-us/p/mens/mens-tops/mens-hoodies-and-sweatshirts-224211/mens-half-dome-pullover-hoodie-NF0A7UNL?color=LA9,,,,no_price_found
northface,SLUG:mens-half-dome-pullover-hoodie,B_2024_2026,202505,20250515010653,https://web.archive.org/web/20250515010653/https://www.thenorthface.com/en-us/p/mens/mens-tops/mens-hoodies-and-sweatshirts-224211/mens-half-dome-pullover-hoodie-NF0A7UNL,,,,fetch_failed
northface,SLUG:mens-half-dome-pullover-hoodie,B_2024_2026,202510,20251017160900,https://web.archive.org/web/20251017160900/https://www.thenorthface.com/en-us/p/mens/mens-tops/mens-hoodies-and-sweatshirts-224211/mens-half-dome-pullover-hoodie-NF0A7UNL?color=6A6,Men’s Half Dome Pullover Hoodie | The North Face,36,USD,jsonld_offer_price
northface,SLUG:mens-half-dome-pullover-hoodie,B_2024_2026,202511,20251119080528,https://web.archive.org/web/20251119080528/https://www.thenorthface.com/en-us/p/mens/mens-tops/mens-hoodies-and-sweatshirts-224211/mens-half-dome-pullover-hoodie-NF0A7UNL?color=6M6&fitType=Standard,Men’s Half Dome Pullover Hoodie | The North Face,30,USD,jsonld_offer_price
northface,SLUG:mens-half-dome-pullover-hoodie,B_2024_2026,202603,20260314071845,https://web.archive.org/web/20260314071845/https://www.thenorthface.com/en-us/p/mens/mens-tops/mens-hoodies-and-sweatshirts-224211/mens-half-dome-pullover-hoodie-NF0A7UNL?color=6M6&fitType=Standard,,,,no_price_found
northface,SLUG:mens-half-dome-pullover-hoodie,B_2024_2026,202604,20260412012214,https://web.archive.org/web/20260412012214/https://www.thenorthface.com/en-us/p/mens/mens-tops/mens-hoodies-and-sweatshirts-224211/mens-half-dome-pullover-hoodie-NF0A7UNL?color=6A6,,,,no_price_found
northface,SLUG:womens-mountain-sweatshirt-pullover,A_2018_2020,201907,20190721084910,https://web.archive.org/web/20190721084910/https://www.thenorthface.com/shop/womens-shirts-tops-hoodies-sweatshirts/womens-mountain-sweatshirt-pullover-nf0a3sv2?variationId=9JR,Women’s Mountain Sweatshirt Pullover | United States,120.00,,meta_product_price
northface,SLUG:womens-mountain-sweatshirt-pullover,A_2018_2020,201908,20190824002614,https://web.archive.org/web/20190824002614/https://www.thenorthface.com/shop/womens-jackets-vests-fleece/womens-mountain-sweatshirt-pullover-nf0a3sv2?variationId=9JR,Women’s Mountain Sweatshirt Pullover | United States,120.00,,meta_product_price
northface,SLUG:womens-mountain-sweatshirt-pullover,A_2018_2020,201909,20190908143200,https://web.archive.org/web/20190908143200/https://www.thenorthface.com/shop/womens-activities-hiking/womens-mountain-sweatshirt-pullover-30-nf0a3ysl?variationId=21L,Women’s Mountain Sweatshirt Pullover 3.0 | United States,129.00,,meta_product_price
northface,SLUG:womens-mountain-sweatshirt-pullover,A_2018_2020,201910,20191015013044,https://web.archive.org/web/20191015013044/https://www.thenorthface.com/shop/womens-jackets-vests-fleece/womens-mountain-sweatshirt-pullover-nf0a3sv2?variationId=9JR,Women’s Mountain Sweatshirt Pullover | United States,120.00,,meta_product_price
northface,SLUG:womens-mountain-sweatshirt-pullover,A_2018_2020,201911,20191115083751,https://web.archive.org/web/20191115083751/https://www.thenorthface.com/shop/womens-shirts-tops/womens-mountain-sweatshirt-pullover-30-nf0a3ysl?variationId=H2G,Women’s Mountain Sweatshirt Pullover 3.0 | United States,129.00,,meta_product_price
northface,SLUG:womens-mountain-sweatshirt-pullover,A_2018_2020,201912,20191214164646,https://web.archive.org/web/20191214164646/https://www.thenorthface.com/shop/womens-activities-camping/womens-mountain-sweatshirt-pullover-30-nf0a3ysl?variationId=G53,Women's Mountain Sweatshirt Pullover 3.0 | The North Face,129.00,,meta_product_price
northface,SLUG:womens-mountain-sweatshirt-pullover,B_2024_2026,202507,20250722130918,https://web.archive.org/web/20250722130918/https://www.thenorthface.com/en-us/p/womens/womens-tops/womens-hoodies-and-sweatshirts-c224264/womens-mountain-sweatshirt-pullover-NF0A89WG,Women’s Mountain Sweatshirt Pullover | The North Face,150,USD,jsonld_offer_price
northface,SLUG:womens-mountain-sweatshirt-pullover,B_2024_2026,202510,20251027155721,https://web.archive.org/web/20251027155721/https://www.thenorthface.com/en-us/p/shop-all/hiking-347784/womens-mountain-sweatshirt-pullover-NF0A89WG?color=JK3,,,,no_price_found
northface,SLUG:womens-mountain-sweatshirt-pullover,B_2024_2026,202511,20251125200603,https://web.archive.org/web/20251125200603/https://www.thenorthface.com/en-us/p/womens/womens-tops/womens-hoodies-and-sweatshirts-224264/womens-mountain-sweatshirt-pullover-NF0A89WG,Women’s Mountain Sweatshirt Pullover | The North Face,75,USD,jsonld_offer_price
northface,SLUG:womens-mountain-sweatshirt-pullover,B_2024_2026,202512,20251226212349,https://web.archive.org/web/20251226212349/https://www.thenorthface.com/en-us/p/womens/womens-tops/womens-hoodies-and-sweatshirts-224264/womens-mountain-sweatshirt-pullover-NF0A89WG?color=JK3,Women’s Mountain Sweatshirt Pullover | The North Face,105,USD,jsonld_offer_price
northface,SLUG:womens-mountain-sweatshirt-pullover,B_2024_2026,202601,20260122043617,https://web.archive.org/web/20260122043617/https://www.thenorthface.com/en-ca/p/womens/womens-tops/womens-hoodies-and-sweatshirts-224264/womens-mountain-sweatshirt-pullover-NF0A89WG?color=JK3,Women’s Mountain Sweatshirt Pullover | The North Face Canada,139.99,CAD,jsonld_offer_price
northface,SLUG:womens-mountain-sweatshirt-pullover,B_2024_2026,202602,20260220130615,https://web.archive.org/web/20260220130615/https://www.thenorthface.com/en-us/p/womens/womens-tops/womens-hoodies-and-sweatshirts-224264/womens-mountain-sweatshirt-pullover-NF0A89WG,Women’s Mountain Sweatshirt Pullover | The North Face,59.98,USD,jsonld_offer_price
northface,SLUG:womens-mountain-sweatshirt-pullover,B_2024_2026,202603,20260311034413,https://web.archive.org/web/20260311034413/https://www.thenorthface.com/en-us/p/womens/womens-tops/womens-hoodies-and-sweatshirts-224264/womens-mountain-sweatshirt-pullover-NF0A89WG,Women’s Mountain Sweatshirt Pullover | The North Face,59.98,USD,jsonld_offer_price
northface,SLUG:womens-mountain-sweatshirt-pullover,B_2024_2026,202605,20260515035234,https://web.archive.org/web/20260515035234/https://www.thenorthface.com/en-us/p/womens/womens-tops/womens-hoodies-and-sweatshirts-224264/womens-mountain-sweatshirt-pullover-NF0A89WG?color=BOX,,,,no_price_found
northface,SLUG:womens-thermoball-jacket,A_2018_2020,201903,20190308084046,https://web.archive.org/web/20190308084046/https://www.thenorthface.com/shop/womens-thermoball-jacket-nf0a3ku3,WOMEN’S THERMOBALL™ JACKET | United States,199.00,,meta_product_price
northface,SLUG:womens-thermoball-jacket,A_2018_2020,201907,20190721191502,https://web.archive.org/web/20190721191502/https://www.thenorthface.com/shop/womens-jackets-vests-insulated/womens-thermoball-jacket-nf0a3ku3?variationId=XYN,WOMEN’S THERMOBALL™ JACKET | United States,,,no_price_found
northface,SLUG:womens-thermoball-jacket,A_2018_2020,201908,20190822073020,https://web.archive.org/web/20190822073020/https://www.thenorthface.com/shop/womens-auxiliary-new-arrivals/womens-thermoball-jacket-nf0a3ku3?variationId=8ED,WOMEN’S THERMOBALL™ JACKET | United States,,,no_price_found
northface,SLUG:womens-thermoball-jacket,A_2018_2020,201910,20191023181630,https://web.archive.org/web/20191023181630/https://www.thenorthface.com/shop/womens-thermoball-jacket-nf0a3ku3-c1,WOMEN’S THERMOBALL™ JACKET | United States,,,no_price_found
northface,SLUG:womens-thermoball-jacket,A_2018_2020,201911,20191122132853,https://web.archive.org/web/20191122132853/https://www.thenorthface.com/shop/womens-thermoball-jacket-nf0a3ku3,WOMEN’S THERMOBALL™ JACKET | United States,,,no_price_found
northface,SLUG:womens-thermoball-jacket,A_2018_2020,201912,20191216070936,https://web.archive.org/web/20191216070936/https://www.thenorthface.com/shop/womens-thermoball-jacket-nf0a3ku3-c1,WOMEN’S THERMOBALL™ JACKET | United States,119.40,,meta_product_price
northface,SLUG:womens-thermoball-jacket,B_2024_2026,202503,20250320005050,https://web.archive.org/web/20250320005050/https://www.thenorthface.com/en-us/p/womens/womens-jackets-and-vests/womens-insulated-and-down-299277/womens-thermoball-jacket-20-NF0A5GLD,,,,no_price_found
northface,SLUG:womens-thermoball-jacket,B_2024_2026,202504,20250410231945,https://web.archive.org/web/20250410231945/https://www.thenorthface.com/en-us/p/womens/womens-jackets-and-vests/womens-insulated-and-down-299277/womens-thermoball-jacket-20-NF0A5GLD?color=4H0,,,,no_price_found
northface,SLUG:womens-thermoball-jacket,B_2024_2026,202510,20251031181001,https://web.archive.org/web/20251031181001/https://www.thenorthface.com/en-us/p/womens/womens-jackets-and-vests/womens-puffer-jackets-829825/womens-thermoball-jacket-NF0A8D3S,Women’s THERMOBALL™ Jacket | The North Face,200,USD,jsonld_offer_price
northface,SLUG:womens-thermoball-jacket,B_2024_2026,202511,20251118134428,https://web.archive.org/web/20251118134428/https://www.thenorthface.com/en-us/p/womens/womens-jackets-and-vests/womens-puffer-jackets-829825/womens-thermoball-jacket-NF0A8D3S,Women’s THERMOBALL™ Jacket | The North Face,200,USD,jsonld_offer_price
northface,SLUG:womens-thermoball-jacket,B_2024_2026,202512,20251207133724,https://web.archive.org/web/20251207133724/https://www.thenorthface.com/en-us/p/womens/womens-jackets-and-vests/womens-puffer-jackets-829825/womens-thermoball-jacket-NF0A8D3S,,,,no_price_found
northface,SLUG:womens-thermoball-jacket,B_2024_2026,202601,20260112140424,https://web.archive.org/web/20260112140424/https://www.thenorthface.com/en-us/p/womens/womens-jackets-and-vests/womens-puffer-jackets-829825/womens-thermoball-jacket-NF0A8D3S,,,,no_price_found
northface,SLUG:womens-thermoball-jacket,B_2024_2026,202602,20260212121948,https://web.archive.org/web/20260212121948/https://www.thenorthface.com/en-us/p/womens/womens-jackets-and-vests/womens-puffer-jackets-829825/womens-thermoball-jacket-NF0A8D3S?color=JK3&fitType=Standard,Women’s THERMOBALL™ Jacket | The North Face,154,USD,jsonld_offer_price
northface,SLUG:womens-thermoball-jacket,B_2024_2026,202603,20260308000010,https://web.archive.org/web/20260308000010/https://www.thenorthface.com/en-us/p/womens/womens-jackets-and-vests/womens-puffer-jackets-829825/womens-thermoball-jacket-NF0A8D3S?color=G74,Women’s THERMOBALL™ Jacket | The North Face,220,USD,jsonld_offer_price
northface,SLUG:womens-thermoball-jacket,B_2024_2026,202606,20260602070901,https://web.archive.org/web/20260602070901/https://www.thenorthface.com/en-us/p/womens/womens-jackets-and-vests/womens-puffer-jackets-829825/womens-thermoball-jacket-NF0A8D3S,Women’s THERMOBALL™ Jacket | The North Face,165,USD,jsonld_offer_price
northface,SLUG:boys-reversible-perrito-jacket,A_2018_2020,201908,20190818005729,https://web.archive.org/web/20190818005729/https://www.thenorthface.com/shop/boys-reversible-perrito-jacket-nf0a3cq2,Boys' Reversible Perrito Jacket | United States,110.00,,meta_product_price
northface,SLUG:boys-reversible-perrito-jacket,A_2018_2020,201909,20190922162821,https://web.archive.org/web/20190922162821/https://www.thenorthface.com/shop/kids-boys-jackets-vests/boys-reversible-perrito-jacket-nf0a3cq2?variationId=15Q,Boys' Reversible Perrito Jacket | United States,110.00,,meta_product_price
northface,SLUG:boys-reversible-perrito-jacket,A_2018_2020,201910,20191023102206,https://web.archive.org/web/20191023102206/https://www.thenorthface.com/shop/boys-reversible-perrito-jacket-nf0a3cq2,Boys' Reversible Perrito Jacket | United States,110.00,,meta_product_price
northface,SLUG:boys-reversible-perrito-jacket,A_2018_2020,201911,20191122163338,https://web.archive.org/web/20191122163338/https://www.thenorthface.com/shop/kids-boys/boys-reversible-perrito-jacket-nf0a3cq2?variationId=N3P,Boys' Reversible Perrito Jacket | United States,110.00,,meta_product_price
northface,SLUG:boys-reversible-perrito-jacket,A_2018_2020,201912,20191206201857,https://web.archive.org/web/20191206201857/https://www.thenorthface.com/shop/boys-reversible-perrito-jacket-nf0a3cq2,Boys' Reversible Perrito Jacket | The North Face,110.00,,meta_product_price
northface,SLUG:boys-reversible-perrito-jacket,B_2024_2026,202510,20251026215423,https://web.archive.org/web/20251026215423/https://www.thenorthface.com/en-gb/p/kids-226125/boys-reversible-perrito-jacket-NF0A88TW?color=WOO,,,,no_price_found
northface,SLUG:boys-reversible-perrito-jacket,B_2024_2026,202511,20251116152859,https://web.archive.org/web/20251116152859/https://www.thenorthface.com/en-se/p/kids-226125/boys-reversible-perrito-jacket-NF0A88TW?color=WOO,,,,no_price_found
northface,SLUG:boys-reversible-perrito-jacket,B_2024_2026,202512,20251227124656,https://web.archive.org/web/20251227124656/https://www.thenorthface.com/en-gb/p/kids-226125/boys-reversible-perrito-jacket-NF0A88TW,Boys' Reversible Perrito Jacket | The North Face UK,90,GBP,jsonld_offer_price
northface,SLUG:boys-reversible-perrito-jacket,B_2024_2026,202601,20260119113935,https://web.archive.org/web/20260119113935/https://www.thenorthface.com/en-ie/p/kids-226125/boys-reversible-perrito-jacket-NF0A88TW,Boys' Reversible Perrito Jacket | The North Face IE,110,EUR,jsonld_offer_price
northface,SLUG:boys-reversible-perrito-jacket,B_2024_2026,202604,20260419020219,https://web.archive.org/web/20260419020219/https://www.thenorthface.com/en-dk/p/kids-226125/boys-reversible-perrito-jacket-NF0A88TW,Boys' Reversible Perrito Jacket | The North Face DK,849,DKK,jsonld_offer_price
northface,SLUG:girls-freedom-insulated-jacket,A_2018_2020,201907,20190715205012,https://web.archive.org/web/20190715205012/https://www.thenorthface.com/shop/girls-freedom-insulated-jacket-nf0a3nmd-c1?variationId=3XZ,Girls' Freedom Insulated Jacket | United States,98.00,,meta_product_price
northface,SLUG:girls-freedom-insulated-jacket,A_2018_2020,201908,20190818005349,https://web.archive.org/web/20190818005349/https://www.thenorthface.com/shop/girls-freedom-insulated-jacket-nf0a3nmd,Girls' Freedom Insulated Jacket | United States,140.00,,meta_product_price
northface,SLUG:girls-freedom-insulated-jacket,A_2018_2020,201909,20190919022549,https://web.archive.org/web/20190919022549/https://www.thenorthface.com/shop/girls-freedom-insulated-jacket-nf0a3nmd?variationId=D2Q,Girls' Freedom Insulated Jacket | United States,140.00,,meta_product_price
northface,SLUG:girls-freedom-insulated-jacket,A_2018_2020,201910,20191023074635,https://web.archive.org/web/20191023074635/https://www.thenorthface.com/shop/girls-freedom-insulated-jacket-nf0a3nmd,Girls' Freedom Insulated Jacket | United States,140.00,,meta_product_price
northface,SLUG:girls-freedom-insulated-jacket,A_2018_2020,201912,20191206201220,https://web.archive.org/web/20191206201220/https://www.thenorthface.com/shop/girls-freedom-insulated-jacket-nf0a3nmd,Girls' Freedom Insulated Jacket | United States,140.00,,meta_product_price
northface,SLUG:girls-freedom-insulated-jacket,B_2024_2026,202511,20251102215504,https://web.archive.org/web/20251102215504/https://www.thenorthface.com/en-us/p/kids/girls-apparel-211741/girls-freedom-insulated-jacket-NF0A88UG,Girls’ Freedom Insulated Jacket | The North Face,160,USD,jsonld_offer_price
northface,SLUG:girls-freedom-insulated-jacket,B_2024_2026,202512,20251201112041,https://web.archive.org/web/20251201112041/https://www.thenorthface.com/en-us/p/kids/girls-apparel-211741/girls-freedom-insulated-jacket-NF0A88UG?color=JK3,,,,no_price_found
northface,SLUG:girls-freedom-insulated-jacket,B_2024_2026,202604,20260413054120,https://web.archive.org/web/20260413054120/https://www.thenorthface.com/en-dk/p/kids-226125/girls-freedom-insulated-jacket-NF0A88UG?color=BQ1,Girls' Freedom Insulated Jacket | The North Face DK,839.3,DKK,jsonld_offer_price
northface,SLUG:girls-freedom-insulated-jacket,B_2024_2026,202605,20260510141741,https://web.archive.org/web/20260510141741/https://www.thenorthface.com/en-dk/p/kids-226125/girls-freedom-insulated-jacket-NF0A88UG,Girls' Freedom Insulated Jacket | The North Face DK,1199,DKK,jsonld_offer_price
northface,SLUG:girls-freedom-insulated-jacket,B_2024_2026,202607,20260710082937,https://web.archive.org/web/20260710082937/https://www.thenorthface.com/en-gb/p/kids-226125/girls-freedom-insulated-jacket-NF0A88UG?color=NL1,Girls' Freedom Insulated Jacket | The North Face UK,135,GBP,jsonld_offer_price
northface,SLUG:horizon-breeze-brimmer-hat,A_2018_2020,201907,20190717192043,https://web.archive.org/web/20190717192043/https://www.thenorthface.com/shop/mens-accessories-hats/horizon-breeze-brimmer-hat-cf7t?variationId=254,HORIZON BREEZE BRIMMER HAT | United States,35.00,,meta_product_price
northface,SLUG:horizon-breeze-brimmer-hat,A_2018_2020,201908,20190821113658,https://web.archive.org/web/20190821113658/https://www.thenorthface.com/shop/horizon-breeze-brimmer-hat-cf7t,HORIZON BREEZE BRIMMER HAT | United States,35.00,,meta_product_price
northface,SLUG:horizon-breeze-brimmer-hat,A_2018_2020,201909,20190918162056,https://web.archive.org/web/20190918162056/https://www.thenorthface.com/shop/mens-accessories-hats/horizon-breeze-brimmer-hat-cf7t?variationId=254,HORIZON BREEZE BRIMMER HAT | United States,35.00,,meta_product_price
northface,SLUG:horizon-breeze-brimmer-hat,A_2018_2020,201910,20191020113444,https://web.archive.org/web/20191020113444/https://www.thenorthface.com/shop/horizon-breeze-brimmer-hat-cf7t,HORIZON BREEZE BRIMMER HAT | United States,35.00,,meta_product_price
northface,SLUG:horizon-breeze-brimmer-hat,A_2018_2020,201911,20191119034828,https://web.archive.org/web/20191119034828/https://www.thenorthface.com/shop/mens-accessories-hats/horizon-breeze-brimmer-hat-cf7t?variationId=254,HORIZON BREEZE BRIMMER HAT | United States,35.00,,meta_product_price
northface,SLUG:horizon-breeze-brimmer-hat,B_2024_2026,202504,20250416141528,https://web.archive.org/web/20250416141528/https://www.thenorthface.com/en-us/p/shop-all/brimmer-and-bucket-hats-554777/horizon-breeze-brimmer-hat-NF0A5FX6?color=926,,,,no_price_found
northface,SLUG:horizon-breeze-brimmer-hat,B_2024_2026,202506,20250621144437,https://web.archive.org/web/20250621144437/https://www.thenorthface.com/en-us/p/shop-all/brimmer-and-bucket-hats-554777/horizon-breeze-brimmer-hat-NF0A5FX6,Horizon Breeze Brimmer Hat | The North Face,45,USD,jsonld_offer_price
northface,SLUG:horizon-breeze-brimmer-hat,B_2024_2026,202508,20250806202219,https://web.archive.org/web/20250806202219/https://www.thenorthface.com/en-us/p/shop-all/brimmer-and-bucket-hats-554777/horizon-breeze-brimmer-hat-NF0A5FX6,Horizon Breeze Brimmer Hat | The North Face,45,USD,jsonld_offer_price
northface,SLUG:horizon-breeze-brimmer-hat,B_2024_2026,202511,20251102215525,https://web.archive.org/web/20251102215525/https://www.thenorthface.com/en-us/p/shop-all/brimmer-and-bucket-hats-554777/horizon-breeze-brimmer-hat-NF0A5FX6,Horizon Breeze Brimmer Hat | The North Face,45,USD,jsonld_offer_price
northface,SLUG:horizon-breeze-brimmer-hat,B_2024_2026,202512,20251212144143,https://web.archive.org/web/20251212144143/https://www.thenorthface.com/en-ca/p/shop-all/brimmer-and-bucket-hats-554777/horizon-breeze-brimmer-hat-NF0A5FX6,,,,no_price_found
northface,SLUG:horizon-breeze-brimmer-hat,B_2024_2026,202601,20260116024804,https://web.archive.org/web/20260116024804/https://www.thenorthface.com/en-ca/p/shop-all/brimmer-and-bucket-hats-554777/horizon-breeze-brimmer-hat-NF0A5FX6?color=79L,Horizon Breeze Brimmer Hat | The North Face Canada,49,CAD,jsonld_offer_price
northface,SLUG:horizon-breeze-brimmer-hat,B_2024_2026,202602,20260208012939,https://web.archive.org/web/20260208012939/https://www.thenorthface.com/en-us/p/shop-all/brimmer-and-bucket-hats-554777/horizon-breeze-brimmer-hat-NF0A5FX6,,,,no_price_found
northface,SLUG:horizon-breeze-brimmer-hat,B_2024_2026,202603,20260322051940,https://web.archive.org/web/20260322051940/https://www.thenorthface.com/en-us/p/shop-all/accessories/brimmer-and-bucket-hats-554777/horizon-breeze-brimmer-hat-NF0A5FX6,Horizon Breeze Brimmer Hat | The North Face,50,USD,jsonld_offer_price
northface,SLUG:horizon-breeze-brimmer-hat,B_2024_2026,202604,20260412085358,https://web.archive.org/web/20260412085358/https://www.thenorthface.com/en-dk/p/women/accessories/caps-and-hats-374282/horizon-breeze-brimmer-hat-NF0A5FX6?color=78S,Horizon Breeze Brimmer Hat | The North Face DK,349,DKK,jsonld_offer_price
northface,SLUG:horizon-breeze-brimmer-hat,B_2024_2026,202605,20260521055234,https://web.archive.org/web/20260521055234/https://www.thenorthface.com/en-dk/p/women/accessories/caps-and-hats-374282/horizon-breeze-brimmer-hat-NF0A5FX6,Horizon Breeze Brimmer Hat | The North Face DK,349,DKK,jsonld_offer_price
northface,SLUG:horizon-breeze-brimmer-hat,B_2024_2026,202606,20260602165855,https://web.archive.org/web/20260602165855/https://www.thenorthface.com/en-us/p/shop-all/accessories/brimmer-and-bucket-hats-554777/horizon-breeze-brimmer-hat-NF0A5FX6?color=JK3,,,,no_price_found
northface,SLUG:horizon-breeze-brimmer-hat,B_2024_2026,202607,20260716184209,https://web.archive.org/web/20260716184209/https://www.thenorthface.com/en-us/p/shop-all/accessories/brimmer-and-bucket-hats-554777/horizon-breeze-brimmer-hat-NF0A5FX6,,,,no_price_found
northface,SLUG:mens-retro-denali-jacket,A_2018_2020,201908,20190819232108,https://web.archive.org/web/20190819232108/https://www.thenorthface.com/shop/mens-95-retro-denali-jacket-nf0a3xcd,Men’s ’95 Retro Denali Jacket | United States,199.00,,meta_product_price
northface,SLUG:mens-retro-denali-jacket,A_2018_2020,201909,20190902050427,https://web.archive.org/web/20190902050427/https://www.thenorthface.com/shop/mens-95-retro-denali-jacket-nf0a3xcd,Men’s ’95 Retro Denali Jacket | United States,199.00,,meta_product_price
northface,SLUG:mens-retro-denali-jacket,A_2018_2020,201910,20191006195240,https://web.archive.org/web/20191006195240/https://www.thenorthface.com/shop/mens-95-retro-denali-jacket-nf0a3xcd,Men’s ’95 Retro Denali Jacket | United States,199.00,,meta_product_price
northface,SLUG:mens-retro-denali-jacket,A_2018_2020,201911,20191113132239,https://web.archive.org/web/20191113132239/https://www.thenorthface.com/shop/mens-95-retro-denali-jacket-nf0a3xcd?variationId=682,Men’s ’95 Retro Denali Jacket | United States,199.00,,meta_product_price
northface,SLUG:mens-retro-denali-jacket,A_2018_2020,201912,20191214001941,https://web.archive.org/web/20191214001941/https://www.thenorthface.com/shop/mens-95-retro-denali-jacket-nf0a3xcd,Men's '95 Retro Denali Jacket | Free Shipping | The North Face,199.00,,meta_product_price
northface,SLUG:mens-retro-denali-jacket,B_2024_2026,202504,20250406060636,https://web.archive.org/web/20250406060636/https://www.thenorthface.com/en-us/p/mens/mens-fleece/mens-fleece-full-zip-829791/mens-retro-denali-jacket-NF0A88XH,Men’s Retro Denali Jacket | The North Face,180,USD,jsonld_offer_price
northface,SLUG:mens-retro-denali-jacket,B_2024_2026,202507,20250726044811,https://web.archive.org/web/20250726044811/https://www.thenorthface.com/en-us/p/mens/mens-fleece/mens-fleece-full-zip-829791/mens-retro-denali-jacket-NF0A88XH,Men’s Retro Denali Jacket | The North Face,180,USD,jsonld_offer_price
northface,SLUG:mens-retro-denali-jacket,B_2024_2026,202508,20250830044147,https://web.archive.org/web/20250830044147/https://www.thenorthface.com/en-us/p/mens/mens-fleece/mens-fleece-full-zip-829791/mens-retro-denali-jacket-NF0A88XH,Men’s Retro Denali Jacket | The North Face,180,USD,jsonld_offer_price
northface,SLUG:mens-retro-denali-jacket,B_2024_2026,202510,20251003150911,https://web.archive.org/web/20251003150911/https://www.thenorthface.com/en-us/p/mens/mens-fleece/mens-fleece-full-zip-829791/mens-retro-denali-jacket-NF0A88XH,Men’s Retro Denali Jacket | The North Face,180,USD,jsonld_offer_price
northface,SLUG:mens-retro-denali-jacket,B_2024_2026,202511,20251102205344,https://web.archive.org/web/20251102205344/https://www.thenorthface.com/en-us/p/mens/mens-fleece/mens-fleece-full-zip-829791/mens-retro-denali-jacket-NF0A88XH?color=DHO,Men’s Retro Denali Jacket | The North Face,180,USD,jsonld_offer_price
northface,SLUG:mens-retro-denali-jacket,B_2024_2026,202512,20251208132028,https://web.archive.org/web/20251208132028/https://www.thenorthface.com/en-ca/p/mens/mens-fleece/mens-fleece-full-zip-829791/mens-retro-denali-jacket-NF0A88XH?color=JK3&fitType=Standard,Men’s Retro Denali Jacket | The North Face Canada,239.99,CAD,jsonld_offer_price
northface,SLUG:mens-retro-denali-jacket,B_2024_2026,202601,20260118133026,https://web.archive.org/web/20260118133026/https://www.thenorthface.com/en-ca/p/mens/mens-fleece/mens-fleece-full-zip-829791/mens-retro-denali-jacket-NF0A88XH,Men’s Retro Denali Jacket | The North Face Canada,250,CAD,jsonld_offer_price
northface,SLUG:mens-retro-denali-jacket,B_2024_2026,202602,20260219135813,https://web.archive.org/web/20260219135813/https://www.thenorthface.com/en-us/p/mens/mens-fleece/mens-fleece-full-zip-829791/mens-retro-denali-jacket-NF0A88XH,,,,fetch_failed
northface,SLUG:mens-retro-denali-jacket,B_2024_2026,202603,20260306141002,https://web.archive.org/web/20260306141002/https://www.thenorthface.com/en-us/p/mens/mens-fleece/mens-fleece-full-zip-829791/mens-retro-denali-jacket-NF0A88XH?color=DIW,Men’s Retro Denali Jacket | The North Face,200,USD,jsonld_offer_price
northface,SLUG:mens-retro-denali-jacket,B_2024_2026,202606,20260611231737,https://web.archive.org/web/20260611231737/https://www.thenorthface.com/en-ca/p/mens/mens-fleece/mens-fleece-full-zip-829791/mens-retro-denali-jacket-NF0A88XH?color=JX7,Men’s Retro Denali Jacket | The North Face Canada,250,CAD,jsonld_offer_price
northface,SLUG:mens-retro-denali-jacket,B_2024_2026,202609,20260905110707,https://web.archive.org/web/20260905110707/https://www.thenorthface.com/en-us/p/mens/mens-fleece/mens-fleece-full-zip-829791/mens-retro-denali-jacket-NF0A88XH?color=JY7&fitType=Standard,,,,no_price_found
northface,SLUG:mens-sprag-pocket-pants,A_2018_2020,201907,20190718193302,https://web.archive.org/web/20190718193302/https://www.thenorthface.com/shop/mens-auxiliary-new-arrivals/mens-sprag-5-pocket-pants-nf0a3be3?variationId=0C5,MEN'S SPRAG 5-POCKET PANTS | United States,70.00,,meta_product_price
northface,SLUG:mens-sprag-pocket-pants,A_2018_2020,201908,20190822031956,https://web.archive.org/web/20190822031956/https://www.thenorthface.com/shop/mens-customer-favorites/mens-sprag-5-pocket-pants-nf0a3be3?variationId=ZBV,MEN'S SPRAG 5-POCKET PANTS | United States,70.00,,meta_product_price
northface,SLUG:mens-sprag-pocket-pants,A_2018_2020,201909,20190922163558,https://web.archive.org/web/20190922163558/https://www.thenorthface.com/shop/mens-activities-camping/mens-sprag-5-pocket-pants-nf0a3be3?variationId=ZBV,MEN'S SPRAG 5-POCKET PANTS | United States,70.00,,meta_product_price
northface,SLUG:mens-sprag-pocket-pants,A_2018_2020,201910,20191017104714,https://web.archive.org/web/20191017104714/https://www.thenorthface.com/shop/mens-pants-shorts/mens-sprag-5-pocket-pants-nf0a3be3?variationId=ZBV,MEN'S SPRAG 5-POCKET PANTS | United States,70.00,,meta_product_price
northface,SLUG:mens-sprag-pocket-pants,A_2018_2020,201912,20191214153856,https://web.archive.org/web/20191214153856/https://www.thenorthface.com/shop/mens-activities-camping/mens-sprag-5-pocket-pants-nf0a3be3?variationId=ZBV,Men's Sprag 5-Pocket Pants | Free Shipping | The North Face,70.00,,meta_product_price
northface,SLUG:mens-sprag-pocket-pants,B_2024_2026,202510,20251017160808,https://web.archive.org/web/20251017160808/https://www.thenorthface.com/en-us/p/mens/mens-bottoms/mens-pants-224219/mens-sprag-5-pocket-pants-NF0A5J96,Men’s Sprag 5-Pocket Pants | The North Face,80,USD,jsonld_offer_price
northface,SLUG:mens-sprag-pocket-pants,B_2024_2026,202511,20251113220737,https://web.archive.org/web/20251113220737/https://www.thenorthface.com/en-us/p/mens/mens-bottoms/mens-pants-224219/mens-sprag-5-pocket-pants-NF0A5J96,,,,no_price_found
northface,SLUG:mens-sprag-pocket-pants,B_2024_2026,202512,20251202215748,https://web.archive.org/web/20251202215748/https://www.thenorthface.com/en-us/p/mens/mens-bottoms/mens-pants-224219/mens-sprag-5-pocket-pants-NF0A5J96?color=4FS,,,,no_price_found
northface,SLUG:mens-sprag-pocket-pants,B_2024_2026,202602,20260213162729,https://web.archive.org/web/20260213162729/https://www.thenorthface.com/en-ca/p/mens/mens-bottoms/mens-pants-224219/mens-sprag-5-pocket-pants-NF0A5J96,Men’s Sprag 5-Pocket Pants | The North Face Canada,90,CAD,jsonld_offer_price
northface,SLUG:mens-sprag-pocket-pants,B_2024_2026,202604,20260402065135,https://web.archive.org/web/20260402065135/https://www.thenorthface.com/en-us/p/mens/mens-bottoms/mens-pants-224219/mens-sprag-5-pocket-pants-NF0A5J96?color=4FS,Men’s Sprag 5-Pocket Pants | The North Face,31.98,USD,jsonld_offer_price
northface,SLUG:mens-venture-jacket,A_2018_2020,201801,20180101134534,https://web.archive.org/web/20180101134534/https://www.thenorthface.com/shop/mens-venture-2-jacket-nf0a2vd3,MEN'S VENTURE 2 JACKET | United States,99.00,,meta_product_price
northface,SLUG:mens-venture-jacket,A_2018_2020,201809,20180919164958,https://web.archive.org/web/20180919164958/https://www.thenorthface.com/shop/mens-venture-2-jacket-nf0a2vd3,Men's Venture 2 Jacket | Waterproof Rain Jacket | The North Face,99.00,,meta_product_price
northface,SLUG:mens-venture-jacket,A_2018_2020,201901,20190108233100,https://web.archive.org/web/20190108233100/https://www.thenorthface.com/shop/mens-venture-jacket-3-a8ar-c1,MEN'S VENTURE JACKET | United States,58.99,,meta_product_price
northface,SLUG:mens-venture-jacket,A_2018_2020,201907,20190720033653,https://web.archive.org/web/20190720033653/https://www.thenorthface.com/shop/mens-activities-hiking/mens-venture-2-jacket-nf0a2vd3,MEN'S VENTURE 2 JACKET | United States,99.00,,meta_product_price
northface,SLUG:mens-venture-jacket,A_2018_2020,201908,20190820074035,https://web.archive.org/web/20190820074035/https://www.thenorthface.com/shop/mens-auxiliary-extended-sizes/mens-venture-2-jacket-nf0a2vd3?variationId=N3P,MEN'S VENTURE 2 JACKET | United States,99.00,,meta_product_price
northface,SLUG:mens-venture-jacket,A_2018_2020,201909,20190917211709,https://web.archive.org/web/20190917211709/https://www.thenorthface.com/shop/mens-activities-hiking/mens-venture-2-jacket-nf0a2vd3?variationId=BQW,MEN'S VENTURE 2 JACKET | United States,99.00,,meta_product_price
northface,SLUG:mens-venture-jacket,A_2018_2020,201910,20191015135747,https://web.archive.org/web/20191015135747/https://www.thenorthface.com/shop/mens-auxiliary-extended-sizes/mens-venture-2-jacket-nf0a2vd3?variationId=N3P,MEN'S VENTURE 2 JACKET | United States,99.00,,meta_product_price
northface,SLUG:mens-venture-jacket,A_2018_2020,201911,20191116222200,https://web.archive.org/web/20191116222200/https://www.thenorthface.com/shop/mens-activities-skiing-snowboarding/mens-venture-2-jacket-nf0a2vd3?variationId=CTE,MEN'S VENTURE 2 JACKET | United States,99.00,,meta_product_price
northface,SLUG:mens-venture-jacket,A_2018_2020,201912,20191206223857,https://web.archive.org/web/20191206223857/https://www.thenorthface.com/shop/mens-activities-hiking/mens-venture-2-jacket-nf0a2vd3?variationId=EF1,Men's Venture 2 Jacket | Free Shipping | The North Face,99.00,,meta_product_price
northface,SLUG:mens-venture-jacket,B_2024_2026,202510,20251017160814,https://web.archive.org/web/20251017160814/https://www.thenorthface.com/en-us/p/sale/mens-sale-317774/mens-venture-2-jacket-NF0A2VD3,Men’s Venture 2 Jacket | The North Face,77,USD,jsonld_offer_price
northface,SLUG:mens-venture-jacket,B_2024_2026,202512,20251204112648,https://web.archive.org/web/20251204112648/https://www.thenorthface.com/en-us/p/sale/mens-sale-317774/mens-venture-2-jacket-NF0A2VD3?color=S6M&utm_source=Hong+Kong+Aichen+Technology+Development+Co.%2C+Limited&utm_medium=affiliate&utm_campaign=affiliate&utm_content=ecomm&irclickid=&irgwc=1&afsrc=1,,,,fetch_failed
northface,SLUG:mens-venture-jacket,B_2024_2026,202602,20260219132213,https://web.archive.org/web/20260219132213/https://www.thenorthface.com/en-us/p/sale/mens-sale-317774/mens-venture-2-jacket-NF0A2VD3?color=S6M&utm_source=Hong+Kong+Aichen+Technology+Development+Co.%2C+Limited&utm_medium=affiliate&utm_campaign=affiliate&utm_content=ecomm&irclickid=&irgwc=1&afsrc=1,,,,no_price_found
northface,SLUG:mens-venture-jacket,B_2024_2026,202603,20260312110245,https://web.archive.org/web/20260312110245/https://www.thenorthface.com/en-us/p/sale/mens-sale-317774/mens-venture-2-jacket-NF0A2VD3,Men’s Venture 2 Jacket | The North Face,110,USD,jsonld_offer_price
northface,SLUG:mens-venture-jacket,B_2024_2026,202606,20260607194414,https://web.archive.org/web/20260607194414/https://www.thenorthface.com/en-us/p/sale/mens-sale-317774/mens-venture-2-jacket-NF0A2VD3,Men’s Venture 2 Jacket | The North Face,110,USD,jsonld_offer_price
northface,SLUG:mens-apex-bionic-hoodie,A_2018_2020,201907,20190719211901,https://web.archive.org/web/20190719211901/https://www.thenorthface.com/shop/mens-apex-bionic-hoodie-c675-c1,MEN’S APEX BIONIC HOODIE | United States,,,no_price_found
northface,SLUG:mens-apex-bionic-hoodie,A_2018_2020,201908,20190820074113,https://web.archive.org/web/20190820074113/https://www.thenorthface.com/shop/mens-apex-bionic-2-hoodie-nf0a2tbb-c1,MEN’S APEX BIONIC 2 HOODIE | United States,118.30,,meta_product_price
northface,SLUG:mens-apex-bionic-hoodie,A_2018_2020,201909,20190922210434,https://web.archive.org/web/20190922210434/https://www.thenorthface.com/shop/mens-apex-bionic-2-hoodie-nf0a2tbb,MEN’S APEX BIONIC 2 HOODIE | United States,169.00,,meta_product_price
northface,SLUG:mens-apex-bionic-hoodie,A_2018_2020,201910,20191015135832,https://web.archive.org/web/20191015135832/https://www.thenorthface.com/shop/mens-apex-bionic-2-hoodie-nf0a2tbb-c1,MEN’S APEX BIONIC 2 HOODIE | United States,118.30,,meta_product_price
northface,SLUG:mens-apex-bionic-hoodie,A_2018_2020,201911,20191121013928,https://web.archive.org/web/20191121013928/https://www.thenorthface.com/shop/mens-apex-bionic-2-hoodie-nf0a2tbb,MEN’S APEX BIONIC 2 HOODIE | The North Face,169.00,,meta_product_price
northface,SLUG:mens-apex-bionic-hoodie,A_2018_2020,201912,20191205221644,https://web.archive.org/web/20191205221644/https://www.thenorthface.com/shop/mens-jackets-vests-windwear/mens-apex-bionic-2-hoodie-nf0a2tbb?variationId=XE5,MEN’S APEX BIONIC 2 HOODIE | United States,169.00,,meta_product_price
northface,SLUG:mens-apex-bionic-hoodie,B_2024_2026,202511,20251115163549,https://web.archive.org/web/20251115163549/https://www.thenorthface.com/en-us/p/mens/mens-jackets-and-vests/mens-softshells-299287/mens-apex-bionic-3-hoodie-NF0A84HS,Men’s Apex Bionic 3 Hoodie | The North Face,190,USD,jsonld_offer_price
northface,SLUG:mens-apex-bionic-hoodie,B_2024_2026,202601,20260121125306,https://web.archive.org/web/20260121125306/https://www.thenorthface.com/en-us/p/mens/mens-jackets-and-vests/mens-softshells-299287/mens-apex-bionic-3-hoodie-NF0A84HS?color=4H0,Men’s Apex Bionic 3 Hoodie | The North Face,190,USD,jsonld_offer_price
northface,SLUG:mens-apex-bionic-hoodie,B_2024_2026,202602,20260210221851,https://web.archive.org/web/20260210221851/https://www.thenorthface.com/en-us/p/mens/mens-jackets-and-vests/mens-softshells-299287/mens-apex-bionic-3-hoodie-NF0A84HS,,,,no_price_found
northface,SLUG:mens-apex-bionic-hoodie,B_2024_2026,202603,20260310162625,https://web.archive.org/web/20260310162625/https://www.thenorthface.com/en-us/p/mens/mens-jackets-and-vests/mens-softshells-299287/mens-apex-bionic-3-hoodie-NF0A84HS,Men’s Apex Bionic 3 Hoodie | The North Face,133,USD,jsonld_offer_price
northface,SLUG:mens-apex-bionic-hoodie,B_2024_2026,202606,20260613220156,https://web.archive.org/web/20260613220156/https://www.thenorthface.com/en-ca/p/mens/mens-jackets-and-vests/mens-softshells-299287/mens-apex-bionic-3-hoodie-NF0A84HS,Men’s Apex Bionic 3 Hoodie | The North Face Canada,249.99,CAD,jsonld_offer_price
northface,SLUG:mens-chakal-jacket,A_2018_2020,201907,20190716162756,https://web.archive.org/web/20190716162756/https://www.thenorthface.com/shop/mens-chakal-jacket-nf0a3ifz?variationId=6UR,Men's Chakal Jacket | United States,,,no_price_found
northface,SLUG:mens-chakal-jacket,A_2018_2020,201908,20190823161416,https://web.archive.org/web/20190823161416/https://www.thenorthface.com/shop/mens-chakal-jacket-nf0a4anc,Men’s Chakal Jacket | United States,299.00,,meta_product_price
northface,SLUG:mens-chakal-jacket,A_2018_2020,201909,20190908105856,https://web.archive.org/web/20190908105856/https://www.thenorthface.com/shop/mens-chakal-jacket-nf0a3ifz-c1,Men's Chakal Jacket | United States,209.30,,meta_product_price
northface,SLUG:mens-chakal-jacket,A_2018_2020,201910,20191020194310,https://web.archive.org/web/20191020194310/https://www.thenorthface.com/shop/mens-chakal-jacket-nf0a4anc,Men’s Chakal Jacket | United States,299.00,,meta_product_price
northface,SLUG:mens-chakal-jacket,A_2018_2020,201912,20191214001501,https://web.archive.org/web/20191214001501/https://www.thenorthface.com/shop/mens-chakal-jacket-nf0a4anc,Men’s Chakal Jacket | United States,299.00,,meta_product_price
northface,SLUG:mens-chakal-jacket,B_2024_2026,202506,20250617201452,https://web.archive.org/web/20250617201452/https://www.thenorthface.com/en-ca/p/mens/mens-jackets-and-vests/mens-snow-299293/mens-chakal-jacket-NF0A87Y6,Men’s Chakal Jacket | The North Face Canada,335.99,CAD,jsonld_offer_price
northface,SLUG:mens-chakal-jacket,B_2024_2026,202511,20251102204741,https://web.archive.org/web/20251102204741/https://www.thenorthface.com/en-us/p/mens/mens-jackets-and-vests/mens-ski-and-snowboarding-jackets-299293/mens-chakal-jacket-NF0A87Y6,Men’s Chakal Jacket | The North Face,370,USD,jsonld_offer_price
northface,SLUG:mens-chakal-jacket,B_2024_2026,202512,20251226122256,https://web.archive.org/web/20251226122256/https://www.thenorthface.com/en-ca/p/mens/mens-jackets-and-vests/mens-snow-299293/mens-chakal-jacket-NF0A87Y6,,,,no_price_found
northface,SLUG:mens-chakal-jacket,B_2024_2026,202601,20260119125828,https://web.archive.org/web/20260119125828/https://www.thenorthface.com/en-us/p/mens/mens-jackets-and-vests/mens-ski-and-snowboarding-jackets-299293/mens-chakal-jacket-NF0A87Y6,,,,fetch_failed
northface,SLUG:mens-chakal-jacket,B_2024_2026,202604,20260415082150,https://web.archive.org/web/20260415082150/https://www.thenorthface.com/en-us/p/mens/mens-jackets-and-vests/mens-ski-and-snowboarding-jackets-299293/mens-chakal-jacket-NF0A87Y6,Men’s Chakal Jacket | The North Face,259,USD,jsonld_offer_price
northface,SLUG:mens-thermoball-snow-triclimate-jacket,A_2018_2020,201905,20190508023457,https://web.archive.org/web/20190508023457/https://www.thenorthface.com/shop/mens-jackets-vests-3-in-1-jackets/mens-thermoball-snow-triclimate-jacket-nf0a3323?variationId=H2G,MEN'S THERMOBALL™ SNOW TRICLIMATE® JACKET | United States,,,no_price_found
northface,SLUG:mens-thermoball-snow-triclimate-jacket,A_2018_2020,201907,20190717224049,https://web.archive.org/web/20190717224049/https://www.thenorthface.com/shop/mens-thermoball-snow-triclimate-jacket-nf0a3323,MEN'S THERMOBALL™ SNOW TRICLIMATE® JACKET | United States,,,no_price_found
northface,SLUG:mens-thermoball-snow-triclimate-jacket,A_2018_2020,201908,20190821025425,https://web.archive.org/web/20190821025425/https://www.thenorthface.com/shop/mens-jackets-vests-3-in-1-jackets/mens-thermoball-snow-triclimate-jacket-nf0a3323?variationId=H2G,MEN'S THERMOBALL™ SNOW TRICLIMATE® JACKET | United States,,,no_price_found
northface,SLUG:mens-thermoball-snow-triclimate-jacket,A_2018_2020,201910,20191022060352,https://web.archive.org/web/20191022060352/https://www.thenorthface.com/shop/mens-thermoball-snow-triclimate-jacket-nf0a3323,MEN'S THERMOBALL™ SNOW TRICLIMATE® JACKET | United States,,,no_price_found
northface,SLUG:mens-thermoball-snow-triclimate-jacket,A_2018_2020,201912,20191215155750,https://web.archive.org/web/20191215155750/https://www.thenorthface.com/shop/mens-thermoball-snow-triclimate-jacket-nf0a3323-c1?variationId=6UL,MEN'S THERMOBALL™ SNOW TRICLIMATE® JACKET | United States,244.30,,meta_product_price
northface,SLUG:mens-thermoball-snow-triclimate-jacket,B_2024_2026,202503,20250310233102,https://web.archive.org/web/20250310233102/https://www.thenorthface.com/en-us/p/mens/mens-jackets-and-vests/mens-insulated-and-down-300771/mens-thermoball-snow-triclimate-jacket-NF0A7WYE?color=4OJ,,,,no_price_found
northface,SLUG:mens-thermoball-snow-triclimate-jacket,B_2024_2026,202511,20251115141606,https://web.archive.org/web/20251115141606/https://www.thenorthface.com/en-us/p/mens/mens-jackets-and-vests/mens-insulated-and-down-300771/mens-thermoball-snow-triclimate-jacket-NF0A7WYE,Men’s THERMOBALL™ Snow Triclimate™ Jacket | The North Face,400,USD,jsonld_offer_price
northface,SLUG:mens-thermoball-snow-triclimate-jacket,B_2024_2026,202512,20251229171321,https://web.archive.org/web/20251229171321/https://www.thenorthface.com/en-ca/p/mens/mens-jackets-and-vests/mens-insulated-and-down-300771/mens-thermoball-snow-triclimate-jacket-NF0A7WYE,,,,no_price_found
northface,SLUG:mens-thermoball-snow-triclimate-jacket,B_2024_2026,202601,20260123165259,https://web.archive.org/web/20260123165259/https://www.thenorthface.com/en-us/p/mens/mens-jackets-and-vests/mens-insulated-and-down-300771/mens-thermoball-snow-triclimate-jacket-NF0A7WYE,Men’s THERMOBALL™ Snow Triclimate™ Jacket | The North Face,400,USD,jsonld_offer_price
northface,SLUG:mens-thermoball-snow-triclimate-jacket,B_2024_2026,202602,20260227182137,https://web.archive.org/web/20260227182137/https://www.thenorthface.com/en-us/p/mens/mens-jackets-and-vests/mens-insulated-and-down-300771/mens-thermoball-snow-triclimate-jacket-NF0A7WYE?color=4H0&utm_content=ecomm&utm_medium=cpc&utm_source=google&utm_campaign=US+%7C+all+%7C+Hybrid+%7C+SHOP+-+AUT+~+All+NB+Sale+Items+Cluster+-+General+-+PMax+Shopping&utm_term=&gad_source=0&gad_campaignid=23049749904&gclid=Cj0KCQiAtfXMBhDzARIsAJ0jp3CypEuNL0RzYgTQDNKu_uLtLHgpcsnfNqE33Gtu2RJtOKnjkZxeI5gaAhNMEALw_wcB&gclsrc=aw.ds,Men’s THERMOBALL™ Snow Triclimate™ Jacket | The North Face,280,USD,jsonld_offer_price
northface,SLUG:mens-thermoball-snow-triclimate-jacket,B_2024_2026,202603,20260301095749,https://web.archive.org/web/20260301095749/https://www.thenorthface.com/en-us/p/mens/mens-jackets-and-vests/mens-insulated-and-down-300771/mens-thermoball-snow-triclimate-jacket-NF0A7WYE?color=4H0&gad_source=0&gad_campaignid=23049749904&gclsrc=aw.ds,,,,fetch_failed
northface,SLUG:mens-thermoball-snow-triclimate-jacket,B_2024_2026,202604,20260412022449,https://web.archive.org/web/20260412022449/https://www.thenorthface.com/en-us/p/mens/mens-jackets-and-vests/mens-insulated-and-down-300771/mens-thermoball-snow-triclimate-jacket-NF0A7WYE,Men’s THERMOBALL™ Snow Triclimate™ Jacket | The North Face,280,USD,jsonld_offer_price
northface,SLUG:mens-thermoball-snow-triclimate-jacket,B_2024_2026,202605,20260519112834,https://web.archive.org/web/20260519112834/https://www.thenorthface.com/en-us/p/mens/mens-jackets-and-vests/mens-insulated-and-down-300771/mens-thermoball-snow-triclimate-jacket-NF0A7WYE?color=0VO,Men’s THERMOBALL™ Snow Triclimate™ Jacket | The North Face,280,USD,jsonld_offer_price
northface,SLUG:mens-thermoball-snow-triclimate-jacket,B_2024_2026,202606,20260620032625,https://web.archive.org/web/20260620032625/https://www.thenorthface.com/en-us/p/mens/mens-jackets-and-vests/mens-insulated-and-down-300771/mens-thermoball-snow-triclimate-jacket-NF0A7WYE,Men’s THERMOBALL™ Snow Triclimate™ Jacket | The North Face,280,USD,jsonld_offer_price
northface,SLUG:mens-thermoball-vest,A_2018_2020,201802,20180208214250,https://web.archive.org/web/20180208214250/https://www.thenorthface.com/shop/mens-jackets-vests-vests/mens-thermoball-vest-nf0a39ni,,,,fetch_failed
northface,SLUG:mens-thermoball-vest,A_2018_2020,201907,20190721022959,https://web.archive.org/web/20190721022959/https://www.thenorthface.com/shop/mens-thermoball-vest-2,MEN’S THERMOBALL™ VEST | United States,149.00,,meta_product_price
northface,SLUG:mens-thermoball-vest,A_2018_2020,201908,20190813152728,https://web.archive.org/web/20190813152728/https://www.thenorthface.com/shop/mens-thermoball-vest-2,MEN’S THERMOBALL™ VEST | United States,149.00,,meta_product_price
northface,SLUG:mens-thermoball-vest,A_2018_2020,201909,20190919232936,https://web.archive.org/web/20190919232936/https://www.thenorthface.com/shop/mens-thermoball-vest-nf0a3ktw-c1?variationId=BE5,MEN’S THERMOBALL™ VEST | United States,89.40,,meta_product_price
northface,SLUG:mens-thermoball-vest,A_2018_2020,201910,20191023182048,https://web.archive.org/web/20191023182048/https://www.thenorthface.com/shop/mens-thermoball-vest-nf0a3ktw-c1,MEN’S THERMOBALL™ VEST | United States,89.40,,meta_product_price
northface,SLUG:mens-thermoball-vest,A_2018_2020,201912,20191215102033,https://web.archive.org/web/20191215102033/https://www.thenorthface.com/shop/mens-thermoball-vest-nf0a3ktw-c1,MEN’S THERMOBALL™ VEST | United States,89.40,,meta_product_price
northface,SLUG:mens-thermoball-vest,B_2024_2026,202511,20251102210435,https://web.archive.org/web/20251102210435/https://www.thenorthface.com/en-us/p/mens/mens-jackets-and-vests/mens-vests-299291/mens-thermoball-vest-NF0A8D1Q?color=1OI,Men’s THERMOBALL™ Vest | The North Face,160,USD,jsonld_offer_price
northface,SLUG:mens-thermoball-vest,B_2024_2026,202512,20251213210614,https://web.archive.org/web/20251213210614/https://www.thenorthface.com/en-us/p/mens/mens-jackets-and-vests/mens-vests-299291/mens-thermoball-vest-NF0A8D1Q?color=JK3,,,,no_price_found
northface,SLUG:mens-thermoball-vest,B_2024_2026,202601,20260122040726,https://web.archive.org/web/20260122040726/https://www.thenorthface.com/en-us/p/mens/mens-jackets-and-vests/mens-vests-299291/mens-thermoball-vest-NF0A8D1Q?color=BOM,Men’s THERMOBALL™ Vest | The North Face,160,USD,jsonld_offer_price
northface,SLUG:mens-thermoball-vest,B_2024_2026,202604,20260419172433,https://web.archive.org/web/20260419172433/https://www.thenorthface.com/en-us/p/mens/mens-jackets-and-vests/mens-vests-299291/mens-thermoball-vest-NF0A8D1Q?color=JK3,Men’s THERMOBALL™ Vest | The North Face,180,USD,jsonld_offer_price
northface,SLUG:mens-thermoball-vest,B_2024_2026,202605,20260519112333,https://web.archive.org/web/20260519112333/https://www.thenorthface.com/en-us/p/mens/mens-jackets-and-vests/mens-vests-299291/mens-thermoball-vest-NF0A8D1Q,Men’s THERMOBALL™ Vest | The North Face,180,USD,jsonld_offer_price
