brand,product_code,window,month,snapshot_timestamp,snapshot_url,page_title,price,currency,method
oldnavy,714109002,A_2018_2020,201801,20180124041416,https://web.archive.org/web/20180124041416/http://oldnavy.gap.com:80/browse/product.do?cid=1022681&pcid=55474&vid=1&pid=714109002,Denim Jacket for Women | Old Navy,,,no_price_found
oldnavy,714109002,A_2018_2020,201802,20180224081814,https://web.archive.org/web/20180224081814/http://oldnavy.gap.com:80/browse/product.do?cid=1022681&pcid=55474&vid=1&pid=714109002,Denim Jacket for Women|old-navy,,,no_price_found
oldnavy,714109002,A_2018_2020,201803,20180317233945,https://web.archive.org/web/20180317233945/http://oldnavy.gap.com:80/browse/product.do?cid=1022681&pcid=55474&vid=1&pid=714109002,Denim Jacket for Women|old-navy,,,no_price_found
oldnavy,714109002,A_2018_2020,201905,20190502082356,https://web.archive.org/web/20190502082356/https://oldnavy.gap.com/browse/OutOfStockNoResults.do?cid=1022681&pcid=55474&vid=1&pid=714109002&requestedurl=oldnavy.gap.com%2Fbrowse%2Fproduct.do%3Fcid%3D1022681%26pcid%3D55474%26vid%3D1%26pid%3D714109002,Old Navy - Page Not Found,,,no_price_found
oldnavy,714109002,A_2018_2020,201907,20190721083236,https://web.archive.org/web/20190721083236/https://oldnavy.gap.com/browse/OutOfStockNoResults.do?pcid=5151&vid=2&pid=714109002&requestedurl=oldnavy.gap.com%2Fbrowse%2Fproduct.do%3Fpcid%3D5151%26vid%3D2%26pid%3D714109002,Old Navy,,,no_price_found
oldnavy,714109002,A_2018_2020,201908,20190818092040,https://web.archive.org/web/20190818092040/https://oldnavy.gap.com/browse/OutOfStockNoResults.do?pid=714109002&CAWELAID=120299900000092118&CAGPSPN=pla&CAAGID=35201331985&CATCI=pla-361618197246&tid=onpl000000&kwid=1&ap=7&gclid=CjwKCAjwur7YBRA_EiwASXqIHKk-Ll6nZmF4D-vcEmDcwPsGoLeNpYiBMiFEKTJXsnCtkRKzmLDW-BoCr_IQAvD_BwE&requestedurl=oldnavy.gap.com%2Fbrowse%2Fproduct.do%3Fpid%3D714109002%26CAWELAID%3D120299900000092118%26CAGPSPN%3Dpla%26CAAGID%3D35201331985%26CATCI%3Dpla-361618197246%26tid%3Donpl000000%26kwid%3D1%26ap%3D7%26gclid%3DCjwKCAjwur7YBRA_EiwASXqIHKk-Ll6nZmF4D-vcEmDcwPsGoLeNpYiBMiFEKTJXsnCtkRKzmLDW-BoCr_IQAvD_BwE,Old Navy,,,no_price_found
oldnavy,714109002,A_2018_2020,201909,20190917142448,https://web.archive.org/web/20190917142448/https://oldnavy.gap.com/browse/OutOfStockNoResults.do?vid=1&pid=714109002&tid=onaff4441350&ap=2&siteID=onafcid11984894&searchText=jean+jacket&cjevent=4e7143cd611011e9822d01550a180510&requestedurl=oldnavy.gap.com%2Fbrowse%2Fproduct.do%3Fvid%3D1%26pid%3D714109002%26tid%3Donaff4441350%26ap%3D2%26siteID%3Donafcid11984894%26searchText%3Djean%2Bjacket%26cjevent%3D4e7143cd611011e9822d01550a180510,Old Navy,,,no_price_found
oldnavy,714109002,A_2018_2020,201910,20191013222427,https://web.archive.org/web/20191013222427/https://oldnavy.gap.com/browse/OutOfStockNoResults.do?pid=714109002&cid=1022681&pcid=55474&requestedurl=oldnavy.gap.com%2Fbrowse%2Fproduct.do%3Fpid%3D714109002%26cid%3D1022681%26pcid%3D55474,Old Navy,,,no_price_found
oldnavy,714109002,A_2018_2020,201911,20191113015240,https://web.archive.org/web/20191113015240/https://oldnavy.gap.com/browse/OutOfStockNoResults.do?cid=55474&vid=1&pid=714109002&requestedurl=oldnavy.gap.com%2Fbrowse%2Fproduct.do%3Fcid%3D55474%26vid%3D1%26pid%3D714109002,Old Navy,,,no_price_found
oldnavy,714109002,B_2024_2026,202406,20240617105834,https://web.archive.org/web/20240617105834/https://oldnavy.gap.com/browse/product.do?pid=714109002&vid=1&locale=en_US&kwid=1&sem=false&sdkw=denim-jacket-for-women-P714109&brandCvoSid=4WZU6VQ354C6&sdReferer=http%3A%2F%2Fwww.oldnavy.com%2Fproducts%2Fwomens-denim-jackets.jsp,Denim Jacket for Women | Old Navy,19.97,USD,jsonld_offer_price
oldnavy,714109002,B_2024_2026,202408,20240810005217,https://web.archive.org/web/20240810005217/https://oldnavy.gap.com/browse/product.do?pid=714109002&vid=1&locale=en_US&kwid=1&sem=false&sdkw=denim-jacket-for-women-P714109&brandCvoSid=6JAXMKC3QYUP&sdReferer=http%3A%2F%2Fwww.oldnavy.com%2Fproducts%2Fwomens-denim-jackets.jsp,Denim Jacket for Women | Old Navy,19.97,USD,jsonld_offer_price
oldnavy,714109002,B_2024_2026,202412,20241201164659,https://web.archive.org/web/20241201164659/https://oldnavy.gap.com/browse/product.do?vid=1&pid=714109002&tid=onaff4441350&ap=2&siteID=onafcid11984894&searchText=jean+jacket&cjevent=4e7143cd611011e9822d01550a180510,Denim Jacket for Women | Old Navy,19.97,USD,jsonld_offer_price
oldnavy,714109002,B_2024_2026,202501,20250116132439,https://web.archive.org/web/20250116132439/https://oldnavy.gap.com/browse/product.do?pid=714109002&vid=1&locale=en_US&kwid=1&sem=false&sdkw=denim-jacket-for-women-P714109&brandCvoSid=4WZU6VQ354C6&sdReferer=http%3A%2F%2Fwww.oldnavy.com%2Fproducts%2Fwomens-denim-jackets.jsp,Denim Jacket for Women | Old Navy,19.97,USD,jsonld_offer_price
oldnavy,714109002,B_2024_2026,202502,20250217164350,https://web.archive.org/web/20250217164350/https://oldnavy.gap.com/browse/product.do?pid=714109002&tid=onaff4441350&ap=2&siteID=onafcid10420955&vid=1&locale=en_US&kwid=1&sem=false&sdkw=denim-jacket-for-women-P714109&brandCvoSid=XZWB4H4M7KDE&sdReferer=http%3A%2F%2Fwww.oldnavy.com%2Fproducts%2Fwomens-denim-jackets.jsp&cvosrc=affiliate.cj.4441350,Denim Jacket for Women | Old Navy,,,no_price_found
oldnavy,714109002,B_2024_2026,202509,20250915003917,https://web.archive.org/web/20250915003917/https://oldnavy.gap.com/browse/product.do?pid=714109002&vid=1&locale=en_US&kwid=1&sem=false&sdkw=denim-jacket-for-women-P714109&brandCvoSid=TRYZDP28TXRR&sdReferer=http%3A%2F%2Fwww.oldnavy.com%2Fproducts%2Fwomens-denim-jackets.jsp,Denim Jacket for Women | Old Navy,,,no_price_found
oldnavy,714109002,B_2024_2026,202510,20251018181139,https://web.archive.org/web/20251018181139/https://oldnavy.gap.com/browse/product.do?pid=714109002&ap=2&siteID=onafcid10420955&tid=onaff2178999&cvosrc=affiliate.cj.2178999,Denim Jacket for Women | Old Navy,,,no_price_found
oldnavy,714109002,B_2024_2026,202511,20251118005029,https://web.archive.org/web/20251118005029/https://oldnavy.gap.com/browse/product.do?vid=1&pid=714109002&tid=onaff4441350&ap=2&siteID=onafcid11984894&searchText=jean+jacket&cjevent=4e7143cd611011e9822d01550a180510,Denim Jacket for Women | Old Navy,,,no_price_found
oldnavy,714109002,B_2024_2026,202602,20260211193511,https://web.archive.org/web/20260211193511/https://oldnavy.gap.com/browse/product.do?vid=1&pid=714109002,Denim Jacket for Women | Old Navy,19.97,USD,jsonld_offer_price
oldnavy,730770072,A_2018_2020,201801,20180130144322,https://web.archive.org/web/20180130144322/http://oldnavy.gap.com:80/browse/product.do?cid=1095214&pcid=1093843&vid=1&pid=730770072&tid=onaff7305399&ap=2&siteID=onafcid10455642&cvosrc=affiliate.cj.7305399,default | Old Navy,,,no_price_found
oldnavy,730770072,A_2018_2020,201803,20180302092633,https://web.archive.org/web/20180302092633/http://oldnavy.gap.com:80/browse/product.do?cid=1095214&pcid=1093843&vid=1&pid=730770072&tid=onaff7305399&ap=2&siteID=onafcid10455642&cvosrc=affiliate.cj.7305399,Low-Rise Rockstar Jeans for Women|old-navy,,,no_price_found
oldnavy,730770072,A_2018_2020,201906,20190611152144,https://web.archive.org/web/20190611152144/https://oldnavy.gap.com/browse/product.do?cid=1017736&vid=1&pid=730770072,Low-Rise Rockstar Super Skinny Jeans for Women | Old Navy,32.00,USD,jsonld_offer_price
oldnavy,730770072,A_2018_2020,201907,20190719060904,https://web.archive.org/web/20190719060904/https://oldnavy.gap.com/browse/product.do?cid=85732&vid=1&pid=730770072,Low-Rise Rockstar Super Skinny Jeans for Women | Old Navy,29.00,USD,jsonld_offer_price
oldnavy,730770072,A_2018_2020,201908,20190818034726,https://web.archive.org/web/20190818034726/https://oldnavy.gap.com/browse/product.do?pid=730770072&tid=onggpb1r&kwid=1&ap=7&sem=true&pcrid=29466129575,Low-Rise Rockstar Super Skinny Jeans for Women | Old Navy,17.50,USD,jsonld_offer_price
oldnavy,730770072,A_2018_2020,201909,20190918153447,https://web.archive.org/web/20190918153447/https://oldnavy.gap.com/browse/product.do?pid=730770072,Low-Rise Rockstar Super Skinny Jeans for Women | Old Navy,30.00,USD,jsonld_offer_price
oldnavy,730770072,A_2018_2020,201910,20191020192912,https://web.archive.org/web/20191020192912/https://oldnavy.gap.com/browse/product.do?cid=85732&vid=1&pid=730770072,Low-Rise Rockstar Super Skinny Jeans for Women | Old Navy,30.00,USD,jsonld_offer_price
oldnavy,730770072,A_2018_2020,201911,20191117125940,https://web.archive.org/web/20191117125940/https://oldnavy.gap.com/browse/product.do?cid=70396&vid=3&pid=730770072,Low-Rise Rockstar Super Skinny Jeans for Women | Old Navy,34.99,USD,jsonld_offer_price
oldnavy,730770072,B_2024_2026,202406,20240624055155,https://web.archive.org/web/20240624055155/https://oldnavy.gap.com/browse/product.do?cid=85732&vid=1&pid=730770072&scid=730770292,Low-Rise Rockstar Super Skinny Jeans for Women | Old Navy,34.99,USD,jsonld_offer_price
oldnavy,730770072,B_2024_2026,202407,20240717135510,https://web.archive.org/web/20240717135510/https://oldnavy.gap.com/browse/product.do?pid=730770072&locale=en_US&kwid=1&sem=false&sdReferer=http%3A%2F%2Fwww.google.com%2Furl%3Fsa%3Dt%26rct%3Dj%26q%3D%26esrc%3Ds%26source%3Dweb%26cd%3D1%26ved%3D0CFMQFjAA%26url%3Dhttp%253A%252F%252Fwww.oldnavy.com%252Fproducts%252Fwomens-the-rockstar-super-skinny-jeans-P730770.jsp%26ei%3DcPLcUKmSNsqprQG6pYBg%26usg%3DAFQjCNER1ygPTY65_XySuM_umVNaN-O2nA%26bvm%3Dbv.1355534169%2Cd.aWM,Low-Rise Rockstar Super Skinny Jeans for Women | Old Navy,34.99,USD,jsonld_offer_price
oldnavy,730770072,B_2024_2026,202408,20240814051521,https://web.archive.org/web/20240814051521/https://oldnavy.gap.com/browse/product.do?pid=730770072&tid=onsp1r&kwid=1&ap=14&redirect=true,Low-Rise Rockstar Super Skinny Jeans for Women | Old Navy,34.99,USD,jsonld_offer_price
oldnavy,730770072,B_2024_2026,202410,20241015092923,https://web.archive.org/web/20241015092923/https://oldnavy.gap.com/browse/product.do?pid=730770072&locale=en_US&kwid=1&sem=false&sdReferer=https%3A%2F%2Fwww.google.com%2F,Low-Rise Rockstar Super Skinny Jeans for Women | Old Navy,34.99,USD,jsonld_offer_price
oldnavy,730770072,B_2024_2026,202411,20241112102659,https://web.archive.org/web/20241112102659/https://oldnavy.gap.com/browse/product.do?pid=730770072&locale=en_US&kwid=1&sem=false&sdReferer=http%3A%2F%2Fwww.google.com%2Furl%3Fsa%3Dt%26rct%3Dj%26q%3D%26esrc%3Ds%26source%3Dweb%26cd%3D1%26ved%3D0CFEQFjAA%26url%3Dhttp%253A%252F%252Fwww.oldnavy.com%252Fproducts%252Fwomens-the-rockstar-super-skinny-jeans-P730770.jsp%26ei%3DRqFuUZ2eLK6j4AP5pYDgBQ%26usg%3DAFQjCNER1ygPTY65_XySuM_umVNaN-O2nA%26sig2%3DEZJwrDli6bn0bYctpyepOg%26bvm%3Dbv.45368065%2Cd.dmg,Low-Rise Rockstar Super Skinny Jeans for Women | Old Navy,34.99,USD,jsonld_offer_price
oldnavy,730770072,B_2024_2026,202501,20250113074843,https://web.archive.org/web/20250113074843/https://oldnavy.gap.com/browse/product.do?pid=730770072&locale=en_US&kwid=1&sem=false&sdReferer=http%3A%2F%2Fwww.google.com%2Furl%3Fsa%3Dt%26rct%3Dj%26q%3D%26esrc%3Ds%26source%3Dweb%26cd%3D1%26ved%3D0CFMQFjAA%26url%3Dhttp%253A%252F%252Fwww.oldnavy.com%252Fproducts%252Fwomens-the-rockstar-super-skinny-jeans-P730770.jsp%26ei%3DcPLcUKmSNsqprQG6pYBg%26usg%3DAFQjCNER1ygPTY65_XySuM_umVNaN-O2nA%26bvm%3Dbv.1355534169%2Cd.aWM,Low-Rise Rockstar Super Skinny Jeans for Women | Old Navy,34.99,USD,jsonld_offer_price
oldnavy,730770072,B_2024_2026,202502,20250208125037,https://web.archive.org/web/20250208125037/https://oldnavy.gap.com/browse/product.do?pid=730770072,Low-Rise Rockstar Super Skinny Jeans for Women | Old Navy,,,no_price_found
oldnavy,730770072,B_2024_2026,202510,20251015114048,https://web.archive.org/web/20251015114048/https://oldnavy.gap.com/browse/product.do?pid=730770072,Low-Rise Rockstar Super Skinny Jeans for Women | Old Navy,,,no_price_found
oldnavy,730770072,B_2024_2026,202511,20251118015823,https://web.archive.org/web/20251118015823/https://oldnavy.gap.com/browse/product.do?cid=85732&vid=1&pid=730770072,Low-Rise Rockstar Super Skinny Jeans for Women | Old Navy,,,no_price_found
oldnavy,711861002,A_2018_2020,201801,20180112131512,https://web.archive.org/web/20180112131512/http://oldnavy.gap.com:80/browse/product.do?cid=1031033&pcid=1031032&vid=1&pid=711861002,High-Rise Compression Leggings for Women | Old Navy,,,no_price_found
oldnavy,711861002,A_2018_2020,201802,20180213040503,https://web.archive.org/web/20180213040503/http://oldnavy.gap.com:80/browse/product.do?cid=1031033&pcid=1031032&vid=1&pid=711861002,High-Rise Compression Leggings for Women | Old Navy,,,no_price_found
oldnavy,711861002,A_2018_2020,201803,20180302123028,https://web.archive.org/web/20180302123028/http://oldnavy.gap.com:80/browse/product.do?cid=1031033&pcid=1031032&vid=1&pid=711861002,High-Rise Compression Leggings for Women|old-navy,,,no_price_found
oldnavy,711861002,A_2018_2020,201907,20190718155501,"https://web.archive.org/web/20190718155501/https://oldnavy.gap.com/browse/product.do?pid=711861002&rrec=true&mlink=5050,12413545,onproduct1_rr_1&clink=12413545",High-Rise Elevate Compression Leggings for Women | Old Navy,25.00,USD,jsonld_offer_price
oldnavy,711861002,A_2018_2020,201908,20190825164028,https://web.archive.org/web/20190825164028/https://oldnavy.gap.com/browse/product.do?pid=711861002&cid=1031033&pcid=1031032,High-Waisted Elevate Compression Leggings For Women | Old Navy,29.99,USD,jsonld_offer_price
oldnavy,711861002,A_2018_2020,201909,20190917045131,"https://web.archive.org/web/20190917045131/https://oldnavy.gap.com/browse/product.do?pid=711861002&rrec=true&mlink=5050,12413545,onproduct1_rr_1&clink=12413545",High-Waisted Elevate Compression Leggings For Women | Old Navy,29.99,USD,jsonld_offer_price
oldnavy,711861002,A_2018_2020,201910,20191019052450,https://web.archive.org/web/20191019052450/https://oldnavy.gap.com/browse/product.do?pid=711861002&cid=1031033&pcid=1031032,High-Waisted Elevate Compression Leggings For Women | Old Navy,29.99,USD,jsonld_offer_price
oldnavy,711861002,A_2018_2020,201911,20191113130227,https://web.archive.org/web/20191113130227/https://oldnavy.gap.com/browse/GeneralNoResults.do?cid=1031033&amp;vid=1&amp;pid=711861002&requestedurl=oldnavy.gap.com%2Fbrowse%2Fproduct.do%3Fcid%3D1031033%26amp%3Bvid%3D1%26amp%3Bpid%3D711861002,Old Navy,,,no_price_found
oldnavy,711861002,A_2018_2020,201912,20191216000404,"https://web.archive.org/web/20191216000404/https://oldnavy.gap.com/browse/product.do?pid=711861002&amp;rrec=true&amp;mlink=5050,12413545,onproduct1_rr_1&amp;clink=12413545",High-Waisted Elevate Compression Leggings For Women | Old Navy,22.00,USD,jsonld_offer_price
oldnavy,711861002,B_2024_2026,202407,20240723174033,https://web.archive.org/web/20240723174033/https://oldnavy.gap.com/browse/product.do?cid=53935&vid=1&pid=711861002,High-Waisted Performance Leggings | Old Navy,7.97,USD,jsonld_offer_price
oldnavy,711861002,B_2024_2026,202410,20241009075428,https://web.archive.org/web/20241009075428/https://oldnavy.gap.com/browse/product.do?pid=711861002&tid=onpl000029&kwid=1&ap=7&gclid=Cj0KCQjwzunmBRDsARIsAGrt4mszD2pt4pN_-b-nt_ER5K1B0qENvWDhK-Vv8rwRSfK0FV6IzjTKOMkaAqrZEALw_wcB&gclsrc=aw.ds,High-Waisted Performance Leggings | Old Navy,2.96,USD,jsonld_offer_price
oldnavy,711861002,B_2024_2026,202411,20241114044427,https://web.archive.org/web/20241114044427/https://oldnavy.gap.com/browse/product.do?pid=711861002&pcid=999&vid=1&&searchText=leggings%20elevate,High-Waisted Performance Leggings | Old Navy,2.96,USD,jsonld_offer_price
oldnavy,711861002,B_2024_2026,202502,20250219062823,https://web.archive.org/web/20250219062823/https://oldnavy.gap.com/browse/product.do?pid=711861002&modelSize=M&vid=1,High-Waisted Performance Leggings | Old Navy,,,no_price_found
oldnavy,711861002,B_2024_2026,202505,20250516105013,https://web.archive.org/web/20250516105013/https://oldnavy.gap.com/browse/product.do?pid=711861002&vid=1,High-Waisted Performance Leggings | Old Navy,,,no_price_found
oldnavy,711861002,B_2024_2026,202508,20250816112936,https://web.archive.org/web/20250816112936/https://oldnavy.gap.com/browse/product.do?pid=711861002,High-Waisted Performance Leggings | Old Navy,,,no_price_found
oldnavy,711861002,B_2024_2026,202512,20251207171159,https://web.archive.org/web/20251207171159/https://oldnavy.gap.com/browse/product.do?pid=711861002&modelSize=M&vid=1,High-Waisted Performance Leggings | Old Navy,,,no_price_found
oldnavy,711861002,B_2024_2026,202602,20260217032022,https://web.archive.org/web/20260217032022/https://oldnavy.gap.com/browse/product.do?pid=711861002&cid=1031033&pcid=1031032,High-Waisted Performance Leggings | Old Navy,2.96,USD,jsonld_offer_price
oldnavy,525427022,A_2018_2020,201801,20180105125538,https://web.archive.org/web/20180105125538/http://oldnavy.gap.com:80/browse/product.do?cid=1018059&pcid=5475&vid=1&pid=525427022,Pixie Mid-Rise Ankle Pants for Women | Old Navy,,,no_price_found
oldnavy,525427022,A_2018_2020,201802,20180216104311,https://web.archive.org/web/20180216104311/http://oldnavy.gap.com:80/browse/product.do?cid=1018059&pcid=5475&vid=1&pid=525427022,Pixie Mid-Rise Ankle Pants for Women|old-navy,,,no_price_found
oldnavy,525427022,A_2018_2020,201803,20180307035655,https://web.archive.org/web/20180307035655/http://oldnavy.gap.com:80/browse/product.do?cid=1018059&pcid=5475&vid=1&pid=525427022,Mid-Rise Pixie Ankle Pants for Women|old-navy,,,no_price_found
oldnavy,525427022,A_2018_2020,201904,20190411072152,https://web.archive.org/web/20190411072152/https://oldnavy.gap.com/browse/product.do?cid=1018059&pcid=5475&vid=1&pid=525427022,Mid-Rise Pixie Ankle Pants for Women | Old Navy,25.00,USD,jsonld_offer_price
oldnavy,525427022,A_2018_2020,201906,20190622133048,https://web.archive.org/web/20190622133048/https://oldnavy.gap.com/browse/product.do?pcid=5151&vid=2&pid=525427022&searchText=black+pants,Mid-Rise Pixie Ankle Pants for Women | Old Navy,34.99,USD,jsonld_offer_price
oldnavy,525427022,A_2018_2020,201907,20190716205824,https://web.archive.org/web/20190716205824/https://oldnavy.gap.com/browse/product.do?pid=525427022,Mid-Rise Pixie Ankle Pants for Women | Old Navy,28.00,USD,jsonld_offer_price
oldnavy,525427022,A_2018_2020,201909,20190918121153,https://web.archive.org/web/20190918121153/https://oldnavy.gap.com/browse/product.do?pid=525427022,Mid-Rise Pixie Ankle Pants for Women | Old Navy,29.00,USD,jsonld_offer_price
oldnavy,525427022,A_2018_2020,201910,20191020133954,https://web.archive.org/web/20191020133954/https://oldnavy.gap.com/browse/product.do?pid=525427022&vid=1&locale=en_US&kwid=1&sem=false&sdReferer=http%3A%2F%2Fwww.oldnavy.com%2Fproducts%2Fpixie-pants.jsp%3Ftid%3Donps024277%26kwid%3D1%26ap%3D7%26sem%3Dtrue%26mkwid%3DqTWpjtVu%26adid%3DByq%2BAnil%2BCvkvr%2BCnag%26creative%3D4262737974,Mid-Rise Pixie Ankle Pants for Women | Old Navy,34.99,USD,jsonld_offer_price
oldnavy,525427022,A_2018_2020,201911,20191113024157,https://web.archive.org/web/20191113024157/https://oldnavy.gap.com/browse/product.do?cid=1018059&vid=1&pid=525427022,Mid-Rise Pixie Ankle Pants for Women | Old Navy,32.00,USD,jsonld_offer_price
oldnavy,525427022,B_2024_2026,202407,20240724124359,https://web.archive.org/web/20240724124359/https://oldnavy.gap.com/browse/product.do?cid=1018059&pcid=5475&vid=1&pid=525427022,The Pixie Mid-Rise Ankle Pants | Old Navy,14.97,USD,jsonld_offer_price
oldnavy,525427022,B_2024_2026,202410,20241010192624,https://web.archive.org/web/20241010192624/https://oldnavy.gap.com/browse/product.do?vid=1&pid=525427022,The Pixie Mid-Rise Ankle Pants | Old Navy,14.97,USD,jsonld_offer_price
oldnavy,525427022,B_2024_2026,202501,20250113072701,https://web.archive.org/web/20250113072701/https://oldnavy.gap.com/browse/product.do?pid=525427022,The Pixie Mid-Rise Ankle Pants | Old Navy,14.97,USD,jsonld_offer_price
oldnavy,525427022,B_2024_2026,202502,20250212074456,https://web.archive.org/web/20250212074456/https://oldnavy.gap.com/browse/product.do?cid=1008460&vid=1&pid=525427022&tid=onsm001761,The Pixie Mid-Rise Ankle Pants | Old Navy,,,no_price_found
oldnavy,525427022,B_2024_2026,202508,20250814025435,https://web.archive.org/web/20250814025435/https://oldnavy.gap.com/browse/product.do?vid=1&pid=525427022&cid=1018059&pcid=5475,,,,no_price_found
oldnavy,525427022,B_2024_2026,202510,20251007174340,https://web.archive.org/web/20251007174340/https://oldnavy.gap.com/browse/product.do?vid=1&pid=525427022,The Pixie Mid-Rise Ankle Pants | Old Navy,,,no_price_found
oldnavy,525427022,B_2024_2026,202602,20260216204620,https://web.archive.org/web/20260216204620/https://oldnavy.gap.com/browse/product.do?cid=1008460&vid=1&pid=525427022&tid=onsm001761,The Pixie Mid-Rise Ankle Pants | Old Navy,14.97,USD,jsonld_offer_price
oldnavy,371173002,A_2018_2020,201801,20180101171131,https://web.archive.org/web/20180101171131/http://oldnavy.gap.com:80/browse/product.do?cid=1031033&pcid=1031032&vid=1&pid=371173002,Mid-Rise Stripe-Melange Leggings for Women | Old Navy,,,no_price_found
oldnavy,371173002,A_2018_2020,201802,20180201160301,https://web.archive.org/web/20180201160301/http://oldnavy.gap.com:80/browse/product.do?cid=1031033&pcid=1031032&vid=1&pid=371173002,Mid-Rise Stripe-Melange Leggings for Women | Old Navy,,,no_price_found
oldnavy,371173002,A_2018_2020,201803,20180305000530,https://web.archive.org/web/20180305000530/http://oldnavy.gap.com:80/browse/product.do?cid=1031033&pcid=1031032&vid=1&pid=371173002,Mid-Rise Stripe-Melange Leggings for Women | Old Navy,,,no_price_found
oldnavy,371173002,A_2018_2020,201908,20190825002732,"https://web.archive.org/web/20190825002732/https://oldnavy.gap.com/browse/product.do?pid=371173002&rrec=true&mlink=5050,12413545,onproduct2_rr_1&clink=12413545",Mid-Rise Jersey Performance Leggings for Women | Old Navy,12.00,USD,jsonld_offer_price
oldnavy,371173002,A_2018_2020,201910,20191013182348,https://web.archive.org/web/20191013182348/https://oldnavy.gap.com/browse/product.do?pid=371173002&cid=1031033&pcid=1031032,Mid-Rise Jersey Performance Leggings for Women | Old Navy,16.50,USD,jsonld_offer_price
oldnavy,371173002,A_2018_2020,201911,20191119211602,https://web.archive.org/web/20191119211602/https://oldnavy.gap.com/browse/product.do?cid=1031033&pcid=1031032&vid=1&pid=371173002,Mid-Rise Jersey Performance Leggings for Women | Old Navy,17.97,USD,jsonld_offer_price
oldnavy,371173002,A_2018_2020,201912,20191217100440,https://web.archive.org/web/20191217100440/https://oldnavy.gap.com/browse/product.do?pid=371173002&cid=1031033&pcid=1031032,Mid-Rise Jersey Performance Leggings for Women | Old Navy,17.97,USD,jsonld_offer_price
oldnavy,371173002,B_2024_2026,202406,20240618162551,https://web.archive.org/web/20240618162551/https://oldnavy.gap.com/browse/product.do?cid=53935&vid=1&pid=371173002,Mid-Rise Jersey Performance Leggings for Women | Old Navy,12.97,USD,jsonld_offer_price
oldnavy,371173002,B_2024_2026,202408,20240806041900,https://web.archive.org/web/20240806041900/https://oldnavy.gap.com/browse/product.do?pid=371173002&cid=1031033&pcid=1031032,Mid-Rise Jersey Performance Leggings for Women | Old Navy,12.97,USD,jsonld_offer_price
oldnavy,371173002,B_2024_2026,202501,20250121160553,https://web.archive.org/web/20250121160553/https://oldnavy.gap.com/browse/product.do?cid=53935&vid=1&pid=371173002,Mid-Rise Jersey Performance Leggings for Women | Old Navy,12.97,USD,jsonld_offer_price
oldnavy,371173002,B_2024_2026,202509,20250913013213,https://web.archive.org/web/20250913013213/https://oldnavy.gap.com/browse/product.do?pid=371173002,,,,no_price_found
oldnavy,371173002,B_2024_2026,202511,20251128133326,https://web.archive.org/web/20251128133326/https://oldnavy.gap.com/browse/product.do?pid=371173002,,,,no_price_found
oldnavy,371173002,B_2024_2026,202512,20251203124507,https://web.archive.org/web/20251203124507/https://oldnavy.gap.com/browse/product.do?pid=371173002&cid=1031033&pcid=1031032,,,,no_price_found
oldnavy,371173002,B_2024_2026,202602,20260228102446,https://web.archive.org/web/20260228102446/https://oldnavy.gap.com/browse/product.do?pid=371173002,,,,no_price_found
oldnavy,000152,A_2018_2020,201901,20190105140145,"https://web.archive.org/web/20190105140145/https://oldnavy.gap.com/browse/product.do?vid=1&pid=000152&mlink=5151,8945553,on_gift_card&clink=8945553",Old Navy Gift Card | Old Navy,100.00,USD,jsonld_offer_price
oldnavy,000152,A_2018_2020,201903,20190309231924,"https://web.archive.org/web/20190309231924/https://oldnavy.gap.com/browse/product.do?vid=1&pid=000152&mlink=5151,8945553,on_gift_card&clink=8945553",Old Navy Gift Card | Old Navy,100.00,USD,jsonld_offer_price
oldnavy,000152,A_2018_2020,201905,20190507190522,https://web.archive.org/web/20190507190522/https://oldnavy.gap.com/browse/product.do?pid=000152,Old Navy Gift Card | Old Navy,100.00,USD,jsonld_offer_price
oldnavy,000152,A_2018_2020,201906,20190618083758,https://web.archive.org/web/20190618083758/https://oldnavy.gap.com/browse/product.do?pid=000152,Old Navy Gift Card | Old Navy,100.00,USD,jsonld_offer_price
oldnavy,000152,A_2018_2020,201907,20190724003345,"https://web.archive.org/web/20190724003345/https://oldnavy.gap.com/browse/product.do?vid=1&pid=000152&mlink=5151,8945553,on_gift_card&clink=8945553",Old Navy Gift Card | Old Navy,100.00,USD,jsonld_offer_price
oldnavy,000152,A_2018_2020,201908,20190812223217,"https://web.archive.org/web/20190812223217/https://oldnavy.gap.com/browse/product.do?vid=1&pid=000152&mlink=5151,8945553,on_gift_card&clink=8945553",Old Navy Gift Card | Old Navy,100.00,USD,jsonld_offer_price
oldnavy,000152,A_2018_2020,201909,20190907194424,"https://web.archive.org/web/20190907194424/https://oldnavy.gap.com/browse/product.do?vid=1&pid=000152&mlink=5151,8945553,on_gift_card&clink=8945553",Old Navy Gift Card | Old Navy,100.00,USD,jsonld_offer_price
oldnavy,000152,A_2018_2020,201910,20191008074005,https://web.archive.org/web/20191008074005/https://oldnavy.gap.com/browse/product.do?pid=000152,Old Navy Gift Card | Old Navy,100.00,USD,jsonld_offer_price
oldnavy,000152,A_2018_2020,201911,20191113124440,https://web.archive.org/web/20191113124440/https://oldnavy.gap.com/browse/product.do?vid=1&pid=000152,Old Navy Gift Card | Old Navy,200.00,USD,jsonld_offer_price
oldnavy,000152,A_2018_2020,201912,20191228220233,"https://web.archive.org/web/20191228220233/https://oldnavy.gap.com/browse/product.do?vid=1&pid=000152&mlink=5151,8945553,on_gift_card&clink=8945553",Old Navy Gift Card | Old Navy,200.00,USD,jsonld_offer_price
oldnavy,000152,A_2018_2020,202003,20200317040726,"https://web.archive.org/web/20200317040726/https://oldnavy.gap.com/browse/product.do?vid=1&pid=000152&mlink=5151,8945553,on_gift_card&clink=8945553",Old Navy Gift Card | Old Navy,100.00,USD,jsonld_offer_price
oldnavy,000152,B_2024_2026,202502,20250207084809,https://web.archive.org/web/20250207084809/https://oldnavy.gap.com/browse/product.do?vid=1&pid=000152&nav=hamnav%3AAccount%20%26%20Stores%3AGift%20Cards%3ABuy%20GiftCards,Old Navy Gift Card US | Old Navy,,,no_price_found
oldnavy,000152,B_2024_2026,202503,20250319170129,https://web.archive.org/web/20250319170129/https://oldnavy.gap.com/browse/product.do?vid=1&pid=000152&nav=hamnav%3AAccount%20%26%20Stores%3AGift%20Cards%3ABuy%20GiftCards,Old Navy Gift Card US | Old Navy,,,no_price_found
oldnavy,000152,B_2024_2026,202506,20250618204017,https://web.archive.org/web/20250618204017/https://oldnavy.gap.com/browse/product.do?vid=1&pid=000152&nav=hamnav%3AAccount%20%26%20Stores%3AGift%20Cards%3ABuy%20GiftCards,Old Navy Gift Card US | Old Navy,,,no_price_found
oldnavy,000152,B_2024_2026,202508,20250813145909,https://web.archive.org/web/20250813145909/https://oldnavy.gap.com/browse/product.do?vid=1&pid=000152&nav=hamnav%3AAccount%20%26%20Stores%3AGift%20Cards%3ABuy%20GiftCards,Old Navy Gift Card US | Old Navy,,,no_price_found
oldnavy,000152,B_2024_2026,202509,20250918043837,https://web.archive.org/web/20250918043837/https://oldnavy.gap.com/browse/product.do?vid=1&pid=000152&nav=hamnav%3AAccount%20%26%20Stores%3AGift%20Cards%3ABuy%20GiftCards,Old Navy Gift Card US | Old Navy,,,no_price_found
oldnavy,000152,B_2024_2026,202511,20251109010732,https://web.archive.org/web/20251109010732/https://oldnavy.gap.com/browse/product.do?vid=1&pid=000152&nav=hamnav%3AAccount%20%26%20Stores%3AGift%20Cards%3ABuy%20GiftCards,Old Navy Gift Card US | Old Navy,,,no_price_found
oldnavy,000152,B_2024_2026,202602,20260209092736,https://web.archive.org/web/20260209092736/https://oldnavy.gap.com/browse/product.do?vid=1&pid=000152,Old Navy Gift Card US | Old Navy,500.00,USD,jsonld_offer_price
oldnavy,977707002,A_2018_2020,201802,20180217003459,https://web.archive.org/web/20180217003459/http://oldnavy.gap.com/browse/product.do?pid=977707002&vid=1&locale=en_US&kwid=1&sem=false&sdkw=high-rise-rockstar-skinny-jeans-for-women-P977707&brandCvoSid=JDS6RWKHBVXV&sdReferer=http%3A%2F%2Fwww.oldnavy.com%2Fproducts%2Fjeans-for-women.jsp,High-Rise Rockstar Skinny Jeans for Women | Old Navy,,,no_price_found
oldnavy,977707002,A_2018_2020,201803,20180301081440,https://web.archive.org/web/20180301081440/http://oldnavy.gap.com/browse/product.do?pid=977707002&vid=1&locale=en_US&kwid=1&sem=false&sdkw=high-rise-rockstar-skinny-jeans-for-women-P977707&brandCvoSid=JDS6RWKHBVXV&sdReferer=http%3A%2F%2Fwww.oldnavy.com%2Fproducts%2Fjeans-for-women.jsp,High-Rise Rockstar Skinny Jeans for Women | Old Navy,,,no_price_found
oldnavy,977707002,A_2018_2020,201805,20180501085231,https://web.archive.org/web/20180501085231/https://oldnavy.gap.com/browse/product.do?pid=977707002&vid=1&locale=en_US&kwid=1&sem=false&sdkw=high-rise-rockstar-skinny-jeans-for-women-P977707&brandCvoSid=JDS6RWKHBVXV&sdReferer=http%3A%2F%2Fwww.oldnavy.com%2Fproducts%2Fjeans-for-women.jsp,High-Rise Rockstar Skinny Jeans for Women | Old Navy,,,no_price_found
oldnavy,977707002,A_2018_2020,201806,20180601000501,https://web.archive.org/web/20180601000501/https://oldnavy.gap.com/browse/product.do?pid=977707002&vid=1&locale=en_US&kwid=1&sem=false&sdkw=high-rise-rockstar-skinny-jeans-for-women-P977707&brandCvoSid=JDS6RWKHBVXV&sdReferer=http%3A%2F%2Fwww.oldnavy.com%2Fproducts%2Fjeans-for-women.jsp,High-Rise Rockstar Skinny Jeans for Women|old-navy,,,no_price_found
oldnavy,977707002,A_2018_2020,201909,20190922224725,https://web.archive.org/web/20190922224725/https://oldnavy.gap.com/browse/OutOfStockNoResults.do?cid=1078701&pcid=85729&vid=1&pid=977707002&requestedurl=oldnavy.gap.com%2Fbrowse%2Fproduct.do%3Fcid%3D1078701%26pcid%3D85729%26vid%3D1%26pid%3D977707002,Old Navy,,,no_price_found
oldnavy,977707002,A_2018_2020,201912,20191206235226,https://web.archive.org/web/20191206235226/https://oldnavy.gap.com/browse/OutOfStockNoResults.do?cid=85732&vid=1&pid=977707002&requestedurl=oldnavy.gap.com%2Fbrowse%2Fproduct.do%3Fcid%3D85732%26vid%3D1%26pid%3D977707002,Old Navy,,,no_price_found
oldnavy,977707002,B_2024_2026,202406,20240616032956,https://web.archive.org/web/20240616032956/https://oldnavy.gap.com/browse/product.do?pid=977707002,High-Rise Rockstar Super Skinny Jeans for Women | Old Navy,25.00,USD,jsonld_offer_price
oldnavy,977707002,B_2024_2026,202407,20240722164207,https://web.archive.org/web/20240722164207/https://oldnavy.gap.com/browse/product.do?cid=1017736&vid=1&pid=977707002,High-Rise Rockstar Super Skinny Jeans for Women | Old Navy,25.00,USD,jsonld_offer_price
oldnavy,977707002,B_2024_2026,202408,20240811032537,"https://web.archive.org/web/20240811032537/https://oldnavy.gap.com/browse/product.do?pid=977707002&CAWELAID=120299900000081619&CAGPSPN=pla&CAAGID=39786116566&CATCI=aud-372486211174:pla-298923449419&device=c&product_channel=online&Matchtype=&tid=onpl000000&kwid=1&ap=7&lsft=device:c,cvosrc:cse.google.online_Brand,cvo_campaign:782890930,cvo_pid:39786116566,cvo_crid:187255275017,Matchtype:,tid:onpl000000,kwid:1,ap:7",High-Rise Rockstar Super Skinny Jeans for Women | Old Navy,25.00,USD,jsonld_offer_price
oldnavy,977707002,B_2024_2026,202501,20250117140555,https://web.archive.org/web/20250117140555/https://oldnavy.gap.com/browse/product.do?cid=85732&vid=1&pid=977707002,High-Rise Rockstar Super Skinny Jeans for Women | Old Navy,25.00,USD,jsonld_offer_price
oldnavy,977707002,B_2024_2026,202502,20250219045443,https://web.archive.org/web/20250219045443/https://oldnavy.gap.com/browse/product.do?cid=1017736&vid=1&pid=977707002,High-Rise Rockstar Super Skinny Jeans for Women | Old Navy,,,no_price_found
oldnavy,977707002,B_2024_2026,202507,20250712164849,https://web.archive.org/web/20250712164849/https://oldnavy.gap.com/browse/product.do?pid=977707002&vid=1&locale=en_US&kwid=1&sem=false&sdkw=high-rise-rockstar-skinny-jeans-for-women-P977707&brandCvoSid=JDS6RWKHBVXV&sdReferer=https://oldnavy.gap.com/products/jeans-for-women.jsp,High-Rise Rockstar Super Skinny Jeans for Women | Old Navy,,,no_price_found
oldnavy,977707002,B_2024_2026,202512,20251208205917,https://web.archive.org/web/20251208205917/https://oldnavy.gap.com/browse/product.do?pid=977707002&vid=2&cvosrc=cse.google.PLA_Brand&cvo_campaign=690748441&cvo_adgroup=35201331985&cvo_crid=155158479490&Matchtype=&tid=onpl000000&kwid=1&ap=7&gclid=Cj0KEQiAwrbEBRDqxqzMsrTGmogBEiQAeSE6ZYXdgmIMMmp0_-pL8DOMf4xnxl1lwElcFyHP0wJpeBwaArRm8P8HAQ,High-Rise Rockstar Super Skinny Jeans for Women | Old Navy,,,no_price_found
oldnavy,977707002,B_2024_2026,202602,20260214132312,https://web.archive.org/web/20260214132312/https://oldnavy.gap.com/browse/product.do?cid=1017736&vid=1&pid=977707002,High-Rise Rockstar Super Skinny Jeans for Women | Old Navy,25.00,USD,jsonld_offer_price
oldnavy,770697002,A_2018_2020,201801,20180101214140,https://web.archive.org/web/20180101214140/http://oldnavy.gap.com:80/browse/product.do?cid=1005528&pcid=11174&vid=1&pid=770697002,Loose Built-In Flex Jeans for Men | Old Navy,,,no_price_found
oldnavy,770697002,A_2018_2020,201802,20180202065606,https://web.archive.org/web/20180202065606/http://oldnavy.gap.com:80/browse/product.do?cid=1005528&pcid=11174&vid=1&pid=770697002,Loose Built-In Flex Jeans for Men | Old Navy,,,no_price_found
oldnavy,770697002,A_2018_2020,201803,20180305071700,https://web.archive.org/web/20180305071700/http://oldnavy.gap.com:80/browse/product.do?cid=1005528&pcid=11174&vid=1&pid=770697002,Loose Built-In Flex Jeans for Men|old-navy,,,no_price_found
oldnavy,770697002,A_2018_2020,201908,20190820071740,https://web.archive.org/web/20190820071740/https://oldnavy.gap.com/browse/product.do?pid=770697002,Loose Built-In Flex Jeans For Men | Old Navy,35.00,USD,jsonld_offer_price
oldnavy,770697002,A_2018_2020,201909,20190919021137,https://web.archive.org/web/20190919021137/https://oldnavy.gap.com/browse/product.do?pid=770697002&vid=12,Loose Built-In Flex Jeans For Men | Old Navy,35.00,USD,jsonld_offer_price
oldnavy,770697002,A_2018_2020,201910,20191014153322,https://web.archive.org/web/20191014153322/https://oldnavy.gap.com/browse/product.do?pid=770697002,Loose Built-In Flex Jeans For Men | Old Navy,20.00,USD,jsonld_offer_price
oldnavy,770697002,B_2024_2026,202410,20241010200903,https://web.archive.org/web/20241010200903/https://oldnavy.gap.com/browse/product.do?pid=770697002&cid=5205&pcid=5199,Loose Built-In Flex Jeans | Old Navy,30.99,USD,jsonld_offer_price
oldnavy,770697002,B_2024_2026,202501,20250115231257,https://web.archive.org/web/20250115231257/https://oldnavy.gap.com/browse/product.do?pid=770697002,,,,no_price_found
oldnavy,770697002,B_2024_2026,202504,20250429090957,https://web.archive.org/web/20250429090957/https://oldnavy.gap.com/browse/product.do?pid=770697002,,,,no_price_found
oldnavy,770697002,B_2024_2026,202507,20250701053518,https://web.archive.org/web/20250701053518/https://oldnavy.gap.com/browse/product.do?vid=1&pid=770697002,,,,no_price_found
oldnavy,770697002,B_2024_2026,202509,20250918181032,https://web.archive.org/web/20250918181032/https://oldnavy.gap.com/browse/product.do?pid=770697002,,,,no_price_found
oldnavy,770697002,B_2024_2026,202510,20251017151501,https://web.archive.org/web/20251017151501/https://oldnavy.gap.com/browse/product.do?pid=770697002&cid=5205&pcid=5199,Loose Built-In Flex Jeans | Old Navy,,,no_price_found
oldnavy,770697002,B_2024_2026,202511,20251127214014,https://web.archive.org/web/20251127214014/https://oldnavy.gap.com/browse/product.do?pid=770697002&vid=1&pcid=1031099&cid=1031099&nav=meganav%3AMen%3A%3A,,,,no_price_found
oldnavy,770697002,B_2024_2026,202512,20251215090054,https://web.archive.org/web/20251215090054/https://oldnavy.gap.com/browse/product.do?pid=770697002&cl=true&nav=smartlink:Men::Pants,Loose Built-In Flex Jeans | Old Navy,,,no_price_found
oldnavy,770697002,B_2024_2026,202601,20260108220417,https://web.archive.org/web/20260108220417/https://oldnavy.gap.com/browse/product.do?pid=770697002,,,,no_price_found
oldnavy,770697002,B_2024_2026,202602,20260215171645,https://web.archive.org/web/20260215171645/https://oldnavy.gap.com/browse/product.do?pid=770697002&cid=5205&pcid=5199,Loose Built-In Flex Jeans | Old Navy,34.99,USD,jsonld_offer_price
oldnavy,647190032,A_2018_2020,201907,20190717162911,https://web.archive.org/web/20190717162911/https://oldnavy.gap.com/browse/product.do?cid=1017736&vid=1&pid=647190032,Mid-Rise Rockstar Super Skinny Jeans for Women | Old Navy,29.00,USD,jsonld_offer_price
oldnavy,647190032,A_2018_2020,201908,20190822094745,https://web.archive.org/web/20190822094745/https://oldnavy.gap.com/browse/GeneralNoResults.do?cid=70396&vid=3&pid=647190032&requestedurl=oldnavy.gap.com%2Fbrowse%2Fproduct.do%3Fcid%3D70396%26vid%3D3%26pid%3D647190032,Old Navy,,,no_price_found
oldnavy,647190032,A_2018_2020,201909,20190917193402,https://web.archive.org/web/20190917193402/https://oldnavy.gap.com/browse/product.do?vid=1&pid=647190032&searchText=rockstar+jeans,Mid-Rise Rockstar Super Skinny Jeans for Women | Old Navy,25.00,USD,jsonld_offer_price
oldnavy,647190032,A_2018_2020,201910,20191016065424,https://web.archive.org/web/20191016065424/https://oldnavy.gap.com/browse/product.do?vid=1&pid=647190032,Mid-Rise Rockstar Super Skinny Jeans for Women | Old Navy,18.00,USD,jsonld_offer_price
oldnavy,647190032,A_2018_2020,201911,20191123034856,https://web.archive.org/web/20191123034856/https://oldnavy.gap.com/browse/product.do?cid=1021843&vid=1&pid=647190032,Mid-Rise Rockstar Super Skinny Jeans for Women | Old Navy,17.50,USD,jsonld_offer_price
oldnavy,647190032,A_2018_2020,201912,20191206110248,https://web.archive.org/web/20191206110248/https://oldnavy.gap.com/browse/product.do?pid=647190032&vid=3&locale=en_US&kwid=1&sem=false&sdReferer=http%3A%2F%2Fwww.oldnavy.com%2Fproducts%2Fpetite-clothing.jsp,Mid-Rise Rockstar Super Skinny Jeans for Women | Old Navy,30.00,USD,jsonld_offer_price
oldnavy,647190032,B_2024_2026,202406,20240617083151,https://web.archive.org/web/20240617083151/https://oldnavy.gap.com/browse/product.do?cid=70396&vid=3&pid=647190032,Mid-Rise Rockstar Super-Skinny Jeans for Women | Old Navy,27.99,USD,jsonld_offer_price
oldnavy,647190032,B_2024_2026,202407,20240715055430,https://web.archive.org/web/20240715055430/https://oldnavy.gap.com/browse/product.do?vid=1&pid=647190032&searchText=rockstar+mid+rise+jeans,Mid-Rise Rockstar Super-Skinny Jeans for Women | Old Navy,39.99,USD,jsonld_offer_price
oldnavy,647190032,B_2024_2026,202408,20240803062801,https://web.archive.org/web/20240803062801/https://oldnavy.gap.com/browse/product.do?pid=647190032&vid=1&locale=en_US&kwid=1&sem=false&sdkw=mid-rise-rockstar-skinny-jeans-for-women-P647190&brandCvoSid=QUSDZE9CNP8F&sdReferer=http%3A%2F%2Fwww.oldnavy.com%2Fproducts%2Fjeans-for-women.jsp,Mid-Rise Rockstar Super-Skinny Jeans for Women | Old Navy,27.99,USD,jsonld_offer_price
oldnavy,647190032,B_2024_2026,202410,20241004235442,https://web.archive.org/web/20241004235442/https://oldnavy.gap.com/browse/product.do?vid=1&pid=647190032,Mid-Rise Rockstar Super-Skinny Jeans | Old Navy,20.00,USD,jsonld_offer_price
oldnavy,647190032,B_2024_2026,202412,20241229121252,https://web.archive.org/web/20241229121252/https://oldnavy.gap.com/browse/product.do?pid=647190032,Mid-Rise Rockstar Super-Skinny Jeans | Old Navy,10.47,USD,jsonld_offer_price
oldnavy,647190032,B_2024_2026,202501,20250124163848,https://web.archive.org/web/20250124163848/https://oldnavy.gap.com/browse/product.do?cid=85732&pcid=85729&vid=1&pid=647190032,Mid-Rise Rockstar Super-Skinny Jeans | Old Navy,10.47,USD,jsonld_offer_price
oldnavy,647190032,B_2024_2026,202503,20250327164159,"https://web.archive.org/web/20250327164159/https://oldnavy.gap.com/browse/product.do?pid=647190032&rrec=true&mlink=5050,12413545,onproduct1_rr_1&clink=12413545",Mid-Rise Rockstar Super-Skinny Jeans | Old Navy,,,no_price_found
oldnavy,647190032,B_2024_2026,202509,20250903143003,https://web.archive.org/web/20250903143003/https://oldnavy.gap.com/browse/product.do?pid=647190032,,,,no_price_found
oldnavy,647190032,B_2024_2026,202510,20251018111306,https://web.archive.org/web/20251018111306/https://oldnavy.gap.com/browse/product.do?pid=647190032,Mid-Rise Rockstar Super-Skinny Jeans | Old Navy,,,no_price_found
oldnavy,647190032,B_2024_2026,202511,20251113090920,https://web.archive.org/web/20251113090920/https://oldnavy.gap.com/browse/product.do?cid=1017736&vid=1&pid=647190032,Mid-Rise Rockstar Super-Skinny Jeans | Old Navy,,,no_price_found
oldnavy,647190032,B_2024_2026,202512,20251210033151,https://web.archive.org/web/20251210033151/https://oldnavy.gap.com/browse/product.do?cid=70396&vid=3&pid=647190032,Mid-Rise Rockstar Super-Skinny Jeans | Old Navy,,,no_price_found
oldnavy,647190032,B_2024_2026,202602,20260211090410,https://web.archive.org/web/20260211090410/https://oldnavy.gap.com/browse/product.do?pid=647190032&vid=1&locale=en_US&kwid=1&sem=false&sdkw=mid-rise-rockstar-skinny-jeans-for-women-P647190&brandCvoSid=QUSDZE9CNP8F&sdReferer=http%3A%2F%2Fwww.oldnavy.com%2Fproducts%2Fjeans-for-women.jsp,Mid-Rise Rockstar Super-Skinny Jeans | Old Navy,34.99,USD,jsonld_offer_price
oldnavy,610900012,A_2018_2020,201907,20190710115741,https://web.archive.org/web/20190710115741/https://oldnavy.gap.com/browse/OutOfStockNoResults.do?vid=1&pid=610900012&requestedurl=oldnavy.gap.com%2Fbrowse%2Fproduct.do%3Fvid%3D1%26pid%3D610900012,Old Navy - Page Not Found,,,no_price_found
oldnavy,610900012,A_2018_2020,201908,20190826091617,https://web.archive.org/web/20190826091617/https://oldnavy.gap.com/browse/OutOfStockNoResults.do?pid=610900012&tid=onpl000000&kwid=1&ap=7&sem=true&mkwid=IVbnDXBa_dc&adid=Cebqhpg+Nqf&pcrid=29466129575&requestedurl=oldnavy.gap.com%2Fbrowse%2Fproduct.do%3Fpid%3D610900012%26tid%3Donpl000000%26kwid%3D1%26ap%3D7%26sem%3Dtrue%26mkwid%3DIVbnDXBa_dc%26adid%3DCebqhpg%2BNqf%26pcrid%3D29466129575,Old Navy,,,no_price_found
oldnavy,610900012,A_2018_2020,201909,20190922210531,https://web.archive.org/web/20190922210531/https://oldnavy.gap.com/browse/OutOfStockNoResults.do?vid=1&pid=610900012&requestedurl=oldnavy.gap.com%2Fbrowse%2Fproduct.do%3Fvid%3D1%26pid%3D610900012,Old Navy,,,no_price_found
oldnavy,610900012,A_2018_2020,201910,20191018164639,https://web.archive.org/web/20191018164639/https://oldnavy.gap.com/browse/OutOfStockNoResults.do?cid=74688&vid=1&pid=610900012&requestedurl=oldnavy.gap.com%2Fbrowse%2Fproduct.do%3Fcid%3D74688%26vid%3D1%26pid%3D610900012,Old Navy,,,no_price_found
oldnavy,610900012,A_2018_2020,201911,20191112100124,https://web.archive.org/web/20191112100124/https://oldnavy.gap.com/browse/GeneralNoResults.do?cid=74688&amp;vid=1&amp;pid=610900012&requestedurl=oldnavy.gap.com%2Fbrowse%2Fproduct.do%3Fcid%3D74688%26amp%3Bvid%3D1%26amp%3Bpid%3D610900012,Old Navy,,,no_price_found
oldnavy,610900012,A_2018_2020,201912,20191213153939,https://web.archive.org/web/20191213153939/https://oldnavy.gap.com/browse/OutOfStockNoResults.do?pid=610900012&amp;tid=onaff2687457&amp;ap=2&amp;siteID=onafcid89&requestedurl=oldnavy.gap.com%2Fbrowse%2Fproduct.do%3Fpid%3D610900012%26amp%3Btid%3Donaff2687457%26amp%3Bap%3D2%26amp%3BsiteID%3Donafcid89,Old Navy,,,no_price_found
oldnavy,610900012,B_2024_2026,202406,20240614065147,https://web.archive.org/web/20240614065147/https://oldnavy.gap.com/browse/product.do?pid=610900012&tid=onpl000000&kwid=1&ap=7&sem=true&mkwid=IVbnDXBa_dc&adid=Cebqhpg+Nqf&pcrid=29466129575,Women's Denim Jackets | Old Navy,34.94,USD,jsonld_offer_price
oldnavy,610900012,B_2024_2026,202407,20240720042754,https://web.archive.org/web/20240720042754/https://oldnavy.gap.com/browse/product.do?pid=610900012,Women's Denim Jackets | Old Navy,34.94,USD,jsonld_offer_price
oldnavy,610900012,B_2024_2026,202408,20240806075346,https://web.archive.org/web/20240806075346/https://oldnavy.gap.com/browse/product.do?pid=610900012&tid=onpl000000&kwid=1&ap=7&sem=true&adid=Cebqhpg+Nqf&pcrid=29466129575,Women's Denim Jackets | Old Navy,34.94,USD,jsonld_offer_price
oldnavy,610900012,B_2024_2026,202410,20241014151508,https://web.archive.org/web/20241014151508/https://oldnavy.gap.com/browse/product.do?vid=1&pid=610900012,Women's Denim Jackets | Old Navy,34.94,USD,jsonld_offer_price
oldnavy,610900012,B_2024_2026,202501,20250115161416,https://web.archive.org/web/20250115161416/https://oldnavy.gap.com/browse/product.do?pid=610900012&tid=onfr1r,Women's Denim Jackets | Old Navy,34.94,USD,jsonld_offer_price
oldnavy,610900012,B_2024_2026,202502,20250210091142,https://web.archive.org/web/20250210091142/https://oldnavy.gap.com/browse/product.do?cid=1022681&vid=1&pid=610900012,Women&apos;s Denim Jackets | Old Navy,,,no_price_found
oldnavy,610900012,B_2024_2026,202508,20250815131244,https://web.archive.org/web/20250815131244/https://oldnavy.gap.com/browse/product.do?pid=610900012,Women's Denim Jackets | Old Navy,,,no_price_found
oldnavy,371071002,A_2018_2020,201907,20190721111025,https://web.archive.org/web/20190721111025/https://oldnavy.gap.com/browse/OutOfStockNoResults.do?pid=371071002&cvosrc=ppc.google.&cvo_campaign=170632655&cvo_adgroup=8616756095&cvo_crid=49588174295&Matchtype=&campaigntype=PLA&tid=onpl000000&kwid=1&ap=7&sem=true&mkwid=TZbumEHG_dc&creative=49588174295&adpos=1o3&gclid=CKKZ0rjZ7cYCFQktaQod3J0Ezg&requestedurl=oldnavy.gap.com%2Fbrowse%2Fproduct.do%3Fpid%3D371071002%26cvosrc%3Dppc.google.%26cvo_campaign%3D170632655%26cvo_adgroup%3D8616756095%26cvo_crid%3D49588174295%26Matchtype%3D%26campaigntype%3DPLA%26tid%3Donpl000000%26kwid%3D1%26ap%3D7%26sem%3Dtrue%26mkwid%3DTZbumEHG_dc%26creative%3D49588174295%26adpos%3D1o3%26gclid%3DCKKZ0rjZ7cYCFQktaQod3J0Ezg,Old Navy,,,no_price_found
oldnavy,371071002,A_2018_2020,201908,20190825134334,https://web.archive.org/web/20190825134334/https://oldnavy.gap.com/browse/OutOfStockNoResults.do?vid=1&pid=371071002&requestedurl=oldnavy.gap.com%2Fbrowse%2Fproduct.do%3Fvid%3D1%26pid%3D371071002,Old Navy,,,no_price_found
oldnavy,371071002,A_2018_2020,201909,20190923033424,https://web.archive.org/web/20190923033424/https://oldnavy.gap.com/browse/OutOfStockNoResults.do?pid=371071002&vid=1&locale=en_US&kwid=1&sem=false&sdkw=womens-classic-chambray-shirt-P371071&sdReferer=http%3A%2F%2Fwww.oldnavy.com%2Fproducts%2Fchambray-shirts.jsp&requestedurl=oldnavy.gap.com%2Fbrowse%2Fproduct.do%3Fpid%3D371071002%26vid%3D1%26locale%3Den_US%26kwid%3D1%26sem%3Dfalse%26sdkw%3Dwomens-classic-chambray-shirt-P371071%26sdReferer%3Dhttp%253A%252F%252Fwww.oldnavy.com%252Fproducts%252Fchambray-shirts.jsp,Old Navy,,,no_price_found
oldnavy,371071002,A_2018_2020,201910,20191014053229,https://web.archive.org/web/20191014053229/https://oldnavy.gap.com/browse/OutOfStockNoResults.do?pid=371071002&tid=onaff4441350&ap=2&siteID=onafcid10420955&vid=2&cvosrc=affiliate.cj.4441350&requestedurl=oldnavy.gap.com%2Fbrowse%2Fproduct.do%3Fpid%3D371071002%26tid%3Donaff4441350%26ap%3D2%26siteID%3Donafcid10420955%26vid%3D2%26cvosrc%3Daffiliate.cj.4441350,Old Navy,,,no_price_found
oldnavy,371071002,A_2018_2020,201911,20191113031155,https://web.archive.org/web/20191113031155/https://oldnavy.gap.com/browse/OutOfStockNoResults.do?cid=72302&vid=1&pid=371071002&requestedurl=oldnavy.gap.com%2Fbrowse%2Fproduct.do%3Fcid%3D72302%26vid%3D1%26pid%3D371071002,Old Navy,,,no_price_found
oldnavy,371071002,A_2018_2020,201912,20191210212053,https://web.archive.org/web/20191210212053/https://oldnavy.gap.com/browse/OutOfStockNoResults.do?pid=371071002&vid=1&locale=en_US&kwid=1&sem=false&sdkw=classic-chambray-shirt-P371071&sdReferer=http%3A%2F%2Fwww.oldnavy.com%2Fproducts%2Fchambray-shirts.jsp&requestedurl=oldnavy.gap.com%2Fbrowse%2Fproduct.do%3Fpid%3D371071002%26vid%3D1%26locale%3Den_US%26kwid%3D1%26sem%3Dfalse%26sdkw%3Dclassic-chambray-shirt-P371071%26sdReferer%3Dhttp%253A%252F%252Fwww.oldnavy.com%252Fproducts%252Fchambray-shirts.jsp,Old Navy,,,no_price_found
oldnavy,371071002,B_2024_2026,202409,20240911093343,https://web.archive.org/web/20240911093343/https://oldnavy.gap.com/browse/product.do?pid=371071002&vid=1&locale=en_US&kwid=1&sem=false&sdkw=womens-classic-chambray-shirt-P371071&sdReferer=http%3A%2F%2Fwww.oldnavy.com%2Fproducts%2Fchambray-shirts.jsp,Classic Chambray Shirt for Women | Old Navy,22.00,USD,jsonld_offer_price
oldnavy,371071002,B_2024_2026,202410,20241006093955,https://web.archive.org/web/20241006093955/https://oldnavy.gap.com/browse/product.do?pid=371071002&vid=1&locale=en_US&kwid=1&sem=false&sdkw=classic-chambray-shirt-P371071&sdReferer=http%3A%2F%2Fwww.oldnavy.com%2Fproducts%2Fchambray-shirts.jsp,Classic Chambray Shirt for Women | Old Navy,22.00,USD,jsonld_offer_price
oldnavy,371071002,B_2024_2026,202501,20250123035433,https://web.archive.org/web/20250123035433/https://oldnavy.gap.com/browse/product.do?vid=2&pid=371071002&tid=onsm004551,Classic Chambray Shirt for Women | Old Navy,22.00,USD,jsonld_offer_price
oldnavy,371071002,B_2024_2026,202502,20250219114648,https://web.archive.org/web/20250219114648/https://oldnavy.gap.com/browse/product.do?pid=371071002&vid=1&locale=en_US&kwid=1&sem=false&sdkw=classic-chambray-shirt-P371071&sdReferer=http%3A%2F%2Fwww.oldnavy.com%2Fproducts%2Fchambray-shirts.jsp,Classic Chambray Shirt for Women | Old Navy,,,no_price_found
oldnavy,371071002,B_2024_2026,202512,20251210143202,https://web.archive.org/web/20251210143202/https://oldnavy.gap.com/browse/product.do?pid=371071002,Classic Chambray Shirt for Women | Old Navy,,,no_price_found
oldnavy,371071002,B_2024_2026,202602,20260215103354,https://web.archive.org/web/20260215103354/https://oldnavy.gap.com/browse/product.do?pid=371071002&vid=1&locale=en_US&kwid=1&sem=false&sdkw=classic-chambray-shirt-P371071&sdReferer=http%3A%2F%2Fwww.oldnavy.com%2Fproducts%2Fchambray-shirts.jsp,Classic Chambray Shirt for Women | Old Navy,22.00,USD,jsonld_offer_price
oldnavy,288711002,A_2018_2020,201907,20190717105955,https://web.archive.org/web/20190717105955/https://oldnavy.gap.com/browse/product.do?pid=288711002&CAWELAID=120299900000093242&CAGPSPN=pla&CAAGID=65997748744&CATCI=aud-523062155473:pla-548206437044&tid=onpl000017&kwid=1&ap=7&gclid=Cj0KCQjwi8fdBRCVARIsAEkDvnIgdcwmZC9DovtkZQUIyA2IUYq839CD8g99OWfQDtKlAxOx608uZkUaAt-WEALw_wcB&gclsrc=aw.ds,Mid-Rise Raw-Edge Rockstar Ankle Jeans for Women | Old Navy,31.00,USD,jsonld_offer_price
oldnavy,288711002,A_2018_2020,201908,20190817105819,https://web.archive.org/web/20190817105819/https://oldnavy.gap.com/browse/product.do?cid=85729&vid=1&pid=288711002,Mid-Rise Raw-Edge Rockstar Ankle Jeans for Women | Old Navy,22.50,USD,jsonld_offer_price
oldnavy,288711002,A_2018_2020,201909,20190915102236,https://web.archive.org/web/20190915102236/https://oldnavy.gap.com/browse/product.do?pid=288711002&cvosrc=cse.google.PLA_Brand&cvo_campaign=181447895&cvo_adgroup=9693947975&cvo_crid=53230007255&Matchtype=&campaigntype=PLA&tid=onpl000000&kwid=1&ap=7&sem=true&mkwid=oT19FcjC_dt&creative=53230007255&adpos=1o3&gclid=CP6LxIzs688CFQIEaQodsP4Kaw,Mid-Rise Raw-Edge Rockstar Ankle Jeans for Women | Old Navy,44.99,USD,jsonld_offer_price
oldnavy,288711002,A_2018_2020,201910,20191019071602,https://web.archive.org/web/20191019071602/https://oldnavy.gap.com/browse/product.do?vid=1&pid=288711002&searchText=rockstar,Mid-Rise Raw-Edge Rockstar Ankle Jeans for Women | Old Navy,25.00,USD,jsonld_offer_price
oldnavy,288711002,A_2018_2020,201911,20191115030154,https://web.archive.org/web/20191115030154/https://oldnavy.gap.com/browse/product.do?pid=288711002&CAWELAID=120299900000093242&CAGPSPN=pla&CAAGID=65997748744&CATCI=aud-523062155473:pla-548206437044&tid=onpl000017&kwid=1&ap=7&gclid=Cj0KCQjwi8fdBRCVARIsAEkDvnIgdcwmZC9DovtkZQUIyA2IUYq839CD8g99OWfQDtKlAxOx608uZkUaAt-WEALw_wcB&gclsrc=aw.ds,Mid-Rise Raw-Edge Rockstar Ankle Jeans for Women | Old Navy,35.00,USD,jsonld_offer_price
oldnavy,288711002,A_2018_2020,201912,20191208110234,https://web.archive.org/web/20191208110234/https://oldnavy.gap.com/browse/product.do?cid=85732&pcid=85729&vid=1&pid=288711002,Mid-Rise Raw-Edge Rockstar Ankle Jeans for Women | Old Navy,35.00,USD,jsonld_offer_price
oldnavy,288711002,B_2024_2026,202409,20240912002523,https://web.archive.org/web/20240912002523/https://oldnavy.gap.com/browse/product.do?pid=288711002,Mid-Rise Rockstar Super-Skinny Ankle Jeans | Old Navy,29.99,USD,jsonld_offer_price
oldnavy,288711002,B_2024_2026,202501,20250115055712,https://web.archive.org/web/20250115055712/https://oldnavy.gap.com/browse/product.do?cid=85732&vid=1&pid=288711002,Mid-Rise Rockstar Super-Skinny Ankle Jeans | Old Navy,24.99,USD,jsonld_offer_price
oldnavy,288711002,B_2024_2026,202502,20250219151905,https://web.archive.org/web/20250219151905/https://oldnavy.gap.com/browse/product.do?pid=288711002&cid=85732&pcid=85729,Mid-Rise Rockstar Super-Skinny Ankle Jeans | Old Navy,,,no_price_found
oldnavy,288711002,B_2024_2026,202504,20250401044930,https://web.archive.org/web/20250401044930/https://oldnavy.gap.com/browse/product.do?cl=true&nav=smartlink%3AWomen%3A%3AJeans&pid=288711002,,,,no_price_found
oldnavy,288711002,B_2024_2026,202505,20250517224450,https://web.archive.org/web/20250517224450/https://oldnavy.gap.com/browse/product.do?pid=288711002&cl=true&nav=smartlink:Women::Jeans,Mid-Rise Rockstar Super-Skinny Ankle Jeans | Old Navy,,,no_price_found
oldnavy,288711002,B_2024_2026,202508,20250828051239,https://web.archive.org/web/20250828051239/https://oldnavy.gap.com/browse/product.do?pid=288711002&cid=85732&pcid=85729,,,,no_price_found
oldnavy,288711002,B_2024_2026,202510,20251009020616,https://web.archive.org/web/20251009020616/https://oldnavy.gap.com/browse/product.do?pid=288711002&cid=85732&pcid=85729,Mid-Rise Rockstar Super-Skinny Ankle Jeans | Old Navy,,,no_price_found
oldnavy,288711002,B_2024_2026,202512,20251208020159,https://web.archive.org/web/20251208020159/https://oldnavy.gap.com/browse/product.do?cid=85732&vid=1&pid=288711002,Mid-Rise Rockstar Super-Skinny Ankle Jeans | Old Navy,,,no_price_found
oldnavy,288711002,B_2024_2026,202602,20260208152046,https://web.archive.org/web/20260208152046/https://oldnavy.gap.com/browse/product.do?pid=288711002&cl=true&nav=smartlink:Women::Jeans,Mid-Rise Rockstar Super-Skinny Ankle Jeans | Old Navy,49.99,USD,jsonld_offer_price
oldnavy,144758002,A_2018_2020,201907,20190719141244,https://web.archive.org/web/20190719141244/https://oldnavy.gap.com/browse/product.do?pid=144758002&tid=onaff2178999&ap=2&siteID=onafcid12882571,Mid-Rise Rockstar Super Skinny Jeans for Women | Old Navy,29.00,USD,jsonld_offer_price
oldnavy,144758002,A_2018_2020,201908,20190825153032,https://web.archive.org/web/20190825153032/https://oldnavy.gap.com/browse/product.do?pid=144758002&amp;tid=onaff2178999&amp;ap=2&amp;siteID=onafcid12882571,Mid-Rise Rockstar Super Skinny Jeans for Women | Old Navy,32.00,USD,jsonld_offer_price
oldnavy,144758002,A_2018_2020,201909,20190921212401,https://web.archive.org/web/20190921212401/https://oldnavy.gap.com/browse/product.do?pid=144758002&CAWELAID=120299900000086382&CAGPSPN=pla&CAAGID=35201331985&CATCI=pla-298663229228&tid=onpl000000&kwid=1&ap=7&gclid=EAIaIQobChMIyty7v63t3AIVRoezCh1AhgOyEAQYASABEgJ5HvD_BwE&gclsrc=aw.ds,Mid-Rise Rockstar Super Skinny Jeans for Women | Old Navy,15.00,USD,jsonld_offer_price
oldnavy,144758002,A_2018_2020,201910,20191019064930,https://web.archive.org/web/20191019064930/https://oldnavy.gap.com/browse/product.do?pid=144758002&CAWELAID=120299900000086409&CAGPSPN=pla&CAAGID=59094350389&CATCI=pla-531501976938&tid=onpl000000&kwid=1&ap=7&gclid=EAIaIQobChMIxK7p4PfC3wIVhpyzCh05uQETEAQYASABEgJOL_D_BwE&gclsrc=aw.ds,Mid-Rise Rockstar Super Skinny Jeans for Women | Old Navy,20.00,USD,jsonld_offer_price
oldnavy,144758002,A_2018_2020,201911,20191114054331,https://web.archive.org/web/20191114054331/https://oldnavy.gap.com/browse/product.do?pid=144758002&CAWELAID=120299900000086382&CAGPSPN=pla&CAAGID=35201331985&CATCI=pla-298663229228&tid=onpl000000&kwid=1&ap=7&gclid=EAIaIQobChMIyty7v63t3AIVRoezCh1AhgOyEAQYASABEgJ5HvD_BwE&gclsrc=aw.ds,Mid-Rise Rockstar Super Skinny Jeans for Women | Old Navy,34.99,USD,jsonld_offer_price
oldnavy,144758002,A_2018_2020,201912,20191208102117,https://web.archive.org/web/20191208102117/https://oldnavy.gap.com/browse/product.do?pid=144758002&CAWELAID=120299900000086409&CAGPSPN=pla&CAAGID=59094350389&CATCI=pla-531501976938&tid=onpl000000&kwid=1&ap=7&gclid=EAIaIQobChMIxK7p4PfC3wIVhpyzCh05uQETEAQYASABEgJOL_D_BwE&gclsrc=aw.ds,Mid-Rise Rockstar Super Skinny Jeans for Women | Old Navy,28.00,USD,jsonld_offer_price
oldnavy,144758002,B_2024_2026,202406,20240617082452,https://web.archive.org/web/20240617082452/https://oldnavy.gap.com/browse/product.do?vid=1&pid=144758002,Mid-Rise Rockstar Super Skinny Jeans for Women | Old Navy,21.97,USD,jsonld_offer_price
oldnavy,144758002,B_2024_2026,202408,20240803044246,https://web.archive.org/web/20240803044246/https://oldnavy.gap.com/browse/product.do?cid=1017736&vid=1&pid=144758002,Mid-Rise Rockstar Super Skinny Jeans for Women | Old Navy,21.97,USD,jsonld_offer_price
oldnavy,144758002,B_2024_2026,202410,20241014111243,https://web.archive.org/web/20241014111243/https://oldnavy.gap.com/browse/product.do?pid=144758002&pcid=999,Mid-Rise Rockstar Super Skinny Jeans for Women | Old Navy,21.97,USD,jsonld_offer_price
oldnavy,144758002,B_2024_2026,202501,20250119210933,https://web.archive.org/web/20250119210933/https://oldnavy.gap.com/browse/product.do?vid=1&pid=144758002,Mid-Rise Rockstar Super Skinny Jeans for Women | Old Navy,21.97,USD,jsonld_offer_price
oldnavy,144758002,B_2024_2026,202502,20250219192645,https://web.archive.org/web/20250219192645/https://oldnavy.gap.com/browse/product.do?pid=144758002,Mid-Rise Rockstar Super Skinny Jeans for Women | Old Navy,,,no_price_found
oldnavy,144758002,B_2024_2026,202510,20251005225926,https://web.archive.org/web/20251005225926/https://oldnavy.gap.com/browse/product.do?vid=1&pid=144758002,Mid-Rise Rockstar Super Skinny Jeans for Women | Old Navy,,,no_price_found
oldnavy,748236002,A_2018_2020,201907,20190707041331,https://web.archive.org/web/20190707041331/https://oldnavy.gap.com/browse/product.do?pid=748236002&vid=1&locale=en_US&kwid=1&sem=false&sdkw=mid-rise-rockstar-skinny-jeans-for-women-P748236&brandCvoSid=9TPXYZ3WJP67&sdReferer=http%3A%2F%2Fwww.oldnavy.com%2Fproducts%2Fwomens-stretch-jeans.jsp,Mid-Rise Rockstar Super Skinny Jeans for Women | Old Navy,22.00,USD,jsonld_offer_price
oldnavy,748236002,A_2018_2020,201908,20190822055125,https://web.archive.org/web/20190822055125/https://oldnavy.gap.com/browse/product.do?cid=85732&vid=1&pid=748236002&tid=onaff7682639&ap=2&siteID=onafcid10455642&cvosrc=affiliate.cj.7682639,Mid-Rise Rockstar Super Skinny Jeans for Women | Old Navy,34.99,USD,jsonld_offer_price
oldnavy,748236002,A_2018_2020,201909,20190917043703,https://web.archive.org/web/20190917043703/https://oldnavy.gap.com/browse/product.do?pid=748236002&cid=85732&pcid=85729,Mid-Rise Rockstar Super Skinny Jeans for Women | Old Navy,30.00,USD,jsonld_offer_price
oldnavy,748236002,A_2018_2020,201910,20191021124857,https://web.archive.org/web/20191021124857/https://oldnavy.gap.com/browse/product.do?pcid=5151&vid=1&pid=748236002&searchText=rockstar+women&tid=goaff4003003&ap=2&siteID=goafcid10413253,Mid-Rise Rockstar Super Skinny Jeans for Women | Old Navy,34.99,USD,jsonld_offer_price
oldnavy,748236002,A_2018_2020,201911,20191119003207,https://web.archive.org/web/20191119003207/https://oldnavy.gap.com/browse/OutOfStockNoResults.do?pid=748236002&cid=85732&pcid=85729&requestedurl=oldnavy.gap.com%2Fbrowse%2Fproduct.do%3Fpid%3D748236002%26cid%3D85732%26pcid%3D85729,Old Navy,,,no_price_found
oldnavy,748236002,A_2018_2020,201912,20191208154943,https://web.archive.org/web/20191208154943/https://oldnavy.gap.com/browse/OutOfStockNoResults.do?pcid=5151&vid=1&pid=748236002&searchText=rockstar+women&tid=goaff4003003&ap=2&siteID=goafcid10413253&requestedurl=oldnavy.gap.com%2Fbrowse%2Fproduct.do%3Fpcid%3D5151%26vid%3D1%26pid%3D748236002%26searchText%3Drockstar%2Bwomen%26tid%3Dgoaff4003003%26ap%3D2%26siteID%3Dgoafcid10413253,Old Navy,,,no_price_found
oldnavy,748236002,B_2024_2026,202407,20240717162746,https://web.archive.org/web/20240717162746/https://oldnavy.gap.com/browse/product.do?vid=1&pid=748236002,Mid-Rise Rockstar Super Skinny Jeans for Women | Old Navy,14.97,USD,jsonld_offer_price
oldnavy,748236002,B_2024_2026,202408,20240804142541,https://web.archive.org/web/20240804142541/https://oldnavy.gap.com/browse/product.do?pid=748236002&cvosrc=cse.google.PLA_Brand&cvo_campaign=690748441&cvo_adgroup=35201331985&cvo_crid=155158479490&Matchtype=&tid=onpl000000&kwid=1&ap=7&gclid=Cj0KEQiA-MPCBRCZ0q23tPGm6_8BEiQAgw_bAlAAwtZgTaw5nCKRBhxvnSuOcUjQ_zpmojRBaQXX-H0aAtdy8P8HAQ,Mid-Rise Rockstar Super Skinny Jeans for Women | Old Navy,14.97,USD,jsonld_offer_price
oldnavy,748236002,B_2024_2026,202410,20241006100225,https://web.archive.org/web/20241006100225/https://oldnavy.gap.com/browse/product.do?pcid=5151&vid=1&pid=748236002,Mid-Rise Rockstar Super Skinny Jeans for Women | Old Navy,14.97,USD,jsonld_offer_price
oldnavy,748236002,B_2024_2026,202412,20241205080242,https://web.archive.org/web/20241205080242/https://oldnavy.gap.com/browse/product.do?vid=1&pid=748236002&searchText=rockstar+jeans,Mid-Rise Rockstar Super Skinny Jeans for Women | Old Navy,14.97,USD,jsonld_offer_price
oldnavy,748236002,B_2024_2026,202501,20250126150657,https://web.archive.org/web/20250126150657/https://oldnavy.gap.com/browse/product.do?vid=1&pid=748236002&tid=onaff7106174&ap=2&siteID=onafcid10455642&cvosrc=affiliate.cj.7106174,Mid-Rise Rockstar Super Skinny Jeans for Women | Old Navy,14.97,USD,jsonld_offer_price
oldnavy,748236002,B_2024_2026,202502,20250207151521,https://web.archive.org/web/20250207151521/https://oldnavy.gap.com/browse/product.do?pid=748236002&cvosrc=cse.google.PLA_Brand&cvo_campaign=690748441&cvo_adgroup=35201331985&cvo_crid=155158479490&Matchtype=&tid=onpl000000&kwid=1&ap=7&gclid=Cj0KEQiA-MPCBRCZ0q23tPGm6_8BEiQAgw_bAlAAwtZgTaw5nCKRBhxvnSuOcUjQ_zpmojRBaQXX-H0aAtdy8P8HAQ,Mid-Rise Rockstar Super Skinny Jeans for Women | Old Navy,,,no_price_found
oldnavy,748236002,B_2024_2026,202508,20250814071830,https://web.archive.org/web/20250814071830/https://oldnavy.gap.com/browse/product.do?cid=85732&vid=1&pid=748236002,Mid-Rise Rockstar Super Skinny Jeans for Women | Old Navy,,,no_price_found
oldnavy,748236002,B_2024_2026,202510,20251011093318,https://web.archive.org/web/20251011093318/https://oldnavy.gap.com/browse/product.do?pid=748236002,Mid-Rise Rockstar Super Skinny Jeans for Women | Old Navy,,,no_price_found
oldnavy,748236002,B_2024_2026,202512,20251213212630,https://web.archive.org/web/20251213212630/https://oldnavy.gap.com/browse/product.do?vid=1&pid=748236002&searchText=Mid-Rise+Rockstar+Super+Skinny+Jeans+for+Women&pcid=5151,,,,no_price_found
oldnavy,748236002,B_2024_2026,202602,20260214021615,https://web.archive.org/web/20260214021615/https://oldnavy.gap.com/browse/product.do?pid=748236002&cvosrc=cse.google.PLA_Brand&cvo_campaign=690748441&cvo_adgroup=35201331985&cvo_crid=155158479490&Matchtype=&tid=onpl000000&kwid=1&ap=7&gclid=Cj0KEQiA-MPCBRCZ0q23tPGm6_8BEiQAgw_bAlAAwtZgTaw5nCKRBhxvnSuOcUjQ_zpmojRBaQXX-H0aAtdy8P8HAQ,Mid-Rise Rockstar Super Skinny Jeans for Women | Old Navy,14.97,USD,jsonld_offer_price
oldnavy,116924002,A_2018_2020,201907,20190717105201,https://web.archive.org/web/20190717105201/https://oldnavy.gap.com/browse/product.do?pid=116924002,Mid-Rise Clean Slate Rockstar Super Skinny Jeans for Women | Old Navy,31.00,USD,jsonld_offer_price
oldnavy,116924002,A_2018_2020,201908,20190818085759,https://web.archive.org/web/20190818085759/https://oldnavy.gap.com/browse/product.do?pcid=5151&vid=1&pid=116924002&tid=onaff4441350&ap=2&siteID=onafcid11984894&searchText=white%20jeans&cvosrc=affiliate.cj.4441350,Mid-Rise Clean Slate Rockstar Super Skinny Jeans for Women | Old Navy,35.00,USD,jsonld_offer_price
oldnavy,116924002,A_2018_2020,201909,20190920192443,https://web.archive.org/web/20190920192443/https://oldnavy.gap.com/browse/product.do?vid=1&pid=116924002&searchText=white+jeans,Mid-Rise Clean Slate Rockstar Super Skinny Jeans for Women | Old Navy,25.00,USD,jsonld_offer_price
oldnavy,116924002,A_2018_2020,201910,20191017202441,https://web.archive.org/web/20191017202441/https://oldnavy.gap.com/browse/product.do?pid=116924002&CAWELAID=120299900000087883&CAGPSPN=pla&CAAGID=43643318369&CATCI=aud-434429331006:pla-298918987619&tid=onpl000017&kwid=1&ap=7&gclid=CjwKCAjwhevaBRApEiwA7aT5301L5s-Pz_86u6taAZcp4SJ2rRb68swi0XvNqpdErsXp7G0eT0jADxoCE5kQAvD_BwE,Mid-Rise Clean Slate Rockstar Super Skinny Jeans for Women | Old Navy,25.00,USD,jsonld_offer_price
oldnavy,116924002,A_2018_2020,201911,20191118132134,https://web.archive.org/web/20191118132134/https://oldnavy.gap.com/browse/product.do?pid=116924002&tid=onaff4441350&ap=2&siteID=onafcid10420955&cvosrc=affiliate.cj.4441350,Mid-Rise Clean Slate Rockstar Super Skinny Jeans for Women | Old Navy,29.97,USD,jsonld_offer_price
oldnavy,116924002,A_2018_2020,201912,20191211000218,https://web.archive.org/web/20191211000218/https://oldnavy.gap.com/browse/product.do?pid=116924002&cid=85732&pcid=85729,Mid-Rise Clean Slate Rockstar Super Skinny Jeans for Women | Old Navy,34.97,USD,jsonld_offer_price
oldnavy,116924002,A_2018_2020,202001,20200114232231,https://web.archive.org/web/20200114232231/https://oldnavy.gap.com/browse/product.do?pid=116924002,Mid-Rise Clean Slate Rockstar Super Skinny Jeans for Women | Old Navy,29.97,USD,jsonld_offer_price
oldnavy,116924002,B_2024_2026,202407,20240715050146,https://web.archive.org/web/20240715050146/https://oldnavy.gap.com/browse/product.do?pcid=5151&vid=1&pid=116924002,Mid-Rise Clean Slate Rockstar Super Skinny Jeans for Women | Old Navy,44.99,USD,jsonld_offer_price
oldnavy,116924002,B_2024_2026,202408,20240804140637,https://web.archive.org/web/20240804140637/https://oldnavy.gap.com/browse/product.do?pid=116924002&vid=1&locale=en_US&kwid=1&sem=false&sdkw=mid-rise-stay-white-rockstar-super-skinny-jeans-for-women-P116924&sd,Mid-Rise Clean Slate Rockstar Super Skinny Jeans for Women | Old Navy,44.99,USD,jsonld_offer_price
oldnavy,116924002,B_2024_2026,202410,20241007103501,https://web.archive.org/web/20241007103501/https://oldnavy.gap.com/browse/product.do?pid=116924002&vid=2&cvosrc=cse.google.PLA_Brand&cvo_campaign=690748441&cvo_adgroup=35201331985&cvo_crid=155158479490&Matchtype=&tid=onpl000000&kwid=1&ap=7&gclid=Cj0KEQiA25rFBRC8rfyX1vjeg7YBEiQAFIb3bw2MFuS9GlaXCfWS5I3bemgs-_gc2fxneF_lbIiLLhMaApPT8P8HAQ,,,,fetch_failed
oldnavy,116924002,B_2024_2026,202502,20250209212035,https://web.archive.org/web/20250209212035/https://oldnavy.gap.com/browse/product.do?pid=116924002&vid=1&locale=en_US&kwid=1&sem=false&sdkw=mid-rise-stay-white-rockstar-super-skinny-jeans-for-women-P116924&sdReferer=https%3A%2F%2Fwww.google.com%2F&tid=onaff3640642&ap=2&siteID=onafcid10455642&cvosrc=affiliate.cj.3640642,Mid-Rise Clean Slate Rockstar Super Skinny Jeans for Women | Old Navy,,,no_price_found
oldnavy,116924002,B_2024_2026,202510,20251017144058,https://web.archive.org/web/20251017144058/https://oldnavy.gap.com/browse/product.do?vid=1&pid=116924002,Mid-Rise Clean Slate Rockstar Super Skinny Jeans for Women | Old Navy,,,no_price_found
oldnavy,116924002,B_2024_2026,202512,20251208035645,https://web.archive.org/web/20251208035645/https://oldnavy.gap.com/browse/product.do?cid=1075207&pcid=85729&vid=1&pid=116924002,Mid-Rise Clean Slate Rockstar Super Skinny Jeans for Women | Old Navy,,,no_price_found
oldnavy,647191002,A_2018_2020,201907,20190718023338,https://web.archive.org/web/20190718023338/https://oldnavy.gap.com/browse/product.do?pid=647191002&cvosrc=cse.google.PLA_Nonbrand&cvo_campaign=691125975&cvo_adgroup=36024990456&cvo_crid=155131028364&Matchtype=&tid=onpl000017&kwid=1&ap=7&gclid=Cj0KEQiAnvfDBRCXrabLl6-6t-0BEiQAW4SRUObLg9PJaxmOr6rw3Jz5aGXj4p___SC1HjWMCtbGwqkaAqCv8P8HAQ,Mid-Rise Black Rockstar Super Skinny Jeans for Women | Old Navy,29.00,USD,jsonld_offer_price
oldnavy,647191002,A_2018_2020,201908,20190826045054,https://web.archive.org/web/20190826045054/https://oldnavy.gap.com/browse/product.do?vid=1&pid=647191002&searchText=rockstar+jeans&autosuggest=true,Mid-Rise Black Rockstar Super Skinny Jeans for Women | Old Navy,32.00,USD,jsonld_offer_price
oldnavy,647191002,A_2018_2020,201909,20190916091541,https://web.archive.org/web/20190916091541/https://oldnavy.gap.com/browse/product.do?cid=85732&pcid=85729&vid=1&pid=647191002,Mid-Rise Black Rockstar Super Skinny Jeans for Women | Old Navy,25.00,USD,jsonld_offer_price
oldnavy,647191002,A_2018_2020,201910,20191014055118,https://web.archive.org/web/20191014055118/https://oldnavy.gap.com/browse/product.do?cid=85732&vid=1&pid=647191002&tid=onaff4441350&ap=2&siteID=onafcid10420955&cvosrc=affiliate.cj.4441350,Mid-Rise Black Rockstar Super Skinny Jeans for Women | Old Navy,17.50,USD,jsonld_offer_price
oldnavy,647191002,A_2018_2020,201911,20191119021136,https://web.archive.org/web/20191119021136/https://oldnavy.gap.com/browse/product.do?pcid=1112833&pid=647191002,Mid-Rise Black Rockstar Super Skinny Jeans for Women | Old Navy,30.00,USD,jsonld_offer_price
oldnavy,647191002,A_2018_2020,201912,20191226200835,https://web.archive.org/web/20191226200835/https://oldnavy.gap.com/browse/product.do?pid=647191002&tid=onaff2178999&ap=2&siteID=onafcid12882571&cvosrc=affiliate.cj.2178999,Mid-Rise Black Rockstar Super Skinny Jeans for Women | Old Navy,17.50,USD,jsonld_offer_price
oldnavy,647191002,B_2024_2026,202406,20240622000030,https://web.archive.org/web/20240622000030/https://oldnavy.gap.com/browse/product.do?cid=85732&vid=1&pid=647191002,Mid-Rise Rockstar Super-Skinny Jeans for Women | Old Navy,27.99,USD,jsonld_offer_price
oldnavy,647191002,B_2024_2026,202407,20240723174611,https://web.archive.org/web/20240723174611/https://oldnavy.gap.com/browse/product.do?cid=1017736&vid=1&pid=647191002,Mid-Rise Rockstar Super-Skinny Jeans | Old Navy,27.99,USD,jsonld_offer_price
oldnavy,647191002,B_2024_2026,202408,20240827200044,https://web.archive.org/web/20240827200044/https://oldnavy.gap.com/browse/product.do?pid=647191002&irgwc=1&clickid=&ap=6&tid=onaff000412&siteID=onafcid383278,Mid-Rise Rockstar Super-Skinny Jeans | Old Navy,21.99,USD,jsonld_offer_price
oldnavy,647191002,B_2024_2026,202410,20241010175235,https://web.archive.org/web/20241010175235/https://oldnavy.gap.com/browse/product.do?pid=647191002&pcid=999,Mid-Rise Rockstar Super-Skinny Jeans | Old Navy,25.99,USD,jsonld_offer_price
oldnavy,647191002,B_2024_2026,202412,20241211131003,https://web.archive.org/web/20241211131003/https://oldnavy.gap.com/browse/product.do?vid=1&pid=647191002&searchText=black+super+skinny+jeans,Mid-Rise Rockstar Super-Skinny Jeans | Old Navy,23.99,USD,jsonld_offer_price
oldnavy,647191002,B_2024_2026,202502,20250218202352,https://web.archive.org/web/20250218202352/https://oldnavy.gap.com/browse/product.do?cid=1017736&vid=1&pid=647191002,Mid-Rise Rockstar Super-Skinny Jeans | Old Navy,,,no_price_found
oldnavy,647191002,B_2024_2026,202503,20250326012841,https://web.archive.org/web/20250326012841/https://oldnavy.gap.com/browse/product.do?pid=647191002&cid=85729&pcid=85729&vid=1&nav=meganav%3AWomen%3AWomen%27s%20Bottoms%3AJeans&cpos=1&cexp=2926&kcid=CategoryIDs%3D85729&cvar=26331&ctype=Listing&cpid=res25032518265644453123977&cookieInitializationAttempted=true,,,,no_price_found
oldnavy,647191002,B_2024_2026,202505,20250515035550,https://web.archive.org/web/20250515035550/https://oldnavy.gap.com/browse/product.do?cid=70396&vid=3&pid=647191002,Mid-Rise Rockstar Super-Skinny Jeans | Old Navy,,,no_price_found
oldnavy,647191002,B_2024_2026,202507,20250710055517,https://web.archive.org/web/20250710055517/https://oldnavy.gap.com/browse/product.do?pid=647191002&rrec=true&mlink=5001%2C1%2CHP_++++onhome1_rr_6&clink=1,,,,no_price_found
oldnavy,647191002,B_2024_2026,202509,20250906014712,https://web.archive.org/web/20250906014712/https://oldnavy.gap.com/browse/product.do?pid=647191002&vid=3&ap=2&siteID=onafcid10420955&tid=onaff2178999&cvosrc=affiliate.cj.2178999,Mid-Rise Rockstar Super-Skinny Jeans | Old Navy,,,no_price_found
oldnavy,647191002,B_2024_2026,202510,20251015081428,https://web.archive.org/web/20251015081428/https://oldnavy.gap.com/browse/product.do?pid=647191002,Mid-Rise Rockstar Super-Skinny Jeans | Old Navy,,,no_price_found
oldnavy,647191002,B_2024_2026,202512,20251212195148,https://web.archive.org/web/20251212195148/https://oldnavy.gap.com/browse/product.do?cid=1017736&vid=1&pid=647191002,Mid-Rise Rockstar Super-Skinny Jeans | Old Navy,,,no_price_found
oldnavy,141904002,A_2018_2020,201907,20190722093648,https://web.archive.org/web/20190722093648/https://oldnavy.gap.com/browse/product.do?cid=85732&pcid=85729&vid=1&pid=141904002,Mid-Rise Distressed Rockstar Super Skinny Jeans for Women | Old Navy,34.99,USD,jsonld_offer_price
oldnavy,141904002,A_2018_2020,201908,20190817210054,https://web.archive.org/web/20190817210054/https://oldnavy.gap.com/browse/product.do?vid=1&pid=141904002&searchText=rockstar+jeggings,Mid-Rise Distressed Rockstar Super Skinny Jeans for Women | Old Navy,17.50,USD,jsonld_offer_price
oldnavy,141904002,A_2018_2020,201909,20190922202650,https://web.archive.org/web/20190922202650/https://oldnavy.gap.com/browse/product.do?cid=85732&vid=1&pid=141904002,Mid-Rise Distressed Rockstar Super Skinny Jeans for Women | Old Navy,30.00,USD,jsonld_offer_price
oldnavy,141904002,A_2018_2020,201910,20191015233837,https://web.archive.org/web/20191015233837/https://oldnavy.gap.com/browse/product.do?pid=141904002&cid=85732&pcid=85729,Mid-Rise Distressed Rockstar Super Skinny Jeans for Women | Old Navy,34.99,USD,jsonld_offer_price
oldnavy,141904002,A_2018_2020,201911,20191121192342,https://web.archive.org/web/20191121192342/https://oldnavy.gap.com/browse/product.do?pid=141904002,Mid-Rise Distressed Rockstar Super Skinny Jeans for Women | Old Navy,17.50,USD,jsonld_offer_price
oldnavy,141904002,A_2018_2020,201912,20191231201157,https://web.archive.org/web/20191231201157/https://oldnavy.gap.com/browse/product.do?pid=141904002&amp,Mid-Rise Distressed Rockstar Super Skinny Jeans for Women | Old Navy,28.00,USD,jsonld_offer_price
oldnavy,141904002,B_2024_2026,202406,20240624071857,https://web.archive.org/web/20240624071857/https://oldnavy.gap.com/browse/product.do?pid=141904002&vid=1&locale=en_US&kwid=1&sem=false&sdkw=womens-mid-rise-rockstar-jeans-P141904&sdReferer=http%3A%2F%2Fwww.oldnavy.com%2Fproducts%2Fwomens-clothing.jsp,Mid-Rise Distressed Rockstar Super Skinny Jeans for Women | Old Navy,14.97,USD,jsonld_offer_price
oldnavy,141904002,B_2024_2026,202501,20250119035446,https://web.archive.org/web/20250119035446/https://oldnavy.gap.com/browse/product.do?pid=141904002,Mid-Rise Distressed Rockstar Super Skinny Jeans for Women | Old Navy,14.97,USD,jsonld_offer_price
oldnavy,141904002,B_2024_2026,202502,20250215061850,https://web.archive.org/web/20250215061850/https://oldnavy.gap.com/browse/product.do?pid=141904002&vid=2&locale=en_US&kwid=1&sem=false&sdkw=mid-rise-rockstar-destructed-skinny-jeans-for-women-P141904&brandCvoSid=YAT7DE4NBNKF&sdReferer=http%3A%2F%2Fwww.oldnavy.com%2Fproducts%2Frockstar-jeans-tall-C70413.jsp,Mid-Rise Distressed Rockstar Super Skinny Jeans for Women | Old Navy,,,no_price_found
oldnavy,141904002,B_2024_2026,202510,20251016193901,https://web.archive.org/web/20251016193901/https://oldnavy.gap.com/browse/product.do?cid=85732&vid=1&pid=141904002,Mid-Rise Distressed Rockstar Super Skinny Jeans for Women | Old Navy,,,no_price_found
oldnavy,141904002,B_2024_2026,202512,20251210015608,https://web.archive.org/web/20251210015608/https://oldnavy.gap.com/browse/product.do?pid=141904002&vid=2&locale=en_US&kwid=1&sem=false&sdkw=mid-rise-rockstar-destructed-skinny-jeans-for-women-P141904&brandCvoSid=YAT7DE4NBNKF&sdReferer=http%3A%2F%2Fwww.oldnavy.com%2Fproducts%2Frockstar-jeans-tall-C70413.jsp,Mid-Rise Distressed Rockstar Super Skinny Jeans for Women | Old Navy,,,no_price_found
oldnavy,141904002,B_2024_2026,202602,20260215023859,https://web.archive.org/web/20260215023859/https://oldnavy.gap.com/browse/product.do?cid=1017736&vid=1&pid=141904002,Mid-Rise Distressed Rockstar Super Skinny Jeans for Women | Old Navy,14.97,USD,jsonld_offer_price
oldnavy,676444012,A_2018_2020,201908,20190821111814,https://web.archive.org/web/20190821111814/https://oldnavy.gap.com/browse/product.do?pid=676444012,Uniform Oxford Shirt for Toddler Boys | Old Navy,12.00,USD,jsonld_offer_price
oldnavy,676444012,A_2018_2020,201909,20190922202431,https://web.archive.org/web/20190922202431/https://oldnavy.gap.com/browse/product.do?pid=676444012&vid=1&locale=en_US&kwid=1&sem=false&sdkw=oxford-uniform-shirts-for-baby-P676444&sdReferer=http%3A%2F%2Fwww.oldnavy.com%2Fproducts%2Ftoddler-uniforms.jsp,Uniform Oxford Shirt for Toddler Boys | Old Navy,8.00,USD,jsonld_offer_price
oldnavy,676444012,A_2018_2020,201910,20191022234117,https://web.archive.org/web/20191022234117/https://oldnavy.gap.com/browse/product.do?pid=676444012,Uniform Oxford Shirt for Toddler Boys | Old Navy,12.00,USD,jsonld_offer_price
oldnavy,676444012,A_2018_2020,201911,20191113000850,https://web.archive.org/web/20191113000850/https://oldnavy.gap.com/browse/product.do?cid=41785&vid=0&pid=676444012,Uniform Oxford Shirt for Toddler Boys | Old Navy,12.00,USD,jsonld_offer_price
oldnavy,676444012,A_2018_2020,201912,20191208220722,https://web.archive.org/web/20191208220722/https://oldnavy.gap.com/browse/product.do?pid=676444012&tid=onappproductshare,Uniform Oxford Shirt for Toddler Boys | Old Navy,16.99,USD,jsonld_offer_price
oldnavy,676444012,A_2018_2020,202001,20200129230426,https://web.archive.org/web/20200129230426/https://oldnavy.gap.com/browse/product.do?pid=676444012,,,,no_price_found
oldnavy,676444012,B_2024_2026,202410,20241008120439,https://web.archive.org/web/20241008120439/https://oldnavy.gap.com/browse/product.do?cid=41785&vid=1&pid=676444012,Oxford Shirt for Toddler Boys | Old Navy,16.99,USD,jsonld_offer_price
oldnavy,676444012,B_2024_2026,202501,20250113155043,https://web.archive.org/web/20250113155043/https://oldnavy.gap.com/browse/product.do?cid=72501&vid=1&pid=676444012&scid=676444012,Oxford Shirt for Toddler Boys | Old Navy,16.99,USD,jsonld_offer_price
oldnavy,676444012,B_2024_2026,202502,20250208200416,https://web.archive.org/web/20250208200416/https://oldnavy.gap.com/browse/product.do?cid=1014721&vid=1&pid=676444012,Oxford Shirt for Toddler Boys | Old Navy,,,no_price_found
oldnavy,676444012,B_2024_2026,202511,20251110135711,https://web.archive.org/web/20251110135711/https://oldnavy.gap.com/browse/product.do?cid=41785&vid=0&pid=676444012,Oxford Shirt for Toddler Boys | Old Navy,,,no_price_found
oldnavy,676444012,B_2024_2026,202512,20251210155738,https://web.archive.org/web/20251210155738/https://oldnavy.gap.com/browse/product.do?pid=676444012,,,,no_price_found
oldnavy,676444012,B_2024_2026,202602,20260207124452,https://web.archive.org/web/20260207124452/https://oldnavy.gap.com/browse/product.do?pid=676444012,,,,no_price_found
oldnavy,815202002,A_2018_2020,201802,20180209113127,https://web.archive.org/web/20180209113127/http://oldnavy.gap.com:80/browse/product.do?pid=815202002&vid=1&locale=en_US&kwid=1&sem=false&sdkw=mid-rise-distressed-rockstar-white-jeans-for-women-P815202&brandCvoSid=3R947G9EWXM9&sdReferer=http://www.oldnavy.com/products/womens-clothing.jsp,Mid-Rise Distressed Rockstar White Jeans for Women | Old Navy,,,no_price_found
oldnavy,815202002,A_2018_2020,201905,20190514073003,https://web.archive.org/web/20190514073003/https://oldnavy.gap.com/browse/product.do?pid=815202002&cid=85732&pcid=85729,Mid-Rise Distressed Rockstar White Jeans for Women | Old Navy,30.00,USD,jsonld_offer_price
oldnavy,815202002,A_2018_2020,201907,20190722095519,https://web.archive.org/web/20190722095519/https://oldnavy.gap.com/browse/product.do?pid=815202002&vid=1&locale=en_US&kwid=1&sem=false&sdkw=mid-rise-rockstar-distressed-jeans-P815202&brandCvoSid=WPXK775C84SY&sdReferer=http%3A%2F%2Fwww.oldnavy.com%2Fproducts%2Fwomens-stretch-jeans.jsp,Mid-Rise Distressed Rockstar White Jeans for Women | Old Navy,44.99,USD,jsonld_offer_price
oldnavy,815202002,A_2018_2020,201908,20190821115639,https://web.archive.org/web/20190821115639/https://oldnavy.gap.com/browse/product.do?pid=815202002&cvosrc=cse.Google.PLA&cvo_crid=%7Bcreative%7D&Matchtype=%7Bmatchtype%7D&campaigntype=%7B_cvocampaignvalue%7D&CAWELAID=120299900000086618&gclid=CPvowb7Ys9ICFYQjgQodsjoE-A,Mid-Rise Distressed Rockstar White Jeans for Women | Old Navy,30.00,USD,jsonld_offer_price
oldnavy,815202002,A_2018_2020,201909,20190922120423,https://web.archive.org/web/20190922120423/https://oldnavy.gap.com/browse/product.do?pid=815202002,Mid-Rise Distressed Rockstar White Jeans for Women | Old Navy,30.00,USD,jsonld_offer_price
oldnavy,815202002,A_2018_2020,201910,20191022161508,"https://web.archive.org/web/20191022161508/https://oldnavy.gap.com/browse/product.do?pid=815202002&CAWELAID=120299900000086618&CAGPSPN=pla&CAAGID=39786116566&CATCI=pla-298919906529&device=c&product_channel=online&Matchtype=&tid=onpl000000&kwid=1&ap=7&lsft=device:c,cvosrc:cse.google.online_Brand,cvo_campaign:782890930,cvo_pid:39786116566,cvo_crid:187255275017,Matchtype:,tid:onpl000000,kwid:1,ap:7",Mid-Rise Distressed Rockstar White Jeans for Women | Old Navy,25.00,USD,jsonld_offer_price
oldnavy,815202002,A_2018_2020,201912,20191213133141,https://web.archive.org/web/20191213133141/https://oldnavy.gap.com/browse/product.do?cid=85732&vid=1&pid=815202002,Mid-Rise Distressed Rockstar White Jeans for Women | Old Navy,35.00,USD,jsonld_offer_price
oldnavy,815202002,B_2024_2026,202407,20240716202507,https://web.archive.org/web/20240716202507/https://oldnavy.gap.com/browse/product.do?pid=815202002&CAWELAID=120299900000086618&CAGPSPN=pla&CAAGID=43643318369&CATCI=pla-89833968545&cvosrc=cse.google.PLA_Nonbrand&cvo_campaign=783481184&cvo_adgroup=43643318369&cvo_crid=187254330866&Matchtype=&tid=onpl000017&kwid=1&ap=7&gclid=Cj0KEQjwicfHBRCh6KaMp4-asKgBEiQA8GH2xzS7vFQQ1ePyWGwFC4OZmfbMnuqwc5m7dn4di0OKQSAaAjBE8P8HAQ,Mid-Rise Distressed Rockstar Super Skinny White Ankle Jeans for Women | Old Navy,39.97,USD,jsonld_offer_price
oldnavy,815202002,B_2024_2026,202408,20240812225415,https://web.archive.org/web/20240812225415/https://oldnavy.gap.com/browse/product.do?pid=815202002&cid=1137790&pcid=85729&vid=1&grid=pds_2_34_1,Mid-Rise Distressed Rockstar Super Skinny White Ankle Jeans for Women | Old Navy,39.97,USD,jsonld_offer_price
oldnavy,815202002,B_2024_2026,202501,20250114090423,https://web.archive.org/web/20250114090423/https://oldnavy.gap.com/browse/product.do?pid=815202002&cid=1137790&pcid=85729&vid=1&grid=pds_2_34_1,Mid-Rise Distressed Rockstar Super Skinny White Ankle Jeans for Women | Old Navy,39.97,USD,jsonld_offer_price
oldnavy,815202002,B_2024_2026,202510,20251010003833,https://web.archive.org/web/20251010003833/https://oldnavy.gap.com/browse/product.do?pid=815202002&CAWELAID=120299900000086618&CAGPSPN=pla&CAAGID=43643318369&CATCI=pla-89833968545&cvosrc=cse.google.PLA_Nonbrand&cvo_campaign=783481184&cvo_adgroup=43643318369&cvo_crid=187254330866&Matchtype=&tid=onpl000017&kwid=1&ap=7&gclid=Cj0KEQjwicfHBRCh6KaMp4-asKgBEiQA8GH2xzS7vFQQ1ePyWGwFC4OZmfbMnuqwc5m7dn4di0OKQSAaAjBE8P8HAQ,Mid-Rise Distressed Rockstar Super Skinny White Ankle Jeans for Women | Old Navy,,,no_price_found
oldnavy,815202002,B_2024_2026,202511,20251113025409,https://web.archive.org/web/20251113025409/https://oldnavy.gap.com/browse/product.do?pid=815202002&pcid=999,Mid-Rise Distressed Rockstar Super Skinny White Ankle Jeans for Women | Old Navy,,,no_price_found
oldnavy,525427222,A_2018_2020,201801,20180128034831,https://web.archive.org/web/20180128034831/http://oldnavy.gap.com:80/browse/product.do?cid=1018059&pcid=5475&vid=1&pid=525427222,Pixie Mid-Rise Ankle Pants for Women | Old Navy,,,no_price_found
oldnavy,525427222,A_2018_2020,201802,20180220182832,https://web.archive.org/web/20180220182832/http://oldnavy.gap.com:80/browse/product.do?cid=1018059&pcid=5475&vid=1&pid=525427222,Pixie Mid-Rise Ankle Pants for Women|old-navy,,,no_price_found
oldnavy,525427222,A_2018_2020,201901,20190102152456,https://web.archive.org/web/20190102152456/https://oldnavy.gap.com/browse/product.do?cid=1090255&pcid=1090252&vid=1&pid=525427222,Mid-Rise Pixie Ankle Pants for Women | Old Navy,32.00,USD,jsonld_offer_price
oldnavy,525427222,A_2018_2020,201903,20190301040637,https://web.archive.org/web/20190301040637/https://oldnavy.gap.com/browse/product.do?cid=1090255&pcid=1090252&vid=1&pid=525427222,Mid-Rise Pixie Ankle Pants for Women | Old Navy,34.99,USD,jsonld_offer_price
oldnavy,525427222,A_2018_2020,201905,20190517214651,https://web.archive.org/web/20190517214651/https://oldnavy.gap.com/browse/product.do?cid=1090255&pcid=1090252&vid=1&pid=525427222,Mid-Rise Pixie Ankle Pants for Women | Old Navy,34.99,USD,jsonld_offer_price
oldnavy,525427222,A_2018_2020,201907,20190721004306,https://web.archive.org/web/20190721004306/https://oldnavy.gap.com/browse/product.do?pid=525427222,Mid-Rise Pixie Ankle Pants for Women | Old Navy,34.99,USD,jsonld_offer_price
oldnavy,525427222,A_2018_2020,201909,20190920223036,https://web.archive.org/web/20190920223036/https://oldnavy.gap.com/browse/product.do?pid=525427222&tid=onaff2687457&ap=2&siteID=onafcid89,Mid-Rise Pixie Ankle Pants for Women | Old Navy,29.00,USD,jsonld_offer_price
oldnavy,525427222,A_2018_2020,201910,20191016030239,https://web.archive.org/web/20191016030239/https://oldnavy.gap.com/browse/product.do?cid=1018059&pcid=5475&vid=1&pid=525427222,Mid-Rise Pixie Ankle Pants for Women | Old Navy,34.99,USD,jsonld_offer_price
oldnavy,525427222,A_2018_2020,201911,20191118113558,https://web.archive.org/web/20191118113558/https://oldnavy.gap.com/browse/product.do?pid=525427222&CAWELAID=120299900000083391&CAGPSPN=pla&CAAGID=59094339069&CATCI=pla-531501973858&tid=onpl000017&kwid=1&ap=7&gclid=EAIaIQobChMIotfupJar5AIVzZyzCh2YLw9zEAQYBCABEgJ4JvD_BwE&gclsrc=aw.ds,Mid-Rise Pixie Ankle Pants for Women | Old Navy,34.99,USD,jsonld_offer_price
oldnavy,525427222,A_2018_2020,201912,20191217094918,https://web.archive.org/web/20191217094918/https://oldnavy.gap.com/browse/product.do?cid=1018059&vid=1&pid=525427222,Mid-Rise Pixie Ankle Pants for Women | Old Navy,25.00,USD,jsonld_offer_price
oldnavy,525427222,B_2024_2026,202407,20240718151713,https://web.archive.org/web/20240718151713/https://oldnavy.gap.com/browse/product.do?pid=525427222&tid=onpl000000&kwid=1&ap=7&sem=true&mkwid=xCssgzbR_dc&adid=Cebqhpg+Nqf&pcrid=29466129575&gclid=CMfv2f6pq8QCFVKFfgodynoA_A,The Pixie Mid-Rise Ankle Pants | Old Navy,14.97,USD,jsonld_offer_price
oldnavy,525427222,B_2024_2026,202408,20240810003733,https://web.archive.org/web/20240810003733/https://oldnavy.gap.com/browse/product.do?pid=525427222&cid=1018059&pcid=5475,The Pixie Mid-Rise Ankle Pants | Old Navy,14.97,USD,jsonld_offer_price
oldnavy,525427222,B_2024_2026,202501,20250115131024,https://web.archive.org/web/20250115131024/https://oldnavy.gap.com/browse/product.do?cid=86370&vid=1&pid=525427222,The Pixie Mid-Rise Ankle Pants | Old Navy,14.97,USD,jsonld_offer_price
oldnavy,525427222,B_2024_2026,202502,20250212081820,https://web.archive.org/web/20250212081820/https://oldnavy.gap.com/browse/product.do?pid=525427222,The Pixie Mid-Rise Ankle Pants | Old Navy,,,no_price_found
oldnavy,525427222,B_2024_2026,202512,20251214144734,https://web.archive.org/web/20251214144734/https://oldnavy.gap.com/browse/product.do?cid=86370&vid=1&pid=525427222,The Pixie Mid-Rise Ankle Pants | Old Navy,,,no_price_found
oldnavy,506393002,A_2018_2020,201803,20180317130432,https://web.archive.org/web/20180317130432/http://oldnavy.gap.com:80/browse/product.do?cid=1022681&pcid=55474&vid=1&pid=506393002,Distressed Denim Jacket for Women|old-navy,,,no_price_found
oldnavy,506393002,A_2018_2020,201907,20190719141421,https://web.archive.org/web/20190719141421/https://oldnavy.gap.com/browse/OutOfStockNoResults.do?vid=1&pid=506393002&searchText=jean+jacket&requestedurl=oldnavy.gap.com%2Fbrowse%2Fproduct.do%3Fvid%3D1%26pid%3D506393002%26searchText%3Djean%2Bjacket,,,,no_price_found
oldnavy,506393002,A_2018_2020,201908,20190821032839,https://web.archive.org/web/20190821032839/https://oldnavy.gap.com/browse/OutOfStockNoResults.do?vid=1&pid=506393002&searchText=denim+jacket&requestedurl=oldnavy.gap.com%2Fbrowse%2Fproduct.do%3Fvid%3D1%26pid%3D506393002%26searchText%3Ddenim%2Bjacket,Old Navy,,,no_price_found
oldnavy,506393002,A_2018_2020,201909,20190917043846,https://web.archive.org/web/20190917043846/https://oldnavy.gap.com/browse/OutOfStockNoResults.do?vid=1&pid=506393002&searchText=womens+denim+jacket&requestedurl=oldnavy.gap.com%2Fbrowse%2Fproduct.do%3Fvid%3D1%26pid%3D506393002%26searchText%3Dwomens%2Bdenim%2Bjacket,Old Navy,,,no_price_found
oldnavy,506393002,A_2018_2020,201911,20191114145445,https://web.archive.org/web/20191114145445/https://oldnavy.gap.com/browse/OutOfStockNoResults.do?pid=506393002&tid=onpl000029&kwid=1&ap=7&gclid=Cj0KCQjwjpjkBRDRARIsAKv-0O22aNHX_SWAaR4D-QBhGD4-vFPGMVSVUQiVo-sTKMI3K1zJQ_vy_iwaAjvxEALw_wcB&gclsrc=aw.ds&requestedurl=oldnavy.gap.com%2Fbrowse%2Fproduct.do%3Fpid%3D506393002%26tid%3Donpl000029%26kwid%3D1%26ap%3D7%26gclid%3DCj0KCQjwjpjkBRDRARIsAKv-0O22aNHX_SWAaR4D-QBhGD4-vFPGMVSVUQiVo-sTKMI3K1zJQ_vy_iwaAjvxEALw_wcB%26gclsrc%3Daw.ds,Old Navy,,,no_price_found
oldnavy,506393002,B_2024_2026,202407,20240722163503,https://web.archive.org/web/20240722163503/https://oldnavy.gap.com/browse/product.do?vid=1&pid=506393002&searchText=jean+jacket,Distressed Denim Jacket for Women | Old Navy,24.97,USD,jsonld_offer_price
oldnavy,506393002,B_2024_2026,202408,20240804152258,"https://web.archive.org/web/20240804152258/https://oldnavy.gap.com/browse/product.do?pid=506393002&CAWELAID=120299900000102040&CAGPSPN=pla&CAAGID=51308116074&CATCI=aud-372486211174:pla-302185344419&device=c&product_channel=online&Matchtype=&tid=onpl000000&kwid=1&ap=7&lsft=device:c,cvosrc:cse.google.online_Brand,cvo_campaign:976948055,cvo_pid:51308116074,cvo_crid:231286962216,Matchtype:,tid:onpl000000,kwid:1,ap:7&cvosrc=cse.google.online_Brand&cvo_campaign=976948055&cvo_pid=51308116074&cvo_crid=231286962216&gclid=Cj0KCQjw7Z3VBRC-ARIsAEQifZQ3VeAehrN2jmdv8rnNgBIX2LoHo1A1w8TluATW0Z4Qc01M-1hgTvEaAox0EALw_wcB",Distressed Denim Jacket for Women | Old Navy,24.97,USD,jsonld_offer_price
oldnavy,506393002,B_2024_2026,202411,20241104135858,https://web.archive.org/web/20241104135858/https://oldnavy.gap.com/browse/product.do?pid=506393002,Distressed Denim Jacket for Women | Old Navy,24.97,USD,jsonld_offer_price
oldnavy,506393002,B_2024_2026,202412,20241203053000,https://web.archive.org/web/20241203053000/https://oldnavy.gap.com/browse/product.do?cid=1022681&vid=1&pid=506393002,Distressed Denim Jacket for Women | Old Navy,24.97,USD,jsonld_offer_price
oldnavy,506393002,B_2024_2026,202501,20250121125617,"https://web.archive.org/web/20250121125617/https://oldnavy.gap.com/browse/product.do?pid=506393002&CAWELAID=120299900000102040&CAGPSPN=pla&CAAGID=51308116074&CATCI=aud-372486211174:pla-302185344419&device=c&product_channel=online&Matchtype=&tid=onpl000000&kwid=1&ap=7&lsft=device:c,cvosrc:cse.google.online_Brand,cvo_campaign:976948055,cvo_pid:51308116074,cvo_crid:231286962216,Matchtype:,tid:onpl000000,kwid:1,ap:7&cvosrc=cse.google.online_Brand&cvo_campaign=976948055&cvo_pid=51308116074&cvo_crid=231286962216&gclid=Cj0KCQjw7Z3VBRC-ARIsAEQifZQ3VeAehrN2jmdv8rnNgBIX2LoHo1A1w8TluATW0Z4Qc01M-1hgTvEaAox0EALw_wcB",Distressed Denim Jacket for Women | Old Navy,24.97,USD,jsonld_offer_price
oldnavy,506393002,B_2024_2026,202502,20250213101049,https://web.archive.org/web/20250213101049/https://oldnavy.gap.com/browse/product.do?vid=1&pid=506393002&searchText=denim+jacket,Distressed Denim Jacket for Women | Old Navy,,,no_price_found
oldnavy,506393002,B_2024_2026,202512,20251210144839,https://web.archive.org/web/20251210144839/https://oldnavy.gap.com/browse/product.do?pid=506393002,Distressed Denim Jacket for Women | Old Navy,,,no_price_found
oldnavy,506393002,B_2024_2026,202602,20260215054129,https://web.archive.org/web/20260215054129/https://oldnavy.gap.com/browse/product.do?vid=1&pid=506393002&searchText=denim+jacket,Distressed Denim Jacket for Women | Old Navy,24.97,USD,jsonld_offer_price
oldnavy,329955002,A_2018_2020,201802,20180218092036,https://web.archive.org/web/20180218092036/http://oldnavy.gap.com:80/browse/product.do?cid=1031033&pcid=1031032&vid=1&pid=329955002,Mid-Rise Compression Leggings for Women|old-navy,,,no_price_found
oldnavy,329955002,A_2018_2020,201803,20180321102704,https://web.archive.org/web/20180321102704/http://oldnavy.gap.com:80/browse/product.do?cid=1031033&pcid=1031032&vid=1&pid=329955002,Mid-Rise Compression Leggings for Women|old-navy,,,no_price_found
oldnavy,329955002,A_2018_2020,201907,20190717110146,https://web.archive.org/web/20190717110146/https://oldnavy.gap.com/browse/product.do?pid=329955002,Mid-Rise Elevate Compression Leggings for Women | Old Navy,27.00,USD,jsonld_offer_price
oldnavy,329955002,A_2018_2020,201909,20190918223548,https://web.archive.org/web/20190918223548/https://oldnavy.gap.com/browse/product.do?cid=53935&vid=1&pid=329955002,Mid-Rise Elevate Compression Leggings for Women | Old Navy,24.00,USD,jsonld_offer_price
oldnavy,329955002,A_2018_2020,201910,20191029190942,https://web.archive.org/web/20191029190942/https://oldnavy.gap.com/browse/GeneralNoResults.do?cid=96203&amp;vid=1&amp;pid=329955002&requestedurl=oldnavy.gap.com%2Fbrowse%2Fproduct.do%3Fcid%3D96203%26amp%3Bvid%3D1%26amp%3Bpid%3D329955002,Old Navy,,,no_price_found
oldnavy,329955002,A_2018_2020,201912,20191208181557,https://web.archive.org/web/20191208181557/https://oldnavy.gap.com/browse/product.do?pid=329955002&vid=3&locale=en_US&kwid=1&sem=false&sdkw=go-dry-mid-rise-compression-legging-for-women-P329955&brandCvoSid=SGDTKV5J7NYV&sdReferer=http%3A%2F%2Fwww.oldnavy.com%2Fproducts%2Fblack-leggings.jsp,Mid-Rise Elevate Compression Leggings for Women | Old Navy,22.00,USD,jsonld_offer_price
oldnavy,329955002,B_2024_2026,202406,20240617072316,https://web.archive.org/web/20240617072316/https://oldnavy.gap.com/browse/product.do?cid=53935&vid=1&pid=329955002,Mid-Rise PowerPress Leggings for Women | Old Navy,29.99,USD,jsonld_offer_price
oldnavy,329955002,B_2024_2026,202409,20240909052552,https://web.archive.org/web/20240909052552/https://oldnavy.gap.com/browse/product.do?cid=69873&vid=1&pid=329955002,Mid-Rise PowerPress Leggings for Women | Old Navy,17.99,USD,jsonld_offer_price
oldnavy,329955002,B_2024_2026,202410,20241015225042,https://web.archive.org/web/20241015225042/https://oldnavy.gap.com/browse/product.do?pid=329955002,Mid-Rise PowerPress Leggings for Women | Old Navy,17.99,USD,jsonld_offer_price
oldnavy,329955002,B_2024_2026,202501,20250118010028,https://web.archive.org/web/20250118010028/https://oldnavy.gap.com/browse/product.do?cid=69873&vid=1&pid=329955002,Mid-Rise PowerPress Leggings for Women | Old Navy,14.97,USD,jsonld_offer_price
oldnavy,329955002,B_2024_2026,202502,20250216022827,https://web.archive.org/web/20250216022827/https://oldnavy.gap.com/browse/product.do?cid=53935&vid=1&pid=329955002,Mid-Rise PowerPress Leggings for Women | Old Navy,,,no_price_found
oldnavy,781348062,A_2018_2020,201801,20180130140017,https://web.archive.org/web/20180130140017/http://oldnavy.gap.com:80/browse/product.do?cid=1036223&pcid=85729&vid=1&pid=781348062,Mid-Rise Curvy Skinny Jeans for Women | Old Navy,,,no_price_found
oldnavy,781348062,A_2018_2020,201803,20180302084634,https://web.archive.org/web/20180302084634/http://oldnavy.gap.com:80/browse/product.do?cid=1036223&pcid=85729&vid=1&pid=781348062,Mid-Rise Curvy Skinny Jeans for Women|old-navy,,,no_price_found
oldnavy,781348062,A_2018_2020,201907,20190722135004,https://web.archive.org/web/20190722135004/https://oldnavy.gap.com/browse/product.do?cid=85739&vid=1&pid=781348062,Mid-Rise Curvy Skinny Jeans for Women | Old Navy,24.97,USD,jsonld_offer_price
oldnavy,781348062,A_2018_2020,201908,20190817110908,https://web.archive.org/web/20190817110908/https://oldnavy.gap.com/browse/product.do?cid=85739&vid=1&pid=781348062,Mid-Rise Curvy Skinny Jeans for Women | Old Navy,21.97,USD,jsonld_offer_price
oldnavy,781348062,A_2018_2020,201912,20191217085725,https://web.archive.org/web/20191217085725/https://oldnavy.gap.com/browse/product.do?cid=85749&vid=1&pid=781348062,Mid-Rise Curvy Skinny Jeans for Women | Old Navy,24.97,USD,jsonld_offer_price
oldnavy,781348062,B_2024_2026,202408,20240804145203,https://web.archive.org/web/20240804145203/https://oldnavy.gap.com/browse/product.do?cid=98968&vid=1&pid=781348062&tid=onsm000598,Mid-Rise Curvy Skinny Jeans for Women | Old Navy,16.97,USD,jsonld_offer_price
oldnavy,781348062,B_2024_2026,202409,20240908153215,https://web.archive.org/web/20240908153215/https://oldnavy.gap.com/browse/product.do?pid=781348062,Mid-Rise Curvy Skinny Jeans for Women | Old Navy,16.97,USD,jsonld_offer_price
oldnavy,781348062,B_2024_2026,202410,20241015125849,https://web.archive.org/web/20241015125849/https://oldnavy.gap.com/browse/product.do?cid=85739&vid=1&pid=781348062,Mid-Rise Curvy Skinny Jeans for Women | Old Navy,16.97,USD,jsonld_offer_price
oldnavy,781348062,B_2024_2026,202501,20250116132504,https://web.archive.org/web/20250116132504/https://oldnavy.gap.com/browse/product.do?cid=85739&vid=1&pid=781348062,Mid-Rise Curvy Skinny Jeans | Old Navy,16.97,USD,jsonld_offer_price
oldnavy,781348062,B_2024_2026,202512,20251214144745,https://web.archive.org/web/20251214144745/https://oldnavy.gap.com/browse/product.do?cid=1114533&pcid=85729&vid=1&pid=781348062,Mid-Rise Curvy Skinny Jeans | Old Navy,,,no_price_found
oldnavy,781348062,B_2024_2026,202601,20260116181458,https://web.archive.org/web/20260116181458/https://oldnavy.gap.com/browse/product.do?pid=781348062,Mid-Rise Curvy Skinny Jeans | Old Navy,,,no_price_found
oldnavy,480941112,A_2018_2020,201801,20180108191555,https://web.archive.org/web/20180108191555/http://oldnavy.gap.com:80/browse/product.do?cid=1036224&pcid=85729&vid=1&pid=480941112,Original Skinny Jeans | Old Navy,,,no_price_found
oldnavy,480941112,A_2018_2020,201802,20180209004311,https://web.archive.org/web/20180209004311/http://oldnavy.gap.com:80/browse/product.do?cid=1036224&pcid=85729&vid=1&pid=480941112,Original Skinny Jeans | Old Navy,,,no_price_found
oldnavy,480941112,A_2018_2020,201803,20180312043637,https://web.archive.org/web/20180312043637/http://oldnavy.gap.com:80/browse/product.do?cid=1036224&pcid=85729&vid=1&pid=480941112,Original Skinny Jeans|old-navy,,,no_price_found
oldnavy,480941112,A_2018_2020,201907,20190723012155,https://web.archive.org/web/20190723012155/https://oldnavy.gap.com/browse/product.do?cid=85734&vid=1&pid=480941112,Mid-Rise Original Skinny Jeans for Women | Old Navy,24.97,USD,jsonld_offer_price
oldnavy,480941112,A_2018_2020,201909,20190920164341,https://web.archive.org/web/20190920164341/https://oldnavy.gap.com/browse/product.do?cid=1036224&vid=1&pid=480941112,Mid-Rise Original Skinny Jeans for Women | Old Navy,19.97,USD,jsonld_offer_price
oldnavy,480941112,B_2024_2026,202406,20240617070512,https://web.archive.org/web/20240617070512/https://oldnavy.gap.com/browse/product.do?cid=1038473&vid=2&pid=480941112,Mid-Rise Original Skinny Jeans for Women | Old Navy,14.97,USD,jsonld_offer_price
oldnavy,480941112,B_2024_2026,202407,20240722163206,https://web.archive.org/web/20240722163206/https://oldnavy.gap.com/browse/product.do?cid=1017736&vid=1&pid=480941112,Mid-Rise Original Skinny Jeans for Women | Old Navy,14.97,USD,jsonld_offer_price
oldnavy,480941112,B_2024_2026,202408,20240803062833,https://web.archive.org/web/20240803062833/https://oldnavy.gap.com/browse/product.do?pid=480941112&vid=1&locale=en_US&kwid=1&sem=false&sdkw=womens-the-diva-skinny-jeans-P480941&sdReferer=http%3A%2F%2Fwww.oldnavy.com%2Fproducts%2Fblack-skinny-jeans.jsp,Mid-Rise Original Skinny Jeans for Women | Old Navy,14.97,USD,jsonld_offer_price
oldnavy,480941112,B_2024_2026,202501,20250123235457,https://web.archive.org/web/20250123235457/https://oldnavy.gap.com/browse/product.do?cid=1038473&vid=2&pid=480941112,Mid-Rise Original Skinny Jeans for Women | Old Navy,14.97,USD,jsonld_offer_price
oldnavy,480941112,B_2024_2026,202502,20250214021023,"https://web.archive.org/web/20250214021023/https://oldnavy.gap.com/browse/product.do?pid=480941112&CAWELAID=120299900000076627&CAGPSPN=pla&CAAGID=43643318369&CATCI=aud-372956340878:pla-298918987619&device=c&product_channel=online&Matchtype=&tid=onpl000017&kwid=1&ap=7&lsft=device:c,cvosrc:cse.google.online_Nonbrand,cvo_campaign:783481184,cvo_pid:43643318369,cvo_crid:187254330866,Matchtype:,tid:onpl000017,kwid:1,ap:7",Mid-Rise Original Skinny Jeans for Women | Old Navy,,,no_price_found
oldnavy,480941112,B_2024_2026,202602,20260213132012,https://web.archive.org/web/20260213132012/https://oldnavy.gap.com/browse/product.do?cid=1038473&vid=2&pid=480941112,Mid-Rise Original Skinny Jeans for Women | Old Navy,,,no_price_found
oldnavy,222154022,A_2018_2020,201801,20180101211653,https://web.archive.org/web/20180101211653/http://oldnavy.gap.com:80/browse/product.do?cid=1036235&pcid=5199&vid=1&pid=222154022,Skinny Built-In Flex Jeans for Men | Old Navy,,,no_price_found
oldnavy,222154022,A_2018_2020,201802,20180202034551,https://web.archive.org/web/20180202034551/http://oldnavy.gap.com:80/browse/product.do?cid=1036235&pcid=5199&vid=1&pid=222154022,Skinny Built-In Flex Jeans for Men | Old Navy,,,no_price_found
oldnavy,222154022,A_2018_2020,201803,20180305122916,https://web.archive.org/web/20180305122916/http://oldnavy.gap.com:80/browse/product.do?cid=1036235&pcid=5199&vid=1&pid=222154022,Skinny Built-In Flex Jeans for Men|old-navy,,,no_price_found
oldnavy,222154022,A_2018_2020,201908,20190826044047,https://web.archive.org/web/20190826044047/https://oldnavy.gap.com/browse/product.do?cid=1036235&pcid=5199&vid=1&pid=222154022,Skinny Built-In Flex Jeans For Men | Old Navy,39.99,USD,jsonld_offer_price
oldnavy,222154022,A_2018_2020,201909,20190923180748,https://web.archive.org/web/20190923180748/https://oldnavy.gap.com/browse/product.do?pid=222154022&vid=12,Skinny Built-In Flex Jeans For Men | Old Navy,35.00,USD,jsonld_offer_price
oldnavy,222154022,A_2018_2020,201910,20191020065715,https://web.archive.org/web/20191020065715/https://oldnavy.gap.com/browse/product.do?pid=222154022,Skinny Built-In Flex Jeans For Men | Old Navy,39.99,USD,jsonld_offer_price
oldnavy,222154022,B_2024_2026,202406,20240617015939,https://web.archive.org/web/20240617015939/https://oldnavy.gap.com/browse/product.do?pid=222154022&vid=1,Skinny Built-In Flex Jeans | Old Navy,30.99,USD,jsonld_offer_price
oldnavy,222154022,B_2024_2026,202411,20241128000947,https://web.archive.org/web/20241128000947/https://oldnavy.gap.com/browse/product.do?mlink=5050%2C12413545%2Conproduct2_rr_10&clink=12413545&pid=222154022&rrec=true,,,,no_price_found
oldnavy,222154022,B_2024_2026,202502,20250207060732,https://web.archive.org/web/20250207060732/https://oldnavy.gap.com/browse/product.do?pid=222154022,Skinny Built-In Flex Jeans | Old Navy,,,no_price_found
oldnavy,222154022,B_2024_2026,202504,20250429091127,https://web.archive.org/web/20250429091127/https://oldnavy.gap.com/browse/product.do?cl=true&nav=smartlink%3AMen%3A%3AJeans&pid=222154022,,,,no_price_found
oldnavy,222154022,B_2024_2026,202510,20251008094546,https://web.archive.org/web/20251008094546/https://oldnavy.gap.com/browse/product.do?pid=222154022&cl=true&nav=smartlink:Men::Jeans,Skinny Built-In Flex Jeans | Old Navy,,,no_price_found
oldnavy,730770,A_2018_2020,201804,20180406235345,https://web.archive.org/web/20180406235345/https://oldnavy.gap.com/browse/product.do?cid=70341&vid=1&pid=730770&scid=730770072,default | Old Navy,,,no_price_found
oldnavy,730770,A_2018_2020,201904,20190417140101,https://web.archive.org/web/20190417140101/https://oldnavy.gap.com/browse/product.do?pid=730770,Low-Rise Rockstar Super Skinny Jeans for Women | Old Navy,34.99,USD,jsonld_offer_price
oldnavy,730770,A_2018_2020,201907,20190715180918,https://web.archive.org/web/20190715180918/https://oldnavy.gap.com/browse/product.do?pid=730770,Low-Rise Rockstar Super Skinny Jeans for Women | Old Navy,34.99,USD,jsonld_offer_price
oldnavy,730770,A_2018_2020,201908,20190823021713,https://web.archive.org/web/20190823021713/https://oldnavy.gap.com/browse/product.do?cid=70184&vid=1&pid=730770&scid=730770072,Low-Rise Rockstar Super Skinny Jeans for Women | Old Navy,24.50,USD,jsonld_offer_price
oldnavy,730770,A_2018_2020,201909,20190921085538,https://web.archive.org/web/20190921085538/https://oldnavy.gap.com/browse/product.do?pid=730770&locale=en_US&kwid=1&sem=false&sdReferer=http%3A%2F%2Fwww.google.ca%2Furl%3Fsa%3Dt%26rct%3Dj%26q%3Dold%2520navy%2520rockstar%26source%3Dweb%26cd%3D1%26ved%3D0CDEQFjAA%26url%3Dhttp%253A%252F%252Fwww.oldnavy.com%252Fproducts%252Fwomens-the-rockstar-super-skinny-jeans-P730770.jsp%26ei%3DXK_0UPnxLaasigLhiYHYBg%26usg%3DAFQjCNER1ygPTY65_XySuM_umVNaN-O2nA%26sig2%3DBsppgWrGFxVPs_DfjsLjvg%26bvm%3Dbv.41018144%2Cd.cGE,Low-Rise Rockstar Super Skinny Jeans for Women | Old Navy,30.00,USD,jsonld_offer_price
oldnavy,730770,A_2018_2020,201910,20191019091544,https://web.archive.org/web/20191019091544/https://oldnavy.gap.com/browse/product.do?cid=70341&vid=1&pid=730770&scid=730770112,Low-Rise Rockstar Super Skinny Jeans for Women | Old Navy,30.00,USD,jsonld_offer_price
oldnavy,730770,A_2018_2020,201911,20191119020100,https://web.archive.org/web/20191119020100/https://oldnavy.gap.com/browse/GeneralNoResults.do?cid=70341&amp;vid=1&amp;pid=730770&amp;scid=730770132&requestedurl=oldnavy.gap.com%2Fbrowse%2Fproduct.do%3Fcid%3D70341%26amp%3Bvid%3D1%26amp%3Bpid%3D730770%26amp%3Bscid%3D730770132,Old Navy,,,no_price_found
oldnavy,730770,A_2018_2020,201912,20191219215142,https://web.archive.org/web/20191219215142/https://oldnavy.gap.com/browse/GeneralNoResults.do?cid=70341&amp;vid=1&amp;pid=730770&amp;scid=730770112&requestedurl=oldnavy.gap.com%2Fbrowse%2Fproduct.do%3Fcid%3D70341%26amp%3Bvid%3D1%26amp%3Bpid%3D730770%26amp%3Bscid%3D730770112,Old Navy,,,no_price_found
oldnavy,730770,A_2018_2020,202003,20200327000009,https://web.archive.org/web/20200327000009/https://oldnavy.gap.com/browse/product.do?pid=730770,Low-Rise Rockstar Super Skinny Jeans for Women | Old Navy,34.99,USD,jsonld_offer_price
oldnavy,730770,B_2024_2026,202505,20250516102028,https://web.archive.org/web/20250516102028/https://oldnavy.gap.com/browse/product.do?pid=730770&locale=en_US&kwid=1&sem=false&sdReferer=http%3A%2F%2Fwww.google.ca%2Furl%3Fsa%3Dt%26rct%3Dj%26q%3Dold%2520navy%2520rockstar%26source%3Dweb%26cd%3D1%26ved%3D0CDQQFjAA%26url%3Dhttp%253A%252F%252Fwww.oldnavy.com%252Fproducts%252Fwomens-the-rockstar-super-skinny-jeans-P730770.jsp%26ei%3DCEHRUOWrGuSDjALU-IHgCQ%26usg%3DAFQjCNER1ygPTY65_XySuM_umVNaN-O2nA%26sig2%3DTOpe_0QU02CL54iOLdJq5Q%26bvm%3Dbv.1355534169%2Cd.cGE,Low-Rise Rockstar Super Skinny Jeans for Women | Old Navy,,,no_price_found
oldnavy,730770,B_2024_2026,202506,20250617200102,https://web.archive.org/web/20250617200102/https://oldnavy.gap.com/browse/product.do?cid=85223&vid=1&pid=730770&scid=730770292,Low-Rise Rockstar Super Skinny Jeans for Women | Old Navy,,,no_price_found
oldnavy,730770,B_2024_2026,202509,20250915005402,https://web.archive.org/web/20250915005402/https://oldnavy.gap.com/browse/product.do?cid=57486&vid=1&pid=730770&scid=730770012,Low-Rise Rockstar Super Skinny Jeans for Women | Old Navy,,,no_price_found
oldnavy,730770,B_2024_2026,202510,20251007034038,https://web.archive.org/web/20251007034038/https://oldnavy.gap.com/browse/product.do?cid=57486&vid=1&pid=730770&scid=730770022,Low-Rise Rockstar Super Skinny Jeans for Women | Old Navy,,,no_price_found
oldnavy,730770,B_2024_2026,202512,20251216182306,https://web.archive.org/web/20251216182306/https://oldnavy.gap.com/browse/product.do?cid=57486&vid=1&pid=730770&scid=730770002,Low-Rise Rockstar Super Skinny Jeans for Women | Old Navy,,,no_price_found
oldnavy,730770002,A_2018_2020,201901,20190109012618,https://web.archive.org/web/20190109012618/https://oldnavy.gap.com/browse/product.do?cid=1017736&vid=1&pid=730770002,Low-Rise Rockstar Super Skinny Jeans for Women | Old Navy,34.99,USD,jsonld_offer_price
oldnavy,730770002,A_2018_2020,201907,20190716161358,https://web.archive.org/web/20190716161358/https://oldnavy.gap.com/browse/GeneralNoResults.do?vid=1&amp;pid=730770002&requestedurl=oldnavy.gap.com%2Fbrowse%2Fproduct.do%3Fvid%3D1%26amp%3Bpid%3D730770002,,,,no_price_found
oldnavy,730770002,A_2018_2020,201908,20190820160407,https://web.archive.org/web/20190820160407/https://oldnavy.gap.com/browse/product.do?pid=730770002&vid=1&locale=en_US&kwid=1&sem=false&sdReferer=https%3A%2F%2Fwww.google.com%2F,Low-Rise Rockstar Super Skinny Jeans for Women | Old Navy,28.00,USD,jsonld_offer_price
oldnavy,730770002,A_2018_2020,201910,20191022172303,https://web.archive.org/web/20191022172303/https://oldnavy.gap.com/browse/product.do?cid=1017736&vid=1&pid=730770002,Low-Rise Rockstar Super Skinny Jeans for Women | Old Navy,30.00,USD,jsonld_offer_price
oldnavy,730770002,A_2018_2020,201911,20191112235740,https://web.archive.org/web/20191112235740/https://oldnavy.gap.com/browse/product.do?cid=1027525&vid=1&pid=730770002,Low-Rise Rockstar Super Skinny Jeans for Women | Old Navy,34.99,USD,jsonld_offer_price
oldnavy,730770002,B_2024_2026,202406,20240621080658,https://web.archive.org/web/20240621080658/https://oldnavy.gap.com/browse/product.do?pid=730770002&vid=1&locale=en_US&kwid=1&sem=false&sdkw=low-rise-rockstar-jeggings-for-women-P730770&brandCvoSid=AT5MJSJP5DWS&sdReferer=http%3A%2F%2Fwww.oldnavy.com%2Fproducts%2Fblack-jeans.jsp,Low-Rise Rockstar Super Skinny Jeans for Women | Old Navy,32.97,USD,jsonld_offer_price
oldnavy,730770002,B_2024_2026,202408,20240806052933,https://web.archive.org/web/20240806052933/https://oldnavy.gap.com/browse/product.do?cid=1017736&vid=1&pid=730770002,Low-Rise Rockstar Super Skinny Jeans for Women | Old Navy,32.97,USD,jsonld_offer_price
oldnavy,730770002,B_2024_2026,202410,20241015213256,https://web.archive.org/web/20241015213256/https://oldnavy.gap.com/browse/product.do?pid=730770002&vid=2&tid=onpl000000&kwid=1&ap=7&sem=true&pcrid=29466129575,Low-Rise Rockstar Super Skinny Jeans for Women | Old Navy,32.97,USD,jsonld_offer_price
oldnavy,730770002,B_2024_2026,202411,20241104144928,https://web.archive.org/web/20241104144928/https://oldnavy.gap.com/browse/product.do?pid=730770002,Low-Rise Rockstar Super Skinny Jeans for Women | Old Navy,32.97,USD,jsonld_offer_price
oldnavy,730770002,B_2024_2026,202501,20250114004057,https://web.archive.org/web/20250114004057/https://oldnavy.gap.com/browse/product.do?cid=1017736&vid=1&pid=730770002,Low-Rise Rockstar Super Skinny Jeans for Women | Old Navy,32.97,USD,jsonld_offer_price
oldnavy,730770002,B_2024_2026,202502,20250212070847,https://web.archive.org/web/20250212070847/https://oldnavy.gap.com/browse/product.do?pid=730770002&vid=1&locale=en_US&kwid=1&sem=false&sdReferer=https%3A%2F%2Fwww.google.com%2F,Low-Rise Rockstar Super Skinny Jeans for Women | Old Navy,,,no_price_found
oldnavy,730770002,B_2024_2026,202507,20250718041331,https://web.archive.org/web/20250718041331/https://oldnavy.gap.com/browse/product.do?vid=1&pid=730770002,Low-Rise Rockstar Super Skinny Jeans for Women | Old Navy,,,no_price_found
oldnavy,730770002,B_2024_2026,202509,20250908035941,https://web.archive.org/web/20250908035941/https://oldnavy.gap.com/browse/product.do?cid=70413&vid=2&pid=730770002,Low-Rise Rockstar Super Skinny Jeans for Women | Old Navy,,,no_price_found
oldnavy,730770002,B_2024_2026,202510,20251018235738,https://web.archive.org/web/20251018235738/https://oldnavy.gap.com/browse/product.do?cid=1017736&vid=1&pid=730770002,Low-Rise Rockstar Super Skinny Jeans for Women | Old Navy,,,no_price_found
oldnavy,730770002,B_2024_2026,202512,20251205100220,https://web.archive.org/web/20251205100220/https://oldnavy.gap.com/browse/product.do?cid=85732&vid=1&pid=730770002,Low-Rise Rockstar Super Skinny Jeans for Women | Old Navy,,,no_price_found
oldnavy,730770002,B_2024_2026,202602,20260216171110,https://web.archive.org/web/20260216171110/https://oldnavy.gap.com/browse/product.do?pid=730770002&vid=1&locale=en_US&kwid=1&sem=false&sdReferer=https%3A%2F%2Fwww.google.com%2F,Low-Rise Rockstar Super Skinny Jeans for Women | Old Navy,32.97,USD,jsonld_offer_price
oldnavy,390803002,A_2018_2020,201907,20190718155657,https://web.archive.org/web/20190718155657/https://oldnavy.gap.com/browse/product.do?pid=390803002&tid=onaff2178999&ap=2&siteID=onafcid12882571&cjevent=e2988a8a283811e9806b028b0a1c0e0e,Distressed Denim Jacket for Women | Old Navy,40.00,USD,jsonld_offer_price
oldnavy,390803002,A_2018_2020,201909,20190917045305,https://web.archive.org/web/20190917045305/https://oldnavy.gap.com/browse/product.do?pid=390803002&tid=onaff2178999&ap=2&siteID=onafcid12882571&cjevent=e2988a8a283811e9806b028b0a1c0e0e,Distressed Jean Jacket For Women | Old Navy,44.99,USD,jsonld_offer_price
oldnavy,390803002,A_2018_2020,201910,20191019081108,https://web.archive.org/web/20191019081108/https://oldnavy.gap.com/browse/product.do?pid=390803002&cid=1022681&pcid=55474,Distressed Jean Jacket For Women | Old Navy,22.50,USD,jsonld_offer_price
oldnavy,390803002,A_2018_2020,201911,20191117001756,https://web.archive.org/web/20191117001756/https://oldnavy.gap.com/browse/product.do?pid=390803002,Distressed Jean Jacket For Women | Old Navy,44.99,USD,jsonld_offer_price
oldnavy,390803002,A_2018_2020,201912,20191215161514,https://web.archive.org/web/20191215161514/https://oldnavy.gap.com/browse/product.do?pid=390803002&cid=1022681&pcid=55474,Distressed Jean Jacket For Women | Old Navy,39.00,USD,jsonld_offer_price
oldnavy,390803002,B_2024_2026,202407,20240717171014,https://web.archive.org/web/20240717171014/https://oldnavy.gap.com/browse/product.do?pid=390803002&cid=1022681&pcid=55474,Distressed Jean Jacket For Women | Old Navy,34.97,USD,jsonld_offer_price
oldnavy,390803002,B_2024_2026,202408,20240805213449,https://web.archive.org/web/20240805213449/https://oldnavy.gap.com/browse/product.do?pid=390803002&pcid=999,Distressed Jean Jacket For Women | Old Navy,34.97,USD,jsonld_offer_price
oldnavy,390803002,B_2024_2026,202501,20250117175221,https://web.archive.org/web/20250117175221/https://oldnavy.gap.com/browse/product.do?pid=390803002&cid=1022681&pcid=55474(opens%20in%20a%20new%20tab),Distressed Jean Jacket For Women | Old Navy,34.97,USD,jsonld_offer_price
oldnavy,390803002,B_2024_2026,202502,20250218003834,https://web.archive.org/web/20250218003834/https://oldnavy.gap.com/browse/product.do?pid=390803002&CAWELAID=120299900002319383&CAGPSPN=pla&CAAGID=59094350549&CATCI=aud-476261364190:pla-531501983018&tid=onpl000000&kwid=1&ap=7&gclid=Cj0KCQjwtr_mBRDeARIsALfBZA4ZKxHcnt3Hq62S9g6a5FOaVDPkTc4mca0vAqXLxwUV2-yv2Oapx4MaAtJvEALw_wcB&gclsrc=aw.ds,Distressed Jean Jacket For Women | Old Navy,,,no_price_found
oldnavy,390803002,B_2024_2026,202602,20260209121855,https://web.archive.org/web/20260209121855/https://oldnavy.gap.com/browse/product.do?pid=390803002&cid=1022681&pcid=55474(opens%20in%20a%20new%20tab),Distressed Jean Jacket For Women | Old Navy,34.97,USD,jsonld_offer_price
oldnavy,621497002,A_2018_2020,201907,20190721004329,https://web.archive.org/web/20190721004329/https://oldnavy.gap.com/browse/product.do?pid=621497002&CAWELAID=120299900000178387&CAGPSPN=pla&CAAGID=59094350389&CATCI=pla-531501973098&tid=onpl000000&kwid=1&ap=7&gclid=Cj0KCQiAvqDiBRDAARIsADWh5TfYhv7ADAyluamNECX98T0z6dFkL1Nz87Uh2GBnKGR3yhsdOmjEgBYaAtNFEALw_wcB&gclsrc=aw.ds,Mid-Rise Distressed Rockstar Super Skinny Jeans for Women | Old Navy,39.00,USD,jsonld_offer_price
oldnavy,621497002,A_2018_2020,201908,20190822131752,https://web.archive.org/web/20190822131752/https://oldnavy.gap.com/browse/product.do?cid=85732&pcid=85729&vid=1&pid=621497002,Mid-Rise Distressed Rockstar Super Skinny Jeans for Women | Old Navy,25.00,USD,jsonld_offer_price
oldnavy,621497002,A_2018_2020,201909,20190918030232,https://web.archive.org/web/20190918030232/https://oldnavy.gap.com/browse/product.do?cid=85732&vid=1&pid=621497002,Mid-Rise Distressed Rockstar Super Skinny Jeans for Women | Old Navy,35.00,USD,jsonld_offer_price
oldnavy,621497002,A_2018_2020,201910,20191016000542,https://web.archive.org/web/20191016000542/https://oldnavy.gap.com/browse/product.do?cid=85732&vid=1&pid=621497002,Mid-Rise Distressed Rockstar Super Skinny Jeans for Women | Old Navy,25.00,USD,jsonld_offer_price
oldnavy,621497002,A_2018_2020,201911,20191119211040,https://web.archive.org/web/20191119211040/https://oldnavy.gap.com/browse/product.do?pid=621497002&CAWELAID=120299900000178387&CAGPSPN=pla&CAAGID=59094350389&CATCI=pla-531501973098&tid=onpl000000&kwid=1&ap=7&gclid=Cj0KCQiAvqDiBRDAARIsADWh5TfYhv7ADAyluamNECX98T0z6dFkL1Nz87Uh2GBnKGR3yhsdOmjEgBYaAtNFEALw_wcB&gclsrc=aw.ds,Mid-Rise Distressed Rockstar Super Skinny Jeans for Women | Old Navy,40.00,USD,jsonld_offer_price
oldnavy,621497002,A_2018_2020,201912,20191201231356,https://web.archive.org/web/20191201231356/https://oldnavy.gap.com/browse/product.do?cid=10018&vid=1&pid=621497002,Mid-Rise Distressed Rockstar Super Skinny Jeans for Women | Old Navy,44.99,USD,jsonld_offer_price
oldnavy,621497002,B_2024_2026,202406,20240621063745,https://web.archive.org/web/20240621063745/https://oldnavy.gap.com/browse/product.do?cid=85732&pcid=85729&vid=1&pid=621497002,Mid-Rise Rockstar Super-Skinny Distressed Jeans for Women | Old Navy,9.96,USD,jsonld_offer_price
oldnavy,621497002,B_2024_2026,202410,20241007090547,https://web.archive.org/web/20241007090547/https://oldnavy.gap.com/browse/product.do?pid=621497002,Mid-Rise Rockstar Super-Skinny Jeans | Old Navy,7.47,USD,jsonld_offer_price
oldnavy,621497002,B_2024_2026,202501,20250118112519,https://web.archive.org/web/20250118112519/https://oldnavy.gap.com/browse/product.do?pid=621497002,Mid-Rise Rockstar Super-Skinny Jeans | Old Navy,7.47,USD,jsonld_offer_price
oldnavy,621497002,B_2024_2026,202502,20250214083549,https://web.archive.org/web/20250214083549/https://oldnavy.gap.com/browse/product.do?pid=621497002&cid=1137790&pcid=85729&vid=1&grid=pds_29_58_1,Mid-Rise Rockstar Super-Skinny Jeans | Old Navy,,,no_price_found
oldnavy,621497002,B_2024_2026,202512,20251208051718,https://web.archive.org/web/20251208051718/https://oldnavy.gap.com/browse/product.do?pid=621497002,Mid-Rise Rockstar Super-Skinny Jeans | Old Navy,,,no_price_found
oldnavy,898919002,A_2018_2020,201907,20190729153038,https://web.archive.org/web/20190729153038/https://oldnavy.gap.com/browse/product.do?pid=898919002&tid=onpl000028&kwid=1&ap=7&gclid=CjwKCAjwr8zoBRA0EiwANmvpYBXkB6UHDxyPSTVscxvrU1oopuaEK48haYIrCylrVF_KgS2_qzVmmRoCDc0QAvD_BwE&gclsrc=aw.ds,Classic Flip-Flops for Women | Old Navy,2.50,USD,jsonld_offer_price
oldnavy,898919002,A_2018_2020,201908,20190805203209,https://web.archive.org/web/20190805203209/https://oldnavy.gap.com/browse/product.do?pid=898919002&tid=onpl000028&kwid=1&ap=7&gclid=CjwKCAjwr8zoBRA0EiwANmvpYBXkB6UHDxyPSTVscxvrU1oopuaEK48haYIrCylrVF_KgS2_qzVmmRoCDc0QAvD_BwE&gclsrc=aw.ds,Classic Flip-Flops for Women | Old Navy,2.50,USD,jsonld_offer_price
oldnavy,898919002,A_2018_2020,201909,20190915082429,https://web.archive.org/web/20190915082429/https://oldnavy.gap.com/browse/product.do?cid=60979&vid=1&pid=898919002,Classic Flip-Flops for Women | Old Navy,2.50,USD,jsonld_offer_price
oldnavy,898919002,A_2018_2020,201910,20191019064700,https://web.archive.org/web/20191019064700/https://oldnavy.gap.com/browse/product.do?pid=898919002&CAWELAID=120299900000082625&CAGPSPN=pla&CAAGID=59094351029&CATCI=aud-476261364150:pla-534604876972&tid=onpl000000&kwid=1&ap=7&gclid=Cj0KCQjw-b7qBRDPARIsADVbUbWfbidpPRBPvGdqINIXQdJt9kRMt9PuHM30IKo7smakzxjwm55hAkAaAoQ5EALw_wcB&gclsrc=aw.ds,Classic Flip-Flops for Women | Old Navy,2.50,USD,jsonld_offer_price
oldnavy,898919002,A_2018_2020,201912,20191207072856,https://web.archive.org/web/20191207072856/https://oldnavy.gap.com/browse/product.do?pid=898919002,Classic Flip-Flops for Women | Old Navy,3.99,USD,jsonld_offer_price
oldnavy,898919002,B_2024_2026,202406,20240620163718,https://web.archive.org/web/20240620163718/https://oldnavy.gap.com/browse/product.do?vid=1&pid=898919002,Classic Flip-Flops For Women | Old Navy,1.97,USD,jsonld_offer_price
oldnavy,898919002,B_2024_2026,202501,20250121031439,https://web.archive.org/web/20250121031439/https://oldnavy.gap.com/browse/product.do?pid=898919002&locale=en_US&kwid=1&sem=false&vid=0&sdReferer=http%3A%2F%2Fwww.oldnavy.com%2Fproducts%2Fwomens-flip-flops.jsp,Classic Flip-Flops For Women | Old Navy,1.97,USD,jsonld_offer_price
oldnavy,898919002,B_2024_2026,202502,20250213184001,https://web.archive.org/web/20250213184001/https://oldnavy.gap.com/browse/product.do?cid=60979&vid=1&pid=898919002,Classic Flip-Flops For Women | Old Navy,,,no_price_found
oldnavy,898919002,B_2024_2026,202503,20250324123527,https://web.archive.org/web/20250324123527/https://oldnavy.gap.com/browse/product.do?pid=898919002&vid=1&,Classic Flip-Flops For Women | Old Navy,,,no_price_found
oldnavy,898919002,B_2024_2026,202509,20250908024510,https://web.archive.org/web/20250908024510/https://oldnavy.gap.com/browse/product.do?pid=898919002,,,,no_price_found
oldnavy,898919002,B_2024_2026,202510,20251011010105,https://web.archive.org/web/20251011010105/https://oldnavy.gap.com/browse/product.do?pid=898919002,Classic Flip-Flops For Women | Old Navy,,,no_price_found
oldnavy,146172092,A_2018_2020,201907,20190717210120,https://web.archive.org/web/20190717210120/https://oldnavy.gap.com/browse/product.do?pid=146172092,Canvas Sneakers for Women | Old Navy,19.00,USD,jsonld_offer_price
oldnavy,146172092,A_2018_2020,201908,20190821195854,https://web.archive.org/web/20190821195854/https://oldnavy.gap.com/browse/product.do?pid=146172092&cid=78973&pcid=55147,Canvas Sneakers for Women | Old Navy,22.00,USD,jsonld_offer_price
oldnavy,146172092,A_2018_2020,201909,20190919023344,https://web.archive.org/web/20190919023344/https://oldnavy.gap.com/browse/product.do?pid=146172092,Canvas Sneakers for Women | Old Navy,22.00,USD,jsonld_offer_price
oldnavy,146172092,A_2018_2020,201910,20191022105612,https://web.archive.org/web/20191022105612/https://oldnavy.gap.com/browse/product.do?pid=146172092&cid=78973&pcid=55147,Canvas Sneakers for Women | Old Navy,18.00,USD,jsonld_offer_price
oldnavy,146172092,A_2018_2020,201912,20191206102435,https://web.archive.org/web/20191206102435/https://oldnavy.gap.com/browse/product.do?pid=146172092&CAWELAID=120299900000110151&CAGPSPN=pla&CAAGID=36024990456&CATCI=aud-299061926076:pla-60193253136&cvosrc=cse.google.PLA_Nonbrand&cvo_campaign=691125975&cvo_adgroup=36024990456&cvo_crid=155131028364&Matchtype=&tid=onpl000017&kwid=1&ap=7&gclid=Cj0KEQjwrYbIBRCgnY-OluOk89EBEiQAZER58i5mmmYspuzmCX3TmVgFxIltu1u0tkAMsDVjz6wJP_IaAvng8P8HAQ,Canvas Sneakers for Women | Old Navy,22.00,USD,jsonld_offer_price
oldnavy,146172092,B_2024_2026,202407,20240718102851,https://web.archive.org/web/20240718102851/https://oldnavy.gap.com/browse/product.do?pid=146172092&CAWELAID=120299900000110151&CAGPSPN=pla&CAAGID=36024990456&CATCI=aud-299061926076:pla-60193253136&cvosrc=cse.google.PLA_Nonbrand&cvo_campaign=691125975&cvo_adgroup=36024990456&cvo_crid=155131028364&Matchtype=&tid=onpl000017&kwid=1&ap=7&gclid=Cj0KEQjwrYbIBRCgnY-OluOk89EBEiQAZER58i5mmmYspuzmCX3TmVgFxIltu1u0tkAMsDVjz6wJP_IaAvng8P8HAQ,Canvas Sneakers for Women | Old Navy,19.97,USD,jsonld_offer_price
oldnavy,146172092,B_2024_2026,202408,20240806141826,https://web.archive.org/web/20240806141826/https://oldnavy.gap.com/browse/product.do?pid=146172092,Canvas Sneakers for Women | Old Navy,19.97,USD,jsonld_offer_price
oldnavy,146172092,B_2024_2026,202501,20250117021746,https://web.archive.org/web/20250117021746/https://oldnavy.gap.com/browse/product.do?pid=146172092&CAWELAID=120299900000110151&CAGPSPN=pla&CAAGID=36024990456&CATCI=aud-372956340878:pla-326738518455&tid=onpl000017&kwid=1&ap=7&gclid=Cj0KCQjw5LbWBRDCARIsALAbcOd2CjaO5epwzc5Rt7wQtzqzISlcTSiaXhlbmBERYAz1O0krq0ewByYaAvW2EALw_wcB,Canvas Sneakers for Women | Old Navy,19.97,USD,jsonld_offer_price
oldnavy,146172092,B_2024_2026,202507,20250718033851,https://web.archive.org/web/20250718033851/https://oldnavy.gap.com/browse/product.do?pid=146172092&cid=78973&pcid=55147&grid=pds_22_24_1,Canvas Sneakers for Women | Old Navy,,,no_price_found
oldnavy,146172092,B_2024_2026,202510,20251011184905,https://web.archive.org/web/20251011184905/https://oldnavy.gap.com/browse/product.do?pid=146172092&pcid=999,Canvas Sneakers for Women | Old Navy,,,no_price_found
oldnavy,146172092,B_2024_2026,202602,20260211072538,https://web.archive.org/web/20260211072538/https://oldnavy.gap.com/browse/product.do?pid=146172092,,,,no_price_found
oldnavy,602404012,A_2018_2020,201908,20190817205505,https://web.archive.org/web/20190817205505/https://oldnavy.gap.com/browse/product.do?vid=1&pid=602404012&searchText=jeggings,Mid-Rise Rockstar Jeggings for Women | Old Navy,17.50,USD,jsonld_offer_price
oldnavy,602404012,A_2018_2020,201909,20190921111130,https://web.archive.org/web/20190921111130/https://oldnavy.gap.com/browse/product.do?pid=602404012,Mid-Rise Rockstar Jeggings for Women | Old Navy,25.00,USD,jsonld_offer_price
oldnavy,602404012,A_2018_2020,201910,20191014065400,https://web.archive.org/web/20191014065400/https://oldnavy.gap.com/browse/product.do?pid=602404012&cvosrc=cse.google.PLA_Nonbrand&cvo_campaign=691125975&cvo_adgroup=36024990456&cvo_crid=155131028364&Matchtype=&tid=onpl000017&kwid=1&ap=7&gclid=CjwKEAiA2abEBRCdx7PqqunM1CYSJABf3qva4eWj-HMIvYuTlFRDscCWuvhJdhivQcSXQWQUMAUP_xoCL3Tw_wcB,Mid-Rise Rockstar Jeggings for Women | Old Navy,17.50,USD,jsonld_offer_price
oldnavy,602404012,A_2018_2020,201911,20191114133712,https://web.archive.org/web/20191114133712/https://oldnavy.gap.com/browse/product.do?vid=1&pid=602404012,Mid-Rise Rockstar Jeggings for Women | Old Navy,34.99,USD,jsonld_offer_price
oldnavy,602404012,A_2018_2020,201912,20191213133057,https://web.archive.org/web/20191213133057/https://oldnavy.gap.com/browse/product.do?cid=1038467&vid=3&pid=602404012,Mid-Rise Rockstar Jeggings for Women | Old Navy,28.00,USD,jsonld_offer_price
oldnavy,602404012,B_2024_2026,202406,20240624074857,https://web.archive.org/web/20240624074857/https://oldnavy.gap.com/browse/product.do?cid=1051513&vid=1&pid=602404012,Mid-Rise Rockstar Jeggings for Women | Old Navy,14.97,USD,jsonld_offer_price
oldnavy,602404012,B_2024_2026,202408,20240814045903,https://web.archive.org/web/20240814045903/https://oldnavy.gap.com/browse/product.do?cid=1051513&pcid=85729&vid=1&pid=602404012,,,,fetch_failed
oldnavy,602404012,B_2024_2026,202410,20241010232935,https://web.archive.org/web/20241010232935/https://oldnavy.gap.com/browse/product.do?pid=602404012,Mid-Rise Rockstar Jeggings for Women | Old Navy,14.97,USD,jsonld_offer_price
oldnavy,602404012,B_2024_2026,202502,20250213113532,https://web.archive.org/web/20250213113532/https://oldnavy.gap.com/browse/product.do?vid=1&pid=602404012,Mid-Rise Rockstar Jeggings for Women | Old Navy,,,no_price_found
oldnavy,602404012,B_2024_2026,202509,20250915002726,https://web.archive.org/web/20250915002726/https://oldnavy.gap.com/browse/product.do?cid=1038467&vid=3&pid=602404012,Mid-Rise Rockstar Jeggings for Women | Old Navy,,,no_price_found
oldnavy,602404012,B_2024_2026,202510,20251008090512,https://web.archive.org/web/20251008090512/https://oldnavy.gap.com/browse/product.do?vid=1&pid=602404012,Mid-Rise Rockstar Jeggings for Women | Old Navy,,,no_price_found
oldnavy,602404012,B_2024_2026,202512,20251214175426,https://web.archive.org/web/20251214175426/https://oldnavy.gap.com/browse/product.do?cid=1051513&pcid=85729&vid=1&pid=602404012,Mid-Rise Rockstar Jeggings for Women | Old Navy,,,no_price_found
oldnavy,602404012,B_2024_2026,202602,20260214024305,https://web.archive.org/web/20260214024305/https://oldnavy.gap.com/browse/product.do?cid=1051513&vid=1&pid=602404012,Mid-Rise Rockstar Jeggings for Women | Old Navy,14.97,USD,jsonld_offer_price
oldnavy,715218002,A_2018_2020,201801,20180126013010,"https://web.archive.org/web/20180126013010/http://oldnavy.gap.com/browse/product.do?pid=715218002&CAWELAID=120299900000085256&CAGPSPN=pla&CAAGID=43643318369&CATCI=aud-372486211174:pla-298918987619&device=c&product_channel=online&Matchtype=&tid=onpl000017&kwid=1&ap=7&lsft=device:c,cvosrc:cse.google.online_Brand,cvo_campaign:783481184,cvo_pid:43643318369,cvo_crid:187254330866,Matchtype:,tid:onpl000017,kwid:1,ap:7&cvosrc=cse.google.online_Nonbrand&cvo_campaign=783481184&cvo_pid=43643318369&cvo_crid=187254330866&gclid=CjwKCAiAnabTBRA6EiwAemvBd2TlHpwMOVDt4XGJNBMTu3eLRO38kA07Xtts8YwiugbGsIxFWGoSqhoCwA8QAvD_BwE",Mid-Rise Super Skinny Jeans for Women | Old Navy,,,no_price_found
oldnavy,715218002,A_2018_2020,201802,20180206233719,https://web.archive.org/web/20180206233719/http://oldnavy.gap.com:80/browse/product.do?cid=1097070&pcid=1097065&vid=1&pid=715218002&tid=onaff7681186&ap=2&siteID=onafcid10455642&cvosrc=affiliate.cj.7681186,default | Old Navy,,,no_price_found
oldnavy,715218002,A_2018_2020,201803,20180313064441,https://web.archive.org/web/20180313064441/http://oldnavy.gap.com:80/browse/product.do?cid=1036225&pcid=85729&vid=1&pid=715218002,Mid-Rise Super Skinny Jeans for Women |old-navy,,,no_price_found
oldnavy,715218002,A_2018_2020,201907,20190722161101,https://web.archive.org/web/20190722161101/https://oldnavy.gap.com/browse/product.do?cid=1036225&vid=1&pid=715218002,Mid-Rise Super Skinny Jeans for Women | Old Navy,21.00,USD,jsonld_offer_price
oldnavy,715218002,A_2018_2020,201909,20190920160822,https://web.archive.org/web/20190920160822/https://oldnavy.gap.com/browse/product.do?pid=715218002,Mid-Rise Super Skinny Jeans for Women | Old Navy,25.00,USD,jsonld_offer_price
oldnavy,715218002,A_2018_2020,201911,20191119022937,https://web.archive.org/web/20191119022937/https://oldnavy.gap.com/browse/product.do?cid=1036225&vid=1&pid=715218002,Mid-Rise Super Skinny Jeans for Women | Old Navy,29.99,USD,jsonld_offer_price
oldnavy,715218002,A_2018_2020,201912,20191212164552,"https://web.archive.org/web/20191212164552/https://oldnavy.gap.com/browse/product.do?pid=715218002&CAWELAID=120299900000085237&CAGPSPN=pla&CAAGID=43643318369&CATCI=aud-372486211174:pla-298918987619&device=c&product_channel=online&Matchtype=&tid=onpl000017&kwid=1&ap=7&lsft=device:c,cvosrc:cse.google.online_Brand,cvo_campaign:783481184,cvo_pid:43643318369,cvo_crid:187254330866,Matchtype:,tid:onpl000017,kwid:1,ap:7&cvosrc=cse.google.online_Nonbrand&cvo_campaign=783481184&cvo_pid=43643318369&cvo_crid=187254330866&gclid=CjwKCAiAjuPRBRBxEiwAeQ2QPpfv1bS40t9Incj5O-Ukwasrxa5ZWYtTVMjGtBkzzOg48E02eSZJVRoCsq0QAvD_BwE",Mid-Rise Super Skinny Jeans for Women | Old Navy,25.00,USD,jsonld_offer_price
oldnavy,715218002,B_2024_2026,202406,20240620112539,https://web.archive.org/web/20240620112539/https://oldnavy.gap.com/browse/product.do?cid=1137790&grid=pds_7_138_1&pcid=85729&pid=715218002&vid=1,Mid-Rise Wow Super-Skinny Pop-Color Jeans for Women | Old Navy,9.97,USD,jsonld_offer_price
oldnavy,715218002,B_2024_2026,202503,20250328085651,https://web.archive.org/web/20250328085651/https://oldnavy.gap.com/browse/product.do?cid=1036225&pcid=85729&vid=1&pid=715218002,Mid-Rise Wow Super-Skinny Pop-Color Jeans for Women | Old Navy,,,no_price_found
oldnavy,715218002,B_2024_2026,202510,20251015110314,https://web.archive.org/web/20251015110314/https://oldnavy.gap.com/browse/product.do?cid=1137790&grid=pds_7_138_1&pcid=85729&pid=715218002&vid=1,Mid-Rise Wow Super-Skinny Pop-Color Jeans for Women | Old Navy,,,no_price_found
oldnavy,715218002,B_2024_2026,202511,20251112050026,https://web.archive.org/web/20251112050026/https://oldnavy.gap.com/browse/product.do?pid=715218002,Mid-Rise Wow Super-Skinny Pop-Color Jeans for Women | Old Navy,,,no_price_found
oldnavy,636458032,A_2018_2020,201801,20180120223302,https://web.archive.org/web/20180120223302/http://oldnavy.gap.com:80/browse/product.do?cid=1011824&pcid=53936&vid=1&pid=636458032,Solid Leggings for Girls | Old Navy,,,no_price_found
oldnavy,636458032,A_2018_2020,201802,20180220190002,https://web.archive.org/web/20180220190002/http://oldnavy.gap.com:80/browse/product.do?cid=1011824&pcid=53936&vid=1&pid=636458032,Solid Leggings for Girls|old-navy,,,no_price_found
oldnavy,636458032,A_2018_2020,201803,20180324174413,https://web.archive.org/web/20180324174413/http://oldnavy.gap.com:80/browse/product.do?cid=1011824&pcid=53936&vid=1&pid=636458032,Solid Leggings for Girls | Old Navy,,,no_price_found
oldnavy,636458032,A_2018_2020,201907,20190716203716,https://web.archive.org/web/20190716203716/https://oldnavy.gap.com/browse/product.do?pid=636458032,Solid Leggings for Girls | Old Navy,8.00,USD,jsonld_offer_price
oldnavy,636458032,A_2018_2020,201909,20190918113845,https://web.archive.org/web/20190918113845/https://oldnavy.gap.com/browse/product.do?pid=636458032,Solid Leggings for Girls | Old Navy,4.00,USD,jsonld_offer_price
oldnavy,636458032,B_2024_2026,202409,20240920201830,https://web.archive.org/web/20240920201830/https://oldnavy.gap.com/browse/product.do?clink=12413545&mlink=5050%2C12413545%2Conproduct2_rr_8&pid=636458032&rrec=true,,,,no_price_found
oldnavy,636458032,B_2024_2026,202411,20241117204543,https://web.archive.org/web/20241117204543/https://oldnavy.gap.com/browse/product.do?clink=12413545&pid=636458032&rrec=true&mlink=5050%2C12413545%2Conproduct2_rr_6,,,,no_price_found
oldnavy,636458032,B_2024_2026,202509,20250915053545,https://web.archive.org/web/20250915053545/https://oldnavy.gap.com/browse/product.do?pid=636458032,,,,no_price_found
oldnavy,636458032,B_2024_2026,202510,20251010184647,https://web.archive.org/web/20251010184647/https://oldnavy.gap.com/browse/product.do?pid=636458032,Leggings for Girls | Old Navy,,,no_price_found
oldnavy,921414002,A_2018_2020,201801,20180105103218,https://web.archive.org/web/20180105103218/http://oldnavy.gap.com:80/browse/product.do?cid=1020640&pcid=53858&vid=1&pid=921414002,Denim Jacket for Toddler Girls | Old Navy,,,no_price_found
oldnavy,921414002,A_2018_2020,201802,20180205193243,https://web.archive.org/web/20180205193243/http://oldnavy.gap.com:80/browse/product.do?cid=1020640&pcid=53858&vid=1&pid=921414002,Denim Jacket for Toddler Girls | Old Navy,,,no_price_found
oldnavy,921414002,A_2018_2020,201803,20180309201939,https://web.archive.org/web/20180309201939/http://oldnavy.gap.com:80/browse/product.do?cid=1020640&pcid=53858&vid=1&pid=921414002,Denim Jacket for Toddler Girls|old-navy,,,no_price_found
oldnavy,921414002,A_2018_2020,201910,20191020135134,https://web.archive.org/web/20191020135134/https://oldnavy.gap.com/browse/product.do?cid=1020640&pcid=53858&vid=1&pid=921414002,Jean Jacket For Toddler Girls | Old Navy,20.00,USD,jsonld_offer_price
oldnavy,921414002,B_2024_2026,202409,20240911163830,https://web.archive.org/web/20240911163830/https://oldnavy.gap.com/browse/product.do?pid=921414002,Jean Jacket For Toddler Girls | Old Navy,24.99,USD,jsonld_offer_price
oldnavy,921414002,B_2024_2026,202501,20250125091550,https://web.archive.org/web/20250125091550/https://oldnavy.gap.com/browse/product.do?cid=1020640&vid=1&pid=921414002,Jean Jacket For Toddler Girls | Old Navy,24.99,USD,jsonld_offer_price
oldnavy,921414002,B_2024_2026,202502,20250211191533,https://web.archive.org/web/20250211191533/https://oldnavy.gap.com/browse/product.do?cid=53858&vid=1&pid=921414002,Jean Jacket For Toddler Girls | Old Navy,24.99,USD,jsonld_offer_price
oldnavy,921414002,B_2024_2026,202602,20260215230401,https://web.archive.org/web/20260215230401/https://oldnavy.gap.com/browse/product.do?cid=1025782&vid=1&pid=921414002,Jean Jacket For Toddler Girls | Old Navy,24.99,USD,jsonld_offer_price
oldnavy,810761002,A_2018_2020,201802,20180201171525,https://web.archive.org/web/20180201171525/http://oldnavy.gap.com:80/browse/product.do?cid=1031035&pcid=1031032&vid=1&pid=810761002,Mid-Rise Compression Crops for Women | Old Navy,,,no_price_found
oldnavy,810761002,A_2018_2020,201803,20180305131535,https://web.archive.org/web/20180305131535/http://oldnavy.gap.com:80/browse/product.do?cid=1031035&pcid=1031032&vid=1&pid=810761002,Mid-Rise Compression Crops for Women|old-navy,,,no_price_found
oldnavy,810761002,A_2018_2020,201909,20190915221437,https://web.archive.org/web/20190915221437/https://oldnavy.gap.com/browse/product.do?pid=810761002,Mid-Rise Elevate Compression Crops for Women | Old Navy,22.00,USD,jsonld_offer_price
oldnavy,810761002,A_2018_2020,201911,20191113025026,https://web.archive.org/web/20191113025026/https://oldnavy.gap.com/browse/product.do?pid=810761002,Mid-Rise Elevate Compression Crops for Women | Old Navy,22.00,USD,jsonld_offer_price
oldnavy,810761002,B_2024_2026,202407,20240715021438,https://web.archive.org/web/20240715021438/https://oldnavy.gap.com/browse/product.do?pid=810761002,Mid-Rise PowerPress Crop Leggings for Women | Old Navy,13.47,USD,jsonld_offer_price
oldnavy,810761002,B_2024_2026,202410,20241004235056,https://web.archive.org/web/20241004235056/https://oldnavy.gap.com/browse/product.do?pid=810761002&vid=1&modelSize=M,Mid-Rise PowerPress Crop Leggings for Women | Old Navy,13.47,USD,jsonld_offer_price
oldnavy,810761002,B_2024_2026,202501,20250116122219,https://web.archive.org/web/20250116122219/https://oldnavy.gap.com/browse/product.do?pid=810761002&vid=1&modelSize=M,Mid-Rise PowerPress Crop Leggings for Women | Old Navy,13.47,USD,jsonld_offer_price
oldnavy,810761002,B_2024_2026,202510,20251018132706,https://web.archive.org/web/20251018132706/https://oldnavy.gap.com/browse/product.do?pid=810761002&vid=1&modelSize=M,Mid-Rise PowerPress Crop Leggings for Women | Old Navy,,,no_price_found
oldnavy,810761002,B_2024_2026,202512,20251205094427,https://web.archive.org/web/20251205094427/https://oldnavy.gap.com/browse/product.do?cid=53935&vid=1&pid=810761002,Mid-Rise PowerPress Crop Leggings for Women | Old Navy,,,no_price_found
oldnavy,641271002,A_2018_2020,201801,20180118073736,https://web.archive.org/web/20180118073736/http://oldnavy.gap.com:80/browse/product.do?cid=1032053&pcid=1011528&vid=1&pid=641271002,Long Leggings for Women | Old Navy,,,no_price_found
oldnavy,641271002,A_2018_2020,201802,20180211232546,https://web.archive.org/web/20180211232546/http://oldnavy.gap.com:80/browse/product.do?cid=1032053&pcid=1011528&vid=1&pid=641271002,Long Leggings for Women | Old Navy,,,no_price_found
oldnavy,641271002,A_2018_2020,201803,20180311140812,https://web.archive.org/web/20180311140812/http://oldnavy.gap.com:80/browse/product.do?cid=1032053&pcid=1011528&vid=1&pid=641271002,Long Leggings for Women | Old Navy,,,no_price_found
oldnavy,641271002,A_2018_2020,201909,20190915082140,https://web.archive.org/web/20190915082140/https://oldnavy.gap.com/browse/product.do?vid=1&pid=641271002&searchText=womens+leggings&autosuggest=true,Jersey Leggings for Women | Old Navy,12.99,USD,jsonld_offer_price
oldnavy,641271002,A_2018_2020,201912,20191208191555,https://web.archive.org/web/20191208191555/https://oldnavy.gap.com/browse/product.do?cid=1011528&vid=1&pid=641271002,Jersey Leggings for Women | Old Navy,10.00,USD,jsonld_offer_price
oldnavy,641271002,B_2024_2026,202406,20240616033036,https://web.archive.org/web/20240616033036/https://oldnavy.gap.com/browse/product.do?pid=641271002,Mid-Rise Jersey Leggings For Women | Old Navy,6.47,USD,jsonld_offer_price
oldnavy,641271002,B_2024_2026,202410,20241014123745,https://web.archive.org/web/20241014123745/https://oldnavy.gap.com/browse/product.do?vid=1&pid=641271002&searchText=womens+leggings,Mid-Rise Jersey Leggings For Women | Old Navy,6.47,USD,jsonld_offer_price
oldnavy,641271002,B_2024_2026,202502,20250206164921,https://web.archive.org/web/20250206164921/https://oldnavy.gap.com/browse/product.do?pid=641271002,Mid-Rise Jersey Leggings For Women | Old Navy,,,no_price_found
oldnavy,641271002,B_2024_2026,202602,20260208181356,https://web.archive.org/web/20260208181356/https://oldnavy.gap.com/browse/product.do?pid=641271002,Mid-Rise Jersey Leggings For Women | Old Navy,6.47,USD,jsonld_offer_price
oldnavy,773949022,A_2018_2020,201801,20180103054046,https://web.archive.org/web/20180103054046/http://oldnavy.gap.com:80/browse/product.do?cid=1036155&pcid=1035712&vid=1&pid=773949022,Relaxed Mariner-Stripe Tee for Women | Old Navy,,,no_price_found
oldnavy,773949022,A_2018_2020,201802,20180203144906,https://web.archive.org/web/20180203144906/http://oldnavy.gap.com:80/browse/product.do?cid=1036155&pcid=1035712&vid=1&pid=773949022,Relaxed Mariner-Stripe Tee for Women | Old Navy,,,no_price_found
oldnavy,773949022,A_2018_2020,201803,20180306173322,https://web.archive.org/web/20180306173322/http://oldnavy.gap.com:80/browse/product.do?cid=1036155&pcid=1035712&vid=1&pid=773949022,Relaxed Mariner-Stripe Tee for Women|old-navy,,,no_price_found
oldnavy,773949022,A_2018_2020,201907,20190719203550,"https://web.archive.org/web/20190719203550/https://oldnavy.gap.com/browse/product.do?pid=773949022&CAWELAID=120299900000174617&CAGPSPN=pla&CAAGID=36024990456&CATCI=aud-297609325876:pla-298663229988&device=c&product_channel=online&Matchtype=&tid=onpl000017&kwid=1&ap=7&lsft=device:c,cvosrc:cse.google.online_Nonbrand,cvo_campaign:691125975,cvo_pid:36024990456,cvo_crid:155131028364,Matchtype:,tid:onpl000017,kwid:1,ap:7",Relaxed Mariner-Stripe Tee for Women | Old Navy,10.00,USD,jsonld_offer_price
oldnavy,773949022,A_2018_2020,201908,20190817204851,https://web.archive.org/web/20190817204851/https://oldnavy.gap.com/browse/product.do?cid=1036301&pcid=1035712&vid=1&pid=773949022,Relaxed Mariner-Stripe Tee for Women | Old Navy,9.97,USD,jsonld_offer_price
oldnavy,773949022,A_2018_2020,201910,20191017225309,https://web.archive.org/web/20191017225309/https://oldnavy.gap.com/browse/OutOfStockNoResults.do?cid=1036301&pcid=1035712&vid=1&pid=773949022&requestedurl=oldnavy.gap.com%2Fbrowse%2Fproduct.do%3Fcid%3D1036301%26pcid%3D1035712%26vid%3D1%26pid%3D773949022,Old Navy,,,no_price_found
oldnavy,773949022,A_2018_2020,201912,20191211011528,https://web.archive.org/web/20191211011528/https://oldnavy.gap.com/browse/OutOfStockNoResults.do?pid=773949022&tid=onpl000029&kwid=1&ap=7&gclid=Cj0KCQiA4aXiBRCRARIsAMBZGz9SbmwfWIgKiw6S6de-WSx5u8_1M4YNFyjkM94xR4DvnxTclhDgbboaAvD6EALw_wcB&gclsrc=aw.ds&requestedurl=oldnavy.gap.com%2Fbrowse%2Fproduct.do%3Fpid%3D773949022%26tid%3Donpl000029%26kwid%3D1%26ap%3D7%26gclid%3DCj0KCQiA4aXiBRCRARIsAMBZGz9SbmwfWIgKiw6S6de-WSx5u8_1M4YNFyjkM94xR4DvnxTclhDgbboaAvD6EALw_wcB%26gclsrc%3Daw.ds,Old Navy,,,no_price_found
oldnavy,773949022,B_2024_2026,202407,20240715204122,https://web.archive.org/web/20240715204122/https://oldnavy.gap.com/browse/product.do?pid=773949022,Relaxed Mariner-Stripe Tee for Women | Old Navy,7.97,USD,jsonld_offer_price
oldnavy,773949022,B_2024_2026,202410,20241008051646,"https://web.archive.org/web/20241008051646/https://oldnavy.gap.com/browse/product.do?pid=773949022&CAWELAID=120299900000174587&CAGPSPN=pla&CAAGID=46596716372&CATCI=pla-329096730924&device=c&product_channel=online&Matchtype=&tid=onpl000017&kwid=1&ap=7&lsft=device:c,cvosrc:cse.google.online_Nonbrand,cvo_campaign:782885671,cvo_pid:46596716372,cvo_crid:187270547007,Matchtype:,tid:onpl000017,kwid:1,ap:7",Relaxed Mariner-Stripe Tee for Women | Old Navy,7.97,USD,jsonld_offer_price
oldnavy,773949022,B_2024_2026,202501,20250125051558,"https://web.archive.org/web/20250125051558/https://oldnavy.gap.com/browse/product.do?pid=773949022&CAWELAID=120299900000174617&CAGPSPN=pla&CAAGID=36024990456&CATCI=aud-297609325876:pla-298663229988&device=c&product_channel=online&Matchtype=&tid=onpl000017&kwid=1&ap=7&lsft=device:c,cvosrc:cse.google.online_Nonbrand,cvo_campaign:691125975,cvo_pid:36024990456,cvo_crid:155131028364,Matchtype:,tid:onpl000017,kwid:1,ap:7",Relaxed Mariner-Stripe Tee for Women | Old Navy,7.97,USD,jsonld_offer_price
oldnavy,773949022,B_2024_2026,202602,20260212033250,"https://web.archive.org/web/20260212033250/https://oldnavy.gap.com/browse/product.do?pid=773949022&CAWELAID=120299900000174587&CAGPSPN=pla&CAAGID=46596716372&CATCI=pla-329096730924&device=c&product_channel=online&Matchtype=&tid=onpl000017&kwid=1&ap=7&lsft=device:c,cvosrc:cse.google.online_Nonbrand,cvo_campaign:782885671,cvo_pid:46596716372,cvo_crid:187270547007,Matchtype:,tid:onpl000017,kwid:1,ap:7",Relaxed Mariner-Stripe Tee for Women | Old Navy,7.97,USD,jsonld_offer_price
oldnavy,781348102,A_2018_2020,201802,20180218000509,https://web.archive.org/web/20180218000509/http://oldnavy.gap.com:80/browse/product.do?cid=1036223&pcid=85729&vid=1&pid=781348102,Mid-Rise Curvy Skinny Jeans for Women|old-navy,,,no_price_found
oldnavy,781348102,A_2018_2020,201803,20180321103148,https://web.archive.org/web/20180321103148/http://oldnavy.gap.com:80/browse/product.do?cid=1036223&pcid=85729&vid=1&pid=781348102,Mid-Rise Curvy Skinny Jeans for Women|old-navy,,,no_price_found
oldnavy,781348102,A_2018_2020,201905,20190507082404,https://web.archive.org/web/20190507082404/https://oldnavy.gap.com/browse/product.do?pid=781348102&vid=1,Mid-Rise Curvy Skinny Jeans for Women | Old Navy,25.00,USD,jsonld_offer_price
oldnavy,781348102,A_2018_2020,201907,20190719205819,https://web.archive.org/web/20190719205819/https://oldnavy.gap.com/browse/product.do?vid=2&pid=781348102,Mid-Rise Curvy Skinny Jeans for Women | Old Navy,24.97,USD,jsonld_offer_price
oldnavy,781348102,A_2018_2020,201912,20191210220356,https://web.archive.org/web/20191210220356/https://oldnavy.gap.com/browse/product.do?pid=781348102&vid=1&locale=en_US&kwid=1&sem=false&sdkw=curvy-mid-rise-skinny-jeans-for-women-P781348&sdReferer=https%3A%2F%2Fwww.google.com%2F,Mid-Rise Curvy Skinny Jeans for Women | Old Navy,24.97,USD,jsonld_offer_price
oldnavy,781348102,B_2024_2026,202407,20240716205912,https://web.archive.org/web/20240716205912/https://oldnavy.gap.com/browse/product.do?pid=781348102&vid=1&locale=en_US&kwid=1&sem=false&sdkw=curvy-mid-rise-skinny-jeans-for-women-P781348&sdReferer=https%3A%2F%2Fwww.google.com%2F,Mid-Rise Curvy Skinny Jeans for Women | Old Navy,14.97,USD,jsonld_offer_price
oldnavy,781348102,B_2024_2026,202501,20250119020826,https://web.archive.org/web/20250119020826/https://oldnavy.gap.com/browse/product.do?pid=781348102,Mid-Rise Curvy Skinny Jeans | Old Navy,16.97,USD,jsonld_offer_price
oldnavy,781348102,B_2024_2026,202507,20250713035406,https://web.archive.org/web/20250713035406/https://oldnavy.gap.com/browse/product.do?pid=781348102,Mid-Rise Curvy Skinny Jeans | Old Navy,,,no_price_found
oldnavy,781348102,B_2024_2026,202510,20251010070739,https://web.archive.org/web/20251010070739/https://oldnavy.gap.com/browse/product.do?pid=781348102&vid=1&locale=en_US&kwid=1&sem=false&sdkw=curvy-mid-rise-skinny-jeans-for-women-P781348&sdReferer=https%3A%2F%2Fwww.google.com%2F,Mid-Rise Curvy Skinny Jeans | Old Navy,,,no_price_found
oldnavy,222154002,A_2018_2020,201801,20180130140856,https://web.archive.org/web/20180130140856/http://oldnavy.gap.com:80/browse/product.do?cid=1036235&pcid=5199&vid=1&pid=222154002,Skinny Built-In Flex Jeans for Men | Old Navy,,,no_price_found
oldnavy,222154002,A_2018_2020,201803,20180302121809,https://web.archive.org/web/20180302121809/http://oldnavy.gap.com:80/browse/product.do?cid=1036235&pcid=5199&vid=1&pid=222154002,Skinny Built-In Flex Jeans for Men|old-navy,,,no_price_found
oldnavy,222154002,A_2018_2020,201908,20190824114157,https://web.archive.org/web/20190824114157/https://oldnavy.gap.com/browse/product.do?pid=222154002,Skinny Built-In Flex Jeans For Men | Old Navy,28.00,USD,jsonld_offer_price
oldnavy,222154002,A_2018_2020,201909,20190916021930,https://web.archive.org/web/20190916021930/https://oldnavy.gap.com/browse/product.do?pid=222154002&vid=12,Skinny Built-In Flex Jeans For Men | Old Navy,39.99,USD,jsonld_offer_price
oldnavy,222154002,B_2024_2026,202408,20240806043144,https://web.archive.org/web/20240806043144/https://oldnavy.gap.com/browse/product.do?pid=222154002,Skinny Built-In Flex Jeans | Old Navy,31.49,USD,jsonld_offer_price
oldnavy,222154002,B_2024_2026,202505,20250510075325,https://web.archive.org/web/20250510075325/https://oldnavy.gap.com/browse/product.do?pid=222154002&cl=true&nav=smartlink%3AMen%3A%3AJeans,,,,no_price_found
oldnavy,222154002,B_2024_2026,202508,20250827005943,https://web.archive.org/web/20250827005943/https://oldnavy.gap.com/browse/product.do?pid=222154002&vid=1&slpfid=1,,,,no_price_found
oldnavy,222154002,B_2024_2026,202509,20250919065906,https://web.archive.org/web/20250919065906/https://oldnavy.gap.com/browse/product.do?pid=222154002,,,,no_price_found
oldnavy,222154002,B_2024_2026,202510,20251016003012,https://web.archive.org/web/20251016003012/https://oldnavy.gap.com/browse/product.do?pid=222154002,Skinny Built-In Flex Jeans | Old Navy,,,no_price_found
oldnavy,222154002,B_2024_2026,202511,20251108075527,https://web.archive.org/web/20251108075527/https://oldnavy.gap.com/browse/product.do?pid=222154002&cl=true&nav=smartlink:Men::Jeans,Skinny Built-In Flex Jeans | Old Navy,,,no_price_found
oldnavy,222154002,B_2024_2026,202512,20251201063949,https://web.archive.org/web/20251201063949/https://oldnavy.gap.com/browse/product.do?pid=222154002&vid=1,,,,no_price_found
oldnavy,222154002,B_2024_2026,202601,20260107154936,https://web.archive.org/web/20260107154936/https://oldnavy.gap.com/browse/product.do?pid=222154002&cl=true&nav=smartlink%3ABoys%3A%3AJeans,,,,no_price_found
oldnavy,222154002,B_2024_2026,202602,20260206213325,https://web.archive.org/web/20260206213325/https://oldnavy.gap.com/browse/product.do?pid=222154002&cl=true&nav=smartlink:Boys::Jeans,Skinny Built-In Flex Jeans | Old Navy,34.99,USD,jsonld_offer_price
