brand,product_code,window,month,snapshot_timestamp,snapshot_url,page_title,price,currency,method
columbia,1594732,A_2018_2020,201801,20180124181359,https://web.archive.org/web/20180124181359/https://www.columbia.com/mens-newton-ridge-plus-ii-waterproof-hiking-boot---wide-1594732.html?cgid=hikingShoes&dwvar_1594732_variationColor=011,Men’s Newton Ridge Plus II Waterproof Wide Hiking Shoe | Columbia.com,79.99,USD,meta_product_price
columbia,1594732,A_2018_2020,201802,20180203104339,https://web.archive.org/web/20180203104339/https://www.columbia.com/mens-newton-ridge-plus-ii-waterproof-hiking-boot---wide-1594732.html?cgid=men-footwear&dwvar_1594732_variationColor=011,Men’s Newton Ridge Plus II Waterproof Wide Hiking Shoe | Columbia.com,79.99,USD,meta_product_price
columbia,1594732,A_2018_2020,201907,20190717224754,https://web.archive.org/web/20190717224754/https://www.columbia.com/mens-newton-ridge-plus-ii-waterproof-hiking-boot---wide-1594732_S.html,Men’s Newton Ridge Plus II Waterproof Wide Hiking Shoe | Columbia.com,,USD,no_price_found
columbia,1594732,A_2018_2020,201908,20190824043257,https://web.archive.org/web/20190824043257/https://www.columbia.com/mens-newton-ridge-wide-1594732.html,Men’s Newton Ridge Plus II Waterproof Wide Hiking Shoe | Columbia.com,80,USD,jsonld_offer_price
columbia,1594732,A_2018_2020,201909,20190922022849,https://web.archive.org/web/20190922022849/https://www.columbia.com/mens-newton-ridge-wide-1594732.html?cgid=footwear-men&dwvar_1594732_variationColor=231,Men’s Newton Ridge Plus II Waterproof Wide Hiking Shoe | Columbia.com,80,USD,jsonld_offer_price
columbia,1594732,A_2018_2020,201910,20191016143604,https://web.archive.org/web/20191016143604/https://www.columbia.com/mens-newton-ridge-wide-1594732.html?cgid=footwear-men&dwvar_1594732_variationColor=373,Men’s Newton Ridge Plus II Waterproof Wide Hiking Shoe | Columbia.com,79.95,USD,json_price_field
columbia,1594732,A_2018_2020,201911,20191119230411,https://web.archive.org/web/20191119230411/https://www.columbia.com/mens-newton-ridge-wide-1594732.html?cgid=activity-hiking-boots&dwvar_1594732_variationColor=033,Men’s Newton Ridge Plus II Waterproof Wide Hiking Shoe | Columbia.com,80,USD,jsonld_offer_price
columbia,1594732,A_2018_2020,201912,20191213232457,https://web.archive.org/web/20191213232457/https://www.columbia.com/mens-newton-ridge-wide-1594732.html,Men’s Newton Ridge Plus II Waterproof Wide Hiking Shoe | Columbia.com,80,USD,jsonld_offer_price
columbia,1594732,A_2018_2020,202003,20200327111354,https://web.archive.org/web/20200327111354/https://www.columbia.com/mens-newton-ridge-wide-1594732.html,Men’s Newton Ridge Plus II Waterproof Wide Hiking Shoe | Columbia.com,80,USD,jsonld_offer_price
columbia,1594732,B_2024_2026,202407,20240715143650,https://web.archive.org/web/20240715143650/https://www.columbia.com/p/mens-newton-ridge-wide-1594732.html?dwvar_1594732_color=231,Access to this page has been denied.,,,no_price_found
columbia,1594732,B_2024_2026,202408,20240808041000,https://web.archive.org/web/20240808041000/https://www.columbia.com/p/mens-newton-ridge-wide-1594732.html,Men’s Newton Ridge™ Plus II Waterproof Hiking Boot - Wide,100.00,USD,jsonld_offer_price
columbia,1594732,B_2024_2026,202412,20241207050119,https://web.archive.org/web/20241207050119/https://www.columbia.com/p/mens-newton-ridge-wide-1594732.html,Men’s Newton Ridge™ Plus II Waterproof Hiking Boot - Wide | Columbia Sportswear,100.00,USD,jsonld_offer_price
columbia,1594732,B_2024_2026,202501,20250120113116,https://web.archive.org/web/20250120113116/https://www.columbia.com/p/mens-newton-ridge-wide-1594732.html,Men’s Newton Ridge™ Plus II Waterproof Hiking Boot - Wide | Columbia Sportswear,100.00,USD,jsonld_offer_price
columbia,1594732,B_2024_2026,202502,20250206123148,https://web.archive.org/web/20250206123148/https://www.columbia.com/p/mens-newton-ridge-wide-1594732.html,Men’s Newton Ridge™ Plus II Waterproof Hiking Boot - Wide | Columbia Sportswear,100.00,USD,jsonld_offer_price
columbia,1594732,B_2024_2026,202504,20250423211319,https://web.archive.org/web/20250423211319/https://www.columbia.com/p/mens-newton-ridge-wide-1594732.html,Men’s Newton Ridge™ Plus II Waterproof Hiking Boot - Wide | Columbia Sportswear,100.00,USD,jsonld_offer_price
columbia,1594732,B_2024_2026,202505,20250515003317,https://web.archive.org/web/20250515003317/https://www.columbia.com/p/mens-newton-ridge-wide-1594732.html?dwvar_1594732_color=315,Men’s Newton Ridge Plus II Waterproof Wide Hiking Shoe | Columbia,100.00,USD,jsonld_offer_price
columbia,1594732,B_2024_2026,202507,20250716014749,https://web.archive.org/web/20250716014749/https://www.columbia.com/p/mens-newton-ridge-wide-1594732.html?dwvar_1594732_color=014,Men’s Newton Ridge Plus II Waterproof Wide Hiking Shoe | Columbia,100.00,USD,jsonld_offer_price
columbia,1594732,B_2024_2026,202508,20250809121726,https://web.archive.org/web/20250809121726/https://www.columbia.com/p/mens-newton-ridge-wide-1594732.html?dwvar_1594732_color=015,Men’s Newton Ridge Plus II Waterproof Wide Hiking Shoe | Columbia,100.00,USD,jsonld_offer_price
columbia,1594732,B_2024_2026,202510,20251005182454,https://web.archive.org/web/20251005182454/https://www.columbia.com/p/mens-newton-ridge-wide-1594732.html,,,,no_price_found
columbia,1675321,A_2018_2020,201801,20180127010131,https://web.archive.org/web/20180127010131/https://www.columbia.com/boys-tamiami-short-sleeve-shirt-1675321.html?dwvar_1675321_variationColor=100,Columbia | Boy’s PFG Tamiami Short Sleeve Vented Sun Shading Wicking Fishing Shirt,30.00,USD,meta_product_price
columbia,1675321,A_2018_2020,201802,20180218210140,https://web.archive.org/web/20180218210140/https://www.columbia.com/boys-tamiami-short-sleeve-shirt-1675321.html,Columbia | Boy’s PFG Tamiami Short Sleeve Vented Sun Shading Wicking Fishing Shirt,30.00,USD,meta_product_price
columbia,1675321,A_2018_2020,201803,20180305014807,https://web.archive.org/web/20180305014807/https://www.columbia.com/boys-tamiami-short-sleeve-shirt-1675321.html?cgid=kids-boys-shirts&dwvar_1675321_variationColor=100,Columbia | Boy’s PFG Tamiami Short Sleeve Vented Sun Shading Wicking Fishing Shirt,30.00,USD,meta_product_price
columbia,1675321,A_2018_2020,201907,20190721090422,https://web.archive.org/web/20190721090422/https://www.columbia.com/boys-pfg-tamiami-short-sleeve-shirt-1675321.html,Columbia | Boy’s PFG Tamiami Short Sleeve Vented Sun Shading Wicking Fishing Shirt,30,USD,jsonld_offer_price
columbia,1675321,A_2018_2020,201909,20190917204541,https://web.archive.org/web/20190917204541/https://www.columbia.com/boys-pfg-tamiami-short-sleeve-shirt-1675321.html?dwvar_1675321_variationColor=010,Columbia | Boy’s PFG Tamiami Short Sleeve Vented Sun Shading Wicking Fishing Shirt,30,USD,jsonld_offer_price
columbia,1675321,A_2018_2020,201910,20191023212231,https://web.archive.org/web/20191023212231/https://www.columbia.com/boys-pfg-tamiami-short-sleeve-shirt-1675321.html?dwvar_1675321_variationColor=464,Columbia | Boy’s PFG Tamiami Short Sleeve Vented Sun Shading Wicking Fishing Shirt,30.00,USD,json_price_field
columbia,1675321,A_2018_2020,201911,20191121112628,https://web.archive.org/web/20191121112628/https://www.columbia.com/boys-pfg-tamiami-short-sleeve-shirt-1675321.html?cgid=camping-kids&dwvar_1675321_variationColor=100,Boy’s PFG Tamiami Fishing Shirt | Columbia.com,30,USD,jsonld_offer_price
columbia,1675321,A_2018_2020,201912,20191207034220,https://web.archive.org/web/20191207034220/https://www.columbia.com/boys-pfg-tamiami-short-sleeve-shirt-1675321.html?cgid=kids-boys-shirts&dwvar_1675321_variationColor=100,Boy’s PFG Tamiami Fishing Shirt | Columbia.com,30,USD,jsonld_offer_price
columbia,1675321,B_2024_2026,202406,20240621172630,https://web.archive.org/web/20240621172630/https://www.columbia.com/p/boys-pfg-tamiami-short-sleeve-shirt-1675321.html?dwvar_1675321_color=373,,,,fetch_failed
columbia,1675321,B_2024_2026,202407,20240714114448,https://web.archive.org/web/20240714114448/https://www.columbia.com/p/boys-pfg-tamiami-short-sleeve-shirt-1675321.html,Boys’ PFG Tamiami™ Short Sleeve Shirt,32.00,USD,jsonld_offer_price
columbia,1675321,B_2024_2026,202412,20241205140710,https://web.archive.org/web/20241205140710/https://www.columbia.com/p/boys-pfg-tamiami-short-sleeve-shirt-1675321.html,Boys’ PFG Tamiami™ Short Sleeve Shirt | Columbia Sportswear,32.00,USD,jsonld_offer_price
columbia,1675321,B_2024_2026,202501,20250118150615,https://web.archive.org/web/20250118150615/https://www.columbia.com/p/boys-pfg-tamiami-short-sleeve-shirt-1675321.html?dwvar_1675321_color=010,Boys’ PFG Tamiami™ Short Sleeve Shirt | Columbia Sportswear,32.00,USD,jsonld_offer_price
columbia,1675321,B_2024_2026,202502,20250216080446,https://web.archive.org/web/20250216080446/https://www.columbia.com/p/boys-pfg-tamiami-short-sleeve-shirt-1675321.html?dwvar_1675321_color=551,Boys’ PFG Tamiami™ Short Sleeve Shirt | Columbia Sportswear,32.00,USD,jsonld_offer_price
columbia,1675321,B_2024_2026,202503,20250320051211,https://web.archive.org/web/20250320051211/https://www.columbia.com/p/boys-pfg-tamiami-short-sleeve-shirt-1675321.html?dwvar_1675321_color=373,Boys’ PFG Tamiami™ Short Sleeve Shirt | Columbia Sportswear,32.00,USD,jsonld_offer_price
columbia,1675321,B_2024_2026,202504,20250418142020,https://web.archive.org/web/20250418142020/https://www.columbia.com/p/boys-pfg-tamiami-short-sleeve-shirt-1675321.html?dwvar_1675321_color=010&dwvar_1675321_size=L,Boys’ PFG Tamiami™ Short Sleeve Shirt | Columbia Sportswear,25.60,USD,jsonld_offer_price
columbia,1675321,B_2024_2026,202505,20250519175609,https://web.archive.org/web/20250519175609/https://www.columbia.com/p/boys-pfg-tamiami-short-sleeve-shirt-1675321.html,Boys' PFG Tamiami Fishing Shirt | Columbia,32.00,USD,jsonld_offer_price
columbia,1675321,B_2024_2026,202506,20250619130333,https://web.archive.org/web/20250619130333/https://www.columbia.com/p/boys-pfg-tamiami-short-sleeve-shirt-1675321.html?dwvar_1675321_color=487&dwvar_1675321_size=S,Boys' PFG Tamiami Fishing Shirt | Columbia,32.00,USD,jsonld_offer_price
columbia,1675321,B_2024_2026,202507,20250708134135,https://web.archive.org/web/20250708134135/https://www.columbia.com/p/boys-pfg-tamiami-short-sleeve-shirt-1675321.html?dwvar_1675321_color=373&dwvar_1675321_size=XL,Boys' PFG Tamiami Fishing Shirt | Columbia,32.00,USD,jsonld_offer_price
columbia,1618281,A_2018_2020,201801,20180126225226,https://web.archive.org/web/20180126225226/https://www.columbia.com/girls-benton-springs-ii-printed-fleece-jacket-1618281.html,Girl’s Benton Springs II Printed Warm Fleece | Columbia.com,29.99,USD,meta_product_price
columbia,1618281,A_2018_2020,201802,20180211024442,https://web.archive.org/web/20180211024442/https://www.columbia.com/girls-benton-springs-ii-printed-fleece-jacket-1618281.html?cgid=fleece&dwvar_1618281_variationColor=010,,,,fetch_failed
columbia,1618281,A_2018_2020,201803,20180303081359,https://web.archive.org/web/20180303081359/https://www.columbia.com/girls-benton-springs-ii-printed-fleece-jacket-1618281.html?dwvar_1618281_variationColor=010,Girl’s Benton Springs II Printed Warm Fleece | Columbia.com,29.99,USD,meta_product_price
columbia,1618281,A_2018_2020,201907,20190717122115,https://web.archive.org/web/20190717122115/https://www.columbia.com/girls-benton-springs-ii-printed-fleece-jacket-1618281.html,Girl’s Benton Springs II Printed Warm Fleece | Columbia.com,30,USD,jsonld_offer_price
columbia,1618281,A_2018_2020,201909,20190918071821,https://web.archive.org/web/20190918071821/https://www.columbia.com/girls-benton-springs-ii-printed-fleece-jacket-1618281.html?dwvar_1618281_variationColor=391&cgid=back_to_school-girls,Girl’s Benton Springs II Printed Warm Fleece | Columbia.com,30,USD,jsonld_offer_price
columbia,1618281,A_2018_2020,201910,20191022135108,https://web.archive.org/web/20191022135108/https://www.columbia.com/girls-benton-springs-ii-printed-fleece-jacket-1618281.html?dwvar_1618281_variationColor=338&cgid=back_to_school-girls,Girl’s Benton Springs II Printed Warm Fleece | Columbia.com,29.99,USD,json_price_field
columbia,1618281,A_2018_2020,201911,20191112001849,https://web.archive.org/web/20191112001849/https://www.columbia.com/girls-benton-springs-ii-printed-fleece-jacket-1618281.html,Girl’s Benton Springs II Printed Warm Fleece | Columbia.com,30,USD,jsonld_offer_price
columbia,1618281,A_2018_2020,201912,20191213072845,https://web.archive.org/web/20191213072845/https://www.columbia.com/girls-benton-springs-ii-printed-fleece-jacket-1618281.html?dwvar_1618281_variationColor=338,Girl’s Benton Springs II Printed Warm Fleece | Columbia.com,30,USD,jsonld_offer_price
columbia,1618281,B_2024_2026,202406,20240613040639,https://web.archive.org/web/20240613040639/https://www.columbia.com/p/girls-benton-springs-ii-printed-fleece-jacket-1618281.html?quantity=1,Girls’ Benton Springs™ II Printed Fleece Jacket | Columbia Sportswear,34.99,USD,jsonld_offer_price
columbia,1618281,B_2024_2026,202407,20240713164934,https://web.archive.org/web/20240713164934/https://www.columbia.com/p/girls-benton-springs-ii-printed-fleece-jacket-1618281.html,Girls’ Benton Springs™ II Printed Fleece Jacket,34.99,USD,jsonld_offer_price
columbia,1618281,B_2024_2026,202408,20240809090050,https://web.archive.org/web/20240809090050/https://www.columbia.com/p/girls-benton-springs-ii-printed-fleece-jacket-1618281.html,Girls’ Benton Springs™ II Printed Fleece Jacket,35.00,USD,jsonld_offer_price
columbia,1618281,B_2024_2026,202501,20250118151006,https://web.archive.org/web/20250118151006/https://www.columbia.com/p/girls-benton-springs-ii-printed-fleece-jacket-1618281.html,Girls' Benton Springs™ II Printed Fleece Jacket | Columbia Sportswear,21.00,USD,jsonld_offer_price
columbia,1618281,B_2024_2026,202502,20250217083117,https://web.archive.org/web/20250217083117/https://www.columbia.com/p/girls-benton-springs-ii-printed-fleece-jacket-1618281.html,Girls' Benton Springs™ II Printed Fleece Jacket | Columbia Sportswear,35.00,USD,jsonld_offer_price
columbia,1618281,B_2024_2026,202503,20250328120603,https://web.archive.org/web/20250328120603/https://www.columbia.com/p/girls-benton-springs-ii-printed-fleece-jacket-1618281.html?dwvar_1618281_color=326&dwvar_1618281_size=L,Girls' Benton Springs™ II Printed Fleece Jacket | Columbia Sportswear,26.25,USD,jsonld_offer_price
columbia,1618281,B_2024_2026,202504,20250417173051,https://web.archive.org/web/20250417173051/https://www.columbia.com/p/girls-benton-springs-ii-printed-fleece-jacket-1618281.html,Girls' Benton Springs™ II Printed Fleece Jacket | Columbia Sportswear,28.00,USD,jsonld_offer_price
columbia,1618281,B_2024_2026,202505,20250513220907,https://web.archive.org/web/20250513220907/https://www.columbia.com/p/girls-benton-springs-ii-printed-fleece-jacket-1618281.html,Girls' Benton Springs II Printed Fleece Jacket | Columbia,35.00,USD,jsonld_offer_price
columbia,1618281,B_2024_2026,202506,20250616150514,https://web.archive.org/web/20250616150514/https://www.columbia.com/p/girls-benton-springs-ii-printed-fleece-jacket-1618281.html,Girls' Benton Springs II Printed Fleece Jacket | Columbia,35.00,USD,jsonld_offer_price
columbia,1618281,B_2024_2026,202507,20250716020043,https://web.archive.org/web/20250716020043/https://www.columbia.com/p/girls-benton-springs-ii-printed-fleece-jacket-1618281.html?dwvar_1618281_color=582,Girls' Benton Springs II Printed Fleece Jacket | Columbia,35.00,USD,jsonld_offer_price
columbia,1618281,B_2024_2026,202508,20250809113706,https://web.archive.org/web/20250809113706/https://www.columbia.com/p/girls-benton-springs-ii-printed-fleece-jacket-1618281.html,Girls' Benton Springs II Printed Fleece Jacket | Columbia,45.00,USD,jsonld_offer_price
columbia,1618281,B_2024_2026,202509,20250915070848,https://web.archive.org/web/20250915070848/https://www.columbia.com/p/girls-benton-springs-ii-printed-fleece-jacket-1618281.html?color=429,Girls' Benton Springs II Printed Fleece Jacket | Columbia,31.50,USD,jsonld_offer_price
columbia,1618281,B_2024_2026,202510,20251030133823,https://web.archive.org/web/20251030133823/https://www.columbia.com/p/girls-benton-springs-ii-printed-fleece-jacket-1618281.html?color=429&size=S,,,,no_price_found
columbia,1618281,B_2024_2026,202511,20251103213709,https://web.archive.org/web/20251103213709/https://www.columbia.com/p/girls-benton-springs-ii-printed-fleece-jacket-1618281.html,Girls' Benton Springs II Printed Fleece Jacket | Columbia,31.50,USD,jsonld_offer_price
columbia,1556531,A_2018_2020,201801,20180121023608,https://web.archive.org/web/20180121023608/https://www.columbia.com/mens-ascender-softshell-jacket-1556531.html?cgid=giftGuide-giftsUnder%24100&dwvar_1556531_variationColor=014,Men’s Ascender Water Resistant Softshell Jacket | Columbia.com,69.99,USD,meta_product_price
columbia,1556531,A_2018_2020,201802,20180207141404,https://web.archive.org/web/20180207141404/https://www.columbia.com/mens-ascender-softshell-jacket-1556531.html?cgid=giftGuide-giftsUnder%24100&dwvar_1556531_variationColor=221,Men’s Ascender Water Resistant Softshell Jacket | Columbia.com,69.99,USD,meta_product_price
columbia,1556531,A_2018_2020,201803,20180306181607,https://web.archive.org/web/20180306181607/https://www.columbia.com/mens-ascender-softshell-jacket-1556531.html?cgid=giftGuide-giftsUnder%24100&dwvar_1556531_variationColor=003,Men’s Ascender Water Resistant Softshell Jacket | Columbia.com,69.99,USD,meta_product_price
columbia,1556531,A_2018_2020,201907,20190721033336,https://web.archive.org/web/20190721033336/https://www.columbia.com/mens-ascender-softshell-jacket-1556531_S.html,Men’s Ascender Water Resistant Softshell Jacket | Columbia.com,115,USD,jsonld_offer_price
columbia,1556531,A_2018_2020,201909,20190923093340,https://web.archive.org/web/20190923093340/https://www.columbia.com/mens-ascender-softshell-jacket-1556531.html?cgid=winterLayers-outerlayer&dwvar_1556531_variationColor=003,Men’s Ascender Water Resistant Softshell Jacket | Columbia.com,70,USD,jsonld_offer_price
columbia,1556531,A_2018_2020,201911,20191120203911,https://web.archive.org/web/20191120203911/https://www.columbia.com/mens-ascender-softshell-jacket-1556531.html,Men’s Ascender Water Resistant Softshell Jacket | Columbia.com,70,USD,jsonld_offer_price
columbia,1556531,A_2018_2020,201912,20191223041038,https://web.archive.org/web/20191223041038/https://www.columbia.com/mens-ascender-softshell-jacket-1556531.html,Men’s Ascender Water Resistant Softshell Jacket | Columbia.com,70,USD,jsonld_offer_price
columbia,1556531,A_2018_2020,202001,20200103003917,https://web.archive.org/web/20200103003917/https://www.columbia.com/mens-ascender-softshell-jacket-1556531.html,Men’s Ascender Water Resistant Softshell Jacket | Columbia.com,115,USD,jsonld_offer_price
columbia,1556531,B_2024_2026,202406,20240613063245,https://web.archive.org/web/20240613063245/https://www.columbia.com/p/mens-ascender-softshell-jacket-1556531.html?dwvar_1556531_color=397,Men’s Ascender™ Softshell Jacket | Columbia Sportswear,59.99,USD,jsonld_offer_price
columbia,1556531,B_2024_2026,202408,20240804050148,https://web.archive.org/web/20240804050148/https://www.columbia.com/p/mens-ascender-softshell-jacket-1556531.html,Men’s Ascender™ Softshell Jacket,90.00,USD,jsonld_offer_price
columbia,1556531,B_2024_2026,202412,20241207111333,https://web.archive.org/web/20241207111333/https://www.columbia.com/p/mens-ascender-softshell-jacket-1556531_S.html,Men's Ascender™ Softshell Jacket | Columbia Sportswear,40.00,USD,jsonld_offer_price
columbia,1556531,B_2024_2026,202501,20250129042843,https://web.archive.org/web/20250129042843/https://www.columbia.com/p/mens-ascender-softshell-jacket-1556531.html,,,,no_price_found
columbia,1556531,B_2024_2026,202502,20250217071550,https://web.archive.org/web/20250217071550/https://www.columbia.com/p/mens-ascender-softshell-jacket-1556531.html?dwvar_1556531_color=024,Men's Ascender™ Softshell Jacket | Columbia Sportswear,90.00,USD,jsonld_offer_price
columbia,1556531,B_2024_2026,202503,20250319114427,https://web.archive.org/web/20250319114427/https://www.columbia.com/p/mens-ascender-softshell-jacket-1556531.html?srsltid=AfmBOop-NSM7n_hOS_d6KCTlNS2pEnEuyNWVrK0eypIGWYZZBrHQvrfBP1E,Men's Ascender™ Softshell Jacket | Columbia Sportswear,90.00,USD,jsonld_offer_price
columbia,1556531,B_2024_2026,202504,20250417160508,https://web.archive.org/web/20250417160508/https://www.columbia.com/p/mens-ascender-softshell-jacket-1556531.html?srsltid=AfmBOorDJyO1nO_3wKvXQMRv91oMWKrb-77xGOm6QfLbPJKKcdQdP9kKprw,Men's Ascender™ Softshell Jacket | Columbia Sportswear,72.00,USD,jsonld_offer_price
columbia,1556531,B_2024_2026,202505,20250514084544,https://web.archive.org/web/20250514084544/https://www.columbia.com/p/mens-ascender-softshell-jacket-1556531.html?dwvar_1556531_color=398,Men's Ascender Water-Resistant Softshell Jacket | Columbia,90.00,USD,jsonld_offer_price
columbia,1556531,B_2024_2026,202506,20250615114228,https://web.archive.org/web/20250615114228/https://www.columbia.com/p/mens-ascender-softshell-jacket-1556531.html?dwvar_1556531_color=007&dwvar_1556531_size=L,Men's Ascender Water-Resistant Softshell Jacket | Columbia,67.50,USD,jsonld_offer_price
columbia,1556531,B_2024_2026,202508,20250813165413,https://web.archive.org/web/20250813165413/https://www.columbia.com/p/mens-ascender-softshell-jacket-1556531.html?dwvar_1556531_color=256,Men's Ascender Water-Resistant Softshell Jacket | Columbia,125.00,USD,jsonld_offer_price
columbia,1556531,B_2024_2026,202509,20250928175138,https://web.archive.org/web/20250928175138/https://www.columbia.com/p/mens-ascender-softshell-jacket-1556531.html?color=038,Men's Ascender Water-Resistant Softshell Jacket | Columbia,115.00,USD,jsonld_offer_price
columbia,1556531,B_2024_2026,202510,20251016041829,https://web.archive.org/web/20251016041829/https://www.columbia.com/p/mens-ascender-softshell-jacket-1556531.html?color=007,,,,no_price_found
columbia,1556531,B_2024_2026,202511,20251102225641,https://web.archive.org/web/20251102225641/https://www.columbia.com/p/mens-ascender-softshell-jacket-1556531.html,Men's Ascender Water-Resistant Softshell Jacket | Columbia,87.50,USD,jsonld_offer_price
columbia,1594731,A_2018_2020,201801,20180126072433,https://web.archive.org/web/20180126072433/https://www.columbia.com/on/demandware.store/Sites-Columbia_US-Site/en_US/Product-Detail?bvrrp=4546/reviews/product/2/1594731.htm&dwvar_1594731_variationColor=255&pid=1594731,,79.99,USD,itemprop_price+usd_from_us_site_url
columbia,1594731,A_2018_2020,201908,20190825134828,https://web.archive.org/web/20190825134828/https://www.columbia.com/mens-newton-ridge-hiking-boot-1594731.html,Men’s Newton Ridge Plus II Waterproof Hiking Shoe | Columbia.com,80,USD,jsonld_offer_price
columbia,1594731,A_2018_2020,201909,20190918114540,https://web.archive.org/web/20190918114540/https://www.columbia.com/mens-newton-ridge-hiking-boot-1594731.html?cgid=footwear-men&dwvar_1594731_variationColor=033,Men’s Newton Ridge Plus II Waterproof Hiking Shoe | Columbia.com,80,USD,jsonld_offer_price
columbia,1594731,A_2018_2020,201910,20191022145657,https://web.archive.org/web/20191022145657/https://www.columbia.com/mens-newton-ridge-hiking-boot-1594731.html?cgid=activity-hiking-boots&dwvar_1594731_variationColor=033,Men’s Newton Ridge Plus II Waterproof Hiking Shoe | Columbia.com,79.95,USD,json_price_field
columbia,1594731,A_2018_2020,201911,20191122021525,https://web.archive.org/web/20191122021525/https://www.columbia.com/mens-newton-ridge-hiking-boot-1594731.html?cgid=new-arrivals&dwvar_1594731_variationColor=033,Men’s Newton Ridge Plus II Waterproof Hiking Shoe | Columbia.com,80,USD,jsonld_offer_price
columbia,1594731,A_2018_2020,201912,20191214000625,https://web.archive.org/web/20191214000625/https://www.columbia.com/mens-newton-ridge-hiking-boot-1594731.html,Men’s Newton Ridge Plus II Waterproof Hiking Shoe | Columbia.com,80,USD,jsonld_offer_price
columbia,1594731,A_2018_2020,202001,20200103083419,https://web.archive.org/web/20200103083419/https://www.columbia.com/mens-newton-ridge-hiking-boot-1594731.html,Men’s Newton Ridge Plus II Waterproof Hiking Shoe | Columbia.com,90,USD,jsonld_offer_price
columbia,1594731,A_2018_2020,202003,20200327102701,https://web.archive.org/web/20200327102701/https://www.columbia.com/mens-newton-ridge-hiking-boot-1594731.html,Men’s Newton Ridge Plus II Waterproof Hiking Shoe | Columbia.com,80,USD,jsonld_offer_price
columbia,1594731,B_2024_2026,202406,20240605184914,https://web.archive.org/web/20240605184914/https://www.columbia.com/p/mens-newton-ridge-hiking-boot-1594731.html?mid=affiliate&eid=cj&uid=11554828&nid=8314883&cjevent=0a873d47236811ef816d01070a18ba73,Men’s Newton Ridge™ Plus II Waterproof Hiking Boot | Columbia Sportswear,100.00,USD,jsonld_offer_price
columbia,1594731,B_2024_2026,202407,20240714035747,https://web.archive.org/web/20240714035747/https://www.columbia.com/p/mens-newton-ridge-hiking-boot-1594731.html,Men’s Newton Ridge™ Plus II Waterproof Hiking Boot,100.00,USD,jsonld_offer_price
columbia,1594731,B_2024_2026,202408,20240803185410,https://web.archive.org/web/20240803185410/https://www.columbia.com/p/mens-newton-ridge-hiking-boot-1594731.html,Men’s Newton Ridge™ Plus II Waterproof Hiking Boot,100.00,USD,jsonld_offer_price
columbia,1594731,B_2024_2026,202412,20241225022050,https://web.archive.org/web/20241225022050/https://www.columbia.com/p/mens-newton-ridge-hiking-boot-1594731.html?dwvar_1594731_color=006,,,,no_price_found
columbia,1594731,B_2024_2026,202501,20250115072628,https://web.archive.org/web/20250115072628/https://www.columbia.com/p/mens-newton-ridge-hiking-boot-1594731.html,,,,no_price_found
columbia,1594731,B_2024_2026,202502,20250228203838,https://web.archive.org/web/20250228203838/https://www.columbia.com/p/mens-newton-ridge-hiking-boot-1594731.html,Men’s Newton Ridge™ Plus II Waterproof Hiking Boot | Columbia Sportswear,100.00,USD,jsonld_offer_price
columbia,1594731,B_2024_2026,202503,20250321141137,https://web.archive.org/web/20250321141137/https://www.columbia.com/p/mens-newton-ridge-hiking-boot-1594731.html?dwvar_1594731_color=232,Men’s Newton Ridge™ Plus II Waterproof Hiking Boot | Columbia Sportswear,100.00,USD,jsonld_offer_price
columbia,1594731,B_2024_2026,202504,20250408165613,https://web.archive.org/web/20250408165613/https://www.columbia.com/p/mens-newton-ridge-hiking-boot-1594731.html?mid=affiliate&eid=cj&uid=11554828&nid=8984091&cjevent=3084d7f8149911f0838100010a18b8f7,Men’s Newton Ridge™ Plus II Waterproof Hiking Boot | Columbia Sportswear,100.00,USD,jsonld_offer_price
columbia,1594731,B_2024_2026,202505,20250515000315,https://web.archive.org/web/20250515000315/https://www.columbia.com/p/mens-newton-ridge-hiking-boot-1594731.html,,,,no_price_found
columbia,1594731,B_2024_2026,202506,20250618135144,https://web.archive.org/web/20250618135144/https://www.columbia.com/p/mens-newton-ridge-hiking-boot-1594731.html,,,,no_price_found
columbia,1594731,B_2024_2026,202507,20250709215753,https://web.archive.org/web/20250709215753/https://www.columbia.com/p/mens-newton-ridge-hiking-boot-1594731.html,Men’s Newton Ridge Plus II Waterproof Hiking Shoe | Columbia,100.00,USD,jsonld_offer_price
columbia,1594731,B_2024_2026,202508,20250803024936,https://web.archive.org/web/20250803024936/https://www.columbia.com/p/mens-newton-ridge-hiking-boot-1594731.html,Men’s Newton Ridge Plus II Waterproof Hiking Shoe | Columbia,100.00,USD,jsonld_offer_price
columbia,1594731,B_2024_2026,202509,20250912215845,https://web.archive.org/web/20250912215845/https://www.columbia.com/p/mens-newton-ridge-hiking-boot-1594731.html?color=015&size=10,Men’s Newton Ridge Plus II Waterproof Hiking Shoe | Columbia,100.00,USD,jsonld_offer_price
columbia,1594731,B_2024_2026,202510,20251021103153,https://web.archive.org/web/20251021103153/https://www.columbia.com/p/mens-newton-ridge-hiking-boot-1594731.html?cjevent=28f689c3ae6911f080a101230a1eba22&mid=affiliate&eid=cj&uid=11554828&nid=100499746&utm_medium=affiliate,,,,no_price_found
columbia,1594731,B_2024_2026,202511,20251115020738,https://web.archive.org/web/20251115020738/https://www.columbia.com/p/mens-newton-ridge-hiking-boot-1594731.html,,,,no_price_found
columbia,1718821,A_2018_2020,201801,20180126070902,https://web.archive.org/web/20180126070902/https://www.columbia.com/womens-newton-ridge-plus-waterproof-amped-hiking-boot-1718821.html?cgid=city-collection&dwvar_1718821_variationColor=286,Columbia | Women’s Newton Ridge Plus Waterproof Amped Leather Mid Top Hiking Boot,79.99,USD,meta_product_price
columbia,1718821,A_2018_2020,201802,20180222024116,https://web.archive.org/web/20180222024116/https://www.columbia.com/on/demandware.store/Sites-Columbia_US-Site/en_US/Product-Variation?dwvar_1718821_variationColor=383&dwvar_1718821_variationSize=7%2e5&pid=1718821,Sites-Columbia_US-Site,90.00,USD,meta_product_price
columbia,1718821,A_2018_2020,201803,20180318142326,https://web.archive.org/web/20180318142326/https://www.columbia.com/womens-newton-ridge-plus-waterproof-amped-hiking-boot-1718821.html,Columbia | Women’s Newton Ridge Plus Waterproof Amped Leather Mid Top Hiking Boot,79.95,USD,meta_product_price
columbia,1718821,A_2018_2020,201907,20190718104938,https://web.archive.org/web/20190718104938/https://www.columbia.com/womens-newton-ridge-plus-waterproof-amped-hiking-boot-1718821.html,Columbia | Women’s Newton Ridge Plus Waterproof Amped Leather Mid Top Hiking Boot,80,USD,jsonld_offer_price
columbia,1718821,A_2018_2020,201909,20190920155713,https://web.archive.org/web/20190920155713/https://www.columbia.com/womens-newton-ridge-plus-waterproof-amped-hiking-boot-1718821.html?cgid=footwear-women&dwvar_1718821_variationColor=492,Columbia | Women’s Newton Ridge Plus Waterproof Amped Leather Mid Top Hiking Boot,80,USD,jsonld_offer_price
columbia,1718821,A_2018_2020,201910,20191023152706,https://web.archive.org/web/20191023152706/https://www.columbia.com/womens-newton-ridge-plus-waterproof-amped-hiking-boot-1718821.html,Columbia | Women’s Newton Ridge Plus Waterproof Amped Leather Mid Top Hiking Boot,79.95,USD,json_price_field
columbia,1718821,A_2018_2020,201911,20191113191914,https://web.archive.org/web/20191113191914/https://www.columbia.com/womens-newton-ridge-plus-waterproof-amped-hiking-boot-1718821.html,Columbia | Women’s Newton Ridge Plus Waterproof Amped Leather Mid Top Hiking Boot,79.95,USD,json_price_field
columbia,1718821,A_2018_2020,201912,20191208025832,https://web.archive.org/web/20191208025832/https://www.columbia.com/womens-newton-ridge-plus-waterproof-amped-hiking-boot-1718821.html?cgid=activity-hiking-boots&dwvar_1718821_variationColor=286,Columbia | Women’s Newton Ridge Plus Waterproof Amped Leather Mid Top Hiking Boot,80,USD,jsonld_offer_price
columbia,1718821,B_2024_2026,202406,20240612172724,https://web.archive.org/web/20240612172724/https://www.columbia.com/p/womens-newton-ridge-plus-waterproof-amped-hiking-boot-1718821.html,Women’s Newton Ridge™ Plus Waterproof Amped Hiking Boot | Columbia Sportswear,75.00,USD,jsonld_offer_price
columbia,1718821,B_2024_2026,202407,20240714053700,https://web.archive.org/web/20240714053700/https://www.columbia.com/p/womens-newton-ridge-plus-waterproof-amped-hiking-boot-1718821.html,Women’s Newton Ridge™ Plus Waterproof Amped Hiking Boot,100.00,USD,jsonld_offer_price
columbia,1718821,B_2024_2026,202408,20240808073958,https://web.archive.org/web/20240808073958/https://www.columbia.com/p/womens-newton-ridge-plus-waterproof-amped-hiking-boot-1718821.html,Women’s Newton Ridge™ Plus Waterproof Amped Hiking Boot,100.00,USD,jsonld_offer_price
columbia,1718821,B_2024_2026,202412,20241201200044,https://web.archive.org/web/20241201200044/https://www.columbia.com/p/womens-newton-ridge-plus-waterproof-amped-hiking-boot-1718821.html,Women’s Newton Ridge™ Plus Waterproof Amped Hiking Boot | Columbia Sportswear,75.00,USD,jsonld_offer_price
columbia,1718821,B_2024_2026,202501,20250125233852,https://web.archive.org/web/20250125233852/https://www.columbia.com/p/womens-newton-ridge-plus-waterproof-amped-hiking-boot-1718821.html,Women’s Newton Ridge™ Plus Waterproof Amped Hiking Boot | Columbia Sportswear,100.00,USD,jsonld_offer_price
columbia,1718821,B_2024_2026,202502,20250212174943,https://web.archive.org/web/20250212174943/https://www.columbia.com/p/womens-newton-ridge-plus-waterproof-amped-hiking-boot-1718821.html?dwvar_1718821_color=009&dwvar_1718821_size=10,Women’s Newton Ridge™ Plus Waterproof Amped Hiking Boot | Columbia Sportswear,100.00,USD,jsonld_offer_price
columbia,1718821,B_2024_2026,202503,20250320055557,https://web.archive.org/web/20250320055557/https://www.columbia.com/p/womens-newton-ridge-plus-waterproof-amped-hiking-boot-1718821.html?dwvar_1718821_color=289&dwvar_1718821_size=10&srsltid=AfmBOoodaA0vvBuQsBM3YjxjDj4W0JT_DUdRJinudg4Sx1DgMAaLz2LJU94,Women’s Newton Ridge™ Plus Waterproof Amped Hiking Boot | Columbia Sportswear,100.00,USD,jsonld_offer_price
columbia,1718821,B_2024_2026,202504,20250408164926,https://web.archive.org/web/20250408164926/https://www.columbia.com/p/womens-newton-ridge-plus-waterproof-amped-hiking-boot-1718821.html?mid=affiliate&eid=cj&uid=11554828&nid=8984091&cjevent=0c20b601149911f0838100010a18b8f7,Women’s Newton Ridge™ Plus Waterproof Amped Hiking Boot | Columbia Sportswear,100.00,USD,jsonld_offer_price
columbia,1718821,B_2024_2026,202505,20250515000329,https://web.archive.org/web/20250515000329/https://www.columbia.com/p/womens-newton-ridge-plus-waterproof-amped-hiking-boot-1718821.html,,,,no_price_found
columbia,1718821,B_2024_2026,202506,20250618135242,https://web.archive.org/web/20250618135242/https://www.columbia.com/p/womens-newton-ridge-plus-waterproof-amped-hiking-boot-1718821.html,,,,no_price_found
columbia,1718821,B_2024_2026,202507,20250722202716,https://web.archive.org/web/20250722202716/https://www.columbia.com/p/womens-newton-ridge-plus-waterproof-amped-hiking-boot-1718821.html?cgid=footwear-women-hiking&dwvar_1718821_variationColor=286,Women’s Newton Ridge™ Plus Waterproof Amped Hiking Boot | Columbia Sportswear,100.00,,itemprop_price
columbia,1718821,B_2024_2026,202508,20250815121951,https://web.archive.org/web/20250815121951/https://www.columbia.com/p/womens-newton-ridge-plus-waterproof-amped-hiking-boot-1718821.html,Women’s Newton Ridge Plus Waterproof Amped Leather Mid Top Hiking Boot | Columbia,100.00,USD,jsonld_offer_price
columbia,1718821,B_2024_2026,202509,20250929031740,https://web.archive.org/web/20250929031740/https://www.columbia.com/p/womens-newton-ridge-plus-waterproof-amped-hiking-boot-1718821.html?mid=affiliate&eid=cj&uid=13655323&nid=4441350&cjevent=7fc4cef6884d11ee82dc7a450a18b8fb,,,,fetch_failed
columbia,1718821,B_2024_2026,202510,20251010072520,https://web.archive.org/web/20251010072520/https://www.columbia.com/p/womens-newton-ridge-plus-waterproof-amped-hiking-boot-1718821.html?mid=affiliate&eid=cj&uid=11554828&nid=100009682&cjevent=3b79c78ca5aa11f08168002e0a18ba72,Women’s Newton Ridge Plus Waterproof Amped Leather Mid Top Hiking Boot | Columbia,100.00,USD,jsonld_offer_price
columbia,1718821,B_2024_2026,202511,20251112184637,https://web.archive.org/web/20251112184637/https://www.columbia.com/p/womens-newton-ridge-plus-waterproof-amped-hiking-boot-1718821.html?cjevent=e7b41cb3bff711f08390000c0a82b839&eid=cj&mid=affiliate&nid=101528628&uid=12668679&utm_medium=affiliate&color=213,Women’s Newton Ridge Plus Waterproof Amped Leather Mid Top Hiking Boot | Columbia,60.00,USD,jsonld_offer_price
columbia,1620801,A_2018_2020,201802,20180219000454,https://web.archive.org/web/20180219000454/https://www.columbia.com/boys-steens-mt-fleece-vest-1620801.html,Boys Steens Mt Fleece Warm Vest | Columbia.com,14.90,USD,meta_product_price
columbia,1620801,A_2018_2020,201803,20180306175252,https://web.archive.org/web/20180306175252/https://www.columbia.com/boys-steens-mt-fleece-vest-1620801.html?dwvar_1620801_variationColor=464,Boys Steens Mt Fleece Warm Vest | Columbia.com,14.90,USD,meta_product_price
columbia,1620801,A_2018_2020,201907,20190721095022,https://web.archive.org/web/20190721095022/https://www.columbia.com/boys-steens-mountain-fleece-vest-1620801.html,Boys' Steens Mountain™ Fleece Vest | Columbia.com,20,USD,jsonld_offer_price
columbia,1620801,A_2018_2020,201909,20190917001658,https://web.archive.org/web/20190917001658/https://www.columbia.com/boys-steens-mountain-fleece-vest-1620801.html?cgid=activity-hiking-vests&dwvar_1620801_variationColor=438,Boys' Steens Mountain™ Fleece Vest | Columbia.com,20,USD,jsonld_offer_price
columbia,1620801,A_2018_2020,201910,20191016222507,https://web.archive.org/web/20191016222507/https://www.columbia.com/boys-steens-mountain-fleece-vest-1620801.html?cgid=kids-boys-vests&dwvar_1620801_variationColor=363,Boys' Steens Mountain™ Fleece Vest | Columbia.com,20,USD,jsonld_offer_price
columbia,1620801,A_2018_2020,201911,20191114003043,https://web.archive.org/web/20191114003043/https://www.columbia.com/boys-steens-mountain-fleece-vest-1620801.html?cgid=kids-boys-vests&dwvar_1620801_variationColor=438,Boys' Steens Mountain™ Fleece Vest | Columbia.com,20,USD,jsonld_offer_price
columbia,1620801,A_2018_2020,201912,20191211051451,https://web.archive.org/web/20191211051451/https://www.columbia.com/boys-steens-mountain-fleece-vest-1620801.html?dwvar_1620801_variationColor=438,Boys' Steens Mountain™ Fleece Vest | Columbia.com,20,USD,jsonld_offer_price
columbia,1620801,B_2024_2026,202406,20240617231024,https://web.archive.org/web/20240617231024/https://www.columbia.com/p/boys-steens-mtn-fleece-vest-1620801.html?dwvar_1620801_color=464,Access to this page has been denied.,,,no_price_found
columbia,1620801,B_2024_2026,202407,20240722043416,https://web.archive.org/web/20240722043416/https://www.columbia.com/p/boys-steens-mtn-fleece-vest-1620801.html,Boys’ Steens Mtn™ Fleece Vest | Columbia Sportswear,25.00,USD,jsonld_offer_price
columbia,1620801,B_2024_2026,202408,20240805001320,https://web.archive.org/web/20240805001320/https://www.columbia.com/p/boys-steens-mtn-fleece-vest-1620801.html?dwvar_1620801_color=010,Boys’ Steens Mtn™ Fleece Vest | Columbia Sportswear,25.00,USD,jsonld_offer_price
columbia,1620801,B_2024_2026,202412,20241206013320,https://web.archive.org/web/20241206013320/https://www.columbia.com/p/boys-steens-mtn-fleece-vest-1620801.html?dwvar_1620801_color=432,Boys’ Steens Mtn™ Fleece Vest | Columbia Sportswear,18.75,USD,jsonld_offer_price
columbia,1620801,B_2024_2026,202509,20250912220010,https://web.archive.org/web/20250912220010/https://www.columbia.com/p/boys-steens-mtn-fleece-vest-1620801.html?color=461,Boys’ Steens Mtn Fleece Vest | Columbia,24.50,USD,jsonld_offer_price
columbia,1620801,B_2024_2026,202510,20251014224933,https://web.archive.org/web/20251014224933/https://www.columbia.com/p/boys-steens-mtn-fleece-vest-1620801.html,Boys’ Steens Mtn Fleece Vest | Columbia,24.50,USD,jsonld_offer_price
columbia,1620801,B_2024_2026,202511,20251110064700,https://web.archive.org/web/20251110064700/https://www.columbia.com/p/boys-steens-mtn-fleece-vest-1620801.html?color=010,Boys’ Steens Mtn Fleece Vest | Columbia,18.75,USD,jsonld_offer_price
columbia,1577051,A_2018_2020,201801,20180126035949,https://web.archive.org/web/20180126035949/https://www.columbia.com/mens-pfg-slack-tide-camp-shirt-1577051.html?cgid=activity-fishing&dwvar_1577051_variationColor=707,Men’s Slack Tide Camp Wicking Sun Shading Shirt | Columbia.com,40.00,USD,meta_product_price
columbia,1577051,A_2018_2020,201803,20180304010826,https://web.archive.org/web/20180304010826/https://www.columbia.com/mens-pfg-slack-tide-camp-shirt-1577051.html,Men’s Slack Tide Camp Wicking Sun Shading Shirt | Columbia.com,40.00,USD,meta_product_price
columbia,1577051,A_2018_2020,201909,20190920182336,https://web.archive.org/web/20190920182336/https://www.columbia.com/mens-pfg-slack-tide-camp-shirt-1577051.html?cgid=camping-mens&dwvar_1577051_variationColor=469,Men’s Slack Tide Camp Wicking Sun Shading Shirt | Columbia.com,40,USD,jsonld_offer_price
columbia,1577051,A_2018_2020,201910,20191017150012,https://web.archive.org/web/20191017150012/https://www.columbia.com/mens-pfg-slack-tide-camp-shirt-1577051.html?cgid=giftGuide&dwvar_1577051_variationColor=463,Men’s Slack Tide Camp Wicking Sun Shading Shirt | Columbia.com,40.00,USD,json_price_field
columbia,1577051,A_2018_2020,201911,20191120185825,https://web.archive.org/web/20191120185825/https://www.columbia.com/mens-pfg-slack-tide-camp-shirt-1577051.html,Men’s Slack Tide Camp Wicking Sun Shading Shirt | Columbia.com,40,USD,jsonld_offer_price
columbia,1577051,A_2018_2020,201912,20191211190013,https://web.archive.org/web/20191211190013/https://www.columbia.com/mens-pfg-slack-tide-camp-shirt-1577051.html?cgid=men-shirts&dwvar_1577051_variationColor=469,Men’s Slack Tide Camp Wicking Sun Shading Shirt | Columbia.com,40,USD,jsonld_offer_price
columbia,1577051,A_2018_2020,202001,20200104155623,https://web.archive.org/web/20200104155623/https://www.columbia.com/mens-pfg-slack-tide-camp-shirt-1577051.html,Men’s Slack Tide Camp Wicking Sun Shading Shirt | Columbia.com,40,USD,jsonld_offer_price
columbia,1577051,B_2024_2026,202406,20240612172759,https://web.archive.org/web/20240612172759/https://www.columbia.com/p/mens-pfg-slack-tide-camp-shirt-1577051.html,Men’s PFG Slack Tide™ Camp Shirt | Columbia Sportswear,33.75,USD,jsonld_offer_price
columbia,1577051,B_2024_2026,202407,20240712142440,https://web.archive.org/web/20240712142440/https://www.columbia.com/p/mens-pfg-slack-tide-camp-shirt-1577051.html,Men’s PFG Slack Tide™ Camp Shirt,45.00,USD,jsonld_offer_price
columbia,1577051,B_2024_2026,202408,20240807065649,https://web.archive.org/web/20240807065649/https://www.columbia.com/p/mens-pfg-slack-tide-camp-shirt-1577051.html,Men’s PFG Slack Tide™ Camp Shirt,45.00,USD,jsonld_offer_price
columbia,1577051,B_2024_2026,202412,20241209002341,https://web.archive.org/web/20241209002341/https://www.columbia.com/p/mens-pfg-slack-tide-camp-shirt-1577051.html,Men’s PFG Slack Tide™ Camp Shirt | Columbia Sportswear,45.00,USD,jsonld_offer_price
columbia,1577051,B_2024_2026,202501,20250124213606,https://web.archive.org/web/20250124213606/https://www.columbia.com/p/mens-pfg-slack-tide-camp-shirt-1577051.html,Men’s PFG Slack Tide™ Camp Shirt | Columbia Sportswear,45.00,USD,jsonld_offer_price
columbia,1577051,B_2024_2026,202502,20250207075627,https://web.archive.org/web/20250207075627/https://www.columbia.com/p/mens-pfg-slack-tide-camp-shirt-1577051.html,Men’s PFG Slack Tide™ Camp Shirt | Columbia Sportswear,45.00,USD,jsonld_offer_price
columbia,1577051,B_2024_2026,202504,20250419205914,https://web.archive.org/web/20250419205914/https://www.columbia.com/p/mens-pfg-slack-tide-camp-shirt-1577051.html,Men’s PFG Slack Tide™ Camp Shirt | Columbia Sportswear,36.00,USD,jsonld_offer_price
columbia,1577051,B_2024_2026,202505,20250514084055,https://web.archive.org/web/20250514084055/https://www.columbia.com/p/mens-pfg-slack-tide-camp-shirt-1577051.html?dwvar_1577051_color=023,Men’s Slack Tide Camp Wicking Sun Shading Shirt | Columbia,45.00,USD,jsonld_offer_price
columbia,1577051,B_2024_2026,202506,20250623032647,https://web.archive.org/web/20250623032647/https://www.columbia.com/p/mens-pfg-slack-tide-camp-shirt-1577051.html?dwvar_1577051_color=010,Men’s PFG Slack Tide™ Camp Shirt,45.00,USD,jsonld_offer_price
columbia,1577051,B_2024_2026,202507,20250712091710,https://web.archive.org/web/20250712091710/https://www.columbia.com/p/mens-pfg-slack-tide-camp-shirt-1577051.html?dwvar_1577051_color=010&dwvar_1577051_size=XL,Men’s Slack Tide Camp Wicking Sun Shading Shirt | Columbia,45.00,USD,jsonld_offer_price
columbia,1577051,B_2024_2026,202508,20250803182158,https://web.archive.org/web/20250803182158/https://www.columbia.com/p/mens-pfg-slack-tide-camp-shirt-1577051.html?dwvar_1577051_color=010&dwvar_1577051_size=L,Men’s Slack Tide Camp Wicking Sun Shading Shirt | Columbia,45.00,USD,jsonld_offer_price
columbia,1577051,B_2024_2026,202509,20250906165049,https://web.archive.org/web/20250906165049/https://www.columbia.com/p/mens-pfg-slack-tide-camp-shirt-1577051.html,Men’s Slack Tide Camp Wicking Sun Shading Shirt | Columbia,45.00,USD,jsonld_offer_price
columbia,1577051,B_2024_2026,202510,20251010063813,https://web.archive.org/web/20251010063813/https://www.columbia.com/p/mens-pfg-slack-tide-camp-shirt-1577051.html?color=010&size=L,Men’s Slack Tide Camp Wicking Sun Shading Shirt | Columbia,45.00,USD,jsonld_offer_price
columbia,1577051,B_2024_2026,202511,20251113120259,https://web.archive.org/web/20251113120259/https://www.columbia.com/p/mens-pfg-slack-tide-camp-shirt-1577051.html?color=010&size=S,Men’s Slack Tide Camp Wicking Sun Shading Shirt | Columbia,19.90,USD,jsonld_offer_price
columbia,1653561,A_2018_2020,201801,20180124200240,https://web.archive.org/web/20180124200240/https://www.columbia.com/mens-pfg-terminal-tackle-short-1653561.html?cgid=technology-omniShield&dwvar_1653561_variationColor=010,Men’s Terminal Tackle PFG Short Bottle Opener Omni-Shield | Columbia,50.00,USD,meta_product_price
columbia,1653561,A_2018_2020,201802,20180212211703,https://web.archive.org/web/20180212211703/https://www.columbia.com/mens-pfg-terminal-tackle-short-1653561.html?cgid=men-pantsShorts-shorts&dwvar_1653561_variationColor=005,,,,fetch_failed
columbia,1653561,A_2018_2020,201803,20180318142039,https://web.archive.org/web/20180318142039/https://www.columbia.com/mens-pfg-terminal-tackle-short-1653561.html,Men’s Terminal Tackle PFG Short Bottle Opener Omni-Shield | Columbia,50.00,USD,meta_product_price
columbia,1653561,A_2018_2020,201907,20190717124113,https://web.archive.org/web/20190717124113/https://www.columbia.com/mens-pfg-terminal-tackle-short-1653561.html,Men’s Terminal Tackle PFG Short Bottle Opener Omni-Shield | Columbia,50,USD,jsonld_offer_price
columbia,1653561,A_2018_2020,201909,20190917040928,https://web.archive.org/web/20190917040928/https://www.columbia.com/mens-pfg-terminal-tackle-short-1653561.html?dwvar_1653561_variationColor=317,Men’s Terminal Tackle PFG Short Bottle Opener Omni-Shield | Columbia,50,USD,jsonld_offer_price
columbia,1653561,A_2018_2020,201911,20191112004322,https://web.archive.org/web/20191112004322/https://www.columbia.com/mens-pfg-terminal-tackle-short-1653561.html,Men’s Terminal Tackle PFG Short Bottle Opener Omni-Shield | Columbia,50,USD,jsonld_offer_price
columbia,1653561,A_2018_2020,201912,20191211161904,https://web.archive.org/web/20191211161904/https://www.columbia.com/mens-pfg-terminal-tackle-short-1653561.html?cgid=men-pantsShorts-shorts&dwvar_1653561_variationColor=465,Men’s Terminal Tackle PFG Short Bottle Opener Omni-Shield | Columbia,50,USD,jsonld_offer_price
columbia,1653561,B_2024_2026,202406,20240618152048,https://web.archive.org/web/20240618152048/https://www.columbia.com/p/mens-pfg-terminal-tackle-shorts-1653561.html?dwvar_1653561_color=271,Men's PFG Terminal Tackle™ Shorts | Columbia Sportswear,55.00,USD,jsonld_offer_price
columbia,1653561,B_2024_2026,202407,20240723021633,https://web.archive.org/web/20240723021633/https://www.columbia.com/p/mens-pfg-terminal-tackle-shorts-1653561.html,Men's PFG Terminal Tackle™ Shorts | Columbia Sportswear,41.25,USD,jsonld_offer_price
columbia,1653561,B_2024_2026,202408,20240803044046,https://web.archive.org/web/20240803044046/https://www.columbia.com/p/mens-pfg-terminal-tackle-shorts-1653561.html?dwvar_1653561_color=011,Men's PFG Terminal Tackle™ Shorts | Columbia Sportswear,41.25,USD,jsonld_offer_price
columbia,1653561,B_2024_2026,202412,20241214222039,https://web.archive.org/web/20241214222039/https://www.columbia.com/p/mens-pfg-terminal-tackle-shorts-1653561.html?dwvar_1653561_color=321,Men's PFG Terminal Tackle™ Shorts | Columbia Sportswear,27.50,USD,jsonld_offer_price
columbia,1653561,B_2024_2026,202501,20250118130106,https://web.archive.org/web/20250118130106/https://www.columbia.com/p/mens-pfg-terminal-tackle-shorts-1653561.html?dwvar_1653561_color=019,Men's PFG Terminal Tackle™ Shorts | Columbia Sportswear,27.50,USD,jsonld_offer_price
columbia,1653561,B_2024_2026,202504,20250422034308,https://web.archive.org/web/20250422034308/https://www.columbia.com/p/mens-pfg-terminal-tackle-shorts-1653561.html,Men's PFG Terminal Tackle Shorts | Columbia,27.50,USD,jsonld_offer_price
columbia,1653561,B_2024_2026,202505,20250512084056,https://web.archive.org/web/20250512084056/https://www.columbia.com/p/mens-pfg-terminal-tackle-shorts-1653561.html,Men's PFG Terminal Tackle Shorts | Columbia,27.50,USD,jsonld_offer_price
columbia,1653561,B_2024_2026,202506,20250616151900,https://web.archive.org/web/20250616151900/https://www.columbia.com/p/mens-pfg-terminal-tackle-shorts-1653561.html?dwvar_1653561_color=465&dwvar_1653561_dimension=10,Men's PFG Terminal Tackle Shorts | Columbia,27.50,USD,jsonld_offer_price
columbia,1653561,B_2024_2026,202508,20250803190233,https://web.archive.org/web/20250803190233/https://www.columbia.com/p/mens-pfg-terminal-tackle-shorts-1653561.html,Men's PFG Terminal Tackle Shorts | Columbia,27.50,USD,jsonld_offer_price
columbia,1653561,B_2024_2026,202509,20250909043624,https://web.archive.org/web/20250909043624/https://www.columbia.com/p/mens-pfg-terminal-tackle-shorts-1653561.html?color=430&dimension=10,,,,fetch_failed
columbia,1653561,B_2024_2026,202510,20251009194804,https://web.archive.org/web/20251009194804/https://www.columbia.com/p/mens-pfg-terminal-tackle-shorts-1653561.html?color=019,Men's PFG Terminal Tackle Shorts | Columbia,0.00,USD,jsonld_offer_price
columbia,1639261,A_2018_2020,201801,20180126153450,https://web.archive.org/web/20180126153450/https://www.columbia.com/mens-steens-mountain-fleece-vest-1639261.html?cgid=activity-trail&dwvar_1639261_variationColor=221,Men’s Steens Mountain Warm Fleece Vest | Columbia.com,29.99,USD,meta_product_price
columbia,1639261,A_2018_2020,201802,20180207155213,https://web.archive.org/web/20180207155213/https://www.columbia.com/mens-steens-mountain-fleece-vest-1639261.html?cgid=men-jacketsVests&dwvar_1639261_variationColor=028,Men’s Steens Mountain Warm Fleece Vest | Columbia.com,29.99,USD,meta_product_price
columbia,1639261,A_2018_2020,201803,20180318154647,https://web.archive.org/web/20180318154647/https://www.columbia.com/mens-steens-mountain-fleece-vest-1639261.html,Men’s Steens Mountain Warm Fleece Vest | Columbia.com,29.99,USD,meta_product_price
columbia,1639261,A_2018_2020,201907,20190717130715,https://web.archive.org/web/20190717130715/https://www.columbia.com/mens-steens-mountain-fleece-vest-1639261.html,Men’s Steens Mountain Warm Fleece Vest | Columbia.com,45,USD,jsonld_offer_price
columbia,1639261,A_2018_2020,201909,20190920103700,https://web.archive.org/web/20190920103700/https://www.columbia.com/mens-steens-mountain-fleece-vest-1639261.html?cgid=sale-men&dwvar_1639261_variationColor=028,Men’s Steens Mountain Warm Fleece Vest | Columbia.com,30,USD,jsonld_offer_price
columbia,1639261,A_2018_2020,201911,20191113123439,https://web.archive.org/web/20191113123439/https://www.columbia.com/mens-steens-mountain-fleece-vest-1639261.html,Men’s Steens Mountain Warm Fleece Vest | Columbia.com,30,USD,jsonld_offer_price
columbia,1639261,A_2018_2020,201912,20191208023446,https://web.archive.org/web/20191208023446/https://www.columbia.com/mens-steens-mountain-fleece-vest-1639261.html?dwvar_1639261_variationColor=522,Men’s Steens Mountain Warm Fleece Vest | Columbia.com,30,USD,jsonld_offer_price
columbia,1639261,B_2024_2026,202406,20240621175616,https://web.archive.org/web/20240621175616/https://www.columbia.com/p/mens-steens-mountain-fleece-vest-1639261.html,Men’s Steens Mountain™ Fleece Vest,39.99,USD,jsonld_offer_price
columbia,1639261,B_2024_2026,202407,20240716123007,https://web.archive.org/web/20240716123007/https://www.columbia.com/p/mens-steens-mountain-fleece-vest-1639261.html?dwvar_1639261_color=010,Men’s Steens Mountain™ Fleece Vest,40.00,USD,jsonld_offer_price
columbia,1639261,B_2024_2026,202408,20240825002159,https://web.archive.org/web/20240825002159/https://www.columbia.com/p/mens-steens-mountain-fleece-vest-1639261.html,Men’s Steens Mountain™ Fleece Vest | Columbia Sportswear,40.00,USD,jsonld_offer_price
columbia,1639261,B_2024_2026,202412,20241203142306,https://web.archive.org/web/20241203142306/https://www.columbia.com/p/mens-steens-mountain-fleece-vest-1639261.html,Men's Steens Mountain™ Fleece Vest | Columbia Sportswear,30.00,USD,jsonld_offer_price
columbia,1639261,B_2024_2026,202501,20250115053150,https://web.archive.org/web/20250115053150/https://www.columbia.com/p/mens-steens-mountain-fleece-vest-1639261.html,,,,no_price_found
columbia,1639261,B_2024_2026,202502,20250212043150,https://web.archive.org/web/20250212043150/https://www.columbia.com/p/mens-steens-mountain-fleece-vest-1639261.html,Men's Steens Mountain™ Fleece Vest | Columbia Sportswear,40.00,USD,jsonld_offer_price
columbia,1639261,B_2024_2026,202504,20250424100420,https://web.archive.org/web/20250424100420/https://www.columbia.com/p/mens-steens-mountain-fleece-vest-1639261.html,Men's Steens Mountain™ Fleece Vest | Columbia Sportswear,40.00,USD,jsonld_offer_price
columbia,1639261,B_2024_2026,202505,20250519093055,https://web.archive.org/web/20250519093055/https://www.columbia.com/p/mens-steens-mountain-fleece-vest-1639261.html,Men’s Steens Mountain Warm Fleece Vest | Columbia,40.00,USD,jsonld_offer_price
columbia,1639261,B_2024_2026,202506,20250615122559,https://web.archive.org/web/20250615122559/https://www.columbia.com/p/mens-steens-mountain-fleece-vest-1639261.html,Men’s Steens Mountain Warm Fleece Vest | Columbia,40.00,USD,jsonld_offer_price
columbia,1639261,B_2024_2026,202507,20250712035802,https://web.archive.org/web/20250712035802/https://www.columbia.com/p/mens-steens-mountain-fleece-vest-1639261.html?dwvar_1639261_color=028&dwvar_1639261_size=M,Men’s Steens Mountain Warm Fleece Vest | Columbia,40.00,USD,jsonld_offer_price
columbia,1639261,B_2024_2026,202508,20250824035755,https://web.archive.org/web/20250824035755/https://www.columbia.com/p/mens-steens-mountain-fleece-vest-1639261.html?cgid=men-jacketsVests-vests&dwvar_1639261_variationColor=010,Men's Steens Mountain™ Fleece Vest | Columbia Sportswear,60.00,,itemprop_price
columbia,1639261,B_2024_2026,202509,20250916062452,https://web.archive.org/web/20250916062452/https://www.columbia.com/p/mens-steens-mountain-fleece-vest-1639261.html?mid=affiliate&eid=cj&uid=11554828&nid=8842431&utm_medium=affiliate&cjevent=d1bcf1af92c511f0818200440a1cb829,,,,no_price_found
columbia,1639261,B_2024_2026,202510,20251020042230,https://web.archive.org/web/20251020042230/https://www.columbia.com/p/mens-steens-mountain-fleece-vest-1639261.html,,,,no_price_found
columbia,1639261,B_2024_2026,202511,20251113024553,https://web.archive.org/web/20251113024553/https://www.columbia.com/p/mens-steens-mountain-fleece-vest-1639261.html,Men’s Steens Mountain Warm Fleece Vest | Columbia,33.00,USD,jsonld_offer_price
columbia,1554171,A_2018_2020,201801,20180125043257,https://web.archive.org/web/20180125043257/https://www.columbia.com/on/demandware.store/Sites-Columbia_US-Site/en_US/Product-Variation?dwvar_1554171_variationColor=011&dwvar_1554171_variationSize=10%2e5&pid=1554171,,,,fetch_failed
columbia,1554171,A_2018_2020,201802,20180210025545,https://web.archive.org/web/20180210025545/https://www.columbia.com/on/demandware.store/Sites-Columbia_US-Site/en_US/Product-Variation?dwvar_1554171_variationColor=232&pid=1554171,Sites-Columbia_US-Site,54.90,USD,meta_product_price
columbia,1554171,A_2018_2020,201803,20180310130005,https://web.archive.org/web/20180310130005/https://www.columbia.com/womens-ice-maiden-ii-boot-1554171.html,Columbia | Women’s Ice Maiden II Lace Up Waterproof Insulated Winter Boot,54.90,USD,meta_product_price
columbia,1554171,A_2018_2020,201907,20190717183354,https://web.archive.org/web/20190717183354/https://www.columbia.com/womens-ice-maiden-ii-boot-1554171.html,Columbia | Women’s Ice Maiden II Lace Up Waterproof Insulated Winter Boot,90,USD,jsonld_offer_price
columbia,1554171,A_2018_2020,201909,20190920163220,https://web.archive.org/web/20190920163220/https://www.columbia.com/womens-ice-maiden-ii-boot-1554171.html?cgid=footwear-women&dwvar_1554171_variationColor=288,Women’s Ice Maiden II Winter Boot | Columbia.com,80,USD,jsonld_offer_price
columbia,1554171,A_2018_2020,201911,20191114182541,https://web.archive.org/web/20191114182541/https://www.columbia.com/womens-ice-maiden-ii-boot-1554171.html?cgid=activity-ski-snow-shoes&dwvar_1554171_variationColor=288,Women’s Ice Maiden II Winter Boot | Columbia.com,80,USD,jsonld_offer_price
columbia,1554171,A_2018_2020,201912,20191209044220,https://web.archive.org/web/20191209044220/https://www.columbia.com/womens-ice-maiden-ii-boot-1554171.html,Women’s Ice Maiden II Winter Boot | Columbia.com,80,USD,jsonld_offer_price
columbia,1554171,B_2024_2026,202406,20240620012124,https://web.archive.org/web/20240620012124/https://www.columbia.com/p/womens-ice-maiden-ii-boot-1554171.html?dwvar_1554171_variationColor=011,Women’s Ice Maiden™ II Boot | Columbia Sportswear,54.97,USD,jsonld_offer_price
columbia,1554171,B_2024_2026,202407,20240716132549,https://web.archive.org/web/20240716132549/https://www.columbia.com/p/womens-ice-maiden-ii-boot-1554171.html,Women’s Ice Maiden™ II Boot,54.97,USD,jsonld_offer_price
columbia,1554171,B_2024_2026,202408,20240803043833,https://web.archive.org/web/20240803043833/https://www.columbia.com/p/womens-ice-maiden-ii-boot-1554171.html,Women’s Ice Maiden™ II Boot | Columbia Sportswear,100.00,USD,jsonld_offer_price
columbia,1554171,B_2024_2026,202412,20241209093305,https://web.archive.org/web/20241209093305/https://www.columbia.com/p/womens-ice-maiden-ii-boot-1554171.html?dwvar_1554171_color=014&dwvar_1554171_size=10,Women’s Ice Maiden™ II Boot | Columbia Sportswear,100.00,USD,jsonld_offer_price
columbia,1554171,B_2024_2026,202501,20250115095644,https://web.archive.org/web/20250115095644/https://www.columbia.com/p/womens-ice-maiden-ii-boot-1554171.html,Women’s Ice Maiden™ II Boot | Columbia Sportswear,100.00,USD,jsonld_offer_price
columbia,1554171,B_2024_2026,202502,20250216215545,https://web.archive.org/web/20250216215545/https://www.columbia.com/p/womens-ice-maiden-ii-boot-1554171.html?,Women’s Ice Maiden™ II Boot | Columbia Sportswear,75.00,USD,jsonld_offer_price
columbia,1554171,B_2024_2026,202503,20250309230858,https://web.archive.org/web/20250309230858/https://www.columbia.com/p/womens-ice-maiden-ii-boot-1554171.html?dwvar_1554171_variationColor=051,,,,no_price_found
columbia,1554171,B_2024_2026,202505,20250512082105,https://web.archive.org/web/20250512082105/https://www.columbia.com/p/womens-ice-maiden-ii-boot-1554171.html?dwvar_1554171_color=050&dwvar_1554171_size=6.5&srsltid=AfmBOoqgu-0DTROZr_9caLv24DNWTA6638maOykI9MdIaioam6orptpfS9w,Women’s Ice Maiden II Winter Boot | Columbia,75.00,USD,jsonld_offer_price
columbia,1554171,B_2024_2026,202507,20250722163909,https://web.archive.org/web/20250722163909/https://www.columbia.com/p/womens-ice-maiden-ii-boot-1554171.html?mid=affiliate&eid=cj&uid=11554828&nid=9260995&cjevent=1764a0ea671a11f080a300a70a18ba74,Women’s Ice Maiden II Winter Boot | Columbia,100.00,USD,jsonld_offer_price
columbia,1554171,B_2024_2026,202508,20250815192742,https://web.archive.org/web/20250815192742/https://www.columbia.com/p/womens-ice-maiden-ii-boot-1554171.html,,,,no_price_found
columbia,1554171,B_2024_2026,202509,20250909231105,https://web.archive.org/web/20250909231105/https://www.columbia.com/p/womens-ice-maiden-ii-boot-1554171.html?color=050&size=12,Women’s Ice Maiden II Winter Boot | Columbia,100.00,USD,jsonld_offer_price
columbia,1554171,B_2024_2026,202510,20251022124313,https://web.archive.org/web/20251022124313/https://www.columbia.com/p/womens-ice-maiden-ii-boot-1554171.html?mid=affiliate&eid=cj&uid=10728206&nid=100091530&cjevent=08f17fe7d9c111ef80e300ec0a82b82c,Women’s Ice Maiden II Winter Boot | Columbia,100.00,USD,jsonld_offer_price
columbia,1554171,B_2024_2026,202511,20251108000601,https://web.archive.org/web/20251108000601/https://www.columbia.com/p/womens-ice-maiden-ii-boot-1554171.html?cgid=sale&variationColor=232,Women’s Ice Maiden II Winter Boot | Columbia,54.98,USD,jsonld_offer_price
columbia,1577661,A_2018_2020,201801,20180131210752,https://web.archive.org/web/20180131210752/https://www.columbia.com/on/demandware.store/Sites-Columbia_US-Site/en_US/Product-Variation?dwvar_1577661_variationColor=314&dwvar_1577661_variationSize=M&pid=1577661,Sites-Columbia_US-Site,35.00,USD,meta_product_price
columbia,1577661,A_2018_2020,201802,20180212135609,https://web.archive.org/web/20180212135609/https://www.columbia.com/on/demandware.store/Sites-Columbia_US-Site/en_US/Product-Variation?dwvar_1577661_variationSize=M&pid=1577661,Sites-Columbia_US-Site,35.00,USD,meta_product_price
columbia,1577661,A_2018_2020,201803,20180318142357,https://web.archive.org/web/20180318142357/https://www.columbia.com/womens-pfg-tidal-tee-ii-long-sleeve-shirt-1577661.html,Women’s Tidal Tee II Long Sleeve Wicking Sun Shading Shirt | Columbia,35.00,USD,meta_product_price
columbia,1577661,A_2018_2020,201909,20190921191255,https://web.archive.org/web/20190921191255/https://www.columbia.com/womens-pfg-tidal-tee-ii-long-sleeve-shirt-1577661.html?cgid=shirts&dwvar_1577661_variationColor=691,Women’s Tidal Tee II Long Sleeve Wicking Sun Shading Shirt | Columbia,35,USD,jsonld_offer_price
columbia,1577661,A_2018_2020,201910,20191020172533,https://web.archive.org/web/20191020172533/https://www.columbia.com/womens-pfg-tidal-tee-ii-long-sleeve-shirt-1577661.html?dwvar_1577661_variationColor=422,Women’s Tidal Tee II Long Sleeve Wicking Sun Shading Shirt | Columbia,35.00,USD,json_price_field
columbia,1577661,A_2018_2020,201911,20191113113631,https://web.archive.org/web/20191113113631/https://www.columbia.com/womens-pfg-tidal-tee-ii-long-sleeve-shirt-1577661.html,Women’s Tidal Tee II Long Sleeve Wicking Sun Shading Shirt | Columbia,35,USD,jsonld_offer_price
columbia,1577661,A_2018_2020,201912,20191215175517,https://web.archive.org/web/20191215175517/https://www.columbia.com/womens-pfg-tidal-tee-ii-long-sleeve-shirt-1577661.html?dwvar_1577661_variationColor=465,Women’s Tidal Tee II Long Sleeve Wicking Sun Shading Shirt | Columbia,35,USD,jsonld_offer_price
columbia,1577661,B_2024_2026,202406,20240625192929,https://web.archive.org/web/20240625192929/https://www.columbia.com/p/womens-pfg-tidal-tee-ii-long-sleeve-shirt-1577661.html?dwvar_1577661_color=035,Women's PFG Tidal Tee™ II Long Sleeve Shirt | Columbia Sportswear,40.00,USD,jsonld_offer_price
columbia,1577661,B_2024_2026,202407,20240720093901,https://web.archive.org/web/20240720093901/https://www.columbia.com/p/womens-pfg-tidal-tee-ii-long-sleeve-shirt-1577661.html,Women's PFG Tidal Tee™ II Long Sleeve Shirt,40.00,USD,jsonld_offer_price
columbia,1577661,B_2024_2026,202408,20240808072533,https://web.archive.org/web/20240808072533/https://www.columbia.com/p/womens-pfg-tidal-tee-ii-long-sleeve-shirt-1577661.html,Women's PFG Tidal Tee™ II Long Sleeve Shirt,40.00,USD,jsonld_offer_price
columbia,1577661,B_2024_2026,202412,20241211000309,https://web.archive.org/web/20241211000309/https://www.columbia.com/p/womens-pfg-tidal-tee-ii-long-sleeve-shirt-1577661.html?dwvar_1577661_color=408&quantity=1,Women's PFG Tidal Tee™ II Long Sleeve Shirt | Columbia Sportswear,40.00,USD,jsonld_offer_price
columbia,1577661,B_2024_2026,202501,20250119104439,https://web.archive.org/web/20250119104439/https://www.columbia.com/p/womens-pfg-tidal-tee-ii-long-sleeve-shirt-1577661.html,Women's PFG Tidal Tee™ II Long Sleeve Shirt | Columbia Sportswear,40.00,USD,jsonld_offer_price
columbia,1577661,B_2024_2026,202502,20250206122443,https://web.archive.org/web/20250206122443/https://www.columbia.com/p/womens-pfg-tidal-tee-ii-long-sleeve-shirt-1577661.html,Women's PFG Tidal Tee™ II Long Sleeve Shirt | Columbia Sportswear,40.00,USD,jsonld_offer_price
columbia,1577661,B_2024_2026,202503,20250327193211,https://web.archive.org/web/20250327193211/https://www.columbia.com/p/womens-pfg-tidal-tee-ii-long-sleeve-shirt-1577661.html?dwvar_1577661_color=447&dwvar_1577661_size=L,Women's PFG Tidal Tee™ II Long Sleeve Shirt | Columbia Sportswear,40.00,USD,jsonld_offer_price
columbia,1577661,B_2024_2026,202504,20250425162115,https://web.archive.org/web/20250425162115/https://www.columbia.com/p/womens-pfg-tidal-tee-ii-long-sleeve-shirt-1577661.html?dwvar_1577661_color=884,Women's PFG Tidal Tee™ II Long Sleeve Shirt | Columbia Sportswear,40.00,USD,jsonld_offer_price
columbia,1577661,B_2024_2026,202505,20250513072918,https://web.archive.org/web/20250513072918/https://www.columbia.com/p/womens-pfg-tidal-tee-ii-long-sleeve-shirt-1577661.html,Women’s Tidal Tee II Long Sleeve Wicking Sun Shading Shirt | Columbia,40.00,USD,jsonld_offer_price
columbia,1577661,B_2024_2026,202506,20250618020002,https://web.archive.org/web/20250618020002/https://www.columbia.com/p/womens-pfg-tidal-tee-ii-long-sleeve-shirt-1577661.html?dwvar_1577661_color=459,Women’s Tidal Tee II Long Sleeve Wicking Sun Shading Shirt | Columbia,40.00,USD,jsonld_offer_price
columbia,1577661,B_2024_2026,202507,20250723001737,https://web.archive.org/web/20250723001737/https://www.columbia.com/p/womens-pfg-tidal-tee-ii-long-sleeve-shirt-1577661.html?bvstate=pg%3A5%2Fct%3Ar,Women’s Tidal Tee II Long Sleeve Wicking Sun Shading Shirt | Columbia,24.00,USD,jsonld_offer_price
columbia,1577661,B_2024_2026,202508,20250823031744,https://web.archive.org/web/20250823031744/https://www.columbia.com/p/womens-pfg-tidal-tee-ii-long-sleeve-shirt-1577661.html?cgid=technology-omniShade&dwvar_1577661_variationColor=884,Women's PFG Tidal Tee™ II Long Sleeve Shirt | Columbia Sportswear,20.00,,itemprop_price
columbia,1718822,A_2018_2020,201804,20180421021429,https://web.archive.org/web/20180421021429/https://www.columbia.com/womens-newton-ridge-plus-waterproof-amped---wide-1718822.html,Women's Newton Ridge Plus Waterproof Amped - Wide | Columbia.com,90.00,USD,meta_product_price
columbia,1718822,A_2018_2020,201805,20180506101903,https://web.archive.org/web/20180506101903/https://www.columbia.com/womens-newton-ridge-plus-waterproof-amped---wide-1718822.html,Women's Newton Ridge Plus Waterproof Amped - Wide | Columbia.com,90.00,USD,meta_product_price
columbia,1718822,A_2018_2020,201908,20190819124915,https://web.archive.org/web/20190819124915/https://www.columbia.com/womens-newton-ridge-plus-waterproof-amped-hiking-boot---wide-1718822.html,Women's Newton Ridge Plus Waterproof Amped - Wide | Columbia.com,80,USD,jsonld_offer_price
columbia,1718822,A_2018_2020,201909,20190920160029,https://web.archive.org/web/20190920160029/https://www.columbia.com/womens-newton-ridge-plus-waterproof-amped-hiking-boot---wide-1718822.html?cgid=footwear-women&dwvar_1718822_variationColor=212,Women's Newton Ridge Plus Waterproof Amped - Wide | Columbia.com,80,USD,jsonld_offer_price
columbia,1718822,A_2018_2020,201910,20191020210753,https://web.archive.org/web/20191020210753/https://www.columbia.com/womens-newton-ridge-plus-waterproof-amped-hiking-boot---wide-1718822.html?cgid=activity-hiking-boots&dwvar_1718822_variationColor=089,Women's Newton Ridge Plus Waterproof Amped - Wide | Columbia.com,79.95,USD,json_price_field
columbia,1718822,A_2018_2020,201911,20191114191246,https://web.archive.org/web/20191114191246/https://www.columbia.com/womens-newton-ridge-plus-waterproof-amped-hiking-boot---wide-1718822.html?cgid=activity-hiking-boots&dwvar_1718822_variationColor=286,Women's Newton Ridge Plus Waterproof Amped - Wide | Columbia.com,79.95,USD,json_price_field
columbia,1718822,A_2018_2020,201912,20191214002850,https://web.archive.org/web/20191214002850/https://www.columbia.com/womens-newton-ridge-plus-waterproof-amped-hiking-boot---wide-1718822.html,Women's Newton Ridge Plus Waterproof Amped - Wide | Columbia.com,80,USD,jsonld_offer_price
columbia,1718822,B_2024_2026,202406,20240615070016,https://web.archive.org/web/20240615070016/https://www.columbia.com/p/womens-newton-ridge-plus-waterproof-amped-hiking-boot---wide-1718822.html,Women’s Newton Ridge™ Plus Waterproof Amped Hiking Boot - Wide | Columbia Sportswear,75.00,USD,jsonld_offer_price
columbia,1718822,B_2024_2026,202407,20240720133636,https://web.archive.org/web/20240720133636/https://www.columbia.com/p/womens-newton-ridge-plus-waterproof-amped-hiking-boot---wide-1718822.html,Women’s Newton Ridge™ Plus Waterproof Amped Hiking Boot - Wide,100.00,USD,jsonld_offer_price
columbia,1718822,B_2024_2026,202408,20240803192358,https://web.archive.org/web/20240803192358/https://www.columbia.com/p/womens-newton-ridge-plus-waterproof-amped-hiking-boot---wide-1718822.html,Women’s Newton Ridge™ Plus Waterproof Amped Hiking Boot - Wide,100.00,USD,jsonld_offer_price
columbia,1718822,B_2024_2026,202412,20241212113504,https://web.archive.org/web/20241212113504/https://www.columbia.com/p/womens-newton-ridge-plus-waterproof-amped-hiking-boot---wide-1718822.html?dwvar_1718822_color=009&dwvar_1718822_size=10,Women’s Newton Ridge™ Plus Waterproof Amped Hiking Boot - Wide | Columbia Sportswear,75.00,USD,jsonld_offer_price
columbia,1718822,B_2024_2026,202501,20250113191738,https://web.archive.org/web/20250113191738/https://www.columbia.com/p/womens-newton-ridge-plus-waterproof-amped-hiking-boot---wide-1718822.html,Women’s Newton Ridge™ Plus Waterproof Amped Hiking Boot - Wide | Columbia Sportswear,100.00,USD,jsonld_offer_price
columbia,1718822,B_2024_2026,202502,20250206135709,https://web.archive.org/web/20250206135709/https://www.columbia.com/p/womens-newton-ridge-plus-waterproof-amped-hiking-boot---wide-1718822.html,Women’s Newton Ridge™ Plus Waterproof Amped Hiking Boot - Wide | Columbia Sportswear,100.00,USD,jsonld_offer_price
columbia,1718822,B_2024_2026,202507,20250712094519,https://web.archive.org/web/20250712094519/https://www.columbia.com/p/womens-newton-ridge-plus-waterproof-amped-hiking-boot---wide-1718822.html,Women's Newton Ridge Plus Waterproof Amped - Wide | Columbia,100.00,USD,jsonld_offer_price
columbia,1718822,B_2024_2026,202508,20250816034420,https://web.archive.org/web/20250816034420/https://www.columbia.com/p/womens-newton-ridge-plus-waterproof-amped-hiking-boot---wide-1718822.html,,,,no_price_found
columbia,1718822,B_2024_2026,202509,20250912124222,https://web.archive.org/web/20250912124222/https://www.columbia.com/p/womens-newton-ridge-plus-waterproof-amped-hiking-boot---wide-1718822.html?color=009,Women's Newton Ridge Plus Waterproof Amped - Wide | Columbia,100.00,USD,jsonld_offer_price
columbia,1718822,B_2024_2026,202510,20251017072614,https://web.archive.org/web/20251017072614/https://www.columbia.com/p/womens-newton-ridge-plus-waterproof-amped-hiking-boot---wide-1718822.html?pos=39&utm_campaign=20211117&utm_medium=bitly&utm_source=CN&color=213,Women's Newton Ridge Plus Waterproof Amped - Wide | Columbia,100.00,USD,jsonld_offer_price
columbia,1718822,B_2024_2026,202511,20251119085030,https://web.archive.org/web/20251119085030/https://www.columbia.com/p/womens-newton-ridge-plus-waterproof-amped-hiking-boot---wide-1718822.html?color=009&pos=39&utm_campaign=20211117&utm_medium=bitly&utm_source=CN,Women's Newton Ridge Plus Waterproof Amped - Wide | Columbia,60.00,USD,jsonld_offer_price
columbia,1618261,A_2018_2020,201801,20180126071009,https://web.archive.org/web/20180126071009/https://www.columbia.com/boys-zing-iii-printed-fleece-jacket-1618261.html?dwvar_1618261_variationColor=054,Boy’s Zing III Fleece With Hand Pockets | Columbia.com,29.99,USD,meta_product_price
columbia,1618261,A_2018_2020,201802,20180211022446,https://web.archive.org/web/20180211022446/https://www.columbia.com/boys-zing-iii-printed-fleece-jacket-1618261.html?cgid=fleece&dwvar_1618261_variationColor=054,Boy’s Zing III Fleece With Hand Pockets | Columbia.com,29.99,USD,meta_product_price
columbia,1618261,A_2018_2020,201803,20180317185507,https://web.archive.org/web/20180317185507/https://www.columbia.com/boys-zing-iii-printed-fleece-jacket-1618261.html,Boy’s Zing III Fleece With Hand Pockets | Columbia.com,29.99,USD,meta_product_price
columbia,1618261,A_2018_2020,201910,20191016215957,https://web.archive.org/web/20191016215957/https://www.columbia.com/boys-zing-iii-printed-fleece-jacket-1618261.html?cgid=Camo&dwvar_1618261_variationColor=442,Boy’s Zing III Fleece With Hand Pockets | Columbia.com,29.99,USD,json_price_field
columbia,1618261,A_2018_2020,201911,20191116222453,https://web.archive.org/web/20191116222453/https://www.columbia.com/boys-zing-iii-printed-fleece-jacket-1618261.html?cgid=back_to_school&dwvar_1618261_variationColor=442,Boy’s Zing III Fleece With Hand Pockets | Columbia.com,30,USD,jsonld_offer_price
columbia,1618261,A_2018_2020,201912,20191205153630,https://web.archive.org/web/20191205153630/https://www.columbia.com/boys-zing-iii-printed-fleece-jacket-1618261.html,Boy’s Zing III Fleece With Hand Pockets | Columbia.com,30,USD,jsonld_offer_price
columbia,1618261,B_2024_2026,202412,20241210174846,https://web.archive.org/web/20241210174846/https://www.columbia.com/p/boys-zing-iii-printed-fleece-jacket-1618261.html?dwvar_1618261_color=005&dwvar_1618261_size=S,Boys’ Zing™ III Printed Fleece Jacket | Columbia Sportswear,26.25,USD,jsonld_offer_price
columbia,1618261,B_2024_2026,202501,20250125082654,https://web.archive.org/web/20250125082654/https://www.columbia.com/p/boys-zing-iii-printed-fleece-jacket-1618261.html,Boys’ Zing™ III Printed Fleece Jacket | Columbia Sportswear,35.00,USD,jsonld_offer_price
columbia,1618261,B_2024_2026,202502,20250212033302,https://web.archive.org/web/20250212033302/https://www.columbia.com/p/boys-zing-iii-printed-fleece-jacket-1618261.html,Boys’ Zing™ III Printed Fleece Jacket | Columbia Sportswear,35.00,USD,jsonld_offer_price
columbia,1618261,B_2024_2026,202503,20250327105145,https://web.archive.org/web/20250327105145/https://www.columbia.com/p/boys-zing-iii-printed-fleece-jacket-1618261.html,Boys’ Zing™ III Printed Fleece Jacket | Columbia Sportswear,26.25,USD,jsonld_offer_price
columbia,1618261,B_2024_2026,202504,20250419061038,https://web.archive.org/web/20250419061038/https://www.columbia.com/p/boys-zing-iii-printed-fleece-jacket-1618261.html,Boys’ Zing™ III Printed Fleece Jacket | Columbia Sportswear,28.00,USD,jsonld_offer_price
columbia,1618261,B_2024_2026,202505,20250521203949,https://web.archive.org/web/20250521203949/https://www.columbia.com/p/boys-zing-iii-printed-fleece-jacket-1618261.html,Boys' Zing III Fleece With Hand Pockets | Columbia,26.25,USD,jsonld_offer_price
columbia,1618261,B_2024_2026,202509,20250909233657,https://web.archive.org/web/20250909233657/https://www.columbia.com/p/boys-zing-iii-printed-fleece-jacket-1618261.html?color=005,Boys' Zing III Fleece With Hand Pockets | Columbia,35.00,USD,jsonld_offer_price
columbia,1618261,B_2024_2026,202510,20251014223200,https://web.archive.org/web/20251014223200/https://www.columbia.com/p/boys-zing-iii-printed-fleece-jacket-1618261.html?color=007,Boys' Zing III Fleece With Hand Pockets | Columbia,35.00,USD,jsonld_offer_price
columbia,1618261,B_2024_2026,202511,20251123161308,https://web.archive.org/web/20251123161308/https://www.columbia.com/p/boys-zing-iii-printed-fleece-jacket-1618261.html?color=005&size=L,,,,no_price_found
columbia,1594632,A_2018_2020,201801,20180125145012,https://web.archive.org/web/20180125145012/https://www.columbia.com/childrens-techsun-vent-shoe-1594632.html?cgid=footwear-kids&dwvar_1594632_variationColor=907,Youth Techsun Vent Water Draining Shoe | Columbia.com,35.00,USD,meta_product_price
columbia,1594632,A_2018_2020,201802,20180211170051,https://web.archive.org/web/20180211170051/https://www.columbia.com/childrens-techsun-vent-shoe-1594632.html?cgid=Footwear-Kids-Children&dwvar_1594632_variationColor=010,Youth Techsun Vent Water Draining Shoe | Columbia.com,35.00,USD,meta_product_price
columbia,1594632,A_2018_2020,201803,20180307224727,https://web.archive.org/web/20180307224727/https://www.columbia.com/childrens-techsun-vent-shoe-1594632.html,Youth Techsun Vent Water Draining Shoe | Columbia.com,35.00,USD,meta_product_price
columbia,1594632,A_2018_2020,201907,20190721093002,https://web.archive.org/web/20190721093002/https://www.columbia.com/little-kids-techsun-vent-sandal-1594632.html,Little Kids' Techsun Vent Water Draining Shoe | Columbia.com,35,USD,jsonld_offer_price
columbia,1594632,A_2018_2020,201910,20191016114237,https://web.archive.org/web/20191016114237/https://www.columbia.com/little-kids-techsun-vent-sandal-1594632.html?dwvar_1594632_variationColor=032,Little Kids' Techsun Vent Water Draining Shoe | Columbia.com,35.00,USD,json_price_field
columbia,1594632,A_2018_2020,201911,20191121221618,https://web.archive.org/web/20191121221618/https://www.columbia.com/little-kids-techsun-vent-sandal-1594632.html?dwvar_1594632_variationColor=010,Little Kids' Techsun Vent Water Draining Shoe | Columbia.com,35,USD,jsonld_offer_price
columbia,1594632,A_2018_2020,201912,20191205152524,https://web.archive.org/web/20191205152524/https://www.columbia.com/little-kids-techsun-vent-sandal-1594632.html,Little Kids' Techsun Vent Water Draining Shoe | Columbia.com,35.00,USD,json_price_field
columbia,1594632,B_2024_2026,202407,20240721072738,https://web.archive.org/web/20240721072738/https://www.columbia.com/p/little-kids-techsun-vent-sandal-1594632.html,Little Kids' Techsun™ Vent Sandal | Columbia Sportswear,30.00,USD,jsonld_offer_price
columbia,1594632,B_2024_2026,202504,20250421073954,https://web.archive.org/web/20250421073954/https://www.columbia.com/p/little-kids-techsun-vent-sandal-1594632.html?dwvar_1594632_color=325,Little Kids' Techsun™ Vent Sandal | Columbia Sportswear,40.00,USD,jsonld_offer_price
columbia,1594632,B_2024_2026,202506,20250618031943,https://web.archive.org/web/20250618031943/https://www.columbia.com/p/little-kids-techsun-vent-sandal-1594632.html?dwvar_1594632_color=055,Little Kids' Techsun Vent Ankle Strap Sandal | Columbia,40.00,USD,jsonld_offer_price
columbia,1594632,B_2024_2026,202507,20250718194054,https://web.archive.org/web/20250718194054/https://www.columbia.com/p/little-kids-techsun-vent-sandal-1594632.html,Little Kids' Techsun Vent Ankle Strap Sandal | Columbia,30.00,USD,jsonld_offer_price
columbia,1594632,B_2024_2026,202508,20250811072658,https://web.archive.org/web/20250811072658/https://www.columbia.com/p/little-kids-techsun-vent-sandal-1594632.html,Little Kids' Techsun Vent Ankle Strap Sandal | Columbia,20.00,USD,jsonld_offer_price
columbia,1594632,B_2024_2026,202511,20251114021809,https://web.archive.org/web/20251114021809/https://www.columbia.com/p/little-kids-techsun-vent-sandal-1594632.html?color=426,Little Kids' Techsun Vent Ankle Strap Sandal | Columbia,28.00,USD,jsonld_offer_price
columbia,1441706,A_2018_2020,201802,20180227133551,https://web.archive.org/web/20180227133551/https://www.columbia.com/mens-silver-ridge-cargo-short---big-1441706.html?cgid=shopToStay-protected&dwvar_1441706_variationColor=021,"Men’s Silver Ridge Cargo Short Pant, With Sun Protection | Columbia",50.00,USD,meta_product_price
columbia,1441706,A_2018_2020,201803,20180305015037,https://web.archive.org/web/20180305015037/https://www.columbia.com/mens-silver-ridge-cargo-short---big-1441706.html?cgid=men-bigTall-pantsShorts&dwvar_1441706_variationColor=021,"Men’s Silver Ridge Cargo Short Pant, With Sun Protection | Columbia",50.00,USD,meta_product_price
columbia,1441706,A_2018_2020,201908,20190818083523,https://web.archive.org/web/20190818083523/https://www.columbia.com/mens-silver-ridge-cargo-short---big-1441706.html,"Men’s Silver Ridge Cargo Short Pant, With Sun Protection | Columbia",50,USD,jsonld_offer_price
columbia,1441706,A_2018_2020,201910,20191017080826,https://web.archive.org/web/20191017080826/https://www.columbia.com/mens-silver-ridge-cargo-short---big-1441706.html?cgid=sale-men&dwvar_1441706_variationColor=028,"Men’s Silver Ridge Cargo Short Pant, With Sun Protection | Columbia",50,USD,jsonld_offer_price
columbia,1441706,A_2018_2020,201911,20191114192956,https://web.archive.org/web/20191114192956/https://www.columbia.com/mens-silver-ridge-cargo-short---big-1441706.html?cgid=men-pantsShorts-shorts&dwvar_1441706_variationColor=028,"Men’s Silver Ridge Cargo Short Pant, With Sun Protection | Columbia",50,USD,jsonld_offer_price
columbia,1441706,A_2018_2020,201912,20191210072201,https://web.archive.org/web/20191210072201/https://www.columbia.com/mens-silver-ridge-cargo-short---big-1441706.html,"Men’s Silver Ridge Cargo Short Pant, With Sun Protection | Columbia",50,USD,jsonld_offer_price
columbia,1441706,B_2024_2026,202407,20240723113118,https://web.archive.org/web/20240723113118/https://www.columbia.com/p/mens-silver-ridge-cargo-short---big-1441706.html?dwvar_1441706_color=010,Men's Silver Ridge™ Cargo Short - Big | Columbia Sportswear,50.00,USD,jsonld_offer_price
columbia,1441706,B_2024_2026,202408,20240803031419,https://web.archive.org/web/20240803031419/https://www.columbia.com/p/mens-silver-ridge-cargo-short---big-1441706.html,Men's Silver Ridge™ Cargo Short - Big | Columbia Sportswear,50.00,USD,jsonld_offer_price
columbia,1441706,B_2024_2026,202504,20250424130237,https://web.archive.org/web/20250424130237/https://www.columbia.com/p/mens-silver-ridge-cargo-short---big-1441706.html?cgid=men&dwvar_1441706_variationColor=339,Men's Silver Ridge™ Cargo Short - Big | Columbia Sportswear,50.00,,itemprop_price
columbia,1441706,B_2024_2026,202505,20250518165321,https://web.archive.org/web/20250518165321/https://www.columbia.com/p/mens-silver-ridge-cargo-short---big-1441706.html?dwvar_1441706_color=160,"Men’s Silver Ridge Cargo Shorts Pants, With Sun Protection",50.00,USD,jsonld_offer_price
columbia,1441706,B_2024_2026,202507,20250712034119,https://web.archive.org/web/20250712034119/https://www.columbia.com/p/mens-silver-ridge-cargo-short---big-1441706.html,"Men’s Silver Ridge Cargo Shorts Pants, With Sun Protection",37.50,USD,jsonld_offer_price
columbia,1441706,B_2024_2026,202510,20251016185521,https://web.archive.org/web/20251016185521/https://www.columbia.com/p/mens-silver-ridge-cargo-short---big-1441706.html?color=028,"Men’s Silver Ridge Cargo Shorts Pants, With Sun Protection",0.00,USD,jsonld_offer_price
columbia,1639262,A_2018_2020,201802,20180219020910,https://web.archive.org/web/20180219020910/https://www.columbia.com/mens-steens-mountain-fleece-vest---big-1639262.html,Men’s Steens Mountain Warm Fleece Vest Big | Columbia.com,34.99,USD,meta_product_price
columbia,1639262,A_2018_2020,201803,20180304212547,https://web.archive.org/web/20180304212547/https://www.columbia.com/mens-steens-mountain-fleece-vest---big-1639262.html?cgid=fleece&dwvar_1639262_variationColor=225,,,,fetch_failed
columbia,1639262,A_2018_2020,201907,20190718121223,https://web.archive.org/web/20190718121223/https://www.columbia.com/mens-steens-mountain-fleece-vest---big-1639262.html,Men’s Steens Mountain Warm Fleece Vest Big | Columbia.com,50,USD,jsonld_offer_price
columbia,1639262,A_2018_2020,201909,20190917002256,https://web.archive.org/web/20190917002256/https://www.columbia.com/mens-steens-mountain-fleece-vest---big-1639262.html?dwvar_1639262_variationColor=221&cgid=activity-hiking-vests,Men’s Steens Mountain Warm Fleece Vest Big | Columbia.com,35,USD,jsonld_offer_price
columbia,1639262,A_2018_2020,201911,20191120205148,https://web.archive.org/web/20191120205148/https://www.columbia.com/mens-steens-mountain-fleece-vest---big-1639262.html,Men’s Steens Mountain Warm Fleece Vest Big | Columbia.com,35,USD,jsonld_offer_price
columbia,1639262,A_2018_2020,201912,20191210043957,https://web.archive.org/web/20191210043957/https://www.columbia.com/mens-steens-mountain-fleece-vest---big-1639262.html?dwvar_1639262_variationColor=494,Men’s Steens Mountain Warm Fleece Vest Big | Columbia.com,35,USD,jsonld_offer_price
columbia,1639262,B_2024_2026,202406,20240619201108,https://web.archive.org/web/20240619201108/https://www.columbia.com/p/mens-steens-mountain-fleece-vest---big-1639262.html?dwvar_1639262_color=221,Men’s Steens Mountain™ Fleece Vest - Big | Columbia Sportswear,39.99,USD,jsonld_offer_price
columbia,1639262,B_2024_2026,202407,20240718231746,https://web.archive.org/web/20240718231746/https://www.columbia.com/p/mens-steens-mountain-fleece-vest---big-1639262.html?dwvar_1639262_color=397,Men’s Steens Mountain™ Fleece Vest - Big,29.99,USD,jsonld_offer_price
columbia,1639262,B_2024_2026,202501,20250117015328,https://web.archive.org/web/20250117015328/https://www.columbia.com/p/mens-steens-mountain-fleece-vest---big-1639262.html?dwvar_1639262_color=464,Men's Steens Mountain™ Fleece Vest - Big | Columbia Sportswear,40.00,USD,jsonld_offer_price
columbia,1639262,B_2024_2026,202502,20250210025929,https://web.archive.org/web/20250210025929/https://www.columbia.com/p/mens-steens-mountain-fleece-vest---big-1639262.html?dwvar_1639262_color=464&dwvar_1639262_size=1X,Men's Steens Mountain™ Fleece Vest - Big | Columbia Sportswear,40.00,USD,jsonld_offer_price
columbia,1639262,B_2024_2026,202503,20250321132050,https://web.archive.org/web/20250321132050/https://www.columbia.com/p/mens-steens-mountain-fleece-vest---big-1639262.html?dwvar_1639262_color=271,Men's Steens Mountain™ Fleece Vest - Big | Columbia Sportswear,40.00,USD,jsonld_offer_price
columbia,1639262,B_2024_2026,202504,20250419214417,https://web.archive.org/web/20250419214417/https://www.columbia.com/p/mens-steens-mountain-fleece-vest---big-1639262.html?dwvar_1639262_color=030,Men's Steens Mountain™ Fleece Vest - Big | Columbia Sportswear,32.00,USD,jsonld_offer_price
columbia,1639262,B_2024_2026,202505,20250515064507,https://web.archive.org/web/20250515064507/https://www.columbia.com/p/mens-steens-mountain-fleece-vest---big-1639262.html?dwvar_1639262_variationColor=030&cgid=men-jacketsVests-vests,Men's Steens Mountain™ Fleece Vest - Big | Columbia Sportswear,24.00,,itemprop_price
columbia,1639262,B_2024_2026,202506,20250623035855,https://web.archive.org/web/20250623035855/https://www.columbia.com/p/mens-steens-mountain-fleece-vest---big-1639262.html?dwvar_1639262_color=010,Men’s Steens Mountain Warm Fleece Vest Big | Columbia,40.00,USD,jsonld_offer_price
columbia,1639262,B_2024_2026,202507,20250714214755,https://web.archive.org/web/20250714214755/https://www.columbia.com/p/mens-steens-mountain-fleece-vest---big-1639262.html?dwvar_1639262_color=010&dwvar_1639262_size=1X,Men’s Steens Mountain Warm Fleece Vest Big | Columbia,40.00,USD,jsonld_offer_price
columbia,1639262,B_2024_2026,202508,20250804090823,https://web.archive.org/web/20250804090823/https://www.columbia.com/p/mens-steens-mountain-fleece-vest---big-1639262.html?dwvar_1639262_color=028&dwvar_1639262_size=2X,Men’s Steens Mountain Warm Fleece Vest Big | Columbia,60.00,USD,jsonld_offer_price
columbia,1639262,B_2024_2026,202509,20250917081540,https://web.archive.org/web/20250917081540/https://www.columbia.com/p/mens-steens-mountain-fleece-vest---big-1639262.html?color=028&size=4X,Men’s Steens Mountain Warm Fleece Vest Big | Columbia,42.00,USD,jsonld_offer_price
columbia,1639262,B_2024_2026,202510,20251020042233,https://web.archive.org/web/20251020042233/https://www.columbia.com/p/mens-steens-mountain-fleece-vest---big-1639262.html,,,,no_price_found
columbia,1639263,A_2018_2020,201802,20180212195440,https://web.archive.org/web/20180212195440/https://www.columbia.com/mens-steens-mountain-fleece-vest---tall-1639263.html?dwvar_1639263_variationColor=011,Men’s Steens Mountain Warm Fleece Vest Tall | Columbia.com,34.99,USD,meta_product_price
columbia,1639263,A_2018_2020,201803,20180305192526,https://web.archive.org/web/20180305192526/https://www.columbia.com/mens-steens-mountain-fleece-vest---tall-1639263.html,Men’s Steens Mountain Warm Fleece Vest Tall | Columbia.com,34.99,USD,meta_product_price
columbia,1639263,A_2018_2020,201908,20190822201322,https://web.archive.org/web/20190822201322/https://www.columbia.com/mens-steens-mountain-fleece-vest---tall-1639263.html,Men’s Steens Mountain Warm Fleece Vest Tall | Columbia.com,35,USD,jsonld_offer_price
columbia,1639263,A_2018_2020,201909,20190919132518,https://web.archive.org/web/20190919132518/https://www.columbia.com/mens-steens-mountain-fleece-vest---tall-1639263.html?dwvar_1639263_variationColor=494,Men’s Steens Mountain Warm Fleece Vest Tall | Columbia.com,35,USD,jsonld_offer_price
columbia,1639263,A_2018_2020,201911,20191114015403,https://web.archive.org/web/20191114015403/https://www.columbia.com/mens-steens-mountain-fleece-vest---tall-1639263.html?cgid=activity-hiking-vests&dwvar_1639263_variationColor=010,Men’s Steens Mountain Warm Fleece Vest Tall | Columbia.com,35,USD,jsonld_offer_price
columbia,1639263,A_2018_2020,201912,20191213234321,https://web.archive.org/web/20191213234321/https://www.columbia.com/mens-steens-mountain-fleece-vest---tall-1639263.html,Men’s Steens Mountain Warm Fleece Vest Tall | Columbia.com,35,USD,jsonld_offer_price
columbia,1639263,B_2024_2026,202406,20240614091139,https://web.archive.org/web/20240614091139/https://www.columbia.com/p/mens-steens-mountain-fleece-vest---tall-1639263.html?dwvar_1639263_color=010,Men’s Steens Mountain™ Fleece Vest - Tall | Columbia Sportswear,39.99,USD,jsonld_offer_price
columbia,1639263,B_2024_2026,202407,20240721092628,https://web.archive.org/web/20240721092628/https://www.columbia.com/p/mens-steens-mountain-fleece-vest---tall-1639263.html?dwvar_1639263_color=030,Access to this page has been denied.,,,no_price_found
columbia,1639263,B_2024_2026,202408,20240804134419,https://web.archive.org/web/20240804134419/https://www.columbia.com/p/mens-steens-mountain-fleece-vest---tall-1639263.html,Men’s Steens Mountain™ Fleece Vest - Tall,40.00,USD,jsonld_offer_price
columbia,1639263,B_2024_2026,202501,20250118134750,https://web.archive.org/web/20250118134750/https://www.columbia.com/p/mens-steens-mountain-fleece-vest---tall-1639263.html?dwvar_1639263_color=028,Men's Steens Mountain™ Fleece Vest - Tall | Columbia Sportswear,24.00,USD,jsonld_offer_price
columbia,1639263,B_2024_2026,202503,20250321130407,https://web.archive.org/web/20250321130407/https://www.columbia.com/p/mens-steens-mountain-fleece-vest---tall-1639263.html?dwvar_1639263_color=271,Men's Steens Mountain™ Fleece Vest - Tall | Columbia Sportswear,40.00,USD,jsonld_offer_price
columbia,1639263,B_2024_2026,202505,20250513224707,https://web.archive.org/web/20250513224707/https://www.columbia.com/p/mens-steens-mountain-fleece-vest---tall-1639263.html?dwvar_1639263_color=010,Men’s Steens Mountain Warm Fleece Vest Tall | Columbia,40.00,USD,jsonld_offer_price
columbia,1639263,B_2024_2026,202506,20250613033534,https://web.archive.org/web/20250613033534/https://www.columbia.com/p/mens-steens-mountain-fleece-vest---tall-1639263.html?dwvar_1639263_color=030&dwvar_1639263_size=2XT,Men’s Steens Mountain Warm Fleece Vest Tall | Columbia,30.00,USD,jsonld_offer_price
columbia,1639263,B_2024_2026,202507,20250716083142,https://web.archive.org/web/20250716083142/https://www.columbia.com/p/mens-steens-mountain-fleece-vest---tall-1639263.html,Men’s Steens Mountain Warm Fleece Vest Tall | Columbia,40.00,USD,jsonld_offer_price
columbia,1639263,B_2024_2026,202508,20250815123441,https://web.archive.org/web/20250815123441/https://www.columbia.com/p/mens-steens-mountain-fleece-vest---tall-1639263.html?dwvar_1639263_color=030&dwvar_1639263_size=5XT,Men’s Steens Mountain Warm Fleece Vest Tall | Columbia,60.00,USD,jsonld_offer_price
columbia,1639263,B_2024_2026,202509,20250914023759,https://web.archive.org/web/20250914023759/https://www.columbia.com/p/mens-steens-mountain-fleece-vest---tall-1639263.html?color=028&size=2XT,Men’s Steens Mountain Warm Fleece Vest Tall | Columbia,42.00,USD,jsonld_offer_price
columbia,1639263,B_2024_2026,202510,20251020042233,https://web.archive.org/web/20251020042233/https://www.columbia.com/p/mens-steens-mountain-fleece-vest---tall-1639263.html,,,,no_price_found
columbia,1639263,B_2024_2026,202511,20251108132159,https://web.archive.org/web/20251108132159/https://www.columbia.com/p/mens-steens-mountain-fleece-vest---tall-1639263.html?color=030&size=3XT,Men’s Steens Mountain Warm Fleece Vest Tall | Columbia,27.98,USD,jsonld_offer_price
columbia,1538022,A_2018_2020,201802,20180212145948,https://web.archive.org/web/20180212145948/https://www.columbia.com/on/demandware.store/Sites-Columbia_US-Site/en_US/Product-Variation?dwvar_1538022_variationColor=010&dwvar_1538022_variationSize=2X&pid=1538022,Sites-Columbia_US-Site,60.00,USD,meta_product_price
columbia,1538022,A_2018_2020,201803,20180306131206,https://web.archive.org/web/20180306131206/https://www.columbia.com/on/demandware.store/Sites-Columbia_US-Site/en_US/Product-Variation?dwvar_1538022_variationColor=853&dwvar_1538022_variationSize=1X&pid=1538022,Sites-Columbia_US-Site,60.00,USD,meta_product_price
columbia,1538022,A_2018_2020,201907,20190717191142,https://web.archive.org/web/20190717191142/https://www.columbia.com/womens-pfg-freezer-iii-dress---plus-size-1538022.html,Women’s PFG Freezer II Cooling Dress - Plus Size | Columbia.com,60,USD,jsonld_offer_price
columbia,1538022,A_2018_2020,201910,20191014125020,https://web.archive.org/web/20191014125020/https://www.columbia.com/womens-pfg-freezer-iii-dress---plus-size-1538022.html?cgid=sale-women&dwvar_1538022_variationColor=010,Women’s PFG Freezer II Cooling Dress - Plus Size | Columbia.com,60.00,USD,json_price_field
columbia,1538022,A_2018_2020,201911,20191120202101,https://web.archive.org/web/20191120202101/https://www.columbia.com/womens-pfg-freezer-iii-dress---plus-size-1538022.html,Women’s PFG Freezer II Cooling Dress - Plus Size | Columbia.com,60,USD,jsonld_offer_price
columbia,1538022,A_2018_2020,201912,20191212165936,https://web.archive.org/web/20191212165936/https://www.columbia.com/womens-pfg-freezer-iii-dress---plus-size-1538022.html?cgid=fathersDay&dwvar_1538022_variationColor=010,Women’s PFG Freezer II Cooling Dress - Plus Size | Columbia.com,60,USD,jsonld_offer_price
columbia,1538022,B_2024_2026,202406,20240618093814,https://web.archive.org/web/20240618093814/https://www.columbia.com/p/womens-pfg-freezer-iii---plus-size-1538022.html?dwvar_1538022_color=417&dwvar_1538022_size=1X,Women’s PFG Freezer™ III - Plus Size | Columbia Sportswear,55.00,USD,jsonld_offer_price
columbia,1538022,B_2024_2026,202407,20240721113402,https://web.archive.org/web/20240721113402/https://www.columbia.com/p/womens-pfg-freezer-iii---plus-size-1538022.html,Women’s PFG Freezer™ III - Plus Size | Columbia Sportswear,41.25,USD,jsonld_offer_price
columbia,1538022,B_2024_2026,202408,20240804044249,https://web.archive.org/web/20240804044249/https://www.columbia.com/p/womens-pfg-freezer-iii---plus-size-1538022.html,Women’s PFG Freezer™ III - Plus Size,55.00,USD,jsonld_offer_price
columbia,1538022,B_2024_2026,202412,20241206004700,https://web.archive.org/web/20241206004700/https://www.columbia.com/p/womens-pfg-freezer-iii---plus-size-1538022.html,Women’s PFG Freezer™ III - Plus Size | Columbia Sportswear,55.00,USD,jsonld_offer_price
columbia,1538022,B_2024_2026,202501,20250119103654,https://web.archive.org/web/20250119103654/https://www.columbia.com/p/womens-pfg-freezer-iii---plus-size-1538022.html,Women’s PFG Freezer™ III - Plus Size | Columbia Sportswear,55.00,USD,jsonld_offer_price
columbia,1538022,B_2024_2026,202502,20250225184341,https://web.archive.org/web/20250225184341/https://www.columbia.com/p/womens-pfg-freezer-iii---plus-size-1538022.html?mid=affiliate&eid=cj&uid=11554828&nid=6415797&cjevent=442c3879f3a811ef829c00c40a18b8f8,Women’s PFG Freezer™ III - Plus Size | Columbia Sportswear,55.00,USD,jsonld_offer_price
columbia,1538022,B_2024_2026,202504,20250420030524,https://web.archive.org/web/20250420030524/https://www.columbia.com/p/womens-pfg-freezer-iii---plus-size-1538022.html?dwvar_1538022_color=010,Women’s PFG Freezer™ III - Plus Size | Columbia Sportswear,44.00,USD,jsonld_offer_price
columbia,1538022,B_2024_2026,202506,20250623025556,https://web.archive.org/web/20250623025556/https://www.columbia.com/p/womens-pfg-freezer-iii---plus-size-1538022.html,Women’s PFG Freezer II Cooling Dress - Plus Size | Columbia,55.00,USD,jsonld_offer_price
columbia,1538022,B_2024_2026,202507,20250716134556,https://web.archive.org/web/20250716134556/https://www.columbia.com/p/womens-pfg-freezer-iii---plus-size-1538022.html,Women’s PFG Freezer II Cooling Dress - Plus Size | Columbia,55.00,USD,jsonld_offer_price
columbia,1538022,B_2024_2026,202509,20250912122627,https://web.archive.org/web/20250912122627/https://www.columbia.com/p/womens-pfg-freezer-iii---plus-size-1538022.html?color=417,Women’s PFG Freezer II Cooling Dress - Plus Size | Columbia,27.50,USD,jsonld_offer_price
columbia,1538022,B_2024_2026,202510,20251011073832,https://web.archive.org/web/20251011073832/https://www.columbia.com/p/womens-pfg-freezer-iii---plus-size-1538022.html?color=851,Women’s PFG Freezer II Cooling Dress - Plus Size | Columbia,20.00,USD,jsonld_offer_price
columbia,1538022,B_2024_2026,202511,20251106202606,https://web.archive.org/web/20251106202606/https://www.columbia.com/p/womens-pfg-freezer-iii---plus-size-1538022.html?color=432,Women’s PFG Freezer II Cooling Dress - Plus Size | Columbia,20.00,USD,jsonld_offer_price
columbia,1577663,A_2018_2020,201801,20180125233010,https://web.archive.org/web/20180125233010/https://www.columbia.com/on/demandware.store/Sites-Columbia_US-Site/en_US/Product-Variation?dwvar_1577663_variationColor=469&dwvar_1577663_variationSize=1X&pid=1577663,Sites-Columbia_US-Site,40.00,USD,meta_product_price
columbia,1577663,A_2018_2020,201802,20180205025950,https://web.archive.org/web/20180205025950/https://www.columbia.com/womens-tidal-tee-ii-long-sleeve-shirt---plus-size-1577663.html?cgid=women-plusSizes&dwvar_1577663_variationColor=314,,,,fetch_failed
columbia,1577663,A_2018_2020,201803,20180310171932,https://web.archive.org/web/20180310171932/https://www.columbia.com/womens-tidal-tee-ii-long-sleeve-shirt---plus-size-1577663.html?cgid=women-plusSizes-tops&dwvar_1577663_variationColor=674,Columbia | Women’s Tidal Tee II Long Sleeve Wicking Sun Shading Shirt - Plus Size,40.00,USD,meta_product_price
columbia,1577663,A_2018_2020,201907,20190718120111,https://web.archive.org/web/20190718120111/https://www.columbia.com/womens-pfg-tidal-tee-ii-long-sleeve---plus-size-1577663.html,Columbia | Women’s Tidal Tee II Long Sleeve Wicking Sun Shading Shirt - Plus Size,40,USD,jsonld_offer_price
columbia,1577663,A_2018_2020,201910,20191020110337,https://web.archive.org/web/20191020110337/https://www.columbia.com/womens-pfg-tidal-tee-ii-long-sleeve---plus-size-1577663.html?dwvar_1577663_variationColor=459,Columbia | Women’s Tidal Tee II Long Sleeve Wicking Sun Shading Shirt - Plus Size,40.00,USD,json_price_field
columbia,1577663,A_2018_2020,201911,20191120203618,https://web.archive.org/web/20191120203618/https://www.columbia.com/womens-pfg-tidal-tee-ii-long-sleeve---plus-size-1577663.html,Columbia | Women’s Tidal Tee II Long Sleeve Wicking Sun Shading Shirt - Plus Size,40,USD,jsonld_offer_price
columbia,1577663,A_2018_2020,201912,20191210015549,https://web.archive.org/web/20191210015549/https://www.columbia.com/womens-pfg-tidal-tee-ii-long-sleeve---plus-size-1577663.html?dwvar_1577663_variationColor=709&cgid=women-tops-fishing,,,,fetch_failed
columbia,1577663,B_2024_2026,202406,20240613191917,https://web.archive.org/web/20240613191917/https://www.columbia.com/p/womens-pfg-tidal-tee-ii-long-sleeve-shirt---plus-size-1577663.html,Women's PFG Tidal Tee™ II Long Sleeve Shirt - Plus Size | Columbia Sportswear,30.00,USD,jsonld_offer_price
columbia,1577663,B_2024_2026,202501,20250125200846,https://web.archive.org/web/20250125200846/https://www.columbia.com/p/womens-pfg-tidal-tee-ii-long-sleeve-shirt---plus-size-1577663.html,Women's PFG Tidal Tee™ II Long Sleeve Shirt - Plus Size | Columbia Sportswear,40.00,USD,jsonld_offer_price
columbia,1577663,B_2024_2026,202502,20250207085954,https://web.archive.org/web/20250207085954/https://www.columbia.com/p/womens-pfg-tidal-tee-ii-long-sleeve-shirt---plus-size-1577663.html,Women's PFG Tidal Tee™ II Long Sleeve Shirt - Plus Size | Columbia Sportswear,40.00,USD,jsonld_offer_price
columbia,1577663,B_2024_2026,202503,20250318205958,https://web.archive.org/web/20250318205958/https://www.columbia.com/p/womens-pfg-tidal-tee-ii-long-sleeve-shirt---plus-size-1577663.html?dwvar_1577663_color=029&dwvar_1577663_size=2X,Women's PFG Tidal Tee™ II Long Sleeve Shirt - Plus Size | Columbia Sportswear,40.00,USD,jsonld_offer_price
columbia,1577663,B_2024_2026,202504,20250423212105,https://web.archive.org/web/20250423212105/https://www.columbia.com/p/womens-pfg-tidal-tee-ii-long-sleeve-shirt---plus-size-1577663.html,Women's PFG Tidal Tee™ II Long Sleeve Shirt - Plus Size | Columbia Sportswear,20.00,USD,jsonld_offer_price
columbia,1577663,B_2024_2026,202505,20250515090502,https://web.archive.org/web/20250515090502/https://www.columbia.com/p/womens-pfg-tidal-tee-ii-long-sleeve-shirt---plus-size-1577663.html?dwvar_1577663_color=675,Women’s Tidal Tee II Long Sleeve Wicking Sun Shading Shirt - Plus Size | Columbia,40.00,USD,jsonld_offer_price
columbia,1618262,A_2018_2020,201802,20180211050053,https://web.archive.org/web/20180211050053/https://www.columbia.com/on/demandware.store/Sites-Columbia_US-Site/en_US/Product-Variation?dwvar_1618262_variationColor=015&dwvar_1618262_variationSize=4T&pid=1618262,Sites-Columbia_US-Site,27.99,USD,meta_product_price
columbia,1618262,A_2018_2020,201803,20180306131824,https://web.archive.org/web/20180306131824/https://www.columbia.com/on/demandware.store/Sites-Columbia_US-Site/en_US/Product-Variation?dwvar_1618262_variationColor=015&dwvar_1618262_variationSize=3T&pid=1618262,Sites-Columbia_US-Site,27.99,USD,meta_product_price
columbia,1618262,A_2018_2020,201909,20190918004352,https://web.archive.org/web/20190918004352/https://www.columbia.com/boys-toddler-zing-iii-fleece-1618262.html?dwvar_1618262_variationColor=018&cgid=activity-hunting-jackets,Toddler Boy’s Zing III Fleece With Hand Pockets | Columbia.com,28,USD,jsonld_offer_price
columbia,1618262,A_2018_2020,201910,20191016164347,https://web.archive.org/web/20191016164347/https://www.columbia.com/boys-toddler-zing-iii-fleece-jacket-1618262.html,Toddler Boy’s Zing III Fleece With Hand Pockets | Columbia.com,27.99,USD,json_price_field
columbia,1618262,A_2018_2020,201911,20191122145928,https://web.archive.org/web/20191122145928/https://www.columbia.com/boys-toddler-zing-iii-fleece-jacket-1618262.html?dwvar_1618262_variationColor=615,Toddler Boy’s Zing III Fleece With Hand Pockets | Columbia.com,28,USD,jsonld_offer_price
columbia,1618262,A_2018_2020,201912,20191214204656,https://web.archive.org/web/20191214204656/https://www.columbia.com/boys-toddler-zing-iii-fleece-jacket-1618262.html,Toddler Boy’s Zing III Fleece With Hand Pockets | Columbia.com,28,USD,jsonld_offer_price
columbia,1618262,B_2024_2026,202408,20240810113456,https://web.archive.org/web/20240810113456/https://www.columbia.com/p/boys-toddler-zing-iii-fleece-jacket-1618262.html?dwvar_1618262_color=005,Boys’ Toddler Zing™ III Fleece Jacket,33.00,USD,jsonld_offer_price
columbia,1618262,B_2024_2026,202412,20241206084428,https://web.archive.org/web/20241206084428/https://www.columbia.com/p/boys-toddler-zing-iii-fleece-jacket-1618262.html?dwvar_1618262_color=474,Boys' Toddler Zing™ III Fleece Jacket | Columbia Sportswear,24.75,USD,jsonld_offer_price
columbia,1618262,B_2024_2026,202501,20250115221525,https://web.archive.org/web/20250115221525/https://www.columbia.com/p/boys-toddler-zing-iii-fleece-jacket-1618262.html?dwvar_1618262_color=474&dwvar_1618262_size=2T,Boys' Toddler Zing™ III Fleece Jacket | Columbia Sportswear,24.75,USD,jsonld_offer_price
columbia,1618262,B_2024_2026,202503,20250325222011,https://web.archive.org/web/20250325222011/https://www.columbia.com/p/boys-toddler-zing-iii-fleece-jacket-1618262.html,Boys' Toddler Zing™ III Fleece Jacket | Columbia Sportswear,24.75,USD,jsonld_offer_price
columbia,1618262,B_2024_2026,202504,20250419060511,https://web.archive.org/web/20250419060511/https://www.columbia.com/p/boys-toddler-zing-iii-fleece-jacket-1618262.html,Boys' Toddler Zing™ III Fleece Jacket | Columbia Sportswear,26.40,USD,jsonld_offer_price
columbia,1618262,B_2024_2026,202507,20250717034245,https://web.archive.org/web/20250717034245/https://www.columbia.com/p/boys-toddler-zing-iii-fleece-jacket-1618262.html?dwvar_1618262_color=003,Boys' Toddler Zing III Fleece Jacket | Columbia,35.00,USD,jsonld_offer_price
columbia,1618262,B_2024_2026,202509,20250914203832,https://web.archive.org/web/20250914203832/https://www.columbia.com/p/boys-toddler-zing-iii-fleece-jacket-1618262.html?color=007,Boys' Toddler Zing III Fleece Jacket | Columbia,31.50,USD,jsonld_offer_price
columbia,1618262,B_2024_2026,202511,20251123161324,https://web.archive.org/web/20251123161324/https://www.columbia.com/p/boys-toddler-zing-iii-fleece-jacket-1618262.html,,,,no_price_found
columbia,1714811,A_2018_2020,201801,20180127003022,https://web.archive.org/web/20180127003022/https://www.columbia.com/pfg-mesh-snap-back-ball-cap-1714811.html?cgid=activity-fishing&dwvar_1714811_variationColor=100,PFG Mesh Snap Back Fishing Ball Cap | Columbia.com,25.00,USD,meta_product_price
columbia,1714811,A_2018_2020,201802,20180219024214,https://web.archive.org/web/20180219024214/https://www.columbia.com/pfg-mesh-snap-back-ball-cap-1714811.html,PFG Mesh Snap Back Fishing Ball Cap | Columbia.com,25.00,USD,meta_product_price
columbia,1714811,A_2018_2020,201803,20180306233539,https://web.archive.org/web/20180306233539/https://www.columbia.com/pfg-mesh-snap-back-ball-cap-1714811.html?cgid=men-accessories&dwvar_1714811_variationColor=488,PFG Mesh Snap Back Fishing Ball Cap | Columbia.com,25.00,USD,meta_product_price
columbia,1714811,A_2018_2020,201909,20190919184132,https://web.archive.org/web/20190919184132/https://www.columbia.com/pfg-mesh-snap-back-ball-cap-1714811.html?cgid=women-accessories&dwvar_1714811_variationColor=453,PFG Mesh Snap Back Fishing Ball Cap | Columbia.com,25,USD,jsonld_offer_price
columbia,1714811,A_2018_2020,201911,20191121132825,https://web.archive.org/web/20191121132825/https://www.columbia.com/pfg-mesh-snap-back-ball-cap-1714811.html,PFG Mesh Snap Back Fishing Ball Cap | Columbia.com,25,USD,jsonld_offer_price
columbia,1714811,A_2018_2020,201912,20191208060515,https://web.archive.org/web/20191208060515/https://www.columbia.com/pfg-mesh-snap-back-ball-cap-1714811.html?cgid=activity-fishing-accessories&dwvar_1714811_variationColor=696,PFG Mesh Snap Back Fishing Ball Cap | Columbia.com,25,USD,jsonld_offer_price
columbia,1714811,B_2024_2026,202406,20240615082101,https://web.archive.org/web/20240615082101/https://www.columbia.com/p/pfg-logo-mesh-snapback---high-crown-1714811.html?dwvar_1714811_color=016&dwvar_1714811_size=O%2FS,,,,fetch_failed
columbia,1714811,B_2024_2026,202407,20240718023147,https://web.archive.org/web/20240718023147/https://www.columbia.com/p/pfg-logo-mesh-snapback---high-crown-1714811.html?dwvar_1714811_color=016,PFG Logo™ Mesh Snapback - High Crown | Columbia Sportswear,30.00,USD,jsonld_offer_price
columbia,1714811,B_2024_2026,202408,20240816033718,https://web.archive.org/web/20240816033718/https://www.columbia.com/p/pfg-logo-mesh-snapback---high-crown-1714811.html?dwvar_1714811_variationColor=014,PFG Logo™ Mesh Snapback - High Crown | Columbia Sportswear,30.00,USD,jsonld_offer_price
columbia,1714811,B_2024_2026,202412,20241211035828,https://web.archive.org/web/20241211035828/https://www.columbia.com/p/pfg-logo-mesh-snapback-1714811.html?dwvar_1714811_color=032&dwvar_1714811_size=O%2FS,PFG Logo™ Mesh Snapback | Columbia Sportswear,30.00,USD,jsonld_offer_price
columbia,1714811,B_2024_2026,202501,20250122233810,https://web.archive.org/web/20250122233810/https://www.columbia.com/p/pfg-logo-mesh-snapback-1714811.html?dwvar_1714811_color=032&dwvar_1714811_size=O%2FS&quantity=1,PFG Logo™ Mesh Snapback | Columbia Sportswear,30.00,USD,jsonld_offer_price
columbia,1714811,B_2024_2026,202502,20250212051919,https://web.archive.org/web/20250212051919/https://www.columbia.com/p/pfg-logo-mesh-snapback-1714811.html?dwvar_1714811_color=031&dwvar_1714811_size=O%2FS&quantity=1,PFG Logo™ Mesh Snapback | Columbia Sportswear,30.00,USD,jsonld_offer_price
columbia,1714811,B_2024_2026,202506,20250623034944,https://web.archive.org/web/20250623034944/https://www.columbia.com/p/pfg-logo-mesh-snapback-1714811.html?dwvar_1714811_color=031&dwvar_1714811_size=O%2FS,PFG Mesh Snap Back Fishing Ball Cap | Columbia,30.00,USD,jsonld_offer_price
columbia,1714811,B_2024_2026,202507,20250716014211,https://web.archive.org/web/20250716014211/https://www.columbia.com/p/pfg-logo-mesh-snapback-1714811.html?dwvar_1714811_color=445,PFG Mesh Snap Back Fishing Ball Cap | Columbia,30.00,USD,jsonld_offer_price
columbia,1714811,B_2024_2026,202510,20251016191201,https://web.archive.org/web/20251016191201/https://www.columbia.com/p/pfg-logo-mesh-snapback-1714811.html?color=031,PFG Mesh Snap Back Fishing Ball Cap | Columbia,30.00,USD,jsonld_offer_price
columbia,1579861,A_2018_2020,201801,20180125073938,https://web.archive.org/web/20180125073938/https://www.columbia.com/womens-saturday-trail-stretch-pant-1579861.html?cgid=technology-omniShield&dwvar_1579861_variationColor=010,Women’s Saturday Trail Straight-Legged Pant | Columbia.com,60.00,USD,meta_product_price
columbia,1579861,A_2018_2020,201802,20180216052529,https://web.archive.org/web/20180216052529/https://www.columbia.com/womens-saturday-trail-stretch-pant-1579861.html?cgid=giftGuide-giftsUnder%24100&dwvar_1579861_variationColor=245,Women’s Saturday Trail Straight-Legged Pant | Columbia.com,60.00,USD,meta_product_price
columbia,1579861,A_2018_2020,201908,20190822202401,https://web.archive.org/web/20190822202401/https://www.columbia.com/womens-saturday-trail-stretch-pant-1579861.html,Women’s Saturday Trail Straight-Legged Pant | Columbia.com,60,USD,jsonld_offer_price
columbia,1579861,A_2018_2020,201909,20190919210120,https://web.archive.org/web/20190919210120/https://www.columbia.com/womens-saturday-trail-stretch-pant-1579861.html?cgid=topRated&dwvar_1579861_variationColor=265,Women’s Saturday Trail Straight-Legged Pant | Columbia.com,60,USD,jsonld_offer_price
columbia,1579861,A_2018_2020,201910,20191021204242,https://web.archive.org/web/20191021204242/https://www.columbia.com/womens-saturday-trail-stretch-pant-1579861.html?cgid=sale-women&dwvar_1579861_variationColor=265,Women’s Saturday Trail Straight-Legged Pant | Columbia.com,60.00,USD,json_price_field
columbia,1579861,A_2018_2020,201911,20191129075442,https://web.archive.org/web/20191129075442/https://www.columbia.com/womens-saturday-trail-stretch-pant-1579861.html,Women’s Saturday Trail Straight-Legged Pant | Columbia.com,60,USD,jsonld_offer_price
columbia,1579861,A_2018_2020,201912,20191213235637,https://web.archive.org/web/20191213235637/https://www.columbia.com/womens-saturday-trail-stretch-pant-1579861.html,Women’s Saturday Trail Straight-Legged Pant | Columbia.com,60,USD,jsonld_offer_price
columbia,1579861,A_2018_2020,202001,20200114122547,https://web.archive.org/web/20200114122547/https://www.columbia.com/on/demandware.store/Sites-Columbia_US-Site/en_US/Product-AllSizeSearch?pid=1579861,,,,no_price_found
columbia,1579861,B_2024_2026,202406,20240605172210,https://web.archive.org/web/20240605172210/https://www.columbia.com/p/womens-saturday-trail-stretch-pants-1579861.html,Women's Saturday Trail™ Stretch Pants | Columbia Sportswear,52.50,USD,jsonld_offer_price
columbia,1579861,B_2024_2026,202407,20240714044833,https://web.archive.org/web/20240714044833/https://www.columbia.com/p/womens-saturday-trail-stretch-pants-1579861.html,Women's Saturday Trail™ Stretch Pants | Columbia Sportswear,70.00,USD,jsonld_offer_price
columbia,1579861,B_2024_2026,202408,20240816041114,https://web.archive.org/web/20240816041114/https://www.columbia.com/p/womens-saturday-trail-stretch-pants-1579861.html?dwvar_1579861_color=010,Women's Saturday Trail™ Stretch Pants | Columbia Sportswear,70.00,USD,jsonld_offer_price
columbia,1579861,B_2024_2026,202509,20250916133351,https://web.archive.org/web/20250916133351/https://www.columbia.com/p/womens-saturday-trail-stretch-pants-1579861.html?color=265&dimension=S&size=10,Women’s Saturday Trail Straight-Legged Pants,0.00,USD,jsonld_offer_price
columbia,1579861,B_2024_2026,202510,20251013100443,https://web.archive.org/web/20251013100443/https://www.columbia.com/p/womens-saturday-trail-stretch-pants-1579861.html?color=265&dimension=S&size=10,Women’s Saturday Trail Straight-Legged Pants,0.00,USD,jsonld_offer_price
columbia,1579861,B_2024_2026,202511,20251106210122,https://web.archive.org/web/20251106210122/https://www.columbia.com/p/womens-saturday-trail-stretch-pants-1579861.html,Women’s Saturday Trail Straight-Legged Pants,42.00,USD,jsonld_offer_price
columbia,1618263,A_2018_2020,201802,20180224175801,https://web.archive.org/web/20180224175801/https://www.columbia.com/boys-infant-zing-iii-fleece-1618263.html?cgid=kids-baby&dwvar_1618263_variationColor=939,Infant Boy’s Zing III Fleece With Hand Pockets | Columbia.com,24.99,USD,meta_product_price
columbia,1618263,A_2018_2020,201803,20180302155646,https://web.archive.org/web/20180302155646/https://www.columbia.com/boys-infant-zing-iii-fleece-1618263.html?dwvar_1618263_variationColor=939,,,,fetch_failed
columbia,1618263,A_2018_2020,201910,20191016181257,https://web.archive.org/web/20191016181257/https://www.columbia.com/boys-infant-zing-iii-printed-fleece-jacket-1618263.html,Infant Boy’s Zing III Fleece With Hand Pockets | Columbia.com,24.99,USD,json_price_field
columbia,1618263,A_2018_2020,201911,20191113152939,https://web.archive.org/web/20191113152939/https://www.columbia.com/boys-infant-zing-iii-printed-fleece-jacket-1618263.html,Infant Boy’s Zing III Fleece With Hand Pockets | Columbia.com,25,USD,jsonld_offer_price
columbia,1618263,A_2018_2020,201912,20191207061030,https://web.archive.org/web/20191207061030/https://www.columbia.com/boys-infant-zing-iii-printed-fleece-jacket-1618263.html?cgid=Camo&dwvar_1618263_variationColor=615,Infant Boy’s Zing III Fleece With Hand Pockets | Columbia.com,25,USD,jsonld_offer_price
columbia,1618263,B_2024_2026,202406,20240625182659,https://web.archive.org/web/20240625182659/https://www.columbia.com/p/boys-infant-zing-iii-printed-fleece-jacket-1618263.html,Boys’ Infant Zing™ III Printed Fleece Jacket,33.00,USD,jsonld_offer_price
columbia,1618263,B_2024_2026,202412,20241203171512,https://web.archive.org/web/20241203171512/https://www.columbia.com/p/boys-infant-zing-iii-printed-fleece-jacket-1618263.html?dwvar_1618263_color=005,Boys' Infant Zing™ III Printed Fleece Jacket | Columbia Sportswear,24.75,USD,jsonld_offer_price
columbia,1618263,B_2024_2026,202501,20250114093020,https://web.archive.org/web/20250114093020/https://www.columbia.com/p/boys-infant-zing-iii-printed-fleece-jacket-1618263.html,Boys' Infant Zing™ III Printed Fleece Jacket | Columbia Sportswear,33.00,USD,jsonld_offer_price
columbia,1618263,B_2024_2026,202502,20250213070842,https://web.archive.org/web/20250213070842/https://www.columbia.com/p/boys-infant-zing-iii-printed-fleece-jacket-1618263.html,Boys' Infant Zing™ III Printed Fleece Jacket | Columbia Sportswear,33.00,USD,jsonld_offer_price
columbia,1618263,B_2024_2026,202503,20250319162212,https://web.archive.org/web/20250319162212/https://www.columbia.com/p/boys-infant-zing-iii-printed-fleece-jacket-1618263.html?dwvar_1618263_color=005&dwvar_1618263_size=0%2F3,Boys' Infant Zing™ III Printed Fleece Jacket | Columbia Sportswear,24.75,USD,jsonld_offer_price
columbia,1618263,B_2024_2026,202504,20250418140658,https://web.archive.org/web/20250418140658/https://www.columbia.com/p/boys-infant-zing-iii-printed-fleece-jacket-1618263.html?dwvar_1618263_color=004,Boys' Infant Zing™ III Printed Fleece Jacket | Columbia Sportswear,26.40,USD,jsonld_offer_price
columbia,1618263,B_2024_2026,202509,20250909215835,https://web.archive.org/web/20250909215835/https://www.columbia.com/p/boys-infant-zing-iii-printed-fleece-jacket-1618263.html?color=007,Boys' Infant Zing III Printed Fleece Jacket | Columbia,16.50,USD,jsonld_offer_price
columbia,1618263,B_2024_2026,202510,20251010055546,https://web.archive.org/web/20251010055546/https://www.columbia.com/p/boys-infant-zing-iii-printed-fleece-jacket-1618263.html?color=007,Boys' Infant Zing III Printed Fleece Jacket | Columbia,31.50,USD,jsonld_offer_price
columbia,1618263,B_2024_2026,202511,20251111051351,https://web.archive.org/web/20251111051351/https://www.columbia.com/p/boys-infant-zing-iii-printed-fleece-jacket-1618263.html?color=280,Boys' Infant Zing III Printed Fleece Jacket | Columbia,16.50,USD,jsonld_offer_price
columbia,1618283,A_2018_2020,201802,20180221012309,https://web.archive.org/web/20180221012309/https://www.columbia.com/girls-benton-springs-ii-printed-fleece---infant-1618283_S.html?cgid=sale-kids-baby&dwvar_1618283__S_variationColor=011,,,,fetch_failed
columbia,1618283,A_2018_2020,201803,20180304073847,https://web.archive.org/web/20180304073847/https://www.columbia.com/girls-benton-springs-ii-printed-fleece---infant-1618283_S.html?cgid=sale-kids-toddler&dwvar_1618283__S_variationColor=011,,,,fetch_failed
columbia,1618283,A_2018_2020,201910,20191016175744,https://web.archive.org/web/20191016175744/https://www.columbia.com/girls-infant-benton-springs-ii-printed-fleece-jacket-1618283.html,,,,fetch_failed
columbia,1618283,A_2018_2020,201911,20191118091057,https://web.archive.org/web/20191118091057/https://www.columbia.com/girls-infant-benton-springs-ii-printed-fleece-jacket-1618283.html?cgid=camping-kids&dwvar_1618283_variationColor=338,Infant Benton Springs II Printed Warm Fleece | Columbia.com,25,USD,jsonld_offer_price
columbia,1618283,A_2018_2020,201912,20191214221001,https://web.archive.org/web/20191214221001/https://www.columbia.com/girls-infant-benton-springs-ii-printed-fleece-jacket-1618283.html,Infant Benton Springs II Printed Warm Fleece | Columbia.com,25,USD,jsonld_offer_price
columbia,1618283,B_2024_2026,202406,20240614193525,https://web.archive.org/web/20240614193525/https://www.columbia.com/p/girls-infant-benton-springs-ii-printed-fleece-jacket-1618283.html,Girls’ Infant Benton Springs™ II Printed Fleece Jacket | Columbia Sportswear,29.99,USD,jsonld_offer_price
columbia,1618283,B_2024_2026,202501,20250124205530,https://web.archive.org/web/20250124205530/https://www.columbia.com/p/girls-infant-benton-springs-ii-printed-fleece-jacket-1618283.html?dwvar_1618283_color=103,Girls’ Infant Benton Springs™ II Printed Fleece Jacket | Columbia Sportswear,18.00,USD,jsonld_offer_price
columbia,1618283,B_2024_2026,202502,20250215104923,https://web.archive.org/web/20250215104923/https://www.columbia.com/p/girls-infant-benton-springs-ii-printed-fleece-jacket-1618283.html?dwvar_1618283_color=103&dwvar_1618283_size=12%2F18,Girls’ Infant Benton Springs™ II Printed Fleece Jacket | Columbia Sportswear,18.00,USD,jsonld_offer_price
columbia,1618283,B_2024_2026,202503,20250328053358,https://web.archive.org/web/20250328053358/https://www.columbia.com/p/girls-infant-benton-springs-ii-printed-fleece-jacket-1618283.html?dwvar_1618283_color=197&dwvar_1618283_size=12%2F18,Girls’ Infant Benton Springs™ II Printed Fleece Jacket | Columbia Sportswear,15.00,USD,jsonld_offer_price
columbia,1618283,B_2024_2026,202504,20250426021517,https://web.archive.org/web/20250426021517/https://www.columbia.com/p/girls-infant-benton-springs-ii-printed-fleece-jacket-1618283.html,Girls’ Infant Benton Springs™ II Printed Fleece Jacket | Columbia Sportswear,30.00,USD,jsonld_offer_price
columbia,1618283,B_2024_2026,202511,20251126055708,https://web.archive.org/web/20251126055708/https://www.columbia.com/p/girls-infant-benton-springs-ii-printed-fleece-jacket-1618283.html,,,,no_price_found
columbia,1618282,A_2018_2020,201802,20180224112123,https://web.archive.org/web/20180224112123/https://www.columbia.com/girls-toddler-benton-springs-ii-printed-fleece-1618282.html?dwvar_1618282_variationColor=011,,,,fetch_failed
columbia,1618282,A_2018_2020,201803,20180306131832,https://web.archive.org/web/20180306131832/https://www.columbia.com/on/demandware.store/Sites-Columbia_US-Site/en_US/Product-Variation?dwvar_1618282_variationColor=011&dwvar_1618282_variationSize=3T&pid=1618282,Sites-Columbia_US-Site,27.99,USD,meta_product_price
columbia,1618282,A_2018_2020,201907,20190717184417,https://web.archive.org/web/20190717184417/https://www.columbia.com/girls-toddler-benton-springs-ii-printed-fleece-1618282.html,Girl’s Toddler Benton Springs II Printed Warm Fleece | Columbia.com,28,USD,jsonld_offer_price
columbia,1618282,A_2018_2020,201910,20191016182115,https://web.archive.org/web/20191016182115/https://www.columbia.com/girls-toddler-benton-springs-ii-printed-fleece-jacket-1618282.html,Girl’s Toddler Benton Springs II Printed Warm Fleece | Columbia.com,27.99,USD,json_price_field
columbia,1618282,A_2018_2020,201912,20191214210530,https://web.archive.org/web/20191214210530/https://www.columbia.com/girls-toddler-benton-springs-ii-printed-fleece-jacket-1618282.html,Girl’s Toddler Benton Springs II Printed Warm Fleece | Columbia.com,28,USD,jsonld_offer_price
columbia,1618282,B_2024_2026,202408,20240808065342,https://web.archive.org/web/20240808065342/https://www.columbia.com/p/girls-toddler-benton-springs-ii-printed-fleece-jacket-1618282.html?dwvar_1618282_color=262,Girls’ Toddler Benton Springs™ II Printed Fleece Jacket,33.00,USD,jsonld_offer_price
columbia,1618282,B_2024_2026,202412,20241205195741,https://web.archive.org/web/20241205195741/https://www.columbia.com/p/girls-toddler-benton-springs-ii-printed-fleece-jacket-1618282.html,Girls' Toddler Benton Springs™ II Printed Fleece Jacket | Columbia Sportswear,24.75,USD,jsonld_offer_price
columbia,1618282,B_2024_2026,202503,20250321133056,https://web.archive.org/web/20250321133056/https://www.columbia.com/p/girls-toddler-benton-springs-ii-printed-fleece-jacket-1618282.html?dwvar_1618282_color=326,,,,fetch_failed
columbia,1618282,B_2024_2026,202504,20250424094356,https://web.archive.org/web/20250424094356/https://www.columbia.com/p/girls-toddler-benton-springs-ii-printed-fleece-jacket-1618282.html,Girls' Toddler Benton Springs™ II Printed Fleece Jacket | Columbia Sportswear,33.00,USD,jsonld_offer_price
columbia,1618282,B_2024_2026,202505,20250513215612,https://web.archive.org/web/20250513215612/https://www.columbia.com/p/girls-toddler-benton-springs-ii-printed-fleece-jacket-1618282.html,Girls' Toddler Benton Springs II Printed Fleece Jacket | Columbia,33.00,USD,jsonld_offer_price
columbia,1618282,B_2024_2026,202506,20250614141624,https://web.archive.org/web/20250614141624/https://www.columbia.com/p/girls-toddler-benton-springs-ii-printed-fleece-jacket-1618282.html?dwvar_1618282_color=581&dwvar_1618282_size=4T,Girls' Toddler Benton Springs II Printed Fleece Jacket | Columbia,24.75,USD,jsonld_offer_price
columbia,1618282,B_2024_2026,202508,20250813234156,https://web.archive.org/web/20250813234156/https://www.columbia.com/p/girls-toddler-benton-springs-ii-printed-fleece-jacket-1618282.html,Girls' Toddler Benton Springs II Printed Fleece Jacket | Columbia,40.00,USD,jsonld_offer_price
columbia,1618282,B_2024_2026,202509,20250917213429,https://web.archive.org/web/20250917213429/https://www.columbia.com/p/girls-toddler-benton-springs-ii-printed-fleece-jacket-1618282.html?color=429,Girls' Toddler Benton Springs II Printed Fleece Jacket | Columbia,28.00,USD,jsonld_offer_price
columbia,1618282,B_2024_2026,202511,20251124160123,https://web.archive.org/web/20251124160123/https://www.columbia.com/p/girls-toddler-benton-springs-ii-printed-fleece-jacket-1618282.html?color=610,,,,no_price_found
columbia,1556532,A_2018_2020,201801,20180124190142,https://web.archive.org/web/20180124190142/https://www.columbia.com/mens-ascender-softshell-jacket---big-1556532.html?cgid=theBlackJacket&dwvar_1556532_variationColor=003,Men’s Ascender Water Resistant Softshell Jacket Big | Columbia.com,79.99,USD,meta_product_price
columbia,1556532,A_2018_2020,201802,20180216220014,https://web.archive.org/web/20180216220014/https://www.columbia.com/mens-ascender-softshell-jacket---big-1556532.html?cgid=men-bigTall-jacketsVests&dwvar_1556532_variationColor=347,,,,fetch_failed
columbia,1556532,A_2018_2020,201803,20180316054325,https://web.archive.org/web/20180316054325/https://www.columbia.com/mens-ascender-softshell-jacket---big-1556532.html,Men’s Ascender Water Resistant Softshell Jacket Big | Columbia.com,79.99,USD,meta_product_price
columbia,1556532,A_2018_2020,201910,20191023205709,https://web.archive.org/web/20191023205709/https://www.columbia.com/mens-ascender-softshell-jacket---big-1556532.html?dwvar_1556532_variationColor=010,Men’s Ascender Water Resistant Softshell Jacket Big | Columbia.com,79.99,USD,json_price_field
columbia,1556532,A_2018_2020,201911,20191120190058,https://web.archive.org/web/20191120190058/https://www.columbia.com/mens-ascender-softshell-jacket---big-1556532.html,Men’s Ascender Water Resistant Softshell Jacket Big | Columbia.com,80,USD,jsonld_offer_price
columbia,1556532,B_2024_2026,202407,20240725000437,https://web.archive.org/web/20240725000437/https://www.columbia.com/p/mens-ascender-softshell-jacket---big-1556532.html,Men’s Ascender™ Softshell Jacket - Big,90.00,USD,jsonld_offer_price
columbia,1556532,B_2024_2026,202408,20240808170229,https://web.archive.org/web/20240808170229/https://www.columbia.com/p/mens-ascender-softshell-jacket---big-1556532.html,Men’s Ascender™ Softshell Jacket - Big,90.00,USD,jsonld_offer_price
columbia,1556532,B_2024_2026,202412,20241203134750,https://web.archive.org/web/20241203134750/https://www.columbia.com/p/mens-ascender-softshell-jacket---big-1556532.html,Men's Ascender™ Softshell Jacket - Big | Columbia Sportswear,67.50,USD,jsonld_offer_price
columbia,1556532,B_2024_2026,202502,20250212174122,https://web.archive.org/web/20250212174122/https://www.columbia.com/p/mens-ascender-softshell-jacket---big-1556532.html?dwvar_1556532_color=024,Men's Ascender™ Softshell Jacket - Big | Columbia Sportswear,90.00,USD,jsonld_offer_price
columbia,1556532,B_2024_2026,202503,20250324162924,https://web.archive.org/web/20250324162924/https://www.columbia.com/p/mens-ascender-softshell-jacket---big-1556532.html?dwvar_1556532_color=038,Men's Ascender™ Softshell Jacket - Big | Columbia Sportswear,45.00,USD,jsonld_offer_price
columbia,1556532,B_2024_2026,202504,20250423214851,https://web.archive.org/web/20250423214851/https://www.columbia.com/p/mens-ascender-softshell-jacket---big-1556532.html?dwvar_1556532_color=023,Men's Ascender™ Softshell Jacket - Big | Columbia Sportswear,90.00,USD,jsonld_offer_price
columbia,1556532,B_2024_2026,202505,20250515000935,https://web.archive.org/web/20250515000935/https://www.columbia.com/p/mens-ascender-softshell-jacket---big-1556532.html?dwvar_1556532_color=467,Men's Ascender Water-Resistant Softshell Jacket Big | Columbia,90.00,USD,jsonld_offer_price
columbia,1556532,B_2024_2026,202506,20250621050310,https://web.archive.org/web/20250621050310/https://www.columbia.com/p/mens-ascender-softshell-jacket---big-1556532.html?dwvar_1556532_color=007,Men's Ascender Water-Resistant Softshell Jacket Big | Columbia,90.00,USD,jsonld_offer_price
columbia,1556532,B_2024_2026,202507,20250713084749,https://web.archive.org/web/20250713084749/https://www.columbia.com/p/mens-ascender-softshell-jacket---big-1556532.html?dwvar_1556532_color=256,Men's Ascender Water-Resistant Softshell Jacket Big | Columbia,90.00,USD,jsonld_offer_price
columbia,1556532,B_2024_2026,202510,20251005182514,https://web.archive.org/web/20251005182514/https://www.columbia.com/p/mens-ascender-softshell-jacket---big-1556532.html,,,,no_price_found
columbia,1556532,B_2024_2026,202511,20251113021913,https://web.archive.org/web/20251113021913/https://www.columbia.com/p/mens-ascender-softshell-jacket---big-1556532.html?color=038&size=4X,Men's Ascender Water-Resistant Softshell Jacket Big | Columbia,54.98,USD,jsonld_offer_price
columbia,1580651,A_2018_2020,201802,20180212142407,https://web.archive.org/web/20180212142407/https://www.columbia.com/mens-pfg-grander-marlin-ii-offshore-short-1580651.html?cgid=men-pantsShorts-shorts&dwvar_1580651_variationColor=160,Columbia | Men’s Grander Marlin II Offshore Water Repellant Sun Shading Short,45.00,USD,meta_product_price
columbia,1580651,A_2018_2020,201803,20180307083049,https://web.archive.org/web/20180307083049/https://www.columbia.com/mens-pfg-grander-marlin-ii-offshore-short-1580651.html?cgid=men-pantsShorts&dwvar_1580651_variationColor=354,Columbia | Men’s Grander Marlin II Offshore Water Repellant Sun Shading Short,45.00,USD,meta_product_price
columbia,1580651,A_2018_2020,201909,20190921092111,https://web.archive.org/web/20190921092111/https://www.columbia.com/mens-pfg-grander-marlin-ii-offshore-short-1580651.html?dwvar_1580651_variationColor=019&cgid=men-pantsShorts-shorts,Columbia | Men’s Grander Marlin II Offshore Water Repellant Sun Shading Short,45,USD,jsonld_offer_price
columbia,1580651,A_2018_2020,201911,20191120200327,https://web.archive.org/web/20191120200327/https://www.columbia.com/mens-pfg-grander-marlin-ii-offshore-short-1580651.html,Columbia | Men’s Grander Marlin II Offshore Water Repellant Sun Shading Short,45,USD,jsonld_offer_price
columbia,1580651,A_2018_2020,201912,20191215184055,https://web.archive.org/web/20191215184055/https://www.columbia.com/mens-pfg-grander-marlin-ii-offshore-short-1580651.html?dwvar_1580651_variationColor=019&cgid=men-pantsShorts-shorts,Columbia | Men’s Grander Marlin II Offshore Water Repellant Sun Shading Short,45,USD,jsonld_offer_price
columbia,1580651,B_2024_2026,202407,20240713075638,https://web.archive.org/web/20240713075638/https://www.columbia.com/p/mens-pfg-grander-marlin-ii-offshore-shorts-1580651.html,,,,no_price_found
columbia,1580651,B_2024_2026,202408,20240808071439,https://web.archive.org/web/20240808071439/https://www.columbia.com/p/mens-pfg-grander-marlin-ii-offshore-shorts-1580651.html,Men’s PFG Grander Marlin™ II Offshore Shorts | Columbia Sportswear,37.50,USD,jsonld_offer_price
columbia,1580651,B_2024_2026,202501,20250122024551,https://web.archive.org/web/20250122024551/https://www.columbia.com/p/mens-pfg-grander-marlin-ii-offshore-shorts-1580651.html,Men’s PFG Grander Marlin™ II Offshore Shorts | Columbia Sportswear,25.00,USD,jsonld_offer_price
columbia,1580651,B_2024_2026,202505,20250515000617,https://web.archive.org/web/20250515000617/https://www.columbia.com/p/mens-pfg-grander-marlin-ii-offshore-shorts-1580651.html?utm_campaign=BP_20220704&utm_medium=bitly&utm_source=blogpost,Men's PFG Grander Marlin II Offshore Shorts | Columbia,25.00,USD,jsonld_offer_price
columbia,1580651,B_2024_2026,202506,20250623030616,https://web.archive.org/web/20250623030616/https://www.columbia.com/p/mens-pfg-grander-marlin-ii-offshore-shorts-1580651.html?dwvar_1580651_color=160,Men's PFG Grander Marlin II Offshore Shorts | Columbia,25.00,USD,jsonld_offer_price
columbia,1580651,B_2024_2026,202507,20250708142905,https://web.archive.org/web/20250708142905/https://www.columbia.com/p/mens-pfg-grander-marlin-ii-offshore-shorts-1580651.html,Men's PFG Grander Marlin II Offshore Shorts | Columbia,25.00,USD,jsonld_offer_price
columbia,1580651,B_2024_2026,202509,20250916135117,https://web.archive.org/web/20250916135117/https://www.columbia.com/p/mens-pfg-grander-marlin-ii-offshore-shorts-1580651.html?color=019&dimension=10,Men's PFG Grander Marlin II Offshore Shorts | Columbia,0.00,USD,jsonld_offer_price
columbia,1580651,B_2024_2026,202510,20251016120748,https://web.archive.org/web/20251016120748/https://www.columbia.com/p/mens-pfg-grander-marlin-ii-offshore-shorts-1580651.html?color=010&dimension=8,Men's PFG Grander Marlin II Offshore Shorts | Columbia,0.00,USD,jsonld_offer_price
columbia,1618721,A_2018_2020,201801,20180126163720,https://web.archive.org/web/20180126163720/https://www.columbia.com/on/demandware.store/Sites-Columbia_US-Site/en_US/Product-Variation?dwvar_1618721_variationColor=936&dwvar_1618721_variationSize=L&pid=1618721,Sites-Columbia_US-Site,139.90,USD,meta_product_price
columbia,1618721,A_2018_2020,201803,20180316125533,https://web.archive.org/web/20180316125533/https://www.columbia.com/mens-widgeon-iii-bib-1618721.html,Men’s Widgeon III Waterproof Thermal Reflective Warm Bib | Columbia,99.98,USD,meta_product_price
columbia,1618721,A_2018_2020,201909,20190920162250,https://web.archive.org/web/20190920162250/https://www.columbia.com/mens-phg-widgeon-iii-bib-1618721.html,Men’s Widgeon III Waterproof Thermal Reflective Warm Bib | Columbia,200,USD,jsonld_offer_price
columbia,1618721,A_2018_2020,201911,20191114114255,https://web.archive.org/web/20191114114255/https://www.columbia.com/mens-phg-widgeon-iii-bib-1618721.html?cgid=camo-apparel&dwvar_1618721_variationColor=947,Men’s Widgeon III Waterproof Thermal Reflective Warm Bib | Columbia,200,USD,jsonld_offer_price
columbia,1618721,A_2018_2020,201912,20191206204445,https://web.archive.org/web/20191206204445/https://www.columbia.com/mens-phg-widgeon-iii-bib-1618721.html,Men’s Widgeon III Waterproof Thermal Reflective Warm Bib | Columbia,200,USD,jsonld_offer_price
columbia,1618721,B_2024_2026,202406,20240618075425,https://web.archive.org/web/20240618075425/https://www.columbia.com/p/mens-phg-widgeon-iii-bib-1618721.html?dwvar_1618721_color=937&dwvar_1618721_size=L,,,,fetch_failed
columbia,1618721,B_2024_2026,202408,20240816050549,https://web.archive.org/web/20240816050549/https://www.columbia.com/p/mens-phg-widgeon-iii-bib-1618721.html?dwvar_1618721_color=947,Men's PHG Widgeon™ III Bib | Columbia Sportswear,220.00,USD,jsonld_offer_price
columbia,1618721,B_2024_2026,202412,20241205135858,https://web.archive.org/web/20241205135858/https://www.columbia.com/p/mens-phg-widgeon-iii-bib-1618721.html,Men's PHG Widgeon™ III Bib | Columbia Sportswear,220.00,USD,jsonld_offer_price
columbia,1618721,B_2024_2026,202504,20250402225602,https://web.archive.org/web/20250402225602/https://www.columbia.com/p/mens-phg-widgeon-iii-bib-1618721.html,,,,no_price_found
columbia,1618721,B_2024_2026,202509,20250909232904,https://web.archive.org/web/20250909232904/https://www.columbia.com/p/mens-phg-widgeon-iii-bib-1618721.html?color=947,Men's Widgeon III Bib,0.00,USD,jsonld_offer_price
columbia,1654861,A_2018_2020,201801,20180131170651,https://web.archive.org/web/20180131170651/https://www.columbia.com/on/demandware.store/Sites-Columbia_US-Site/en_US/Product-Variation?dwvar_1654861_variationColor=485&dwvar_1654861_variationSize=XS&pid=1654861,Sites-Columbia_US-Site,40.00,USD,meta_product_price
columbia,1654861,A_2018_2020,201803,20180308070928,https://web.archive.org/web/20180308070928/https://www.columbia.com/womens-tidal-tee-hoodie-1654861.html?dwvar_1654861_variationColor=585,Columbia Tidal Tee Wicking Hoodie Thumbholes UPF 50 | Columbia.com,40.00,USD,meta_product_price
columbia,1654861,A_2018_2020,201907,20190721083403,https://web.archive.org/web/20190721083403/https://www.columbia.com/womens-pfg-tidal-tee-hoodie-1654861.html,Columbia Tidal Tee Wicking Hoodie Thumbholes UPF 50 | Columbia.com,40,USD,jsonld_offer_price
columbia,1654861,A_2018_2020,201909,20190919130810,https://web.archive.org/web/20190919130810/https://www.columbia.com/womens-pfg-tidal-tee-hoodie-1654861.html?cgid=women-tops-fishing&dwvar_1654861_variationColor=885,Columbia Tidal Tee Wicking Hoodie Thumbholes UPF 50 | Columbia.com,40,USD,jsonld_offer_price
columbia,1654861,A_2018_2020,201910,20191022222200,https://web.archive.org/web/20191022222200/https://www.columbia.com/womens-pfg-tidal-tee-hoodie-1654861.html?dwvar_1654861_variationColor=011,Columbia Tidal Tee Wicking Hoodie Thumbholes UPF 50 | Columbia.com,40.00,USD,json_price_field
columbia,1654861,A_2018_2020,201911,20191121070803,https://web.archive.org/web/20191121070803/https://www.columbia.com/womens-pfg-tidal-tee-hoodie-1654861.html?cgid=activity-fishing&dwvar_1654861_variationColor=899,Columbia Tidal Tee Wicking Hoodie Thumbholes UPF 50 | Columbia.com,40,USD,jsonld_offer_price
columbia,1654861,A_2018_2020,201912,20191214232912,https://web.archive.org/web/20191214232912/https://www.columbia.com/womens-pfg-tidal-tee-hoodie-1654861.html,Columbia Tidal Tee Wicking Hoodie Thumbholes UPF 50 | Columbia.com,40,USD,jsonld_offer_price
columbia,1654861,B_2024_2026,202406,20240621164056,https://web.archive.org/web/20240621164056/https://www.columbia.com/p/womens-pfg-tidal-tee-hoodie-1654861.html?dwvar_1654861_color=408,Women’s PFG Tidal Tee™ Hoodie | Columbia Sportswear,45.00,USD,jsonld_offer_price
columbia,1654861,B_2024_2026,202407,20240722043244,https://web.archive.org/web/20240722043244/https://www.columbia.com/p/womens-pfg-tidal-tee-hoodie-1654861.html,Women’s PFG Tidal Tee™ Hoodie,45.00,USD,jsonld_offer_price
columbia,1654861,B_2024_2026,202408,20240816045631,https://web.archive.org/web/20240816045631/https://www.columbia.com/p/womens-pfg-tidal-tee-hoodie-1654861.html?dwvar_1654861_color=102,Women’s PFG Tidal Tee™ Hoodie,45.00,USD,jsonld_offer_price
columbia,1654861,B_2024_2026,202504,20250425155543,https://web.archive.org/web/20250425155543/https://www.columbia.com/p/womens-pfg-tidal-tee-hoodie-1654861.html,Women’s PFG Tidal Tee™ Hoodie | Columbia Sportswear,22.50,USD,jsonld_offer_price
columbia,1654861,B_2024_2026,202505,20250515010904,https://web.archive.org/web/20250515010904/https://www.columbia.com/p/womens-pfg-tidal-tee-hoodie-1654861.html?dwvar_1654861_color=102,Women’s PFG Tidal Tee™ Hoodie,45.00,USD,jsonld_offer_price
columbia,1556961,A_2018_2020,201801,20180125044129,https://web.archive.org/web/20180125044129/https://www.columbia.com/womens-benton-springs-ii-long-hoodie-1556961.html?cgid=Columbia-Classics&dwvar_1556961_variationColor=030,Women’s Benton Springs II Long Fleece Hoodie Jacket | Columbia.com,49.99,USD,meta_product_price
columbia,1556961,A_2018_2020,201802,20180211004657,https://web.archive.org/web/20180211004657/https://www.columbia.com/womens-benton-springs-ii-long-hoodie-1556961.html?cgid=fleece&dwvar_1556961_variationColor=010,Women’s Benton Springs II Long Fleece Hoodie Jacket | Columbia.com,49.99,USD,meta_product_price
columbia,1556961,A_2018_2020,201803,20180310041135,https://web.archive.org/web/20180310041135/https://www.columbia.com/womens-benton-springs-ii-long-hoodie-1556961.html?cgid=women-jacketsVests-fleece&dwvar_1556961_variationColor=967,,,,fetch_failed
columbia,1556961,A_2018_2020,201907,20190717134145,https://web.archive.org/web/20190717134145/https://www.columbia.com/womens-benton-springs-ii-long-hoodie-1556961.html,Women’s Benton Springs II Long Fleece Hoodie Jacket | Columbia.com,50,USD,jsonld_offer_price
columbia,1556961,A_2018_2020,201911,20191113131532,https://web.archive.org/web/20191113131532/https://www.columbia.com/womens-benton-springs-ii-long-hoodie-1556961.html,Women’s Benton Springs II Long Fleece Hoodie Jacket | Columbia.com,50,USD,jsonld_offer_price
columbia,1556961,B_2024_2026,202406,20240614091838,https://web.archive.org/web/20240614091838/https://www.columbia.com/p/womens-benton-springs-ii-long-fleece-hoodie-1556961.html,Women’s Benton Springs™ II Long Fleece Hoodie | Columbia Sportswear,54.99,USD,jsonld_offer_price
columbia,1556961,B_2024_2026,202407,20240716112652,https://web.archive.org/web/20240716112652/https://www.columbia.com/p/womens-benton-springs-ii-long-fleece-hoodie-1556961.html,Women’s Benton Springs™ II Long Fleece Hoodie,44.99,USD,jsonld_offer_price
columbia,1556961,B_2024_2026,202408,20240806133244,https://web.archive.org/web/20240806133244/https://www.columbia.com/p/womens-benton-springs-ii-long-fleece-hoodie-1556961.html?dwvar_1556961_color=010&dwvar_1556961_size=M,Women’s Benton Springs™ II Long Fleece Hoodie | Columbia Sportswear,60.00,USD,jsonld_offer_price
columbia,1556961,B_2024_2026,202412,20241201203709,https://web.archive.org/web/20241201203709/https://www.columbia.com/p/womens-benton-springs-ii-long-fleece-hoodie-1556961.html,Women's Benton Springs™ II Long Fleece Hoodie | Columbia Sportswear,45.00,USD,jsonld_offer_price
columbia,1556961,B_2024_2026,202501,20250113201259,https://web.archive.org/web/20250113201259/https://www.columbia.com/p/womens-benton-springs-ii-long-fleece-hoodie-1556961.html,Women's Benton Springs™ II Long Fleece Hoodie | Columbia Sportswear,60.00,USD,jsonld_offer_price
columbia,1556961,B_2024_2026,202502,20250208103438,https://web.archive.org/web/20250208103438/https://www.columbia.com/p/womens-benton-springs-ii-long-fleece-hoodie-1556961.html,Women's Benton Springs™ II Long Fleece Hoodie | Columbia Sportswear,60.00,USD,jsonld_offer_price
columbia,1556961,B_2024_2026,202503,20250321133605,https://web.archive.org/web/20250321133605/https://www.columbia.com/p/womens-benton-springs-ii-long-fleece-hoodie-1556961.html?dwvar_1556961_color=330,Women's Benton Springs™ II Long Fleece Hoodie | Columbia Sportswear,45.00,USD,jsonld_offer_price
columbia,1556961,B_2024_2026,202504,20250418131907,https://web.archive.org/web/20250418131907/https://www.columbia.com/p/womens-benton-springs-ii-long-fleece-hoodie-1556961.html?dwvar_1556961_color=278&dwvar_1556961_size=S,Women's Benton Springs™ II Long Fleece Hoodie | Columbia Sportswear,48.00,USD,jsonld_offer_price
columbia,1556961,B_2024_2026,202505,20250512092111,https://web.archive.org/web/20250512092111/https://www.columbia.com/p/womens-benton-springs-ii-long-fleece-hoodie-1556961.html,Women’s Benton Springs II Long Fleece Hoodie Jacket | Columbia,45.00,USD,jsonld_offer_price
columbia,1556961,B_2024_2026,202506,20250613075620,https://web.archive.org/web/20250613075620/https://www.columbia.com/p/womens-benton-springs-ii-long-fleece-hoodie-1556961.html?srsltid=AfmBOopw2xDTt14ztod4-_EcVGL2KfBix55ahBcZnuvOIV5vZ_3fvtYM7bg,Women’s Benton Springs II Long Fleece Hoodie Jacket | Columbia,60.00,USD,jsonld_offer_price
columbia,1556961,B_2024_2026,202507,20250717041329,https://web.archive.org/web/20250717041329/https://www.columbia.com/p/womens-benton-springs-ii-long-fleece-hoodie-1556961.html?dwvar_1556961_color=428,Women’s Benton Springs II Long Fleece Hoodie Jacket | Columbia,60.00,USD,jsonld_offer_price
columbia,1556961,B_2024_2026,202508,20250823055858,https://web.archive.org/web/20250823055858/https://www.columbia.com/p/womens-benton-springs-ii-long-fleece-hoodie-1556961.html?dwvar_1556961_color=428,,,,no_price_found
columbia,1556961,B_2024_2026,202509,20250910105139,https://web.archive.org/web/20250910105139/https://www.columbia.com/p/womens-benton-springs-ii-long-fleece-hoodie-1556961.html?uid=10728206&nid=2165238&utm_medium=affiliate&cjevent=1f88462b8e3411f080c500270a1cb828&color=010&mid=affiliate&eid=cj,,,,no_price_found
columbia,1556961,B_2024_2026,202510,20251014133900,https://web.archive.org/web/20251014133900/https://www.columbia.com/p/womens-benton-springs-ii-long-fleece-hoodie-1556961.html?utm_medium=affiliate&cjevent=22da2582a90311f08231005e0a1cb828&eid=cj&mid=affiliate&uid=11554828&nid=7921344,,,,no_price_found
columbia,1556961,B_2024_2026,202511,20251112184153,https://web.archive.org/web/20251112184153/https://www.columbia.com/p/womens-benton-springs-ii-long-fleece-hoodie-1556961.html,Women’s Benton Springs II Long Fleece Hoodie Jacket | Columbia,59.50,USD,jsonld_offer_price
columbia,1637871,A_2018_2020,201801,20180126070602,https://web.archive.org/web/20180126070602/https://www.columbia.com/youth-powderbug-plus-ii-snow-boot-1637871.html?cgid=footwear-kids&dwvar_1637871_variationColor=010,"Youth Powderbug Plus II Warm, Waterproof Winter Boot | Columbia.com",34.90,USD,meta_product_price
columbia,1637871,A_2018_2020,201803,20180319004230,https://web.archive.org/web/20180319004230/https://www.columbia.com/youth-powderbug-plus-ii-snow-boot-1637871.html,"Youth Powderbug Plus II Warm, Waterproof Winter Boot | Columbia.com",34.90,USD,meta_product_price
columbia,1637871,A_2018_2020,201907,20190717122930,https://web.archive.org/web/20190717122930/https://www.columbia.com/big-kids-powderbug-plus-ii-snow-boot-1637871.html,"Big Kids' Powderbug Plus II Warm, Waterproof Winter Boot | Columbia",55,USD,jsonld_offer_price
columbia,1637871,A_2018_2020,201909,20190917040907,https://web.archive.org/web/20190917040907/https://www.columbia.com/big-kids-powderbug-plus-ii-snow-boot-1637871.html?cgid=kids-boys-footwear&dwvar_1637871_variationColor=464,"Big Kids' Powderbug Plus II Warm, Waterproof Winter Boot | Columbia",55,USD,jsonld_offer_price
columbia,1637871,A_2018_2020,201910,20191016145813,https://web.archive.org/web/20191016145813/https://www.columbia.com/big-kids-powderbug-plus-ii-snow-boot-1637871.html?cgid=footwear-kids&dwvar_1637871_variationColor=464,"Big Kids' Powderbug Plus II Warm, Waterproof Winter Boot | Columbia",55,USD,jsonld_offer_price
columbia,1637871,A_2018_2020,201911,20191112002926,https://web.archive.org/web/20191112002926/https://www.columbia.com/big-kids-powderbug-plus-ii-snow-boot-1637871.html,"Big Kids' Powderbug Plus II Warm, Waterproof Winter Boot | Columbia",55,USD,jsonld_offer_price
columbia,1637871,A_2018_2020,201912,20191209213836,https://web.archive.org/web/20191209213836/https://www.columbia.com/big-kids-powderbug-plus-ii-snow-boot-1637871.html?cgid=fathersDay&dwvar_1637871_variationColor=464,"Big Kids' Powderbug Plus II Warm, Waterproof Winter Boot | Columbia",55,USD,jsonld_offer_price
columbia,1637871,B_2024_2026,202406,20240618151415,https://web.archive.org/web/20240618151415/https://www.columbia.com/p/big-kids-powderbug-plus-ii-snow-boot-1637871.html?dwvar_1637871_color=464&quantity=1,Big Kids’ Powderbug™ Plus II Snow Boot | Columbia Sportswear,48.92,USD,jsonld_offer_price
columbia,1637871,B_2024_2026,202407,20240716120754,https://web.archive.org/web/20240716120754/https://www.columbia.com/p/big-kids-powderbug-plus-ii-snow-boot-1637871.html,Big Kids’ Powderbug™ Plus II Snow Boot | Columbia Sportswear,45.50,USD,jsonld_offer_price
columbia,1637871,B_2024_2026,202408,20240803044730,https://web.archive.org/web/20240803044730/https://www.columbia.com/p/big-kids-powderbug-plus-ii-snow-boot-1637871.html,Big Kids’ Powderbug™ Plus II Snow Boot | Columbia Sportswear,45.50,USD,jsonld_offer_price
columbia,1637871,B_2024_2026,202412,20241201182652,https://web.archive.org/web/20241201182652/https://www.columbia.com/p/big-kids-powderbug-plus-ii-snow-boot-1637871.html,Big Kids’ Powderbug™ Plus II Snow Boot | Columbia Sportswear,39.00,USD,jsonld_offer_price
columbia,1637871,B_2024_2026,202504,20250425231451,https://web.archive.org/web/20250425231451/https://www.columbia.com/p/big-kids-powderbug-plus-ii-snow-boot-1637871.html,Big Kids’ Powderbug™ Plus II Snow Boot | Columbia Sportswear,39.00,USD,jsonld_offer_price
columbia,1867041,A_2018_2020,201907,20190717230650,https://web.archive.org/web/20190717230650/https://www.columbia.com/girls-switchback-ii-jacket-1867041.html,Girls' Switchback II Rain Jacket | Columbia.com,30,USD,jsonld_offer_price
columbia,1867041,A_2018_2020,201909,20190917010248,https://web.archive.org/web/20190917010248/https://www.columbia.com/girls-switchback-ii-jacket-1867041.html?cgid=back_to_school&dwvar_1867041_variationColor=576,Girls' Switchback II Rain Jacket | Columbia.com,30,USD,jsonld_offer_price
columbia,1867041,A_2018_2020,201910,20191021070546,https://web.archive.org/web/20191021070546/https://www.columbia.com/girls-switchback-ii-jacket-1867041.html?dwvar_1867041_variationColor=010,Girls' Switchback II Rain Jacket | Columbia.com,29.99,USD,json_price_field
columbia,1867041,A_2018_2020,201911,20191117072011,https://web.archive.org/web/20191117072011/https://www.columbia.com/girls-switchback-ii-jacket-1867041.html?cgid=kids-jacketsVests,Girls' Switchback II Rain Jacket | Columbia.com,30,USD,jsonld_offer_price
columbia,1867041,A_2018_2020,201912,20191209051445,https://web.archive.org/web/20191209051445/https://www.columbia.com/girls-switchback-ii-jacket-1867041.html,,,,fetch_failed
columbia,1867041,B_2024_2026,202406,20240614100855,https://web.archive.org/web/20240614100855/https://www.columbia.com/p/girls-switchback-ii-jacket-1867041.html,Girls' Switchback™ II Jacket | Columbia Sportswear,34.99,USD,jsonld_offer_price
columbia,1867041,B_2024_2026,202407,20240718233343,https://web.archive.org/web/20240718233343/https://www.columbia.com/p/girls-switchback-ii-jacket-1867041.html,Girls' Switchback™ II Jacket | Columbia Sportswear,34.99,USD,jsonld_offer_price
columbia,1867041,B_2024_2026,202408,20240810035252,https://web.archive.org/web/20240810035252/https://www.columbia.com/p/girls-switchback-ii-jacket-1867041.html?dwvar_1867041_color=038,Girls' Switchback™ II Jacket,35.00,USD,jsonld_offer_price
columbia,1867041,B_2024_2026,202412,20241206021738,https://web.archive.org/web/20241206021738/https://www.columbia.com/p/girls-switchback-ii-jacket-1867041.html,Girls' Switchback™ II Jacket | Columbia Sportswear,35.00,USD,jsonld_offer_price
columbia,1867041,B_2024_2026,202501,20250119004759,https://web.archive.org/web/20250119004759/https://www.columbia.com/p/girls-switchback-ii-jacket-1867041.html?dwvar_1867041_color=009,Girls' Switchback™ II Jacket | Columbia Sportswear,35.00,USD,jsonld_offer_price
columbia,1867041,B_2024_2026,202502,20250216224347,https://web.archive.org/web/20250216224347/https://www.columbia.com/p/girls-switchback-ii-jacket-1867041.html?dwvar_1867041_color=325,Girls' Switchback™ II Jacket | Columbia Sportswear,35.00,USD,jsonld_offer_price
columbia,1867041,B_2024_2026,202503,20250315225245,https://web.archive.org/web/20250315225245/https://www.columbia.com/p/girls-switchback-ii-jacket-1867041.html?dwvar_1867041_color=325&dwvar_1867041_size=M,,,,fetch_failed
columbia,1867041,B_2024_2026,202504,20250426071304,https://web.archive.org/web/20250426071304/https://www.columbia.com/p/girls-switchback-ii-jacket-1867041.html?dwvar_1867041_color=009&dwvar_1867041_size=L,Girls' Switchback™ II Jacket | Columbia Sportswear,35.00,USD,jsonld_offer_price
columbia,1867041,B_2024_2026,202505,20250515004253,https://web.archive.org/web/20250515004253/https://www.columbia.com/p/girls-switchback-ii-jacket-1867041.html,Girls' Switchback II Jacket | Columbia,35.00,USD,jsonld_offer_price
columbia,1867041,B_2024_2026,202506,20250613201218,https://web.archive.org/web/20250613201218/https://www.columbia.com/p/girls-switchback-ii-jacket-1867041.html?dwvar_1867041_color=009&dwvar_1867041_size=S,Girls' Switchback II Jacket | Columbia,26.25,USD,jsonld_offer_price
columbia,1867041,B_2024_2026,202507,20250718202759,https://web.archive.org/web/20250718202759/https://www.columbia.com/p/girls-switchback-ii-jacket-1867041.html?dwvar_1867041_color=348&dwvar_1867041_size=XS,Girls' Switchback II Jacket | Columbia,35.00,USD,jsonld_offer_price
columbia,1867041,B_2024_2026,202508,20250825021755,https://web.archive.org/web/20250825021755/https://www.columbia.com/p/girls-switchback-ii-jacket-1867041.html,,,,no_price_found
columbia,1867041,B_2024_2026,202509,20250916134530,https://web.archive.org/web/20250916134530/https://www.columbia.com/p/girls-switchback-ii-jacket-1867041.html?color=348,Girls' Switchback II Jacket | Columbia,35.00,USD,jsonld_offer_price
columbia,1867041,B_2024_2026,202510,20251022200653,https://web.archive.org/web/20251022200653/https://www.columbia.com/p/girls-switchback-ii-jacket-1867041.html?color=329,Girls' Switchback II Jacket | Columbia,35.00,USD,jsonld_offer_price
columbia,1867041,B_2024_2026,202511,20251103135907,https://web.archive.org/web/20251103135907/https://www.columbia.com/p/girls-switchback-ii-jacket-1867041.html,Girls' Switchback II Jacket | Columbia,35.00,USD,jsonld_offer_price
columbia,1638571,A_2018_2020,201907,20190718105021,https://web.archive.org/web/20190718105021/https://www.columbia.com/mens-midweight-stretch-long-sleeve-baselayer-half-zip-shirt-1638571.html,Men’s Midweight Stretch Long Sleeve Half Zip Baselayer | Columbia.com,60,USD,jsonld_offer_price
columbia,1638571,A_2018_2020,201909,20190921063958,https://web.archive.org/web/20190921063958/https://www.columbia.com/mens-midweight-stretch-long-sleeve-baselayer-half-zip-shirt-1638571.html?dwvar_1638571_variationColor=010,Men’s Midweight Stretch Long Sleeve Half Zip Baselayer | Columbia.com,60,USD,jsonld_offer_price
columbia,1638571,A_2018_2020,201910,20191015010028,https://web.archive.org/web/20191015010028/https://www.columbia.com/mens-midweight-stretch-long-sleeve-baselayer-half-zip-shirt-1638571.html?dwvar_1638571_variationColor=054,Men’s Midweight Stretch Long Sleeve Half Zip Baselayer | Columbia.com,60,USD,jsonld_offer_price
columbia,1638571,A_2018_2020,201911,20191120190032,https://web.archive.org/web/20191120190032/https://www.columbia.com/mens-midweight-stretch-long-sleeve-baselayer-half-zip-shirt-1638571.html,Men’s Midweight Stretch Long Sleeve Half Zip Baselayer | Columbia.com,60,USD,jsonld_offer_price
columbia,1638571,A_2018_2020,201912,20191216071406,https://web.archive.org/web/20191216071406/https://www.columbia.com/mens-midweight-stretch-long-sleeve-baselayer-half-zip-shirt-1638571.html?dwvar_1638571_variationColor=010,Men’s Midweight Stretch Long Sleeve Half Zip Baselayer | Columbia.com,45,USD,jsonld_offer_price
columbia,1638571,B_2024_2026,202407,20240716035852,https://web.archive.org/web/20240716035852/https://www.columbia.com/p/mens-omni-heat-midweight-baselayer-half-zip-1638571.html,Men’s Omni-Heat™ Midweight Baselayer Half Zip | Columbia Sportswear,30.00,USD,jsonld_offer_price
columbia,1638571,B_2024_2026,202408,20240804144533,https://web.archive.org/web/20240804144533/https://www.columbia.com/p/mens-omni-heat-midweight-baselayer-half-zip-1638571.html?dwvar_1638571_color=011,Men’s Omni-Heat™ Midweight Baselayer Half Zip | Columbia Sportswear,60.00,USD,jsonld_offer_price
columbia,1638571,B_2024_2026,202412,20241205213153,https://web.archive.org/web/20241205213153/https://www.columbia.com/p/mens-omni-heat-midweight-baselayer-half-zip-1638571.html,Men’s Omni-Heat™ Midweight Baselayer Half Zip | Columbia Sportswear,60.00,USD,jsonld_offer_price
columbia,1638571,B_2024_2026,202504,20250423213747,https://web.archive.org/web/20250423213747/https://www.columbia.com/p/mens-omni-heat-midweight-baselayer-half-zip-1638571.html?dwvar_1638571_color=011,Men’s Omni-Heat™ Midweight Baselayer Half Zip | Columbia Sportswear,60.00,USD,jsonld_offer_price
columbia,1638571,B_2024_2026,202508,20250827213736,https://web.archive.org/web/20250827213736/https://www.columbia.com/p/mens-omni-heat-midweight-baselayer-half-zip-1638571.html?cgid=men-shirts-baselayer&dwvar_1638571_variationColor=402,,,,fetch_failed
columbia,1638571,B_2024_2026,202510,20251016045123,https://web.archive.org/web/20251016045123/https://www.columbia.com/p/mens-omni-heat-midweight-baselayer-half-zip-1638571.html?color=011,,,,no_price_found
columbia,1746411,A_2018_2020,201907,20190715195756,https://web.archive.org/web/20190715195756/https://www.columbia.com/mens-newton-ridge-plus-ii-suede-waterproof-boot-1746411.html,Men's Newton Ridge™ Plus II Suede Waterproof Boot | Columbia.com,80,USD,jsonld_offer_price
columbia,1746411,A_2018_2020,201909,20190919030458,https://web.archive.org/web/20190919030458/https://www.columbia.com/mens-newton-ridge-plus-ii-suede-waterproof-boot-1746411.html?cgid=footwear-men&dwvar_1746411_variationColor=286,Men's Newton Ridge™ Plus II Suede Waterproof Boot | Columbia.com,80,USD,jsonld_offer_price
columbia,1746411,A_2018_2020,201911,20191113145957,https://web.archive.org/web/20191113145957/https://www.columbia.com/mens-newton-ridge-plus-ii-suede-waterproof-hiking-boot-1746411.html,Men's Newton Ridge™ Plus II Suede Waterproof Boot | Columbia.com,80,USD,jsonld_offer_price
columbia,1746411,A_2018_2020,201912,20191210072604,https://web.archive.org/web/20191210072604/https://www.columbia.com/mens-newton-ridge-plus-ii-suede-waterproof-hiking-boot-1746411.html,Men's Newton Ridge™ Plus II Suede Waterproof Boot | Columbia.com,80,USD,jsonld_offer_price
columbia,1746411,A_2018_2020,202001,20200104105100,https://web.archive.org/web/20200104105100/https://www.columbia.com/mens-newton-ridge-plus-ii-suede-waterproof-hiking-boot-1746411.html,Men's Newton Ridge™ Plus II Suede Waterproof Boot | Columbia.com,90,USD,jsonld_offer_price
columbia,1746411,B_2024_2026,202406,20240614193033,https://web.archive.org/web/20240614193033/https://www.columbia.com/p/mens-newton-ridge-plus-ii-suede-waterproof-hiking-boot-1746411.html?dwvar_1746411_color=204&dwvar_1746411_size=9,Men's Newton Ridge™ Plus II Suede Waterproof Hiking Boot | Columbia Sportswear,75.00,USD,jsonld_offer_price
columbia,1746411,B_2024_2026,202407,20240716130918,https://web.archive.org/web/20240716130918/https://www.columbia.com/p/mens-newton-ridge-plus-ii-suede-waterproof-hiking-boot-1746411.html?dwvar_1746411_color=011,Men's Newton Ridge™ Plus II Suede Waterproof Hiking Boot,100.00,USD,jsonld_offer_price
columbia,1746411,B_2024_2026,202408,20240803233741,https://web.archive.org/web/20240803233741/https://www.columbia.com/p/mens-newton-ridge-plus-ii-suede-waterproof-hiking-boot-1746411.html?dwvar_1746411_color=233,Men's Newton Ridge™ Plus II Suede Waterproof Hiking Boot,100.00,USD,jsonld_offer_price
columbia,1746411,B_2024_2026,202504,20250423212923,https://web.archive.org/web/20250423212923/https://www.columbia.com/p/mens-newton-ridge-plus-ii-suede-waterproof-hiking-boot-1746411.html,Men's Newton Ridge™ Plus II Suede Waterproof Hiking Boot | Columbia Sportswear,100.00,USD,jsonld_offer_price
columbia,1746411,B_2024_2026,202505,20250513223447,https://web.archive.org/web/20250513223447/https://www.columbia.com/p/mens-newton-ridge-plus-ii-suede-waterproof-hiking-boot-1746411.html,Men's Newton Ridge™ Plus II Suede Waterproof Boot | Columbia,100.00,USD,jsonld_offer_price
columbia,1746411,B_2024_2026,202506,20250616164751,https://web.archive.org/web/20250616164751/https://www.columbia.com/p/mens-newton-ridge-plus-ii-suede-waterproof-hiking-boot-1746411.html?dwvar_1746411_color=233,Men's Newton Ridge™ Plus II Suede Waterproof Boot | Columbia,100.00,USD,jsonld_offer_price
columbia,1746411,B_2024_2026,202507,20250712093016,https://web.archive.org/web/20250712093016/https://www.columbia.com/p/mens-newton-ridge-plus-ii-suede-waterproof-hiking-boot-1746411.html,Men's Newton Ridge™ Plus II Suede Waterproof Boot | Columbia,100.00,USD,jsonld_offer_price
columbia,1746411,B_2024_2026,202508,20250809120014,https://web.archive.org/web/20250809120014/https://www.columbia.com/p/mens-newton-ridge-plus-ii-suede-waterproof-hiking-boot-1746411.html,Men's Newton Ridge™ Plus II Suede Waterproof Boot | Columbia,100.00,USD,jsonld_offer_price
columbia,1746411,B_2024_2026,202509,20250912224250,https://web.archive.org/web/20250912224250/https://www.columbia.com/p/mens-newton-ridge-plus-ii-suede-waterproof-hiking-boot-1746411.html?color=091&size=11,Men's Newton Ridge™ Plus II Suede Waterproof Boot | Columbia,100.00,USD,jsonld_offer_price
columbia,1746411,B_2024_2026,202510,20251010060326,https://web.archive.org/web/20251010060326/https://www.columbia.com/p/mens-newton-ridge-plus-ii-suede-waterproof-hiking-boot-1746411.html?color=091&size=10,Men's Newton Ridge™ Plus II Suede Waterproof Boot | Columbia,100.00,USD,jsonld_offer_price
columbia,1746411,B_2024_2026,202511,20251111162151,https://web.archive.org/web/20251111162151/https://www.columbia.com/p/mens-newton-ridge-plus-ii-suede-waterproof-hiking-boot-1746411.html?color=014&size=15,Men's Newton Ridge™ Plus II Suede Waterproof Boot | Columbia,100.00,USD,jsonld_offer_price
columbia,1836811,A_2018_2020,201909,20190918031151,https://web.archive.org/web/20190918031151/https://www.columbia.com/pfg-mesh-fish-flag-ball-cap-1836811.html,Columbia | Keep the sun out of your eyes with this classic adjustable cap with breathable mesh panels.,25,USD,jsonld_offer_price
columbia,1836811,A_2018_2020,201910,20191016050344,https://web.archive.org/web/20191016050344/https://www.columbia.com/pfg-mesh-fish-flag-ball-cap-1836811.html?cgid=giftGuide&dwvar_1836811_variationColor=049,Columbia | Keep the sun out of your eyes with this classic adjustable cap with breathable mesh panels.,25.00,USD,json_price_field
columbia,1836811,A_2018_2020,201911,20191120143753,https://web.archive.org/web/20191120143753/https://www.columbia.com/pfg-mesh-fish-flag-ball-cap-1836811.html?cgid=activity-casual-travel-accessories&dwvar_1836811_variationColor=049,Columbia | Keep the sun out of your eyes with this classic adjustable cap with breathable mesh panels.,25,USD,jsonld_offer_price
columbia,1836811,A_2018_2020,201912,20191215231645,https://web.archive.org/web/20191215231645/https://www.columbia.com/pfg-mesh-fish-flag-ball-cap-1836811.html?cgid=activity-fishing&dwvar_1836811_variationColor=010,Columbia | Keep the sun out of your eyes with this classic adjustable cap with breathable mesh panels.,25,USD,jsonld_offer_price
columbia,1836811,A_2018_2020,202001,20200104193731,https://web.archive.org/web/20200104193731/https://www.columbia.com/on/demandware.store/Sites-Columbia_US-Site/en_US/Product-AllSizeSearch?pid=1836811,,,,no_price_found
columbia,1836811,B_2024_2026,202406,20240613080113,https://web.archive.org/web/20240613080113/https://www.columbia.com/p/pfg-fish-flag-mesh-ball-cap---high-crown-1836811.html?dwvar_1836811_color=024,PFG Fish Flag™ Mesh Ball Cap - High Crown,22.50,USD,jsonld_offer_price
columbia,1836811,B_2024_2026,202407,20240719222106,https://web.archive.org/web/20240719222106/https://www.columbia.com/p/pfg-fish-flag-mesh-ball-cap---high-crown-1836811.html,PFG Fish Flag™ Mesh Ball Cap - High Crown,30.00,USD,jsonld_offer_price
columbia,1836811,B_2024_2026,202408,20240806120530,https://web.archive.org/web/20240806120530/https://www.columbia.com/p/pfg-fish-flag-mesh-ball-cap---high-crown-1836811.html,PFG Fish Flag™ Mesh Ball Cap - High Crown,30.00,USD,jsonld_offer_price
columbia,1836811,B_2024_2026,202412,20241211122414,https://web.archive.org/web/20241211122414/https://www.columbia.com/p/pfg-fish-flag-mesh-ball-cap-1836811.html?dwvar_1836811_color=010&dwvar_1836811_size=S%2FM,PFG Fish Flag™ Mesh Ball Cap | Columbia Sportswear,30.00,USD,jsonld_offer_price
columbia,1836811,B_2024_2026,202501,20250124204935,https://web.archive.org/web/20250124204935/https://www.columbia.com/p/pfg-fish-flag-mesh-ball-cap-1836811.html,PFG Fish Flag™ Mesh Ball Cap | Columbia Sportswear,22.50,USD,jsonld_offer_price
columbia,1836811,B_2024_2026,202502,20250213071943,https://web.archive.org/web/20250213071943/https://www.columbia.com/p/pfg-fish-flag-mesh-ball-cap-1836811.html,PFG Fish Flag™ Mesh Ball Cap | Columbia Sportswear,22.50,USD,jsonld_offer_price
columbia,1836811,B_2024_2026,202503,20250326175350,https://web.archive.org/web/20250326175350/https://www.columbia.com/p/pfg-fish-flag-mesh-ball-cap-1836811.html?dwvar_1836811_color=010&dwvar_1836811_size=XXL,,,,fetch_failed
columbia,1836811,B_2024_2026,202504,20250418122222,https://web.archive.org/web/20250418122222/https://www.columbia.com/p/pfg-fish-flag-mesh-ball-cap-1836811.html,PFG Fish Flag™ Mesh Ball Cap | Columbia Sportswear,18.00,USD,jsonld_offer_price
columbia,1836811,B_2024_2026,202505,20250513072117,https://web.archive.org/web/20250513072117/https://www.columbia.com/p/pfg-fish-flag-mesh-ball-cap-1836811.html,PFG Mesh Fish Flag Ball Cap | Columbia,18.00,USD,jsonld_offer_price
columbia,1836811,B_2024_2026,202506,20250619123609,https://web.archive.org/web/20250619123609/https://www.columbia.com/p/pfg-fish-flag-mesh-ball-cap-1836811.html?dwvar_1836811_color=685&dwvar_1836811_size=XXL,PFG Mesh Fish Flag Ball Cap | Columbia,30.00,USD,jsonld_offer_price
columbia,1836811,B_2024_2026,202507,20250712040654,https://web.archive.org/web/20250712040654/https://www.columbia.com/p/pfg-fish-flag-mesh-ball-cap-1836811.html?dwvar_1836811_color=010,PFG Mesh Fish Flag Ball Cap | Columbia,30.00,USD,jsonld_offer_price
columbia,1836811,B_2024_2026,202508,20250820233336,https://web.archive.org/web/20250820233336/https://www.columbia.com/p/pfg-fish-flag-mesh-ball-cap-1836811.html,,,,no_price_found
columbia,1836811,B_2024_2026,202509,20250929082153,https://web.archive.org/web/20250929082153/https://www.columbia.com/p/pfg-fish-flag-mesh-ball-cap-1836811.html?color=028,,,,fetch_failed
columbia,1836811,B_2024_2026,202510,20251005225230,https://web.archive.org/web/20251005225230/https://www.columbia.com/p/pfg-fish-flag-mesh-ball-cap-1836811.html?color=317,PFG Mesh Fish Flag Ball Cap | Columbia,30.00,USD,jsonld_offer_price
columbia,1836811,B_2024_2026,202511,20251115035417,https://web.archive.org/web/20251115035417/https://www.columbia.com/p/pfg-fish-flag-mesh-ball-cap-1836811.html?color=024,PFG Mesh Fish Flag Ball Cap | Columbia,30.00,USD,jsonld_offer_price
columbia,1837001,A_2018_2020,201907,20190719015246,https://web.archive.org/web/20190719015246/https://www.columbia.com/pfg-mesh-snap-back-fish-flag-ballcap-1837001.html,"Columbia | An easy-going, cotton-blend baseball cap with a mesh back for extra ventilation.",25,USD,jsonld_offer_price
columbia,1837001,A_2018_2020,201909,20190923172314,https://web.archive.org/web/20190923172314/https://www.columbia.com/pfg-mesh-snap-back-fish-flag-ballcap-1837001.html?cgid=activity-casual-travel-accessories&dwvar_1837001_variationColor=487,"Columbia | An easy-going, cotton-blend baseball cap with a mesh back for extra ventilation.",25,USD,jsonld_offer_price
columbia,1837001,A_2018_2020,201910,20191023035001,https://web.archive.org/web/20191023035001/https://www.columbia.com/pfg-mesh-snap-back-fish-flag-ballcap-1837001.html?cgid=camping-mens&dwvar_1837001_variationColor=011,"Columbia | An easy-going, cotton-blend baseball cap with a mesh back for extra ventilation.",25.00,USD,json_price_field
columbia,1837001,A_2018_2020,201911,20191120060842,https://web.archive.org/web/20191120060842/https://www.columbia.com/pfg-mesh-snap-back-fish-flag-ballcap-1837001.html?cgid=activity-fishing-accessories&dwvar_1837001_variationColor=487,"Columbia | An easy-going, cotton-blend baseball cap with a mesh back for extra ventilation.",25,USD,jsonld_offer_price
columbia,1837001,A_2018_2020,201912,20191216043453,https://web.archive.org/web/20191216043453/https://www.columbia.com/pfg-mesh-snap-back-fish-flag-ballcap-1837001.html?cgid=camping-mens&dwvar_1837001_variationColor=464,"Columbia | An easy-going, cotton-blend baseball cap with a mesh back for extra ventilation.",25,USD,jsonld_offer_price
columbia,1837001,B_2024_2026,202406,20240623005308,https://web.archive.org/web/20240623005308/https://www.columbia.com/p/pfg-fish-flag-mesh-snapback---high-crown-1837001.html?dwvar_1837001_color=028,PFG Fish Flag™ Mesh Snapback - High Crown | Columbia Sportswear,30.00,USD,jsonld_offer_price
columbia,1837001,B_2024_2026,202407,20240713075603,https://web.archive.org/web/20240713075603/https://www.columbia.com/p/pfg-fish-flag-mesh-snapback---high-crown-1837001.html,,,,no_price_found
columbia,1837001,B_2024_2026,202408,20240808165649,https://web.archive.org/web/20240808165649/https://www.columbia.com/p/pfg-fish-flag-mesh-snapback---high-crown-1837001.html,PFG Fish Flag™ Mesh Snapback - High Crown | Columbia Sportswear,30.00,USD,jsonld_offer_price
columbia,1837001,B_2024_2026,202412,20241209015336,https://web.archive.org/web/20241209015336/https://www.columbia.com/p/pfg-fish-flag-mesh-snapback-1837001.html?dwvar_1837001_color=031&dwvar_1837001_size=O%2FS,PFG Fish Flag™ Mesh Snapback | Columbia Sportswear,30.00,USD,jsonld_offer_price
columbia,1837001,B_2024_2026,202501,20250123203802,https://web.archive.org/web/20250123203802/https://www.columbia.com/p/pfg-fish-flag-mesh-snapback-1837001.html?dwvar_1837001_color=031&dwvar_1837001_size=O%2FS,PFG Fish Flag™ Mesh Snapback | Columbia Sportswear,30.00,USD,jsonld_offer_price
columbia,1837001,B_2024_2026,202502,20250207120434,https://web.archive.org/web/20250207120434/https://www.columbia.com/p/pfg-fish-flag-mesh-snapback-1837001.html?dwvar_1837001_color=018,PFG Fish Flag™ Mesh Snapback | Columbia Sportswear,30.00,USD,jsonld_offer_price
columbia,1837001,B_2024_2026,202503,20250320053402,https://web.archive.org/web/20250320053402/https://www.columbia.com/p/pfg-fish-flag-mesh-snapback-1837001.html?dwvar_1837001_color=698,PFG Fish Flag™ Mesh Snapback | Columbia Sportswear,30.00,USD,jsonld_offer_price
columbia,1837001,B_2024_2026,202504,20250426004758,https://web.archive.org/web/20250426004758/https://www.columbia.com/p/pfg-fish-flag-mesh-snapback-1837001.html,PFG Fish Flag™ Mesh Snapback | Columbia Sportswear,30.00,USD,jsonld_offer_price
columbia,1837001,B_2024_2026,202505,20250521205622,https://web.archive.org/web/20250521205622/https://www.columbia.com/p/pfg-fish-flag-mesh-snapback-1837001.html?dwvar_1837001_color=031,PFG Mesh Snap Back Fish Flag Ballcap | Columbia,22.50,USD,jsonld_offer_price
columbia,1837001,B_2024_2026,202507,20250716082237,https://web.archive.org/web/20250716082237/https://www.columbia.com/p/pfg-fish-flag-mesh-snapback-1837001.html,PFG Mesh Snap Back Fish Flag Ballcap | Columbia,30.00,USD,jsonld_offer_price
columbia,1837001,B_2024_2026,202508,20250813183030,https://web.archive.org/web/20250813183030/https://www.columbia.com/p/pfg-fish-flag-mesh-snapback-1837001.html,,,,no_price_found
columbia,1837001,B_2024_2026,202509,20250918061717,https://web.archive.org/web/20250918061717/https://www.columbia.com/p/pfg-fish-flag-mesh-snapback-1837001.html?color=010,PFG Mesh Snap Back Fish Flag Ballcap | Columbia,30.00,USD,jsonld_offer_price
columbia,1837001,B_2024_2026,202510,20251009110111,https://web.archive.org/web/20251009110111/https://www.columbia.com/p/pfg-fish-flag-mesh-snapback---high-crown-1837001.html?color=160&size=O%2FS,PFG Mesh Snap Back Fish Flag Ballcap | Columbia,30.00,USD,jsonld_offer_price
columbia,1837001,B_2024_2026,202511,20251111145213,https://web.archive.org/web/20251111145213/https://www.columbia.com/p/pfg-fish-flag-mesh-snapback---high-crown-1837001.html?color=010&size=O%2FS,PFG Mesh Snap Back Fish Flag Ballcap | Columbia,30.00,USD,jsonld_offer_price
columbia,1738151,A_2018_2020,201908,20190819084758,https://web.archive.org/web/20190819084758/https://www.columbia.com/womens-heavenly-hooded-jacket-1738151.html,Women's Heavenly Water-Resistant Insulated Jacket | Columbia.com,130.00,USD,json_price_field
columbia,1738151,A_2018_2020,201909,20190922115132,https://web.archive.org/web/20190922115132/https://www.columbia.com/womens-heavenly-hooded-jacket-1738151.html?dwvar_1738151_variationColor=010&cgid=activity-ski-snow-jackets,Women's Heavenly Water-Resistant Insulated Jacket | Columbia.com,130.00,USD,json_price_field
columbia,1738151,A_2018_2020,201910,20191014103744,https://web.archive.org/web/20191014103744/https://www.columbia.com/womens-heavenly-hooded-jacket-1738151.html?dwvar_1738151_variationColor=522&cgid=fathersDay,Women's Heavenly Water-Resistant Insulated Jacket | Columbia.com,130.00,USD,json_price_field
columbia,1738151,A_2018_2020,201911,20191113063900,https://web.archive.org/web/20191113063900/https://www.columbia.com/womens-heavenly-hooded-jacket-1738151.html?dwvar_1738151_variationColor=191,Women's Heavenly Water-Resistant Insulated Jacket | Columbia.com,130,USD,jsonld_offer_price
columbia,1738151,A_2018_2020,201912,20191210084448,https://web.archive.org/web/20191210084448/https://www.columbia.com/womens-heavenly-hooded-jacket-1738151.html,Women's Heavenly Water-Resistant Insulated Jacket | Columbia.com,130.00,USD,json_price_field
columbia,1738151,B_2024_2026,202406,20240624054400,https://web.archive.org/web/20240624054400/https://www.columbia.com/p/womens-heavenly-hooded-jacket-1738151.html,Women's Heavenly™ Hooded Jacket | Columbia Sportswear,150.00,USD,jsonld_offer_price
columbia,1738151,B_2024_2026,202407,20240721110652,https://web.archive.org/web/20240721110652/https://www.columbia.com/p/womens-heavenly-hooded-jacket-1738151.html,Women's Heavenly™ Hooded Jacket,150.00,USD,jsonld_offer_price
columbia,1738151,B_2024_2026,202408,20240815161720,https://web.archive.org/web/20240815161720/https://www.columbia.com/p/womens-heavenly-hooded-jacket-1738151.html,Women's Heavenly™ Hooded Jacket,60.00,USD,jsonld_offer_price
columbia,1738151,B_2024_2026,202501,20250120123329,https://web.archive.org/web/20250120123329/https://www.columbia.com/p/womens-heavenly-hooded-jacket-1738151.html,Women's Heavenly™ Hooded Jacket | Columbia Sportswear,150.00,USD,jsonld_offer_price
columbia,1738151,B_2024_2026,202502,20250216220411,https://web.archive.org/web/20250216220411/https://www.columbia.com/p/womens-heavenly-hooded-jacket-1738151.html?dwvar_1738151_color=364,Women's Heavenly™ Hooded Jacket | Columbia Sportswear,150.00,USD,jsonld_offer_price
columbia,1738151,B_2024_2026,202503,20250327104555,https://web.archive.org/web/20250327104555/https://www.columbia.com/p/womens-heavenly-hooded-jacket-1738151.html?dwvar_1738151_color=364&dwvar_1738151_size=L,Women's Heavenly™ Hooded Jacket | Columbia Sportswear,150.00,USD,jsonld_offer_price
columbia,1738151,B_2024_2026,202504,20250424062058,https://web.archive.org/web/20250424062058/https://www.columbia.com/p/womens-heavenly-hooded-jacket-1738151.html?dwvar_1738151_color=012&dwvar_1738151_size=M,Women's Heavenly™ Hooded Jacket | Columbia Sportswear,150.00,USD,jsonld_offer_price
columbia,1738151,B_2024_2026,202507,20250712095225,https://web.archive.org/web/20250712095225/https://www.columbia.com/p/womens-heavenly-hooded-jacket-1738151.html?dwvar_1738151_color=278,Women's Heavenly Water-Resistant Insulated Jacket | Columbia,150.00,USD,jsonld_offer_price
columbia,1738151,B_2024_2026,202508,20250803015124,https://web.archive.org/web/20250803015124/https://www.columbia.com/p/womens-heavenly-hooded-jacket-1738151.html,Women's Heavenly Water-Resistant Insulated Jacket | Columbia,150.00,USD,jsonld_offer_price
columbia,1738151,B_2024_2026,202509,20250928151607,https://web.archive.org/web/20250928151607/https://www.columbia.com/p/womens-heavenly-hooded-jacket-1738151.html?color=278,,,,no_price_found
columbia,1738151,B_2024_2026,202510,20251023142940,https://web.archive.org/web/20251023142940/https://www.columbia.com/p/womens-heavenly-hooded-jacket-1738151.html,,,,no_price_found
columbia,1738151,B_2024_2026,202511,20251115055011,https://web.archive.org/web/20251115055011/https://www.columbia.com/p/womens-heavenly-hooded-jacket-1738151.html?color=012,,,,no_price_found
columbia,1738161,A_2018_2020,201907,20190719021803,https://web.archive.org/web/20190719021803/https://www.columbia.com/womens-heavenly-long-hooded-jacket-1738161.html,Women's Heavenly Water-Resistant Insulated Long Jacket | Columbia.com,140,USD,jsonld_offer_price
columbia,1738161,A_2018_2020,201909,20190921141612,https://web.archive.org/web/20190921141612/https://www.columbia.com/womens-heavenly-long-hooded-jacket-1738161.html?cgid=activity-ski-snow&dwvar_1738161_variationColor=032,Women's Heavenly Water-Resistant Insulated Long Jacket | Columbia.com,140,USD,jsonld_offer_price
columbia,1738161,A_2018_2020,201910,20191014113900,https://web.archive.org/web/20191014113900/https://www.columbia.com/womens-heavenly-long-hooded-jacket-1738161.html?cgid=fathersDay&dwvar_1738161_variationColor=522,Women's Heavenly Water-Resistant Insulated Long Jacket | Columbia.com,140.00,USD,json_price_field
columbia,1738161,A_2018_2020,201912,20191209071502,https://web.archive.org/web/20191209071502/https://www.columbia.com/womens-heavenly-long-hooded-jacket-1738161.html?cgid=women-jacketsVests&dwvar_1738161_variationColor=191,Women's Heavenly Water-Resistant Insulated Long Jacket | Columbia.com,140,USD,jsonld_offer_price
columbia,1738161,A_2018_2020,202001,20200111011031,https://web.archive.org/web/20200111011031/https://www.columbia.com/on/demandware.store/Sites-Columbia_US-Site/en_US/Product-AllSizeSearch?pid=1738161,,,,no_price_found
columbia,1738161,B_2024_2026,202406,20240618163121,https://web.archive.org/web/20240618163121/https://www.columbia.com/p/womens-heavenly-long-hooded-jacket-1738161.html,Women's Heavenly™ Long Hooded Jacket,64.00,USD,jsonld_offer_price
columbia,1738161,B_2024_2026,202407,20240714052933,https://web.archive.org/web/20240714052933/https://www.columbia.com/p/womens-heavenly-long-hooded-jacket-1738161.html,Women's Heavenly™ Long Hooded Jacket,160.00,USD,jsonld_offer_price
columbia,1738161,B_2024_2026,202408,20240804134504,https://web.archive.org/web/20240804134504/https://www.columbia.com/p/womens-heavenly-long-hooded-jacket-1738161.html,Women's Heavenly™ Long Hooded Jacket,160.00,USD,jsonld_offer_price
columbia,1738161,B_2024_2026,202412,20241202165741,https://web.archive.org/web/20241202165741/https://www.columbia.com/p/womens-heavenly-long-hooded-jacket-1738161.html,Women's Heavenly™ Long Hooded Jacket | Columbia Sportswear,120.00,USD,jsonld_offer_price
columbia,1738161,B_2024_2026,202501,20250118142117,https://web.archive.org/web/20250118142117/https://www.columbia.com/p/womens-heavenly-long-hooded-jacket-1738161.html,Women's Heavenly™ Long Hooded Jacket | Columbia Sportswear,160.00,USD,jsonld_offer_price
columbia,1738161,B_2024_2026,202502,20250216075952,https://web.archive.org/web/20250216075952/https://www.columbia.com/p/womens-heavenly-long-hooded-jacket-1738161.html,Women's Heavenly™ Long Hooded Jacket | Columbia Sportswear,160.00,USD,jsonld_offer_price
columbia,1738161,B_2024_2026,202503,20250317191425,https://web.archive.org/web/20250317191425/https://www.columbia.com/p/womens-heavenly-long-hooded-jacket-1738161.html,,,,no_price_found
columbia,1738161,B_2024_2026,202504,20250417190330,https://web.archive.org/web/20250417190330/https://www.columbia.com/p/womens-heavenly-long-hooded-jacket-1738161.html,Women's Heavenly™ Long Hooded Jacket | Columbia Sportswear,128.00,USD,jsonld_offer_price
columbia,1738161,B_2024_2026,202505,20250512093722,https://web.archive.org/web/20250512093722/https://www.columbia.com/p/womens-heavenly-long-hooded-jacket-1738161.html,Women's Heavenly Water-Resistant Puffer Jacket | Columbia,160.00,USD,jsonld_offer_price
columbia,1738161,B_2024_2026,202506,20250622090546,https://web.archive.org/web/20250622090546/https://www.columbia.com/p/womens-heavenly-long-hooded-jacket-1738161.html?dwvar_1738161_color=012&dwvar_1738161_size=XL,Women's Heavenly Water-Resistant Puffer Jacket | Columbia,160.00,USD,jsonld_offer_price
columbia,1738161,B_2024_2026,202507,20250726142644,https://web.archive.org/web/20250726142644/https://www.columbia.com/p/womens-heavenly-long-hooded-jacket-1738161.html?bvstate=pg%3A23%2Fct%3Ar,Women's Heavenly Water-Resistant Puffer Jacket | Columbia,160.00,USD,jsonld_offer_price
columbia,1738161,B_2024_2026,202508,20250803015640,https://web.archive.org/web/20250803015640/https://www.columbia.com/p/womens-heavenly-long-hooded-jacket-1738161.html,Women's Heavenly Water-Resistant Puffer Jacket | Columbia,160.00,USD,jsonld_offer_price
columbia,1738161,B_2024_2026,202509,20250910220850,https://web.archive.org/web/20250910220850/https://www.columbia.com/p/womens-heavenly-long-hooded-jacket-1738161.html,,,,no_price_found
columbia,1738161,B_2024_2026,202510,20251009174319,https://web.archive.org/web/20251009174319/https://www.columbia.com/p/womens-heavenly-long-hooded-jacket-1738161.html?cjevent=5c827b51a53711f0831001980a82b820&eid=cj&mid=affiliate&nid=8758487&uid=11554828&color=278,Women's Heavenly Water-Resistant Puffer Jacket | Columbia,80.00,USD,jsonld_offer_price
columbia,1738161,B_2024_2026,202511,20251102225715,https://web.archive.org/web/20251102225715/https://www.columbia.com/p/womens-heavenly-long-hooded-jacket-1738161.html,Women's Heavenly Water-Resistant Puffer Jacket | Columbia,160.00,USD,jsonld_offer_price
columbia,1654862,A_2018_2020,201907,20190717191309,https://web.archive.org/web/20190717191309/https://www.columbia.com/womens-pfg-tidal-tee-hoodie---plus-size-1654862.html,Women’s PFG Tidal Tee™ Hoodie - Plus Size | Columbia.com,45,USD,jsonld_offer_price
columbia,1654862,A_2018_2020,201909,20190923025627,https://web.archive.org/web/20190923025627/https://www.columbia.com/womens-pfg-tidal-tee-hoodie---plus-size-1654862.html?cgid=women-tops-fishing&dwvar_1654862_variationColor=465,Women’s PFG Tidal Tee™ Hoodie - Plus Size | Columbia.com,45,USD,jsonld_offer_price
columbia,1654862,A_2018_2020,201910,20191015032651,https://web.archive.org/web/20191015032651/https://www.columbia.com/womens-pfg-tidal-tee-hoodie---plus-size-1654862.html?cgid=women-tops-fishing&dwvar_1654862_variationColor=899,Women’s PFG Tidal Tee™ Hoodie - Plus Size | Columbia.com,45.00,USD,json_price_field
columbia,1654862,A_2018_2020,201911,20191120202317,https://web.archive.org/web/20191120202317/https://www.columbia.com/womens-pfg-tidal-tee-hoodie---plus-size-1654862.html,Women’s PFG Tidal Tee™ Hoodie - Plus Size | Columbia.com,45,USD,jsonld_offer_price
columbia,1654862,A_2018_2020,201912,20191206102454,https://web.archive.org/web/20191206102454/https://www.columbia.com/womens-pfg-tidal-tee-hoodie---plus-size-1654862.html?dwvar_1654862_variationColor=465,Women’s PFG Tidal Tee™ Hoodie - Plus Size | Columbia.com,45.00,USD,json_price_field
columbia,1654862,B_2024_2026,202501,20250126125813,https://web.archive.org/web/20250126125813/https://www.columbia.com/p/womens-pfg-tidal-tee-hoodie---plus-size-1654862.html?dwvar_1654862_color=461,Women’s PFG Tidal Tee™ Hoodie - Plus Size | Columbia Sportswear,27.00,USD,jsonld_offer_price
columbia,1654862,B_2024_2026,202502,20250214051352,https://web.archive.org/web/20250214051352/https://www.columbia.com/p/womens-pfg-tidal-tee-hoodie---plus-size-1654862.html,Women’s PFG Tidal Tee™ Hoodie - Plus Size | Columbia Sportswear,22.50,USD,jsonld_offer_price
columbia,1654862,B_2024_2026,202503,20250326234136,https://web.archive.org/web/20250326234136/https://www.columbia.com/p/womens-pfg-tidal-tee-hoodie---plus-size-1654862.html?dwvar_1654862_color=102&dwvar_1654862_size=1X,Women’s PFG Tidal Tee™ Hoodie - Plus Size | Columbia Sportswear,22.50,USD,jsonld_offer_price
columbia,1654862,B_2024_2026,202504,20250418171041,https://web.archive.org/web/20250418171041/https://www.columbia.com/p/womens-pfg-tidal-tee-hoodie---plus-size-1654862.html,Women’s PFG Tidal Tee™ Hoodie - Plus Size | Columbia Sportswear,22.50,USD,jsonld_offer_price
columbia,1654862,B_2024_2026,202509,20250913110922,https://web.archive.org/web/20250913110922/https://www.columbia.com/p/womens-pfg-tidal-tee-hoodie---plus-size-1654862.html?cgid=women-tops-longsleeve&variationColor=885,Women’s PFG Tidal Tee™ Hoodie - Plus Size | Columbia,0.00,USD,jsonld_offer_price
