brand,product_code,window,month,snapshot_timestamp,snapshot_url,page_title,price,currency,method
northface,SLUG:mens-retro-nuptse-jacket,A_2018_2020,201812,20181220165312,https://web.archive.org/web/20181220165312/https://www.thenorthface.com/shop/mens-1996-retro-nuptse-jacket-nf0a3c8d?variationId=207,Men's 1996 Retro Nuptse Jacket | United States,249.00,,meta_product_price
northface,SLUG:mens-retro-nuptse-jacket,A_2018_2020,201907,20190724084647,https://web.archive.org/web/20190724084647/https://www.thenorthface.com/shop/mens-1996-retro-nuptse-jacket-nf0a3c8d,Men's 1996 Retro Nuptse Jacket | United States,249.00,,meta_product_price
northface,SLUG:mens-retro-nuptse-jacket,A_2018_2020,201908,20190821080232,https://web.archive.org/web/20190821080232/https://www.thenorthface.com/shop/mens-jackets-vests-insulated/mens-1996-retro-nuptse-jacket-nf0a3c8d?variationId=5NX,Men's 1996 Retro Nuptse Jacket | United States,249.00,,meta_product_price
northface,SLUG:mens-retro-nuptse-jacket,A_2018_2020,201909,20190902050418,https://web.archive.org/web/20190902050418/https://www.thenorthface.com/shop/mens-1996-retro-nuptse-jacket-nf0a3c8d,Men's 1996 Retro Nuptse Jacket | United States,249.00,,meta_product_price
northface,SLUG:mens-retro-nuptse-jacket,A_2018_2020,201910,20191021090802,https://web.archive.org/web/20191021090802/https://www.thenorthface.com/shop/mens-1996-retro-nuptse-jacket-nf0a3c8d?variationId=D9V,Men's 1996 Retro Nuptse Jacket | United States,249.00,,meta_product_price
northface,SLUG:mens-retro-nuptse-jacket,A_2018_2020,201911,20191104233738,https://web.archive.org/web/20191104233738/https://www.thenorthface.com/shop/mens-1996-retro-nuptse-jacket-nf0a3c8d,Men's 1996 Retro Nuptse Jacket | United States,249.00,,meta_product_price
northface,SLUG:mens-retro-nuptse-jacket,A_2018_2020,201912,20191205011501,https://web.archive.org/web/20191205011501/https://www.thenorthface.com/shop/mens-1996-retro-nuptse-jacket-nf0a3c8d,Men's 1996 Retro Nuptse Jacket | The North Face,249.00,,meta_product_price
northface,SLUG:mens-retro-nuptse-jacket,A_2018_2020,202001,20200102010455,https://web.archive.org/web/20200102010455/https://www.thenorthface.com/shop/mens-1996-retro-nuptse-jacket-nf0a3c8d,,,,fetch_failed
northface,SLUG:mens-retro-nuptse-jacket,B_2024_2026,202506,20250605192422,https://web.archive.org/web/20250605192422/https://www.thenorthface.com/en-us/p/mens/mens-jackets-and-vests/mens-insulated-and-down-300771/mens-1996-retro-nuptse-jacket-NF0A3C8D?color=38S&bc_pid=TkYwQTNDOERfNUVY&obem=_ZNyvzwPKdwe26GHZF_UgA==&bc_lcid=t5116041206554624lw5631381212618752li0,Men’s 1996 Retro Nuptse Jacket | The North Face,131.98,USD,jsonld_offer_price
northface,SLUG:mens-retro-nuptse-jacket,B_2024_2026,202507,20250722153816,https://web.archive.org/web/20250722153816/https://www.thenorthface.com/en-us/p/mens/mens-jackets-and-vests/mens-insulated-and-down-300771/mens-1996-retro-nuptse-jacket-NF0A3C8D?color=5EX&gad_source=1&gclsrc=aw.ds,Men’s 1996 Retro Nuptse Jacket | The North Face,131.98,USD,jsonld_offer_price
northface,SLUG:mens-retro-nuptse-jacket,B_2024_2026,202508,20250812193624,https://web.archive.org/web/20250812193624/https://www.thenorthface.com/en-us/p/mens/mens-jackets-and-vests/mens-insulated-and-down-300771/mens-1996-retro-nuptse-jacket-NF0A3C8D,,,,no_price_found
northface,SLUG:mens-retro-nuptse-jacket,B_2024_2026,202510,20251002221102,https://web.archive.org/web/20251002221102/https://www.thenorthface.com/en-us/p/mens/mens-jackets-and-vests/mens-insulated-and-down-300771/mens-1996-retro-nuptse-jacket-NF0A3C8D,Men’s 1996 Retro Nuptse Jacket | The North Face,330,USD,jsonld_offer_price
northface,SLUG:mens-retro-nuptse-jacket,B_2024_2026,202511,20251111135846,https://web.archive.org/web/20251111135846/https://www.thenorthface.com/en-us/p/mens/mens-jackets-and-vests/mens-insulated-and-down-300771/mens-1996-retro-nuptse-jacket-NF0A3C8D,Men’s 1996 Retro Nuptse Jacket | The North Face,330,USD,jsonld_offer_price
northface,SLUG:mens-retro-nuptse-jacket,B_2024_2026,202512,20251222075109,https://web.archive.org/web/20251222075109/https://www.thenorthface.com/en-ca/p/mens/mens-jackets-and-vests/mens-insulated-and-down-300771/mens-1996-retro-nuptse-jacket-NF0A3C8D?color=DHO%2F,,,,no_price_found
northface,SLUG:mens-retro-nuptse-jacket,B_2024_2026,202601,20260122013222,https://web.archive.org/web/20260122013222/https://www.thenorthface.com/en-ca/p/mens/mens-jackets-and-vests/mens-insulated-and-down-300771/mens-1996-retro-nuptse-jacket-NF0A3C8D?color=DHO&fitType=Standard,,,,fetch_failed
northface,SLUG:mens-retro-nuptse-jacket,B_2024_2026,202602,20260202012447,https://web.archive.org/web/20260202012447/https://www.thenorthface.com/en-us/p/mens/mens-jackets-and-vests/mens-insulated-and-down-300771/mens-1996-retro-nuptse-jacket-NF0A3C8D,,,,no_price_found
northface,SLUG:mens-retro-nuptse-jacket,B_2024_2026,202603,20260328112720,https://web.archive.org/web/20260328112720/https://www.thenorthface.com/en-us/p/mens/mens-jackets-and-vests/mens-insulated-and-down-300771/mens-1996-retro-nuptse-jacket-NF0A3C8D?color=GOE&fitType=Standard&utm_content=ecomm&utm_medium=cpc&utm_source=google&utm_campaign=US+%7C+all+%7C+Hybrid+%7C+SHOP+-+AUT+~+All+Br+Trending+%26+Priority+Products+Cluster-+General+-+PMax+Shopping&utm_term=&gclsrc=aw.ds&gad_source=1&gad_campaignid=23036433013&gclid=Cj0KCQiA4eHLBhCzARIsAJ2NZoI80xkUsv1jIOlvnpVgx2i-pULaE0rXkqnDZrmCQmDVEWjbSCdgHEAaAn9tEALw_wcB,Men’s 1996 Retro Nuptse Jacket | The North Face,380,USD,jsonld_offer_price
northface,SLUG:mens-retro-nuptse-jacket,B_2024_2026,202604,20260412023124,https://web.archive.org/web/20260412023124/https://www.thenorthface.com/en-us/p/mens/mens-jackets-and-vests/mens-insulated-and-down-300771/mens-1996-retro-nuptse-jacket-NF0A3C8D,Men’s 1996 Retro Nuptse Jacket | The North Face,380,USD,jsonld_offer_price
northface,SLUG:mens-retro-nuptse-jacket,B_2024_2026,202605,20260519112514,https://web.archive.org/web/20260519112514/https://www.thenorthface.com/en-us/p/mens/mens-jackets-and-vests/mens-insulated-and-down-300771/mens-1996-retro-nuptse-jacket-NF0A3C8D?color=5LO,,,,no_price_found
northface,SLUG:mens-retro-nuptse-jacket,B_2024_2026,202606,20260602001704,https://web.archive.org/web/20260602001704/https://www.thenorthface.com/en-us/p/mens/mens-jackets-and-vests/mens-insulated-and-down-300771/mens-1996-retro-nuptse-jacket-NF0A3C8D?color=JY7&fitType=Standard,,,,no_price_found
northface,SLUG:mens-retro-nuptse-jacket,B_2024_2026,202608,20260821091449,https://web.archive.org/web/20260821091449/https://www.thenorthface.com/en-us/p/mens/mens-jackets-and-vests/mens-insulated-and-down-300771/mens-1996-retro-nuptse-jacket-NF0A3C8D,,,,no_price_found
northface,SLUG:womens-retro-nuptse-vest,A_2018_2020,201809,20180920063027,https://web.archive.org/web/20180920063027/https://www.thenorthface.com/shop/womens-1996-retro-nuptse-vest-nf0a3jqr,WOMEN’S 1996 RETRO NUPTSE JACKET | United States,249.00,,meta_product_price
northface,SLUG:womens-retro-nuptse-vest,A_2018_2020,201810,20181004124622,https://web.archive.org/web/20181004124622/https://www.thenorthface.com/shop/womens-1996-retro-nuptse-vest-nf0a3jqr,WOMEN’S 1996 RETRO NUPTSE JACKET | United States,249.00,,meta_product_price
northface,SLUG:womens-retro-nuptse-vest,A_2018_2020,201907,20190719210419,https://web.archive.org/web/20190719210419/https://www.thenorthface.com/shop/womens-1996-retro-nuptse-vest-nf0a3jqr,WOMEN’S 1996 RETRO NUPTSE JACKET | United States,249.00,,meta_product_price
northface,SLUG:womens-retro-nuptse-vest,A_2018_2020,201908,20190822071354,https://web.archive.org/web/20190822071354/https://www.thenorthface.com/shop/womens-1996-retro-nuptse-vest-nf0a3jqr?variationId=682,WOMEN’S 1996 RETRO NUPTSE JACKET | United States,249.00,,meta_product_price
northface,SLUG:womens-retro-nuptse-vest,A_2018_2020,201909,20190915011820,https://web.archive.org/web/20190915011820/https://www.thenorthface.com/shop/womens-1996-retro-nuptse-vest-nf0a3jqr,,,,fetch_failed
northface,SLUG:womens-retro-nuptse-vest,A_2018_2020,201910,20191022061008,https://web.archive.org/web/20191022061008/https://www.thenorthface.com/shop/womens-1996-retro-nuptse-vest-nf0a3jqr-c1,WOMEN’S 1996 RETRO NUPTSE JACKET | United States,149.40,,meta_product_price
northface,SLUG:womens-retro-nuptse-vest,A_2018_2020,201911,20191114145444,https://web.archive.org/web/20191114145444/https://www.thenorthface.com/shop/womens-1996-retro-nuptse-vest-nf0a3jqr,WOMEN’S 1996 RETRO NUPTSE JACKET | United States,249.00,,meta_product_price
northface,SLUG:womens-retro-nuptse-vest,A_2018_2020,201912,20191210084244,https://web.archive.org/web/20191210084244/https://www.thenorthface.com/shop/womens-1996-retro-nuptse-vest-nf0a3jqs-c1,Women's 1996 Retro Nuptse Vest (Past Season) | The North Face,107.40,,meta_product_price
northface,SLUG:womens-retro-nuptse-vest,B_2024_2026,202506,20250612205948,https://web.archive.org/web/20250612205948/https://www.thenorthface.com/en-us/p/womens/womens-jackets-and-vests/womens-vests-299280/womens-1996-retro-nuptse-vest-NF0A3XEP,Women’s 1996 Retro Nuptse Vest | The North Face,230,USD,jsonld_offer_price
northface,SLUG:womens-retro-nuptse-vest,B_2024_2026,202507,20250714001215,https://web.archive.org/web/20250714001215/https://www.thenorthface.com/en-us/p/womens/womens-jackets-and-vests/womens-vests-299280/womens-1996-retro-nuptse-vest-NF0A3XEP,,,,no_price_found
northface,SLUG:womens-retro-nuptse-vest,B_2024_2026,202509,20250909162939,https://web.archive.org/web/20250909162939/https://www.thenorthface.com/en-us/p/womens/womens-jackets-and-vests/womens-vests-299280/womens-1996-retro-nuptse-vest-NF0A3XEP,,,,fetch_failed
northface,SLUG:womens-retro-nuptse-vest,B_2024_2026,202511,20251102210659,https://web.archive.org/web/20251102210659/https://www.thenorthface.com/en-us/p/womens/womens-jackets-and-vests/womens-vests-299280/womens-1996-retro-nuptse-vest-NF0A3XEP?color=CAI,,,,fetch_failed
northface,SLUG:womens-retro-nuptse-vest,B_2024_2026,202512,20251226135138,https://web.archive.org/web/20251226135138/https://www.thenorthface.com/en-ca/p/womens/womens-jackets-and-vests/womens-vests-299280/womens-1996-retro-nuptse-vest-NF0A3XEP,,,,no_price_found
northface,SLUG:womens-retro-nuptse-vest,B_2024_2026,202601,20260119043618,https://web.archive.org/web/20260119043618/https://www.thenorthface.com/en-us/p/womens/womens-jackets-and-vests/womens-vests-299280/womens-1996-retro-nuptse-vest-NF0A3XEP,,,,no_price_found
northface,SLUG:womens-retro-nuptse-vest,B_2024_2026,202605,20260521174334,https://web.archive.org/web/20260521174334/https://www.thenorthface.com/en-us/p/womens/womens-jackets-and-vests/womens-vests-299280/womens-1996-retro-nuptse-vest-NF0A3XEP,Women’s 1996 Retro Nuptse Vest | The North Face,260,USD,jsonld_offer_price
northface,SLUG:tnf-logo-box-cuffed-beanie,A_2018_2020,201810,20181006054628,https://web.archive.org/web/20181006054628/https://www.thenorthface.com/shop/tnf-logo-box-cuffed-beanie-nf0a3fjx,TNF™ Logo Box Cuffed Beanie | United States,28.00,,meta_product_price
northface,SLUG:tnf-logo-box-cuffed-beanie,A_2018_2020,201907,20190721084947,https://web.archive.org/web/20190721084947/https://www.thenorthface.com/shop/mens-accessories-hats-scarves/tnf-logo-box-cuffed-beanie-nf0a3fjx?variationId=AW2,TNF™ Logo Box Cuffed Beanie | United States,28.00,,meta_product_price
northface,SLUG:tnf-logo-box-cuffed-beanie,A_2018_2020,201909,20190908130329,https://web.archive.org/web/20190908130329/https://www.thenorthface.com/shop/mens-accessories-hats-scarves/tnf-logo-box-cuffed-beanie-nf0a3fjx?variationId=11P,TNF™ Logo Box Cuffed Beanie | United States,28.00,,meta_product_price
northface,SLUG:tnf-logo-box-cuffed-beanie,A_2018_2020,201910,20191021003108,https://web.archive.org/web/20191021003108/https://www.thenorthface.com/shop/womens-accessories-hats-scarves/tnf-logo-box-cuffed-beanie-nf0a3fjx?variationId=DYY,TNF™ Logo Box Cuffed Beanie | United States,29.00,,meta_product_price
northface,SLUG:tnf-logo-box-cuffed-beanie,A_2018_2020,201911,20191122162927,https://web.archive.org/web/20191122162927/https://www.thenorthface.com/shop/mens-accessories/tnf-logo-box-cuffed-beanie-nf0a3fjx?variationId=682,TNF™ Logo Box Cuffed Beanie | United States,29.00,,meta_product_price
northface,SLUG:tnf-logo-box-cuffed-beanie,A_2018_2020,201912,20191209032426,https://web.archive.org/web/20191209032426/https://www.thenorthface.com/shop/mens-accessories-hats-scarves/tnf-logo-box-cuffed-beanie-nf0a3fjx?variationId=11P,TNF™ Logo Box Cuffed Beanie | The North Face,29.00,,meta_product_price
northface,SLUG:tnf-logo-box-cuffed-beanie,B_2024_2026,202510,20251031011407,https://web.archive.org/web/20251031011407/https://www.thenorthface.com/en-gb/p/bags-and-equipment-211747/tnf-logo-box-cuffed-beanie-NF0A8CHE,,,,no_price_found
northface,SLUG:tnf-logo-box-cuffed-beanie,B_2024_2026,202511,20251106100124,https://web.archive.org/web/20251106100124/https://www.thenorthface.com/en-gb/p/bags-and-equipment-211747/tnf-logo-box-cuffed-beanie-NF0A3FJX,,,,fetch_failed
northface,SLUG:tnf-logo-box-cuffed-beanie,B_2024_2026,202512,20251218004313,https://web.archive.org/web/20251218004313/https://www.thenorthface.com/en-gb/p/bags-and-equipment-211747/tnf-logo-box-cuffed-beanie-NF0A3FJX?color=8K2&CJEVENT=e831a3f9baf111f082db00df0a18b8fa,,,,no_price_found
northface,SLUG:tnf-logo-box-cuffed-beanie,B_2024_2026,202601,20260121063459,https://web.archive.org/web/20260121063459/https://www.thenorthface.com/en-ca/p/shop-all/accessories-500789/tnf-logo-box-cuffed-beanie-NF0A8CHE?color=JK3,TNF™ Logo Box Cuffed Beanie | The North Face Canada,30,CAD,jsonld_offer_price
northface,SLUG:tnf-logo-box-cuffed-beanie,B_2024_2026,202602,20260214232740,https://web.archive.org/web/20260214232740/https://www.thenorthface.com/en-se/p/bags-and-equipment-211747/tnf-logo-box-cuffed-beanie-NF0A8CHE?color=8K2,TNF Logo Box Cuffed Beanie | The North Face SE,209.4,SEK,jsonld_offer_price
northface,SLUG:tnf-logo-box-cuffed-beanie,B_2024_2026,202603,20260313142612,https://web.archive.org/web/20260313142612/https://www.thenorthface.com/en-dk/p/bags-and-equipment-211747/tnf-logo-box-cuffed-beanie-NF0A8CHE?color=1OI,TNF Logo Box Cuffed Beanie | The North Face DK,249,DKK,jsonld_offer_price
northface,SLUG:tnf-logo-box-cuffed-beanie,B_2024_2026,202604,20260419014553,https://web.archive.org/web/20260419014553/https://www.thenorthface.com/en-dk/p/bags-and-equipment-211747/tnf-logo-box-cuffed-beanie-NF0A8CHE?color=D5M,TNF Logo Box Cuffed Beanie | The North Face DK,249,DKK,jsonld_offer_price
northface,SLUG:mens-retro-nuptse-vest,A_2018_2020,201907,20190717144056,https://web.archive.org/web/20190717144056/https://www.thenorthface.com/shop/mens-1996-retro-nuptse-vest-nf0a3jqq,Men's 1996 Retro Nuptse Vest | United States,179.00,,meta_product_price
northface,SLUG:mens-retro-nuptse-vest,A_2018_2020,201908,20190820085332,https://web.archive.org/web/20190820085332/https://www.thenorthface.com/shop/mens-1996-retro-nuptse-vest-nf0a3jqq,Men's 1996 Retro Nuptse Vest | United States,179.00,,meta_product_price
northface,SLUG:mens-retro-nuptse-vest,A_2018_2020,201909,20190908105833,https://web.archive.org/web/20190908105833/https://www.thenorthface.com/shop/mens-1996-retro-nuptse-vest-nf0a3jqq,Men's 1996 Retro Nuptse Vest | United States,179.00,,meta_product_price
northface,SLUG:mens-retro-nuptse-vest,A_2018_2020,201910,20191015015509,https://web.archive.org/web/20191015015509/https://www.thenorthface.com/shop/mens-1996-retro-nuptse-vest-nf0a3jqq-c1,Men's 1996 Retro Nuptse Vest | United States,107.40,,meta_product_price
northface,SLUG:mens-retro-nuptse-vest,A_2018_2020,201911,20191117104157,https://web.archive.org/web/20191117104157/https://www.thenorthface.com/shop/mens-1996-retro-nuptse-vest-nf0a3jqq,Men's 1996 Retro Nuptse Vest | United States,179.00,,meta_product_price
northface,SLUG:mens-retro-nuptse-vest,A_2018_2020,201912,20191212010501,https://web.archive.org/web/20191212010501/https://www.thenorthface.com/shop/mens-1996-retro-nuptse-vest-nf0a3jqq,Men's 1996 Retro Nuptse Vest | Free Shipping | The North Face,179.00,,meta_product_price
northface,SLUG:mens-retro-nuptse-vest,B_2024_2026,202507,20250714001214,https://web.archive.org/web/20250714001214/https://www.thenorthface.com/en-us/p/mens/mens-jackets-and-vests/mens-insulated-and-down-300771/mens-1996-retro-nuptse-vest-NF0A3JQQ,,,,no_price_found
northface,SLUG:mens-retro-nuptse-vest,B_2024_2026,202509,20250909162939,https://web.archive.org/web/20250909162939/https://www.thenorthface.com/en-us/p/mens/mens-jackets-and-vests/mens-insulated-and-down-300771/mens-1996-retro-nuptse-vest-NF0A3JQQ,,,,no_price_found
northface,SLUG:mens-retro-nuptse-vest,B_2024_2026,202510,20251024074333,https://web.archive.org/web/20251024074333/https://www.thenorthface.com/en-us/p/mens/mens-jackets-and-vests/mens-insulated-and-down-300771/mens-1996-retro-nuptse-vest-NF0A3JQQ?color=QBO,,,,fetch_failed
northface,SLUG:mens-retro-nuptse-vest,B_2024_2026,202511,20251108051028,https://web.archive.org/web/20251108051028/https://www.thenorthface.com/en-us/p/mens/mens-jackets-and-vests/mens-insulated-and-down-300771/mens-1996-retro-nuptse-vest-NF0A3JQQ,Men’s 1996 Retro Nuptse Vest | The North Face,230,USD,jsonld_offer_price
northface,SLUG:mens-retro-nuptse-vest,B_2024_2026,202512,20251206061704,https://web.archive.org/web/20251206061704/https://www.thenorthface.com/en-us/p/mens/mens-jackets-and-vests/mens-insulated-and-down-300771/mens-1996-retro-nuptse-vest-NF0A3JQQ,Men’s 1996 Retro Nuptse Vest | The North Face,230,USD,jsonld_offer_price
northface,SLUG:mens-retro-nuptse-vest,B_2024_2026,202601,20260114224427,https://web.archive.org/web/20260114224427/https://www.thenorthface.com/en-ca/p/mens/mens-jackets-and-vests/mens-insulated-and-down-300771/mens-1996-retro-nuptse-vest-NF0A3JQQ,Men’s 1996 Retro Nuptse Vest | The North Face Canada,330,CAD,jsonld_offer_price
northface,SLUG:mens-retro-nuptse-vest,B_2024_2026,202602,20260214173035,https://web.archive.org/web/20260214173035/https://www.thenorthface.com/en-us/p/mens/mens-jackets-and-vests/mens-insulated-and-down-300771/mens-1996-retro-nuptse-vest-NF0A3JQQ,Men’s 1996 Retro Nuptse Vest | The North Face,260,USD,jsonld_offer_price
northface,SLUG:mens-thermoball-traction-booties,A_2018_2020,201907,20190721050319,https://web.archive.org/web/20190721050319/https://www.thenorthface.com/shop/mens-thermoball-traction-booties-nf0a3mkh,MEN'S THERMOBALL™ TRACTION BOOTIES | United States,60.00,,meta_product_price
northface,SLUG:mens-thermoball-traction-booties,A_2018_2020,201908,20190824031250,https://web.archive.org/web/20190824031250/https://www.thenorthface.com/shop/shoes-mens-lifestyle/mens-thermoball-traction-booties-nf0a3mkh?variationId=YVF,MEN'S THERMOBALL™ TRACTION BOOTIES | United States,60.00,,meta_product_price
northface,SLUG:mens-thermoball-traction-booties,A_2018_2020,201909,20190909124301,https://web.archive.org/web/20190909124301/https://www.thenorthface.com/shop/mens-thermoball-traction-booties-nf0a3mkh,MEN'S THERMOBALL™ TRACTION BOOTIES | United States,60.00,,meta_product_price
northface,SLUG:mens-thermoball-traction-booties,A_2018_2020,201910,20191023205311,https://web.archive.org/web/20191023205311/https://www.thenorthface.com/shop/mens-thermoball-traction-booties-nf0a3mkh-c1,MEN'S THERMOBALL™ TRACTION BOOTIES | United States,,,no_price_found
northface,SLUG:mens-thermoball-traction-booties,A_2018_2020,201911,20191117160524,https://web.archive.org/web/20191117160524/https://www.thenorthface.com/shop/mens-thermoball-traction-booties-nf0a3mkh,Men's Thermoball™ Eco Traction Booties | The North Face,60.00,,meta_product_price
northface,SLUG:mens-thermoball-traction-booties,A_2018_2020,201912,20191216045035,https://web.archive.org/web/20191216045035/https://www.thenorthface.com/shop/shoes-mens-winter-boots/mens-thermoball-traction-booties-nf0a3mkh?variationId=5QV,Men's Thermoball™ Eco Traction Booties | The North Face,60.00,,meta_product_price
northface,SLUG:mens-thermoball-traction-booties,B_2024_2026,202510,20251018103833,https://web.archive.org/web/20251018103833/https://www.thenorthface.com/en-us/p/shop-all/footwear-new-arrivals-829848/mens-thermoball-traction-booties-NF0A3MKH,Men’s THERMOBALL™ Traction Booties | The North Face,69,USD,jsonld_offer_price
northface,SLUG:mens-thermoball-traction-booties,B_2024_2026,202511,20251122120623,https://web.archive.org/web/20251122120623/https://www.thenorthface.com/en-us/p/shop-all/footwear-new-arrivals-829848/mens-thermoball-traction-booties-NF0A3MKH,,,,no_price_found
northface,SLUG:mens-thermoball-traction-booties,B_2024_2026,202512,20251205180459,https://web.archive.org/web/20251205180459/https://www.thenorthface.com/en-us/p/shop-all/footwear-new-arrivals-829848/mens-thermoball-traction-booties-NF0A3MKH?color=D0L,Men’s THERMOBALL™ Traction Booties | The North Face,69,USD,jsonld_offer_price
northface,SLUG:mens-thermoball-traction-booties,B_2024_2026,202601,20260119200817,https://web.archive.org/web/20260119200817/https://www.thenorthface.com/en-us/p/shop-all/footwear-new-arrivals-829848/mens-thermoball-traction-booties-NF0A3MKH?color=D0L&utm_content=ecomm&utm_medium=cpc&utm_source=google&utm_campaign=US+%7C+all+%7C+Hybrid+%7C+SHOP+-+AUT+~+All+NB+Trending+%26+Priority+Products+Cluster-+General+-+PMax+Shopping&utm_term=&gclsrc=aw.ds&gad_source=1&gad_campaignid=23032378946&gbraid=0AAAAADl87ia9jfkrxzGPMA6NABnG3d2xF&gclid=EAIaIQobChMIqLHDj8emkQMVMlhHAR0wRAT7EAQYCSABEgLrtfD_BwE,Men’s THERMOBALL™ Traction Booties | The North Face,69,USD,jsonld_offer_price
northface,SLUG:mens-thermoball-traction-booties,B_2024_2026,202603,20260310121559,https://web.archive.org/web/20260310121559/https://www.thenorthface.com/en-us/p/sale-829803/mens-thermoball-traction-booties-NF0A3MKH?color=411,Men’s THERMOBALL™ Traction Booties | The North Face,75,USD,jsonld_offer_price
northface,SLUG:mens-thermoball-traction-booties,B_2024_2026,202604,20260419182324,https://web.archive.org/web/20260419182324/https://www.thenorthface.com/en-us/p/sale-829803/mens-thermoball-traction-booties-NF0A3MKH?color=411,Men’s THERMOBALL™ Traction Booties | The North Face,75,USD,jsonld_offer_price
northface,SLUG:womens-osito-jacket,A_2018_2020,201907,20190723005041,https://web.archive.org/web/20190723005041/https://www.thenorthface.com/shop/womens-jackets-vests-fleece/womens-osito-2-jacket?variationId=9LU,WOMEN’S OSITO 2 JACKET | United States,99.00,,meta_product_price
northface,SLUG:womens-osito-jacket,A_2018_2020,201908,20190823175437,https://web.archive.org/web/20190823175437/https://www.thenorthface.com/shop/womens-jackets-vests-fleece/womens-osito-2-jacket?variationId=JK3,WOMEN’S OSITO 2 JACKET | United States,99.00,,meta_product_price
northface,SLUG:womens-osito-jacket,A_2018_2020,201909,20190922143937,https://web.archive.org/web/20190922143937/https://www.thenorthface.com/shop/womens-auxiliary-new-arrivals/womens-osito-jacket-nf0a3xbd?variationId=H2G,Women’s Osito Jacket | United States,99.00,,meta_product_price
northface,SLUG:womens-osito-jacket,A_2018_2020,201910,20191021073910,https://web.archive.org/web/20191021073910/https://www.thenorthface.com/shop/womens-jackets-vests-fleece/womens-osito-2-jacket?variationId=1F7,WOMEN’S OSITO 2 JACKET | United States,99.00,,meta_product_price
northface,SLUG:womens-osito-jacket,A_2018_2020,201911,20191115215250,https://web.archive.org/web/20191115215250/https://www.thenorthface.com/shop/womens-jackets-vests-fleece/womens-osito-2-jacket?variationId=BDR,,,,fetch_failed
northface,SLUG:womens-osito-jacket,A_2018_2020,201912,20191214140700,https://web.archive.org/web/20191214140700/https://www.thenorthface.com/shop/womens-jackets-vests-fleece/womens-osito-jacket-nf0a3xbd?variationId=11P,Women's Osito Jacket | Free Shipping | The North Face,99.00,,meta_product_price
northface,SLUG:womens-osito-jacket,B_2024_2026,202507,20250707171945,https://web.archive.org/web/20250707171945/https://www.thenorthface.com/en-us/p/womens/womens-fleece-299271/womens-osito-jacket-NF0A7UQJ?color=4H0&size=L&fitType=Standard,Women’s Osito Jacket | The North Face,100,USD,jsonld_offer_price
northface,SLUG:womens-osito-jacket,B_2024_2026,202510,20251022181013,https://web.archive.org/web/20251022181013/https://www.thenorthface.com/en-us/p/womens/womens-fleece-299271/womens-osito-jacket-NF0A7UQJ?color=A91,,,,no_price_found
northface,SLUG:womens-osito-jacket,B_2024_2026,202511,20251115172552,https://web.archive.org/web/20251115172552/https://www.thenorthface.com/en-us/p/womens/womens-fleece-299271/womens-osito-jacket-NF0A7UQJ?color=BTR,Women’s Osito Jacket | The North Face,110,USD,jsonld_offer_price
northface,SLUG:womens-osito-jacket,B_2024_2026,202512,20251213214454,https://web.archive.org/web/20251213214454/https://www.thenorthface.com/en-ca/p/womens/womens-fleece-299271/womens-osito-jacket-NF0A7UQJ,,,,no_price_found
northface,SLUG:womens-osito-jacket,B_2024_2026,202601,20260119043618,https://web.archive.org/web/20260119043618/https://www.thenorthface.com/en-us/p/womens/womens-fleece-299271/womens-osito-jacket-NF0A7UQJ?color=0UZ&fitType=Standard,,,,no_price_found
northface,SLUG:womens-osito-jacket,B_2024_2026,202602,20260219135921,https://web.archive.org/web/20260219135921/https://www.thenorthface.com/en-us/p/womens/womens-fleece-299271/womens-osito-jacket-NF0A7UQJ,Women’s Osito Jacket | The North Face,110,USD,jsonld_offer_price
northface,SLUG:mens-retro-denali-jacket,A_2018_2020,201909,20190902050427,https://web.archive.org/web/20190902050427/https://www.thenorthface.com/shop/mens-95-retro-denali-jacket-nf0a3xcd,Men’s ’95 Retro Denali Jacket | United States,199.00,,meta_product_price
northface,SLUG:mens-retro-denali-jacket,A_2018_2020,201910,20191006195240,https://web.archive.org/web/20191006195240/https://www.thenorthface.com/shop/mens-95-retro-denali-jacket-nf0a3xcd,Men’s ’95 Retro Denali Jacket | United States,199.00,,meta_product_price
northface,SLUG:mens-retro-denali-jacket,A_2018_2020,201911,20191113132239,https://web.archive.org/web/20191113132239/https://www.thenorthface.com/shop/mens-95-retro-denali-jacket-nf0a3xcd?variationId=682,Men’s ’95 Retro Denali Jacket | United States,199.00,,meta_product_price
northface,SLUG:mens-retro-denali-jacket,A_2018_2020,201912,20191214001941,https://web.archive.org/web/20191214001941/https://www.thenorthface.com/shop/mens-95-retro-denali-jacket-nf0a3xcd,Men's '95 Retro Denali Jacket | Free Shipping | The North Face,199.00,,meta_product_price
northface,SLUG:mens-retro-denali-jacket,A_2018_2020,202003,20200304084916,https://web.archive.org/web/20200304084916/https://www.thenorthface.com/shop/mens-95-retro-denali-jacket-nf0a3xcd,Men's '95 Retro Denali Jacket | Free Shipping | The North Face,199.00,,meta_product_price
northface,SLUG:mens-retro-denali-jacket,B_2024_2026,202508,20250830044147,https://web.archive.org/web/20250830044147/https://www.thenorthface.com/en-us/p/mens/mens-fleece/mens-fleece-full-zip-829791/mens-retro-denali-jacket-NF0A88XH,Men’s Retro Denali Jacket | The North Face,180,USD,jsonld_offer_price
northface,SLUG:mens-retro-denali-jacket,B_2024_2026,202510,20251003150911,https://web.archive.org/web/20251003150911/https://www.thenorthface.com/en-us/p/mens/mens-fleece/mens-fleece-full-zip-829791/mens-retro-denali-jacket-NF0A88XH,Men’s Retro Denali Jacket | The North Face,180,USD,jsonld_offer_price
northface,SLUG:mens-retro-denali-jacket,B_2024_2026,202511,20251102205344,https://web.archive.org/web/20251102205344/https://www.thenorthface.com/en-us/p/mens/mens-fleece/mens-fleece-full-zip-829791/mens-retro-denali-jacket-NF0A88XH?color=DHO,Men’s Retro Denali Jacket | The North Face,180,USD,jsonld_offer_price
northface,SLUG:mens-retro-denali-jacket,B_2024_2026,202512,20251208132028,https://web.archive.org/web/20251208132028/https://www.thenorthface.com/en-ca/p/mens/mens-fleece/mens-fleece-full-zip-829791/mens-retro-denali-jacket-NF0A88XH?color=JK3&fitType=Standard,Men’s Retro Denali Jacket | The North Face Canada,239.99,CAD,jsonld_offer_price
northface,SLUG:mens-retro-denali-jacket,B_2024_2026,202601,20260118133026,https://web.archive.org/web/20260118133026/https://www.thenorthface.com/en-ca/p/mens/mens-fleece/mens-fleece-full-zip-829791/mens-retro-denali-jacket-NF0A88XH,Men’s Retro Denali Jacket | The North Face Canada,250,CAD,jsonld_offer_price
northface,SLUG:mens-retro-denali-jacket,B_2024_2026,202602,20260219135813,https://web.archive.org/web/20260219135813/https://www.thenorthface.com/en-us/p/mens/mens-fleece/mens-fleece-full-zip-829791/mens-retro-denali-jacket-NF0A88XH,Men’s Retro Denali Jacket | The North Face,200,USD,jsonld_offer_price
northface,SLUG:mens-retro-denali-jacket,B_2024_2026,202603,20260306141002,https://web.archive.org/web/20260306141002/https://www.thenorthface.com/en-us/p/mens/mens-fleece/mens-fleece-full-zip-829791/mens-retro-denali-jacket-NF0A88XH?color=DIW,Men’s Retro Denali Jacket | The North Face,200,USD,jsonld_offer_price
northface,SLUG:mudder-trucker-hat,A_2018_2020,201907,20190720031422,https://web.archive.org/web/20190720031422/https://www.thenorthface.com/shop/mens-accessories-hats/mudder-trucker-hat-2,MUDDER TRUCKER | United States,28.00,,meta_product_price
northface,SLUG:mudder-trucker-hat,A_2018_2020,201908,20190824005525,https://web.archive.org/web/20190824005525/https://www.thenorthface.com/shop/mens-accessories-hats/mudder-trucker-hat-2?variationId=1UG,MUDDER TRUCKER | United States,28.00,,meta_product_price
northface,SLUG:mudder-trucker-hat,A_2018_2020,201909,20190908130248,https://web.archive.org/web/20190908130248/https://www.thenorthface.com/shop/mens-accessories-hats/mudder-trucker-hat-2?variationId=EV1,MUDDER TRUCKER | United States,29.00,,meta_product_price
northface,SLUG:mudder-trucker-hat,A_2018_2020,201910,20191017104547,https://web.archive.org/web/20191017104547/https://www.thenorthface.com/shop/mens-accessories-hats/mudder-trucker-hat-2?variationId=2RV,MUDDER TRUCKER | United States,29.00,,meta_product_price
northface,SLUG:mudder-trucker-hat,A_2018_2020,201911,20191116222538,https://web.archive.org/web/20191116222538/https://www.thenorthface.com/shop/mens-summer/mudder-trucker-hat-2?variationId=MQL,MUDDER TRUCKER | United States,29.00,,meta_product_price
northface,SLUG:mudder-trucker-hat,A_2018_2020,201912,20191206230700,https://web.archive.org/web/20191206230700/https://www.thenorthface.com/shop/mens-accessories-hats/mudder-trucker-hat-2?variationId=HR8,MUDDER TRUCKER | United States,29.00,,meta_product_price
northface,SLUG:mudder-trucker-hat,B_2024_2026,202512,20251215142142,https://web.archive.org/web/20251215142142/https://www.thenorthface.com/en-ca/p/shop-all/accessories-500789/mudder-trucker-hat-NF0A5FXA,,,,no_price_found
northface,SLUG:mudder-trucker-hat,B_2024_2026,202601,20260105183900,https://web.archive.org/web/20260105183900/https://www.thenorthface.com/en-us/p/shop-all/accessories-500789/mudder-trucker-hat-NF0A5FXA?color=E2V,Mudder Trucker Hat | The North Face,22,USD,jsonld_offer_price
northface,SLUG:mudder-trucker-hat,B_2024_2026,202602,20260209034443,https://web.archive.org/web/20260209034443/https://www.thenorthface.com/en-us/p/shop-all/accessories-500789/mudder-trucker-hat-NF0A5FXA,,,,no_price_found
northface,SLUG:mudder-trucker-hat,B_2024_2026,202603,20260316073603,https://web.archive.org/web/20260316073603/https://www.thenorthface.com/en-us/p/shop-all/accessories-500789/mudder-trucker-hat-NF0A5FXA?color=YW2&size=OS,Mudder Trucker Hat | The North Face,13,USD,jsonld_offer_price
northface,SLUG:mudder-trucker-hat,B_2024_2026,202604,20260403031842,https://web.archive.org/web/20260403031842/https://www.thenorthface.com/en-us/p/shop-all/accessories-500789/mudder-trucker-hat-NF0A5FXA?color=ZIV,,,,no_price_found
northface,SLUG:mens-sprag-pocket-pants,A_2018_2020,201907,20190718193302,https://web.archive.org/web/20190718193302/https://www.thenorthface.com/shop/mens-auxiliary-new-arrivals/mens-sprag-5-pocket-pants-nf0a3be3?variationId=0C5,MEN'S SPRAG 5-POCKET PANTS | United States,70.00,,meta_product_price
northface,SLUG:mens-sprag-pocket-pants,A_2018_2020,201908,20190823181123,https://web.archive.org/web/20190823181123/https://www.thenorthface.com/shop/mens-pants-shorts/mens-sprag-5-pocket-pants-nf0a3be3?variationId=ZBV,MEN'S SPRAG 5-POCKET PANTS | United States,52.50,,meta_product_price
northface,SLUG:mens-sprag-pocket-pants,A_2018_2020,201909,20190921050229,https://web.archive.org/web/20190921050229/https://www.thenorthface.com/shop/mens-auxiliary-new-arrivals/mens-sprag-5-pocket-pants-nf0a3be3?variationId=0C5,MEN'S SPRAG 5-POCKET PANTS | United States,70.00,,meta_product_price
northface,SLUG:mens-sprag-pocket-pants,A_2018_2020,201910,20191017104714,https://web.archive.org/web/20191017104714/https://www.thenorthface.com/shop/mens-pants-shorts/mens-sprag-5-pocket-pants-nf0a3be3?variationId=ZBV,MEN'S SPRAG 5-POCKET PANTS | United States,70.00,,meta_product_price
northface,SLUG:mens-sprag-pocket-pants,A_2018_2020,201912,20191209032440,https://web.archive.org/web/20191209032440/https://www.thenorthface.com/shop/mens-auxiliary-new-arrivals/mens-sprag-5-pocket-pants-nf0a3be3?variationId=ZBV,Men's Sprag 5-Pocket Pants | Free Shipping | The North Face,70.00,,meta_product_price
northface,SLUG:mens-sprag-pocket-pants,B_2024_2026,202510,20251017160808,https://web.archive.org/web/20251017160808/https://www.thenorthface.com/en-us/p/mens/mens-bottoms/mens-pants-224219/mens-sprag-5-pocket-pants-NF0A5J96,Men’s Sprag 5-Pocket Pants | The North Face,80,USD,jsonld_offer_price
northface,SLUG:mens-sprag-pocket-pants,B_2024_2026,202511,20251113220737,https://web.archive.org/web/20251113220737/https://www.thenorthface.com/en-us/p/mens/mens-bottoms/mens-pants-224219/mens-sprag-5-pocket-pants-NF0A5J96,,,,no_price_found
northface,SLUG:mens-sprag-pocket-pants,B_2024_2026,202512,20251202215748,https://web.archive.org/web/20251202215748/https://www.thenorthface.com/en-us/p/mens/mens-bottoms/mens-pants-224219/mens-sprag-5-pocket-pants-NF0A5J96?color=4FS,,,,no_price_found
northface,SLUG:mens-sprag-pocket-pants,B_2024_2026,202602,20260213162729,https://web.archive.org/web/20260213162729/https://www.thenorthface.com/en-ca/p/mens/mens-bottoms/mens-pants-224219/mens-sprag-5-pocket-pants-NF0A5J96,Men’s Sprag 5-Pocket Pants | The North Face Canada,90,CAD,jsonld_offer_price
northface,SLUG:mens-sprag-pocket-pants,B_2024_2026,202604,20260402065135,https://web.archive.org/web/20260402065135/https://www.thenorthface.com/en-us/p/mens/mens-bottoms/mens-pants-224219/mens-sprag-5-pocket-pants-NF0A5J96?color=4FS,Men’s Sprag 5-Pocket Pants | The North Face,31.98,USD,jsonld_offer_price
northface,SLUG:womens-thermoball-traction-booties,A_2018_2020,201907,20190717204142,https://web.archive.org/web/20190717204142/https://www.thenorthface.com/shop/womens-thermoball-traction-booties-nf0a331h,WOMEN'S THERMOBALL™ TRACTION BOOTIES | United States,60.00,,meta_product_price
northface,SLUG:womens-thermoball-traction-booties,A_2018_2020,201908,20190826092515,https://web.archive.org/web/20190826092515/https://www.thenorthface.com/shop/shoes-womens-lifestyle/womens-thermoball-traction-booties-nf0a331h?variationId=YWY,WOMEN'S THERMOBALL™ TRACTION BOOTIES | United States,60.00,,meta_product_price
northface,SLUG:womens-thermoball-traction-booties,A_2018_2020,201909,20190922163432,https://web.archive.org/web/20190922163432/https://www.thenorthface.com/shop/shoes-womens-lifestyle/womens-thermoball-traction-booties-nf0a331h?variationId=H24,WOMEN'S THERMOBALL™ TRACTION BOOTIES | United States,60.00,,meta_product_price
northface,SLUG:womens-thermoball-traction-booties,A_2018_2020,201911,20191112114818,https://web.archive.org/web/20191112114818/https://www.thenorthface.com/shop/womens-thermoball-traction-booties-nf0a331h,WOMEN'S THERMOBALL™ ECO TRACTION BOOTIES | United States,60.00,,meta_product_price
northface,SLUG:womens-thermoball-traction-booties,A_2018_2020,201912,20191206074156,https://web.archive.org/web/20191206074156/https://www.thenorthface.com/shop/shoes-womens-winter-boots/womens-thermoball-traction-booties-nf0a331h?variationId=H49,Women's Thermoball™ Eco Traction Booties | The North Face,60.00,,meta_product_price
northface,SLUG:womens-thermoball-traction-booties,B_2024_2026,202507,20250725233716,https://web.archive.org/web/20250725233716/https://www.thenorthface.com/en-us/p/womens/womens-footwear/womens-slippers-695281/womens-thermoball-traction-booties-NF0A331H,Women’s THERMOBALL™ Traction Booties | The North Face,69,USD,jsonld_offer_price
northface,SLUG:womens-thermoball-traction-booties,B_2024_2026,202512,20251207133307,https://web.archive.org/web/20251207133307/https://www.thenorthface.com/en-us/p/womens/womens-footwear/womens-slippers-695281/womens-thermoball-traction-booties-NF0A331H,Women’s THERMOBALL™ Traction Booties | The North Face,69,USD,jsonld_offer_price
northface,SLUG:womens-thermoball-traction-booties,B_2024_2026,202601,20260114162259,https://web.archive.org/web/20260114162259/https://www.thenorthface.com/en-ca/p/womens/womens-footwear/womens-slippers-695281/womens-thermoball-traction-booties-NF0A331H?color=KY4,Women’s THERMOBALL™ Traction Booties | The North Face Canada,100,CAD,jsonld_offer_price
northface,SLUG:womens-thermoball-traction-booties,B_2024_2026,202602,20260208054745,https://web.archive.org/web/20260208054745/https://www.thenorthface.com/en-ca/p/womens/womens-footwear/womens-slippers-695281/womens-thermoball-traction-booties-NF0A331H?color=Q4C&size=080,Women’s THERMOBALL™ Traction Booties | The North Face Canada,94.99,CAD,jsonld_offer_price
northface,SLUG:womens-thermoball-traction-booties,B_2024_2026,202603,20260313145038,https://web.archive.org/web/20260313145038/https://www.thenorthface.com/en-us/p/womens/womens-footwear/womens-slippers-695281/womens-thermoball-traction-booties-NF0A331H?color=KY4&utm_medium=paidsocial&utm_term=m_2p_prospecting_consideration_outdoor_collectionvideo-ffthermoball-offbody-6s&utm_source=snapchat&utm_campaign=fw25_ff&utm_content=ecomm&ScCid=f4042654-ca9b-4515-aa9d-db22575492e7&utm_id=44dc8c39-6908-4d4b-b353-564da4b7591b,Women’s THERMOBALL™ Traction Booties | The North Face,75,USD,jsonld_offer_price
northface,SLUG:womens-thermoball-traction-booties,B_2024_2026,202604,20260425094703,https://web.archive.org/web/20260425094703/https://www.thenorthface.com/en-us/p/womens/womens-footwear/womens-slippers-695281/womens-thermoball-traction-booties-NF0A331H?utm_content=Skimlinks&utm_medium=affiliate&utm_source=CJ&utm_campaign=AFFILIATES_ECOM_NL&CJEVENT=b4013fa8408b11f180ce00610a18b8fa,Women’s THERMOBALL™ Traction Booties | The North Face,75,USD,jsonld_offer_price
northface,SLUG:womens-thermoball-traction-booties,B_2024_2026,202605,20260531090246,https://web.archive.org/web/20260531090246/https://www.thenorthface.com/en-us/p/womens/womens-footwear/womens-slippers-695281/womens-thermoball-traction-booties-NF0A331H?color=KY4&utm_content=ecomm&utm_medium=cpc&utm_source=google&utm_campaign=US+|+all+|+Hybrid+|+SHOP+-+AUT+~+All+Br+Trending+%2526+Priority+Products+Cluster-+General+-+PMax+Shopping&utm_term=&gclsrc=aw.ds&gad_source=1&gad_campaignid=23036433013&gbraid=0AAAAADl87iYVSooe0pF3zEhekgMC4mnoZ&gclid=CjwKCAiAw9vIBhBBEiwAraSATpTmNU09sfwIebfWWHwQ2zkN7mwjuqi-Je9_i8qet5DVPs6GYcde5RoCwq4QAvD_BwE,,,,fetch_failed
northface,SLUG:womens-retro-nuptse-jacket,A_2018_2020,201908,20190822074838,https://web.archive.org/web/20190822074838/https://www.thenorthface.com/shop/womens-auxiliary-new-arrivals/womens-1996-retro-nuptse-jacket-nf0a3xay?variationId=JK3,Women's 1996 Jumbo Logo Retro Nuptse Jacket | United States,,,no_price_found
northface,SLUG:womens-retro-nuptse-jacket,A_2018_2020,201909,20190902050322,https://web.archive.org/web/20190902050322/https://www.thenorthface.com/shop/womens-1996-retro-nuptse-jacket-nf0a3xeo,Women’s 1996 Retro Nuptse Jacket | United States,249.00,,meta_product_price
northface,SLUG:womens-retro-nuptse-jacket,A_2018_2020,201910,20191022163416,https://web.archive.org/web/20191022163416/https://www.thenorthface.com/shop/womens-1996-retro-nuptse-jacket-nf0a3xeo?variationId=CZ6,Women’s 1996 Retro Nuptse Jacket | United States,249.00,,meta_product_price
northface,SLUG:womens-retro-nuptse-jacket,A_2018_2020,201911,20191126105250,https://web.archive.org/web/20191126105250/https://www.thenorthface.com/shop/womens-1996-retro-nuptse-jacket-nf0a3xeo,Women's 1996 Retro Nuptse Jacket | The North Face,249.00,,meta_product_price
northface,SLUG:womens-retro-nuptse-jacket,A_2018_2020,201912,20191213232709,https://web.archive.org/web/20191213232709/https://www.thenorthface.com/shop/womens-1996-retro-nuptse-jacket-nf0a3xeo,Women's 1996 Retro Nuptse Jacket | The North Face,249.00,,meta_product_price
northface,SLUG:womens-retro-nuptse-jacket,B_2024_2026,202507,20250722090641,https://web.archive.org/web/20250722090641/https://www.thenorthface.com/en-us/p/womens/womens-jackets-and-vests/womens-puffer-jackets-829825/womens-1996-retro-nuptse-jacket-NF0A3XEO,Women’s 1996 Retro Nuptse Jacket | The North Face,330,USD,jsonld_offer_price
northface,SLUG:womens-retro-nuptse-jacket,B_2024_2026,202508,20250820011157,https://web.archive.org/web/20250820011157/https://www.thenorthface.com/en-us/p/womens/womens-jackets-and-vests/womens-puffer-jackets-829825/womens-1996-retro-nuptse-jacket-NF0A3XEO?,Women’s 1996 Retro Nuptse Jacket | The North Face,330,USD,jsonld_offer_price
northface,SLUG:womens-retro-nuptse-jacket,B_2024_2026,202510,20251030044929,https://web.archive.org/web/20251030044929/https://www.thenorthface.com/en-us/p/womens/womens-jackets-and-vests/womens-insulated-and-down-c299277/womens-2000-retro-nuptse-jacket-NF0A831F?color=JK3,,,,no_price_found
northface,SLUG:womens-retro-nuptse-jacket,B_2024_2026,202511,20251104120941,https://web.archive.org/web/20251104120941/https://www.thenorthface.com/en-us/p/womens/womens-jackets-and-vests/womens-puffer-jackets-829825/womens-1996-retro-nuptse-jacket-NF0A3XEO,,,,no_price_found
northface,SLUG:womens-retro-nuptse-jacket,B_2024_2026,202512,20251212044110,https://web.archive.org/web/20251212044110/https://www.thenorthface.com/en-ca/p/womens/womens-jackets-and-vests/womens-puffer-jackets-829825/womens-1996-retro-nuptse-jacket-NF0A3XEO,,,,no_price_found
northface,SLUG:womens-retro-nuptse-jacket,B_2024_2026,202601,20260119213948,https://web.archive.org/web/20260119213948/https://www.thenorthface.com/en-ca/p/womens/womens-jackets-and-vests/womens-puffer-jackets-829825/womens-1996-retro-nuptse-jacket-NF0A3XEO?color=0U3,Women’s 1996 Retro Nuptse Jacket | The North Face Canada,460,CAD,jsonld_offer_price
northface,SLUG:womens-retro-nuptse-jacket,B_2024_2026,202602,20260202012447,https://web.archive.org/web/20260202012447/https://www.thenorthface.com/en-us/p/womens/womens-jackets-and-vests/womens-puffer-jackets-829825/womens-1996-retro-nuptse-jacket-NF0A3XEO,,,,no_price_found
northface,SLUG:womens-retro-nuptse-jacket,B_2024_2026,202603,20260302055025,https://web.archive.org/web/20260302055025/https://www.thenorthface.com/en-us/p/womens/womens-jackets-and-vests/womens-puffer-jackets-829825/womens-1996-retro-nuptse-jacket-NF0A3XEO,,,,no_price_found
northface,SLUG:womens-retro-nuptse-jacket,B_2024_2026,202604,20260424161109,https://web.archive.org/web/20260424161109/https://www.thenorthface.com/en-us/p/womens/womens-jackets-and-vests/womens-puffer-jackets-829825/womens-1996-retro-nuptse-jacket-NF0A3XEO,Women’s 1996 Retro Nuptse Jacket | The North Face,380,USD,jsonld_offer_price
northface,SLUG:womens-retro-nuptse-jacket,B_2024_2026,202605,20260510154849,https://web.archive.org/web/20260510154849/https://www.thenorthface.com/en-us/p/womens/womens-jackets-and-vests/womens-puffer-jackets-829825/womens-1996-retro-nuptse-jacket-NF0A3XEO?,Women’s 1996 Retro Nuptse Jacket | The North Face,380,USD,jsonld_offer_price
northface,SLUG:womens-retro-nuptse-jacket,B_2024_2026,202606,20260602070820,https://web.archive.org/web/20260602070820/https://www.thenorthface.com/en-us/p/womens/womens-jackets-and-vests/womens-puffer-jackets-829825/womens-1996-retro-nuptse-jacket-NF0A3XEO?color=0U3,Women’s 1996 Retro Nuptse Jacket | The North Face,380,USD,jsonld_offer_price
northface,SLUG:womens-retro-nuptse-jacket,B_2024_2026,202607,20260715233345,https://web.archive.org/web/20260715233345/https://www.thenorthface.com/en-us/p/womens/womens-jackets-and-vests/womens-puffer-jackets-829825/womens-1996-retro-nuptse-jacket-NF0A3XEO?utm_content=Skimlinks&utm_medium=affiliate&utm_source=CJ&utm_campaign=AFFILIATES_ECOM_NL&CJEVENT=9bd662e380a511f1838f002f0a18b8fc,Women’s 1996 Retro Nuptse Jacket | The North Face,380,USD,jsonld_offer_price
northface,SLUG:womens-retro-nuptse-jacket,B_2024_2026,202608,20260823175117,https://web.archive.org/web/20260823175117/https://www.thenorthface.com/en-us/p/womens/womens-jackets-and-vests/womens-puffer-jackets-829825/womens-1996-retro-nuptse-jacket-NF0A3XEO?,,,,no_price_found
northface,SLUG:mens-thermoball-vest,A_2018_2020,201802,20180208214250,https://web.archive.org/web/20180208214250/https://www.thenorthface.com/shop/mens-jackets-vests-vests/mens-thermoball-vest-nf0a39ni,,,,fetch_failed
northface,SLUG:mens-thermoball-vest,A_2018_2020,201907,20190721022959,https://web.archive.org/web/20190721022959/https://www.thenorthface.com/shop/mens-thermoball-vest-2,MEN’S THERMOBALL™ VEST | United States,149.00,,meta_product_price
northface,SLUG:mens-thermoball-vest,A_2018_2020,201908,20190813152728,https://web.archive.org/web/20190813152728/https://www.thenorthface.com/shop/mens-thermoball-vest-2,MEN’S THERMOBALL™ VEST | United States,149.00,,meta_product_price
northface,SLUG:mens-thermoball-vest,A_2018_2020,201909,20190919232936,https://web.archive.org/web/20190919232936/https://www.thenorthface.com/shop/mens-thermoball-vest-nf0a3ktw-c1?variationId=BE5,MEN’S THERMOBALL™ VEST | United States,89.40,,meta_product_price
northface,SLUG:mens-thermoball-vest,A_2018_2020,201910,20191023182048,https://web.archive.org/web/20191023182048/https://www.thenorthface.com/shop/mens-thermoball-vest-nf0a3ktw-c1,MEN’S THERMOBALL™ VEST | United States,89.40,,meta_product_price
northface,SLUG:mens-thermoball-vest,A_2018_2020,201912,20191215102033,https://web.archive.org/web/20191215102033/https://www.thenorthface.com/shop/mens-thermoball-vest-nf0a3ktw-c1,MEN’S THERMOBALL™ VEST | United States,89.40,,meta_product_price
northface,SLUG:mens-thermoball-vest,B_2024_2026,202512,20251213210614,https://web.archive.org/web/20251213210614/https://www.thenorthface.com/en-us/p/mens/mens-jackets-and-vests/mens-vests-299291/mens-thermoball-vest-NF0A8D1Q?color=JK3,,,,no_price_found
northface,SLUG:mens-thermoball-vest,B_2024_2026,202601,20260122040726,https://web.archive.org/web/20260122040726/https://www.thenorthface.com/en-us/p/mens/mens-jackets-and-vests/mens-vests-299291/mens-thermoball-vest-NF0A8D1Q?color=BOM,Men’s THERMOBALL™ Vest | The North Face,160,USD,jsonld_offer_price
northface,SLUG:mens-thermoball-vest,B_2024_2026,202604,20260419172433,https://web.archive.org/web/20260419172433/https://www.thenorthface.com/en-us/p/mens/mens-jackets-and-vests/mens-vests-299291/mens-thermoball-vest-NF0A8D1Q?color=JK3,Men’s THERMOBALL™ Vest | The North Face,180,USD,jsonld_offer_price
northface,SLUG:mens-thermoball-vest,B_2024_2026,202605,20260519112333,https://web.archive.org/web/20260519112333/https://www.thenorthface.com/en-us/p/mens/mens-jackets-and-vests/mens-vests-299291/mens-thermoball-vest-NF0A8D1Q,Men’s THERMOBALL™ Vest | The North Face,180,USD,jsonld_offer_price
northface,SLUG:horizon-breeze-brimmer-hat,A_2018_2020,201907,20190717192043,https://web.archive.org/web/20190717192043/https://www.thenorthface.com/shop/mens-accessories-hats/horizon-breeze-brimmer-hat-cf7t?variationId=254,HORIZON BREEZE BRIMMER HAT | United States,35.00,,meta_product_price
northface,SLUG:horizon-breeze-brimmer-hat,A_2018_2020,201908,20190821113658,https://web.archive.org/web/20190821113658/https://www.thenorthface.com/shop/horizon-breeze-brimmer-hat-cf7t,HORIZON BREEZE BRIMMER HAT | United States,35.00,,meta_product_price
northface,SLUG:horizon-breeze-brimmer-hat,A_2018_2020,201909,20190918162056,https://web.archive.org/web/20190918162056/https://www.thenorthface.com/shop/mens-accessories-hats/horizon-breeze-brimmer-hat-cf7t?variationId=254,HORIZON BREEZE BRIMMER HAT | United States,35.00,,meta_product_price
northface,SLUG:horizon-breeze-brimmer-hat,A_2018_2020,201911,20191119034828,https://web.archive.org/web/20191119034828/https://www.thenorthface.com/shop/mens-accessories-hats/horizon-breeze-brimmer-hat-cf7t?variationId=254,HORIZON BREEZE BRIMMER HAT | United States,35.00,,meta_product_price
northface,SLUG:horizon-breeze-brimmer-hat,B_2024_2026,202506,20250621144437,https://web.archive.org/web/20250621144437/https://www.thenorthface.com/en-us/p/shop-all/brimmer-and-bucket-hats-554777/horizon-breeze-brimmer-hat-NF0A5FX6,Horizon Breeze Brimmer Hat | The North Face,45,USD,jsonld_offer_price
northface,SLUG:horizon-breeze-brimmer-hat,B_2024_2026,202508,20250806202219,https://web.archive.org/web/20250806202219/https://www.thenorthface.com/en-us/p/shop-all/brimmer-and-bucket-hats-554777/horizon-breeze-brimmer-hat-NF0A5FX6,Horizon Breeze Brimmer Hat | The North Face,45,USD,jsonld_offer_price
northface,SLUG:horizon-breeze-brimmer-hat,B_2024_2026,202512,20251212144143,https://web.archive.org/web/20251212144143/https://www.thenorthface.com/en-ca/p/shop-all/brimmer-and-bucket-hats-554777/horizon-breeze-brimmer-hat-NF0A5FX6,,,,no_price_found
northface,SLUG:horizon-breeze-brimmer-hat,B_2024_2026,202601,20260116024804,https://web.archive.org/web/20260116024804/https://www.thenorthface.com/en-ca/p/shop-all/brimmer-and-bucket-hats-554777/horizon-breeze-brimmer-hat-NF0A5FX6?color=79L,Horizon Breeze Brimmer Hat | The North Face Canada,49,CAD,jsonld_offer_price
northface,SLUG:horizon-breeze-brimmer-hat,B_2024_2026,202602,20260208012939,https://web.archive.org/web/20260208012939/https://www.thenorthface.com/en-us/p/shop-all/brimmer-and-bucket-hats-554777/horizon-breeze-brimmer-hat-NF0A5FX6,,,,no_price_found
northface,SLUG:horizon-breeze-brimmer-hat,B_2024_2026,202603,20260322051940,https://web.archive.org/web/20260322051940/https://www.thenorthface.com/en-us/p/shop-all/accessories/brimmer-and-bucket-hats-554777/horizon-breeze-brimmer-hat-NF0A5FX6,Horizon Breeze Brimmer Hat | The North Face,50,USD,jsonld_offer_price
northface,SLUG:horizon-breeze-brimmer-hat,B_2024_2026,202604,20260412085358,https://web.archive.org/web/20260412085358/https://www.thenorthface.com/en-dk/p/women/accessories/caps-and-hats-374282/horizon-breeze-brimmer-hat-NF0A5FX6?color=78S,Horizon Breeze Brimmer Hat | The North Face DK,349,DKK,jsonld_offer_price
northface,SLUG:horizon-breeze-brimmer-hat,B_2024_2026,202605,20260521055234,https://web.archive.org/web/20260521055234/https://www.thenorthface.com/en-dk/p/women/accessories/caps-and-hats-374282/horizon-breeze-brimmer-hat-NF0A5FX6,Horizon Breeze Brimmer Hat | The North Face DK,349,DKK,jsonld_offer_price
northface,SLUG:horizon-breeze-brimmer-hat,B_2024_2026,202606,20260602165855,https://web.archive.org/web/20260602165855/https://www.thenorthface.com/en-us/p/shop-all/accessories/brimmer-and-bucket-hats-554777/horizon-breeze-brimmer-hat-NF0A5FX6?color=JK3,,,,no_price_found
northface,SLUG:horizon-breeze-brimmer-hat,B_2024_2026,202607,20260716184209,https://web.archive.org/web/20260716184209/https://www.thenorthface.com/en-us/p/shop-all/accessories/brimmer-and-bucket-hats-554777/horizon-breeze-brimmer-hat-NF0A5FX6,,,,no_price_found
northface,SLUG:mens-aconcagua-vest,A_2018_2020,201907,20190724090502,https://web.archive.org/web/20190724090502/https://www.thenorthface.com/shop/mens-aconcagua-vest-nf0a2tcd,MEN’S ACONCAGUA VEST | United States,99.00,,meta_product_price
northface,SLUG:mens-aconcagua-vest,A_2018_2020,201909,20190918160820,https://web.archive.org/web/20190918160820/https://www.thenorthface.com/shop/mens-aconcagua-vest-nf0a2tcd,MEN’S ACONCAGUA VEST | United States,99.00,,meta_product_price
northface,SLUG:mens-aconcagua-vest,A_2018_2020,201911,20191120125329,https://web.archive.org/web/20191120125329/https://www.thenorthface.com/shop/mens-aconcagua-vest-nf0a2tcd,MEN’S ACONCAGUA VEST | The North Face,99.00,,meta_product_price
northface,SLUG:mens-aconcagua-vest,A_2018_2020,201912,20191213141216,https://web.archive.org/web/20191213141216/https://www.thenorthface.com/shop/mens-aconcagua-vest-nf0a2tcd,MEN’S ACONCAGUA VEST | United States,74.25,,meta_product_price
northface,SLUG:mens-aconcagua-vest,B_2024_2026,202506,20250609002958,https://web.archive.org/web/20250609002958/https://www.thenorthface.com/en-us/p/mens/mens-jackets-and-vests/mens-vests-299291/mens-aconcagua-3-vest-NF0A84IK,,,,no_price_found
northface,SLUG:mens-aconcagua-vest,B_2024_2026,202507,20250719192227,https://web.archive.org/web/20250719192227/https://www.thenorthface.com/en-us/p/mens/mens-jackets-and-vests/mens-vests-299291/mens-aconcagua-3-vest-NF0A84IK,Men’s Aconcagua 3 Vest | The North Face,160,USD,jsonld_offer_price
northface,SLUG:mens-aconcagua-vest,B_2024_2026,202510,20251021115610,https://web.archive.org/web/20251021115610/https://www.thenorthface.com/en-us/p/mens/mens-jackets-and-vests/mens-vests-299291/mens-aconcagua-3-vest-NF0A84IK,,,,no_price_found
northface,SLUG:mens-aconcagua-vest,B_2024_2026,202511,20251113062743,https://web.archive.org/web/20251113062743/https://www.thenorthface.com/en-us/p/mens/mens-jackets-and-vests/mens-vests-299291/mens-aconcagua-3-vest-NF0A84IK,,,,fetch_failed
northface,SLUG:mens-aconcagua-vest,B_2024_2026,202512,20251213133236,https://web.archive.org/web/20251213133236/https://www.thenorthface.com/en-us/p/mens/mens-jackets-and-vests/mens-vests-299291/mens-aconcagua-3-vest-NF0A84IK,,,,no_price_found
northface,SLUG:mens-aconcagua-vest,B_2024_2026,202601,20260109181734,https://web.archive.org/web/20260109181734/https://www.thenorthface.com/en-us/p/mens/mens-jackets-and-vests/mens-vests-299291/mens-aconcagua-3-vest-NF0A84IK?color=0C5,,,,no_price_found
northface,SLUG:mens-aconcagua-vest,B_2024_2026,202602,20260219175408,https://web.archive.org/web/20260219175408/https://www.thenorthface.com/en-us/p/mens/mens-jackets-and-vests/mens-vests-299291/mens-aconcagua-3-vest-NF0A84IK,,,,no_price_found
northface,SLUG:mens-half-dome-pullover-hoodie,A_2018_2020,201907,20190718193329,https://web.archive.org/web/20190718193329/https://www.thenorthface.com/shop/mens-auxiliary-new-arrivals/mens-half-dome-pullover-hoodie-nf0a3fr1?variationId=GAZ,MEN'S HALF DOME PULLOVER HOODIE | United States,50.00,,meta_product_price
northface,SLUG:mens-half-dome-pullover-hoodie,A_2018_2020,201908,20190822071256,https://web.archive.org/web/20190822071256/https://www.thenorthface.com/shop/mens-auxiliary-new-arrivals/mens-half-dome-pullover-hoodie-nf0a3fr1?variationId=TSF,,,,fetch_failed
northface,SLUG:mens-half-dome-pullover-hoodie,A_2018_2020,201909,20190919233048,https://web.archive.org/web/20190919233048/https://www.thenorthface.com/shop/mens-half-dome-pullover-hoodie-nf0a3fr1,MEN'S HALF DOME PULLOVER HOODIE | United States,50.00,,meta_product_price
northface,SLUG:mens-half-dome-pullover-hoodie,A_2018_2020,201910,20191015234640,https://web.archive.org/web/20191015234640/https://www.thenorthface.com/shop/mens-half-dome-pullover-hoodie-nf0a3fr1-c1,MEN'S HALF DOME PULLOVER HOODIE | United States,30.00,,meta_product_price
northface,SLUG:mens-half-dome-pullover-hoodie,A_2018_2020,201911,20191120174845,https://web.archive.org/web/20191120174845/https://www.thenorthface.com/shop/mens-half-dome-pullover-hoodie-nf0a3fr1,MEN'S HALF DOME PULLOVER HOODIE | The North Face,50.00,,meta_product_price
northface,SLUG:mens-half-dome-pullover-hoodie,A_2018_2020,201912,20191206001459,https://web.archive.org/web/20191206001459/https://www.thenorthface.com/shop/mens-shirts-tops/mens-half-dome-pullover-hoodie-nf0a3fr1?variationId=G78,MEN'S HALF DOME PULLOVER HOODIE | United States,50.00,,meta_product_price
northface,SLUG:mens-half-dome-pullover-hoodie,B_2024_2026,202510,20251017161206,https://web.archive.org/web/20251017161206/https://www.thenorthface.com/en-us/p/mens/mens-tops/mens-hoodies-and-sweatshirts-224211/mens-half-dome-pullover-hoodie-NF0A7UNL?color=AGX,Men’s Half Dome Pullover Hoodie | The North Face,36,USD,jsonld_offer_price
northface,SLUG:mens-half-dome-pullover-hoodie,B_2024_2026,202511,20251119080528,https://web.archive.org/web/20251119080528/https://www.thenorthface.com/en-us/p/mens/mens-tops/mens-hoodies-and-sweatshirts-224211/mens-half-dome-pullover-hoodie-NF0A7UNL?color=6M6&fitType=Standard,Men’s Half Dome Pullover Hoodie | The North Face,30,USD,jsonld_offer_price
northface,SLUG:mens-half-dome-pullover-hoodie,B_2024_2026,202603,20260314071845,https://web.archive.org/web/20260314071845/https://www.thenorthface.com/en-us/p/mens/mens-tops/mens-hoodies-and-sweatshirts-224211/mens-half-dome-pullover-hoodie-NF0A7UNL?color=6M6&fitType=Standard,,,,no_price_found
northface,SLUG:mens-half-dome-pullover-hoodie,B_2024_2026,202604,20260402065302,https://web.archive.org/web/20260402065302/https://www.thenorthface.com/en-us/p/mens/mens-tops/mens-hoodies-and-sweatshirts-224211/mens-half-dome-pullover-hoodie-NF0A7UNL?color=AGX,,,,no_price_found
northface,SLUG:mens-chakal-jacket,A_2018_2020,201907,20190716162756,https://web.archive.org/web/20190716162756/https://www.thenorthface.com/shop/mens-chakal-jacket-nf0a3ifz?variationId=6UR,Men's Chakal Jacket | United States,,,no_price_found
northface,SLUG:mens-chakal-jacket,A_2018_2020,201908,20190823161416,https://web.archive.org/web/20190823161416/https://www.thenorthface.com/shop/mens-chakal-jacket-nf0a4anc,Men’s Chakal Jacket | United States,299.00,,meta_product_price
northface,SLUG:mens-chakal-jacket,A_2018_2020,201909,20190908105856,https://web.archive.org/web/20190908105856/https://www.thenorthface.com/shop/mens-chakal-jacket-nf0a3ifz-c1,Men's Chakal Jacket | United States,209.30,,meta_product_price
northface,SLUG:mens-chakal-jacket,A_2018_2020,201910,20191022163045,https://web.archive.org/web/20191022163045/https://www.thenorthface.com/shop/mens-chakal-jacket-nf0a4anc?variationId=WMB,Men’s Chakal Jacket | United States,299.00,,meta_product_price
northface,SLUG:mens-chakal-jacket,A_2018_2020,201912,20191214001501,https://web.archive.org/web/20191214001501/https://www.thenorthface.com/shop/mens-chakal-jacket-nf0a4anc,Men’s Chakal Jacket | United States,299.00,,meta_product_price
northface,SLUG:mens-chakal-jacket,B_2024_2026,202506,20250617201452,https://web.archive.org/web/20250617201452/https://www.thenorthface.com/en-ca/p/mens/mens-jackets-and-vests/mens-snow-299293/mens-chakal-jacket-NF0A87Y6,Men’s Chakal Jacket | The North Face Canada,335.99,CAD,jsonld_offer_price
northface,SLUG:mens-chakal-jacket,B_2024_2026,202512,20251226122256,https://web.archive.org/web/20251226122256/https://www.thenorthface.com/en-ca/p/mens/mens-jackets-and-vests/mens-snow-299293/mens-chakal-jacket-NF0A87Y6,,,,no_price_found
northface,SLUG:mens-chakal-jacket,B_2024_2026,202601,20260119212329,https://web.archive.org/web/20260119212329/https://www.thenorthface.com/en-us/p/mens/mens-jackets-and-vests/mens-ski-and-snowboarding-jackets-299293/mens-chakal-jacket-NF0A87Y6?color=KX7&utm_content=ecomm&utm_medium=cpc&utm_source=google&utm_campaign=US+%7C+all+%7C+Hybrid+%7C+SHOP+-+AUT+~+All+Br+Jackets+and+Vests+Cluster+-+General+-+PMax+Shopping&utm_term=&gclsrc=aw.ds&gad_source=1&gad_campaignid=23032263017&gclid=EAIaIQobChMIrfu0rdimkQMV-05HAR20KRHNEAQYASABEgIvefD_BwE,Men’s Chakal Jacket | The North Face,370,USD,jsonld_offer_price
northface,SLUG:mens-chakal-jacket,B_2024_2026,202604,20260415082150,https://web.archive.org/web/20260415082150/https://www.thenorthface.com/en-us/p/mens/mens-jackets-and-vests/mens-ski-and-snowboarding-jackets-299293/mens-chakal-jacket-NF0A87Y6,Men’s Chakal Jacket | The North Face,259,USD,jsonld_offer_price
northface,SLUG:mens-thermoball-snow-triclimate-jacket,A_2018_2020,201907,20190717224049,https://web.archive.org/web/20190717224049/https://www.thenorthface.com/shop/mens-thermoball-snow-triclimate-jacket-nf0a3323,MEN'S THERMOBALL™ SNOW TRICLIMATE® JACKET | United States,,,no_price_found
northface,SLUG:mens-thermoball-snow-triclimate-jacket,A_2018_2020,201908,20190822222100,https://web.archive.org/web/20190822222100/https://www.thenorthface.com/shop/mens-thermoball-snow-triclimate-jacket-nf0a3323-c1,MEN'S THERMOBALL™ SNOW TRICLIMATE® JACKET | United States,244.30,,meta_product_price
northface,SLUG:mens-thermoball-snow-triclimate-jacket,A_2018_2020,201910,20191022060352,https://web.archive.org/web/20191022060352/https://www.thenorthface.com/shop/mens-thermoball-snow-triclimate-jacket-nf0a3323,MEN'S THERMOBALL™ SNOW TRICLIMATE® JACKET | United States,,,no_price_found
northface,SLUG:mens-thermoball-snow-triclimate-jacket,A_2018_2020,201912,20191215155750,https://web.archive.org/web/20191215155750/https://www.thenorthface.com/shop/mens-thermoball-snow-triclimate-jacket-nf0a3323-c1?variationId=6UL,MEN'S THERMOBALL™ SNOW TRICLIMATE® JACKET | United States,244.30,,meta_product_price
northface,SLUG:mens-thermoball-snow-triclimate-jacket,B_2024_2026,202512,20251229171321,https://web.archive.org/web/20251229171321/https://www.thenorthface.com/en-ca/p/mens/mens-jackets-and-vests/mens-insulated-and-down-300771/mens-thermoball-snow-triclimate-jacket-NF0A7WYE,,,,no_price_found
northface,SLUG:mens-thermoball-snow-triclimate-jacket,B_2024_2026,202601,20260123165259,https://web.archive.org/web/20260123165259/https://www.thenorthface.com/en-us/p/mens/mens-jackets-and-vests/mens-insulated-and-down-300771/mens-thermoball-snow-triclimate-jacket-NF0A7WYE,Men’s THERMOBALL™ Snow Triclimate™ Jacket | The North Face,400,USD,jsonld_offer_price
northface,SLUG:mens-thermoball-snow-triclimate-jacket,B_2024_2026,202602,20260227182137,https://web.archive.org/web/20260227182137/https://www.thenorthface.com/en-us/p/mens/mens-jackets-and-vests/mens-insulated-and-down-300771/mens-thermoball-snow-triclimate-jacket-NF0A7WYE?color=4H0&utm_content=ecomm&utm_medium=cpc&utm_source=google&utm_campaign=US+%7C+all+%7C+Hybrid+%7C+SHOP+-+AUT+~+All+NB+Sale+Items+Cluster+-+General+-+PMax+Shopping&utm_term=&gad_source=0&gad_campaignid=23049749904&gclid=Cj0KCQiAtfXMBhDzARIsAJ0jp3CypEuNL0RzYgTQDNKu_uLtLHgpcsnfNqE33Gtu2RJtOKnjkZxeI5gaAhNMEALw_wcB&gclsrc=aw.ds,Men’s THERMOBALL™ Snow Triclimate™ Jacket | The North Face,280,USD,jsonld_offer_price
northface,SLUG:mens-thermoball-snow-triclimate-jacket,B_2024_2026,202603,20260301095749,https://web.archive.org/web/20260301095749/https://www.thenorthface.com/en-us/p/mens/mens-jackets-and-vests/mens-insulated-and-down-300771/mens-thermoball-snow-triclimate-jacket-NF0A7WYE?color=4H0&gad_source=0&gad_campaignid=23049749904&gclsrc=aw.ds,Men’s THERMOBALL™ Snow Triclimate™ Jacket | The North Face,280,USD,jsonld_offer_price
northface,SLUG:mens-thermoball-snow-triclimate-jacket,B_2024_2026,202605,20260519112834,https://web.archive.org/web/20260519112834/https://www.thenorthface.com/en-us/p/mens/mens-jackets-and-vests/mens-insulated-and-down-300771/mens-thermoball-snow-triclimate-jacket-NF0A7WYE?color=0VO,Men’s THERMOBALL™ Snow Triclimate™ Jacket | The North Face,280,USD,jsonld_offer_price
northface,SLUG:toddler-alpenglow-ii-boots,A_2018_2020,201909,20190916043015,https://web.archive.org/web/20190916043015/https://www.thenorthface.com/shop/shoes-kids-toddlers/toddler-alpenglow-ii-boots-nf0a3fyo?variationId=EV8,Toddler Alpenglow II Boots | United States,50.00,,meta_product_price
northface,SLUG:toddler-alpenglow-ii-boots,A_2018_2020,201910,20191022162719,https://web.archive.org/web/20191022162719/https://www.thenorthface.com/shop/toddler-alpenglow-ii-boots-nf0a3fyo?variationId=EV8,Toddler Alpenglow II Boots | United States,50.00,,meta_product_price
northface,SLUG:toddler-alpenglow-ii-boots,A_2018_2020,201911,20191115083603,https://web.archive.org/web/20191115083603/https://www.thenorthface.com/shop/shoes-kids-toddlers/toddler-alpenglow-ii-boots-nf0a3fyo?variationId=EV8,Toddler Alpenglow II Boots | United States,50.00,,meta_product_price
northface,SLUG:toddler-alpenglow-ii-boots,A_2018_2020,201912,20191215020504,https://web.archive.org/web/20191215020504/https://www.thenorthface.com/shop/toddler-alpenglow-ii-boots-nf0a3fyo?variationId=EV8,Toddler Alpenglow II Boots | United States,50.00,,meta_product_price
northface,SLUG:toddler-alpenglow-ii-boots,B_2024_2026,202506,20250612211506,https://web.archive.org/web/20250612211506/https://www.thenorthface.com/en-ca/p/sale-829803/toddler-alpenglow-ii-boots-NF0A3FYO,Toddler Alpenglow II Boots | The North Face Canada,74.99,CAD,jsonld_offer_price
northface,SLUG:toddler-alpenglow-ii-boots,B_2024_2026,202507,20250722012920,https://web.archive.org/web/20250722012920/https://www.thenorthface.com/en-us/p/sale-c829803/toddler-alpenglow-ii-boots-NF0A3FYO,Toddler Alpenglow II Boots | The North Face,55,USD,jsonld_offer_price
northface,SLUG:toddler-alpenglow-ii-boots,B_2024_2026,202512,20251210140152,https://web.archive.org/web/20251210140152/https://www.thenorthface.com/en-us/p/sale-829803/toddler-alpenglow-ii-boots-NF0A3FYO?color=909,Toddler Alpenglow II Boots | The North Face,55,USD,jsonld_offer_price
northface,SLUG:toddler-alpenglow-ii-boots,B_2024_2026,202604,20260418012908,https://web.archive.org/web/20260418012908/https://www.thenorthface.com/en-ca/p/sale-829803/toddler-alpenglow-ii-boots-NF0A3FYO,Toddler Alpenglow II Boots | The North Face Canada,74.99,CAD,jsonld_offer_price
northface,SLUG:womens-thermoball-traction-mules-v,A_2018_2020,201909,20190922165818,https://web.archive.org/web/20190922165818/https://www.thenorthface.com/shop/shoes-womens-lifestyle/womens-thermoball-traction-mules-v-nf0a3v1h?variationId=H49,Women’s ThermoBall™ Traction Mules V | United States,55.00,,meta_product_price
northface,SLUG:womens-thermoball-traction-mules-v,A_2018_2020,201910,20191023104519,https://web.archive.org/web/20191023104519/https://www.thenorthface.com/shop/womens-thermoball-traction-mules-v-nf0a3v1h,WOMEN’S THERMOBALL™ ECO TRACTION MULES V | United States,55.00,,meta_product_price
northface,SLUG:womens-thermoball-traction-mules-v,A_2018_2020,201911,20191115083833,https://web.archive.org/web/20191115083833/https://www.thenorthface.com/shop/shoes-womens/womens-thermoball-traction-mules-v-nf0a3v1h?variationId=H49,WOMEN’S THERMOBALL™ ECO TRACTION MULES V | United States,55.00,,meta_product_price
northface,SLUG:womens-thermoball-traction-mules-v,A_2018_2020,201912,20191214164203,https://web.archive.org/web/20191214164203/https://www.thenorthface.com/shop/shoes-womens-lifestyle/womens-thermoball-traction-mules-v-nf0a3v1h?variationId=H49,Women's ThermoBall™ Eco Traction Mules V | The North Face,55.00,,meta_product_price
northface,SLUG:womens-thermoball-traction-mules-v,B_2024_2026,202506,20250602045847,https://web.archive.org/web/20250602045847/https://www.thenorthface.com/en-ca/p/womens/womens-footwear/womens-slippers-695281/womens-thermoball-traction-mules-v-NF0A3V1H?color=32F,,,,no_price_found
northface,SLUG:womens-thermoball-traction-mules-v,B_2024_2026,202512,20251208142349,https://web.archive.org/web/20251208142349/https://www.thenorthface.com/en-ca/p/womens/womens-footwear/womens-slippers-695281/womens-thermoball-traction-mules-v-NF0A3V1H,,,,no_price_found
northface,SLUG:womens-thermoball-traction-mules-v,B_2024_2026,202601,20260114171742,https://web.archive.org/web/20260114171742/https://www.thenorthface.com/en-ca/p/womens/womens-footwear/womens-slippers-695281/womens-thermoball-traction-mules-v-NF0A3V1H?color=CGI,,,,fetch_failed
northface,SLUG:womens-thermoball-traction-mules-v,B_2024_2026,202602,20260207091915,https://web.archive.org/web/20260207091915/https://www.thenorthface.com/en-us/p/womens/womens-footwear/womens-slippers-695281/womens-thermoball-traction-mules-v-NF0A3V1H,,,,no_price_found
northface,SLUG:womens-thermoball-traction-mules-v,B_2024_2026,202603,20260316212142,https://web.archive.org/web/20260316212142/https://www.thenorthface.com/en-us/p/womens/womens-footwear/womens-slippers-695281/womens-thermoball-traction-mules-v-NF0A3V1H?color=KX7,,,,no_price_found
northface,SLUG:womens-thermoball-traction-mules-v,B_2024_2026,202604,20260409131655,https://web.archive.org/web/20260409131655/https://www.thenorthface.com/en-us/p/womens/womens-footwear/womens-slippers-695281/womens-thermoball-traction-mules-v-NF0A3V1H?color=32F&irclickid=3Xc2UO31xxyPWzFVY%3AUNQ1qIUkH2HV3PR1SRyQ0&irgwc=1,,,,no_price_found
northface,SLUG:womens-thermoball-traction-mules-v,B_2024_2026,202605,20260519112839,https://web.archive.org/web/20260519112839/https://www.thenorthface.com/en-us/p/womens/womens-footwear/womens-slippers-695281/womens-thermoball-traction-mules-v-NF0A3V1H?color=411,Women’s THERMOBALL™ Traction Mules V | The North Face,70,USD,jsonld_offer_price
northface,SLUG:womens-thermoball-traction-mules-v,B_2024_2026,202606,20260623202453,https://web.archive.org/web/20260623202453/https://www.thenorthface.com/en-us/p/womens/womens-footwear/womens-slippers-695281/womens-thermoball-traction-mules-v-NF0A3V1H?color=KX7,,,,no_price_found
northface,SLUG:womens-retro-denali-jacket,A_2018_2020,201909,20190902050349,https://web.archive.org/web/20190902050349/https://www.thenorthface.com/shop/womens-95-retro-denali-jacket-nf0a3xce,Women’s ’95 Retro Denali Jacket | United States,190.00,,meta_product_price
northface,SLUG:womens-retro-denali-jacket,A_2018_2020,201911,20191123000158,https://web.archive.org/web/20191123000158/https://www.thenorthface.com/shop/womens-95-retro-denali-jacket-nf0a3xce,Women's '95 Retro Denali Jacket | The North Face,199.00,,meta_product_price
northface,SLUG:womens-retro-denali-jacket,A_2018_2020,201912,20191212075623,https://web.archive.org/web/20191212075623/https://www.thenorthface.com/shop/womens-jackets-vests/womens-95-retro-denali-jacket-nf0a3xce?variationId=JK3,Women's '95 Retro Denali Jacket | The North Face,199.00,,meta_product_price
northface,SLUG:womens-retro-denali-jacket,A_2018_2020,202003,20200305073129,https://web.archive.org/web/20200305073129/https://www.thenorthface.com/shop/womens-jackets-vests-fleece/womens-95-retro-denali-jacket-nf0a3xce,Women’s ’95 Retro Denali Jacket | The North Face,199.00,,meta_product_price
northface,SLUG:womens-retro-denali-jacket,B_2024_2026,202508,20250829194407,https://web.archive.org/web/20250829194407/https://www.thenorthface.com/en-us/p/womens/womens-fleece-299271/womens-retro-denali-jacket-NF0A88YR,Women’s Retro Denali Jacket | The North Face,180,USD,jsonld_offer_price
northface,SLUG:womens-retro-denali-jacket,B_2024_2026,202509,20250905205530,https://web.archive.org/web/20250905205530/https://www.thenorthface.com/en-us/p/womens/womens-fleece-299271/womens-retro-denali-jacket-NF0A88YR,Women’s Retro Denali Jacket | The North Face,180,USD,jsonld_offer_price
northface,SLUG:womens-retro-denali-jacket,B_2024_2026,202510,20251017203530,https://web.archive.org/web/20251017203530/https://www.thenorthface.com/en-us/p/womens/womens-fleece-299271/womens-retro-denali-jacket-NF0A88YR?color=DYY,,,,fetch_failed
northface,SLUG:womens-retro-denali-jacket,B_2024_2026,202511,20251101125841,https://web.archive.org/web/20251101125841/https://www.thenorthface.com/en-us/p/womens/womens-fleece-299271/womens-retro-denali-jacket-NF0A88YR?color=DYY,Women’s Retro Denali Jacket | The North Face,108,USD,jsonld_offer_price
northface,SLUG:womens-retro-denali-jacket,B_2024_2026,202512,20251201210740,https://web.archive.org/web/20251201210740/https://www.thenorthface.com/en-us/p/womens/womens-fleece-299271/womens-retro-denali-jacket-NF0A88YR,,,,no_price_found
northface,SLUG:womens-retro-denali-jacket,B_2024_2026,202601,20260116031706,https://web.archive.org/web/20260116031706/https://www.thenorthface.com/en-ca/p/womens/womens-fleece-299271/womens-retro-denali-jacket-NF0A88YR?color=CAI,Women’s Retro Denali Jacket | The North Face Canada,239.99,CAD,jsonld_offer_price
northface,SLUG:womens-retro-denali-jacket,B_2024_2026,202602,20260217172200,https://web.archive.org/web/20260217172200/https://www.thenorthface.com/en-ca/p/womens/womens-fleece-299271/womens-retro-denali-jacket-NF0A88YR?color=JK3,Women’s Retro Denali Jacket | The North Face Canada,250,CAD,jsonld_offer_price
northface,SLUG:womens-retro-denali-jacket,B_2024_2026,202603,20260315140658,https://web.archive.org/web/20260315140658/https://www.thenorthface.com/en-ca/p/womens/womens-fleece-299271/womens-retro-denali-jacket-NF0A88YR,Women’s Retro Denali Jacket | The North Face Canada,250,CAD,jsonld_offer_price
northface,SLUG:womens-retro-denali-jacket,B_2024_2026,202604,20260420040517,https://web.archive.org/web/20260420040517/https://www.thenorthface.com/en-us/p/womens/womens-fleece-299271/womens-retro-denali-jacket-NF0A88YR?color=V6V&gad_source=1&gclid=CjwKCAjw7s20BhBFEiwABVIMrYzqLgZ3dbpafv2N5njVm12JOKnf8uHPUiC8E_Ktc1o1wUhlxREznRoClDEQAvD_BwE&gclsrc=aw.ds,,,,no_price_found
northface,SLUG:womens-retro-denali-jacket,B_2024_2026,202605,20260519000503,https://web.archive.org/web/20260519000503/https://www.thenorthface.com/en-us/p/womens/womens-fleece-299271/womens-retro-denali-jacket-NF0A88YR?fitType=Standard,Women’s Retro Denali Jacket | The North Face,200,USD,jsonld_offer_price
northface,SLUG:womens-retro-denali-jacket,B_2024_2026,202606,20260603103458,https://web.archive.org/web/20260603103458/https://www.thenorthface.com/en-us/p/womens/womens-fleece-299271/womens-retro-denali-jacket-NF0A88YR,Women’s Retro Denali Jacket | The North Face,200,USD,jsonld_offer_price
northface,SLUG:womens-retro-denali-jacket,B_2024_2026,202608,20260814063553,https://web.archive.org/web/20260814063553/https://www.thenorthface.com/en-us/p/womens/womens-fleece-299271/womens-retro-denali-jacket-NF0A88YR?color=QLI&utm_source=Hong+Kong+Aichen+Technology+Development+Co.%2C+Limited&utm_medium=affiliate&utm_campaign=affiliate&utm_content=ecomm&irclickid=&irgwc=1&afsrc=1,,,,no_price_found
northface,SLUG:womens-aphrodite-shorts,A_2018_2020,201907,20190719001852,https://web.archive.org/web/20190719001852/https://www.thenorthface.com/shop/womens-aphrodite-20-shorts-nf0a2uo7,WOMEN'S APHRODITE 2.0 SHORTS | United States,40.00,,meta_product_price
northface,SLUG:womens-aphrodite-shorts,A_2018_2020,201908,20190820204444,https://web.archive.org/web/20190820204444/https://www.thenorthface.com/shop/womens-aphrodite-shorts-ce4y,WOMEN’S APHRODITE SHORTS | United States,40.00,,meta_product_price
northface,SLUG:womens-aphrodite-shorts,A_2018_2020,201909,20190920041553,https://web.archive.org/web/20190920041553/https://www.thenorthface.com/shop/womens-aphrodite-20-shorts-nf0a2uo7,WOMEN'S APHRODITE 2.0 SHORTS | United States,40.00,,meta_product_price
northface,SLUG:womens-aphrodite-shorts,A_2018_2020,201911,20191120180211,https://web.archive.org/web/20191120180211/https://www.thenorthface.com/shop/womens-aphrodite-20-shorts-nf0a2uo7,WOMEN'S APHRODITE 2.0 SHORTS | The North Face,40.00,,meta_product_price
northface,SLUG:womens-aphrodite-shorts,B_2024_2026,202510,20251017160719,https://web.archive.org/web/20251017160719/https://www.thenorthface.com/en-us/p/womens/womens-bottoms/womens-shorts-224274/womens-aphrodite-shorts-NF0A86YK?color=0TI,Women’s Aphrodite Shorts | The North Face,27,USD,jsonld_offer_price
northface,SLUG:womens-aphrodite-shorts,B_2024_2026,202511,20251116121721,https://web.archive.org/web/20251116121721/https://www.thenorthface.com/en-us/p/womens/womens-bottoms/womens-shorts-224274/womens-aphrodite-shorts-NF0A86YK?color=I0G,Women’s Aphrodite Shorts | The North Face,18,USD,jsonld_offer_price
northface,SLUG:womens-aphrodite-shorts,B_2024_2026,202602,20260201211719,https://web.archive.org/web/20260201211719/https://www.thenorthface.com/en-us/p/womens/womens-bottoms/womens-shorts-224274/womens-aphrodite-shorts-NF0A86YK?color=I0G,,,,no_price_found
northface,SLUG:womens-aphrodite-shorts,B_2024_2026,202604,20260402065148,https://web.archive.org/web/20260402065148/https://www.thenorthface.com/en-us/p/womens/womens-bottoms/womens-shorts-224274/womens-aphrodite-shorts-NF0A86YK?color=0TI,Women’s Aphrodite Shorts | The North Face,17.98,USD,jsonld_offer_price
northface,SLUG:womens-thermoball-jacket,A_2018_2020,201907,20190721191502,https://web.archive.org/web/20190721191502/https://www.thenorthface.com/shop/womens-jackets-vests-insulated/womens-thermoball-jacket-nf0a3ku3?variationId=XYN,WOMEN’S THERMOBALL™ JACKET | United States,,,no_price_found
northface,SLUG:womens-thermoball-jacket,A_2018_2020,201908,20190822073020,https://web.archive.org/web/20190822073020/https://www.thenorthface.com/shop/womens-auxiliary-new-arrivals/womens-thermoball-jacket-nf0a3ku3?variationId=8ED,WOMEN’S THERMOBALL™ JACKET | United States,,,no_price_found
northface,SLUG:womens-thermoball-jacket,A_2018_2020,201910,20191023181630,https://web.archive.org/web/20191023181630/https://www.thenorthface.com/shop/womens-thermoball-jacket-nf0a3ku3-c1,WOMEN’S THERMOBALL™ JACKET | United States,,,no_price_found
northface,SLUG:womens-thermoball-jacket,A_2018_2020,201912,20191216070936,https://web.archive.org/web/20191216070936/https://www.thenorthface.com/shop/womens-thermoball-jacket-nf0a3ku3-c1,WOMEN’S THERMOBALL™ JACKET | United States,119.40,,meta_product_price
northface,SLUG:womens-thermoball-jacket,B_2024_2026,202510,20251031181001,https://web.archive.org/web/20251031181001/https://www.thenorthface.com/en-us/p/womens/womens-jackets-and-vests/womens-puffer-jackets-829825/womens-thermoball-jacket-NF0A8D3S,Women’s THERMOBALL™ Jacket | The North Face,200,USD,jsonld_offer_price
northface,SLUG:womens-thermoball-jacket,B_2024_2026,202511,20251118134428,https://web.archive.org/web/20251118134428/https://www.thenorthface.com/en-us/p/womens/womens-jackets-and-vests/womens-puffer-jackets-829825/womens-thermoball-jacket-NF0A8D3S,Women’s THERMOBALL™ Jacket | The North Face,200,USD,jsonld_offer_price
northface,SLUG:womens-thermoball-jacket,B_2024_2026,202512,20251210152934,https://web.archive.org/web/20251210152934/https://www.thenorthface.com/en-us/p/womens/womens-jackets-and-vests/womens-puffer-jackets-829825/womens-thermoball-jacket-NF0A8D3S?color=BOU,Women’s THERMOBALL™ Jacket | The North Face,200,USD,jsonld_offer_price
northface,SLUG:womens-thermoball-jacket,B_2024_2026,202601,20260112140424,https://web.archive.org/web/20260112140424/https://www.thenorthface.com/en-us/p/womens/womens-jackets-and-vests/womens-puffer-jackets-829825/womens-thermoball-jacket-NF0A8D3S,,,,no_price_found
northface,SLUG:womens-thermoball-jacket,B_2024_2026,202602,20260212121948,https://web.archive.org/web/20260212121948/https://www.thenorthface.com/en-us/p/womens/womens-jackets-and-vests/womens-puffer-jackets-829825/womens-thermoball-jacket-NF0A8D3S?color=JK3&fitType=Standard,Women’s THERMOBALL™ Jacket | The North Face,154,USD,jsonld_offer_price
northface,SLUG:womens-thermoball-jacket,B_2024_2026,202603,20260308000010,https://web.archive.org/web/20260308000010/https://www.thenorthface.com/en-us/p/womens/womens-jackets-and-vests/womens-puffer-jackets-829825/womens-thermoball-jacket-NF0A8D3S?color=G74,Women’s THERMOBALL™ Jacket | The North Face,220,USD,jsonld_offer_price
northface,SLUG:womens-mountain-sweatshirt-pullover,A_2018_2020,201908,20190824002614,https://web.archive.org/web/20190824002614/https://www.thenorthface.com/shop/womens-jackets-vests-fleece/womens-mountain-sweatshirt-pullover-nf0a3sv2?variationId=9JR,Women’s Mountain Sweatshirt Pullover | United States,120.00,,meta_product_price
northface,SLUG:womens-mountain-sweatshirt-pullover,A_2018_2020,201909,20190919064039,https://web.archive.org/web/20190919064039/https://www.thenorthface.com/shop/womens-shirts-tops-hoodies-sweatshirts/womens-mountain-sweatshirt-pullover-nf0a3sv2?variationId=9JR,Women’s Mountain Sweatshirt Pullover | United States,120.00,,meta_product_price
northface,SLUG:womens-mountain-sweatshirt-pullover,A_2018_2020,201910,20191015013044,https://web.archive.org/web/20191015013044/https://www.thenorthface.com/shop/womens-jackets-vests-fleece/womens-mountain-sweatshirt-pullover-nf0a3sv2?variationId=9JR,Women’s Mountain Sweatshirt Pullover | United States,120.00,,meta_product_price
northface,SLUG:womens-mountain-sweatshirt-pullover,A_2018_2020,201912,20191209025316,https://web.archive.org/web/20191209025316/https://www.thenorthface.com/shop/womens-mountain-sweatshirt-pullover-30-nf0a3ysl,Women's Mountain Sweatshirt Pullover 3.0 | The North Face,129.00,,meta_product_price
northface,SLUG:womens-mountain-sweatshirt-pullover,B_2024_2026,202507,20250722130918,https://web.archive.org/web/20250722130918/https://www.thenorthface.com/en-us/p/womens/womens-tops/womens-hoodies-and-sweatshirts-c224264/womens-mountain-sweatshirt-pullover-NF0A89WG,Women’s Mountain Sweatshirt Pullover | The North Face,150,USD,jsonld_offer_price
northface,SLUG:womens-mountain-sweatshirt-pullover,B_2024_2026,202510,20251027155721,https://web.archive.org/web/20251027155721/https://www.thenorthface.com/en-us/p/shop-all/hiking-347784/womens-mountain-sweatshirt-pullover-NF0A89WG?color=JK3,,,,no_price_found
northface,SLUG:womens-mountain-sweatshirt-pullover,B_2024_2026,202511,20251130190804,https://web.archive.org/web/20251130190804/https://www.thenorthface.com/en-us/p/womens/womens-tops/womens-hoodies-and-sweatshirts-224264/womens-mountain-sweatshirt-pullover-NF0A89WG?color=JK3&size=M,Women’s Mountain Sweatshirt Pullover | The North Face,105,USD,jsonld_offer_price
northface,SLUG:womens-mountain-sweatshirt-pullover,B_2024_2026,202512,20251226212349,https://web.archive.org/web/20251226212349/https://www.thenorthface.com/en-us/p/womens/womens-tops/womens-hoodies-and-sweatshirts-224264/womens-mountain-sweatshirt-pullover-NF0A89WG?color=JK3,Women’s Mountain Sweatshirt Pullover | The North Face,105,USD,jsonld_offer_price
northface,SLUG:womens-mountain-sweatshirt-pullover,B_2024_2026,202601,20260115214936,https://web.archive.org/web/20260115214936/https://www.thenorthface.com/en-us/p/womens/womens-tops/womens-hoodies-and-sweatshirts-224264/womens-mountain-sweatshirt-pullover-NF0A89WG?color=BOX,Women’s Mountain Sweatshirt Pullover | The North Face,75,USD,jsonld_offer_price
northface,SLUG:womens-mountain-sweatshirt-pullover,B_2024_2026,202602,20260220130615,https://web.archive.org/web/20260220130615/https://www.thenorthface.com/en-us/p/womens/womens-tops/womens-hoodies-and-sweatshirts-224264/womens-mountain-sweatshirt-pullover-NF0A89WG,Women’s Mountain Sweatshirt Pullover | The North Face,59.98,USD,jsonld_offer_price
northface,SLUG:womens-mountain-sweatshirt-pullover,B_2024_2026,202603,20260311034413,https://web.archive.org/web/20260311034413/https://www.thenorthface.com/en-us/p/womens/womens-tops/womens-hoodies-and-sweatshirts-224264/womens-mountain-sweatshirt-pullover-NF0A89WG,Women’s Mountain Sweatshirt Pullover | The North Face,59.98,USD,jsonld_offer_price
northface,SLUG:womens-mountain-sweatshirt-pullover,B_2024_2026,202605,20260515035234,https://web.archive.org/web/20260515035234/https://www.thenorthface.com/en-us/p/womens/womens-tops/womens-hoodies-and-sweatshirts-224264/womens-mountain-sweatshirt-pullover-NF0A89WG?color=BOX,,,,no_price_found
northface,SLUG:womens-shelbe-raschel-hoodie,A_2018_2020,201908,20190820210620,https://web.archive.org/web/20190820210620/https://www.thenorthface.com/shop/womens-jackets-vests-fleece/womens-shelbe-raschel-hoodie-nf0a2tdu?variationId=3YE,WOMEN’S SHELBE RASCHEL HOODIE | United States,,,no_price_found
northface,SLUG:womens-shelbe-raschel-hoodie,A_2018_2020,201909,20190919023233,https://web.archive.org/web/20190919023233/https://www.thenorthface.com/shop/womens-shelbe-raschel-hoodie-nf0a2tdu?from=subCat&variationId=JK3,WOMEN’S SHELBE RASCHEL HOODIE | United States,,,no_price_found
northface,SLUG:womens-shelbe-raschel-hoodie,A_2018_2020,201910,20191014111539,https://web.archive.org/web/20191014111539/https://www.thenorthface.com/shop/womens-shelbe-raschel-hoodie-nf0a2tdu-c1,WOMEN’S SHELBE RASCHEL HOODIE | United States,89.40,,meta_product_price
northface,SLUG:womens-shelbe-raschel-hoodie,A_2018_2020,201912,20191207165403,https://web.archive.org/web/20191207165403/https://www.thenorthface.com/shop/womens-auxiliary-extended-sizes/womens-shelbe-raschel-hoodie-nf0a3srt?variationId=J61,Women’s Shelbe Raschel Hoodie | United States,149.00,,meta_product_price
northface,SLUG:womens-shelbe-raschel-hoodie,B_2024_2026,202508,20250820202003,https://web.archive.org/web/20250820202003/https://www.thenorthface.com/en-us/p/womens/womens-jackets-and-vests/womens-softshells-299274/womens-shelbe-raschel-hoodie-NF0A84JJ?color=4H0,,,,no_price_found
northface,SLUG:womens-shelbe-raschel-hoodie,B_2024_2026,202510,20251023035237,https://web.archive.org/web/20251023035237/https://www.thenorthface.com/en-us/p/womens/womens-jackets-and-vests/womens-softshells-299274/womens-shelbe-raschel-hoodie-NF0A84JJ?color=4H0,Women’s Shelbe Raschel Hoodie | The North Face,150,USD,jsonld_offer_price
northface,SLUG:womens-shelbe-raschel-hoodie,B_2024_2026,202511,20251105195438,https://web.archive.org/web/20251105195438/https://www.thenorthface.com/en-us/p/womens/womens-jackets-and-vests/womens-softshells-299274/womens-shelbe-raschel-hoodie-NF0A84JJ?color=4H0,,,,no_price_found
northface,SLUG:womens-shelbe-raschel-hoodie,B_2024_2026,202512,20251212190359,https://web.archive.org/web/20251212190359/https://www.thenorthface.com/en-us/p/womens/womens-jackets-and-vests/womens-softshells-299274/womens-shelbe-raschel-hoodie-NF0A84JJ?color=BQ1,Women’s Shelbe Raschel Hoodie | The North Face,150,USD,jsonld_offer_price
northface,SLUG:womens-shelbe-raschel-hoodie,B_2024_2026,202601,20260123052250,https://web.archive.org/web/20260123052250/https://www.thenorthface.com/en-us/p/womens/womens-jackets-and-vests/womens-softshells-299274/womens-shelbe-raschel-hoodie-NF0A84JJ,Women’s Shelbe Raschel Hoodie | The North Face,150,USD,jsonld_offer_price
northface,SLUG:womens-shelbe-raschel-hoodie,B_2024_2026,202602,20260211021715,https://web.archive.org/web/20260211021715/https://www.thenorthface.com/en-us/p/womens/womens-jackets-and-vests/womens-softshells-299274/womens-shelbe-raschel-hoodie-NF0A84JJ?color=4H0,,,,no_price_found
northface,SLUG:womens-shelbe-raschel-hoodie,B_2024_2026,202603,20260314195612,https://web.archive.org/web/20260314195612/https://www.thenorthface.com/en-us/p/womens/womens-jackets-and-vests/womens-softshells-299274/womens-shelbe-raschel-hoodie-NF0A84JJ,Women’s Shelbe Raschel Hoodie | The North Face,170,USD,jsonld_offer_price
northface,SLUG:baby-bear-mitts,A_2018_2020,201908,20190819001212,https://web.archive.org/web/20190819001212/https://www.thenorthface.com/shop/baby-bear-mitts-nf0a3m3l,Baby Bear Mitts | United States,25.00,,meta_product_price
northface,SLUG:baby-bear-mitts,A_2018_2020,201910,20191020170621,https://web.archive.org/web/20191020170621/https://www.thenorthface.com/shop/baby-bear-mitts-nf0a3m3l,Baby Bear Mitts | United States,25.00,,meta_product_price
northface,SLUG:baby-bear-mitts,A_2018_2020,201912,20191215002528,https://web.archive.org/web/20191215002528/https://www.thenorthface.com/shop/baby-bear-mitts-nf0a3m3l,Baby Bear Mitts | United States,25.00,,meta_product_price
northface,SLUG:baby-bear-mitts,B_2024_2026,202508,20250823165518,https://web.archive.org/web/20250823165518/https://www.thenorthface.com/en-ca/p/kids/baby-0-24m/baby-accessories-226756/baby-bear-mitts-NF0A8CGH,Baby Bear Mitts | The North Face Canada,34.99,CAD,jsonld_offer_price
northface,SLUG:baby-bear-mitts,B_2024_2026,202512,20251231194712,https://web.archive.org/web/20251231194712/https://www.thenorthface.com/en-us/p/kids/baby-0-24m/baby-accessories-226756/baby-bear-mitts-NF0A8CGH,,,,no_price_found
northface,SLUG:baby-bear-mitts,B_2024_2026,202601,20260113150709,https://web.archive.org/web/20260113150709/https://www.thenorthface.com/en-us/p/kids/baby-0-24m/baby-accessories-226756/baby-bear-mitts-NF0A8CGH?color=BP6&utm_content=ecomm&utm_medium=cpc&utm_source=google&utm_campaign=US+%7C+all+%7C+Hybrid+%7C+SHOP+-+AUT+~+All+Br+-+Kid+Gen+Cluster+-+PMax+Shopping&utm_term=&gclsrc=aw.ds&gad_source=1&gad_campaignid=23059831573&gbraid=0AAAAADl87iaTjDgN_icAURnuu3p5wa41h,Baby Bear Mitts | The North Face,25,USD,jsonld_offer_price
northface,SLUG:baby-bear-mitts,B_2024_2026,202602,20260208050051,https://web.archive.org/web/20260208050051/https://www.thenorthface.com/en-us/p/kids/baby-0-24m/baby-accessories-226756/baby-bear-mitts-NF0A8CGH?color=BP6&utm_content=ecomm&utm_medium=cpc&utm_source=google&utm_campaign=US+%7C+all+%7C+Hybrid+%7C+SHOP+-+AUT+~+All+-+High+-+LIA+-+PMax+Shopping&utm_term=&gclsrc=aw.ds&gad_source=1&gad_campaignid=19547620930&gbraid=0AAAAADl87ibBG6n8nGt1blErMYzpZlcTF,Baby Bear Mitts | The North Face,25,USD,jsonld_offer_price
northface,SLUG:baby-bear-mitts,B_2024_2026,202603,20260314193613,https://web.archive.org/web/20260314193613/https://www.thenorthface.com/en-ca/p/kids/baby-0-24m/baby-accessories-226756/baby-bear-mitts-NF0A8CGH,Baby Bear Mitts | The North Face Canada,23.99,CAD,jsonld_offer_price
northface,SLUG:boys-freedom-insulated-jacket,A_2018_2020,201907,20190722074950,https://web.archive.org/web/20190722074950/https://www.thenorthface.com/shop/boys-freedom-insulated-jacket-nf0a3ni6,Boys' Freedom Insulated Jacket | United States,140.00,,meta_product_price
northface,SLUG:boys-freedom-insulated-jacket,A_2018_2020,201909,20190923175153,https://web.archive.org/web/20190923175153/https://www.thenorthface.com/shop/boys-freedom-insulated-jacket-nf0a3ni6,Boys' Freedom Insulated Jacket | United States,140.00,,meta_product_price
northface,SLUG:boys-freedom-insulated-jacket,A_2018_2020,201911,20191117155933,https://web.archive.org/web/20191117155933/https://www.thenorthface.com/shop/boys-freedom-insulated-jacket-nf0a3ni6,Boys' Freedom Insulated Jacket | United States,140.00,,meta_product_price
northface,SLUG:boys-freedom-insulated-jacket,B_2024_2026,202512,20251213140554,https://web.archive.org/web/20251213140554/https://www.thenorthface.com/en-us/p/kids/boys-apparel/boys-jackets-and-vest-211736/boys-freedom-insulated-jacket-NF0A88TZ?color=DI9,Boys’ Freedom Insulated Jacket | The North Face,160,USD,jsonld_offer_price
northface,SLUG:boys-freedom-insulated-jacket,B_2024_2026,202601,20260112095837,https://web.archive.org/web/20260112095837/https://www.thenorthface.com/en-us/p/kids/boys-apparel/boys-jackets-and-vest-211736/boys-freedom-insulated-jacket-NF0A88TZ?color=JK3,,,,no_price_found
northface,SLUG:boys-freedom-insulated-jacket,B_2024_2026,202602,20260210081018,https://web.archive.org/web/20260210081018/https://www.thenorthface.com/en-us/p/kids/boys-apparel/boys-jackets-and-vest-211736/boys-freedom-insulated-jacket-NF0A88TZ,Boys’ Freedom Insulated Jacket | The North Face,160,USD,jsonld_offer_price
northface,SLUG:boys-freedom-insulated-jacket,B_2024_2026,202603,20260306233911,https://web.archive.org/web/20260306233911/https://www.thenorthface.com/en-fi/p/kids-226125/boys-freedom-insulated-jacket-NF0A88TZ?color=JK3,Boys' Freedom Insulated Jacket | The North Face FI,150,EUR,jsonld_offer_price
northface,SLUG:boys-freedom-insulated-jacket,B_2024_2026,202604,20260412024522,https://web.archive.org/web/20260412024522/https://www.thenorthface.com/en-dk/p/kids-226125/boys-freedom-insulated-jacket-NF0A88TZ?color=D20,Boys' Freedom Insulated Jacket | The North Face DK,839.3,DKK,jsonld_offer_price
northface,SLUG:boys-freedom-insulated-jacket,B_2024_2026,202605,20260520232242,https://web.archive.org/web/20260520232242/https://www.thenorthface.com/en-dk/p/kids-226125/boys-freedom-insulated-jacket-NF0A88TZ,Boys' Freedom Insulated Jacket | The North Face DK,839.3,DKK,jsonld_offer_price
northface,SLUG:mens-aconcagua-hoodie,A_2018_2020,201908,20190825180526,https://web.archive.org/web/20190825180526/https://www.thenorthface.com/shop/mens-aconcagua-hoodie-nf0a3ku9,Men’s Aconcagua Hoodie | United States,179.00,,meta_product_price
northface,SLUG:mens-aconcagua-hoodie,A_2018_2020,201910,20191017203149,https://web.archive.org/web/20191017203149/https://www.thenorthface.com/shop/mens-aconcagua-hoodie-nf0a3ku9,Men’s Aconcagua Hoodie | United States,179.00,,meta_product_price
northface,SLUG:mens-aconcagua-hoodie,A_2018_2020,201912,20191208100650,https://web.archive.org/web/20191208100650/https://www.thenorthface.com/shop/mens-aconcagua-hoodie-nf0a3ku9,Men’s Aconcagua Hoodie | United States,179.00,,meta_product_price
northface,SLUG:mens-aconcagua-hoodie,B_2024_2026,202508,20250812192650,https://web.archive.org/web/20250812192650/https://www.thenorthface.com/en-us/p/mens/mens-jackets-and-vests/mens-insulated-and-down-300771/mens-aconcagua-3-hoodie-NF0A84I1?color=4H0,,,,no_price_found
northface,SLUG:mens-aconcagua-hoodie,B_2024_2026,202511,20251115060237,https://web.archive.org/web/20251115060237/https://www.thenorthface.com/en-us/p/mens/mens-jackets-and-vests/mens-insulated-and-down-300771/mens-aconcagua-3-hoodie-NF0A84I1,Men’s Aconcagua 3 Hoodie | The North Face,220,USD,jsonld_offer_price
northface,SLUG:mens-aconcagua-hoodie,B_2024_2026,202512,20251224051303,https://web.archive.org/web/20251224051303/https://www.thenorthface.com/en-ca/p/mens/mens-jackets-and-vests/mens-insulated-and-down-300771/mens-aconcagua-3-hoodie-NF0A84I1,,,,no_price_found
northface,SLUG:mens-aconcagua-hoodie,B_2024_2026,202602,20260219140034,https://web.archive.org/web/20260219140034/https://www.thenorthface.com/en-us/p/mens/mens-jackets-and-vests/mens-insulated-and-down-300771/mens-aconcagua-3-hoodie-NF0A84I1?color=0UZ,,,,no_price_found
northface,SLUG:mens-aconcagua-hoodie,B_2024_2026,202603,20260312105241,https://web.archive.org/web/20260312105241/https://www.thenorthface.com/en-us/p/mens/mens-jackets-and-vests/mens-insulated-and-down-300771/mens-aconcagua-3-hoodie-NF0A84I1?color=21L&size=L&fitType=Standard,Men’s Aconcagua 3 Hoodie | The North Face,250,USD,jsonld_offer_price
northface,SLUG:mens-aconcagua-jacket,A_2018_2020,201907,20190717204101,https://web.archive.org/web/20190717204101/https://www.thenorthface.com/shop/mens-aconcagua-jacket-nf0a2tcc,MEN’S ACONCAGUA JACKET | United States,160.00,,meta_product_price
northface,SLUG:mens-aconcagua-jacket,A_2018_2020,201909,20190921132429,https://web.archive.org/web/20190921132429/https://www.thenorthface.com/shop/mens-aconcagua-jacket-nf0a2tcc,MEN’S ACONCAGUA JACKET | United States,160.00,,meta_product_price
northface,SLUG:mens-aconcagua-jacket,A_2018_2020,201911,20191120050312,https://web.archive.org/web/20191120050312/https://www.thenorthface.com/shop/mens-aconcagua-jacket-nf0a2tcc,MEN’S ACONCAGUA JACKET | The North Face,160.00,,meta_product_price
northface,SLUG:mens-aconcagua-jacket,B_2024_2026,202510,20251011153955,https://web.archive.org/web/20251011153955/https://www.thenorthface.com/en-us/p/mens/mens-jackets-and-vests/mens-insulated-and-down-300771/mens-aconcagua-3-jacket-NF0A84HZ,Men’s Aconcagua 3 Jacket | The North Face,200,USD,jsonld_offer_price
northface,SLUG:mens-aconcagua-jacket,B_2024_2026,202511,20251114225423,https://web.archive.org/web/20251114225423/https://www.thenorthface.com/en-us/p/mens/mens-jackets-and-vests/mens-insulated-and-down-300771/mens-aconcagua-3-jacket-NF0A84HZ,,,,no_price_found
northface,SLUG:mens-aconcagua-jacket,B_2024_2026,202601,20260119113711,https://web.archive.org/web/20260119113711/https://www.thenorthface.com/en-ca/p/mens/mens-jackets-and-vests/mens-insulated-and-down-300771/mens-aconcagua-3-jacket-NF0A84HZ,Men’s Aconcagua 3 Jacket | The North Face Canada,269.99,CAD,jsonld_offer_price
northface,SLUG:mens-aconcagua-jacket,B_2024_2026,202602,20260219135630,https://web.archive.org/web/20260219135630/https://www.thenorthface.com/en-us/p/mens/mens-jackets-and-vests/mens-insulated-and-down-300771/mens-aconcagua-3-jacket-NF0A84HZ,Men’s Aconcagua 3 Jacket | The North Face,220,USD,jsonld_offer_price
northface,SLUG:mens-aconcagua-jacket,B_2024_2026,202605,20260521144535,https://web.archive.org/web/20260521144535/https://www.thenorthface.com/en-us/p/mens/mens-jackets-and-vests/mens-insulated-and-down-300771/mens-aconcagua-3-jacket-NF0A84HZ?color=4H0,Men’s Aconcagua 3 Jacket | The North Face,165,USD,jsonld_offer_price
northface,SLUG:mens-venture-jacket,A_2018_2020,201907,20190720033653,https://web.archive.org/web/20190720033653/https://www.thenorthface.com/shop/mens-activities-hiking/mens-venture-2-jacket-nf0a2vd3,MEN'S VENTURE 2 JACKET | United States,99.00,,meta_product_price
northface,SLUG:mens-venture-jacket,A_2018_2020,201908,20190826095744,https://web.archive.org/web/20190826095744/https://www.thenorthface.com/shop/mens-jackets-vests-rainwear/mens-venture-2-jacket-nf0a2vd3?variationId=EF1,MEN'S VENTURE 2 JACKET | United States,99.00,,meta_product_price
northface,SLUG:mens-venture-jacket,A_2018_2020,201909,20190917211709,https://web.archive.org/web/20190917211709/https://www.thenorthface.com/shop/mens-activities-hiking/mens-venture-2-jacket-nf0a2vd3?variationId=BQW,MEN'S VENTURE 2 JACKET | United States,99.00,,meta_product_price
northface,SLUG:mens-venture-jacket,A_2018_2020,201910,20191019122521,https://web.archive.org/web/20191019122521/https://www.thenorthface.com/shop/mens-gifts-under-100/mens-venture-2-jacket-nf0a2vd3?variationId=5WH,MEN'S VENTURE 2 JACKET | United States,99.00,,meta_product_price
northface,SLUG:mens-venture-jacket,A_2018_2020,201911,20191116222200,https://web.archive.org/web/20191116222200/https://www.thenorthface.com/shop/mens-activities-skiing-snowboarding/mens-venture-2-jacket-nf0a2vd3?variationId=CTE,MEN'S VENTURE 2 JACKET | United States,99.00,,meta_product_price
northface,SLUG:mens-venture-jacket,A_2018_2020,201912,20191209032114,https://web.archive.org/web/20191209032114/https://www.thenorthface.com/shop/mens-jackets-vests/mens-venture-2-jacket-nf0a2vd3?variationId=CTE,Men's Venture 2 Jacket | Free Shipping | The North Face,99.00,,meta_product_price
northface,SLUG:mens-venture-jacket,B_2024_2026,202510,20251017160814,https://web.archive.org/web/20251017160814/https://www.thenorthface.com/en-us/p/sale/mens-sale-317774/mens-venture-2-jacket-NF0A2VD3,Men’s Venture 2 Jacket | The North Face,77,USD,jsonld_offer_price
northface,SLUG:mens-venture-jacket,B_2024_2026,202512,20251202154525,https://web.archive.org/web/20251202154525/https://www.thenorthface.com/en-us/p/sale/mens-sale-317774/mens-venture-2-jacket-NF0A2VD3?color=S6M,,,,no_price_found
northface,SLUG:mens-venture-jacket,B_2024_2026,202602,20260219132213,https://web.archive.org/web/20260219132213/https://www.thenorthface.com/en-us/p/sale/mens-sale-317774/mens-venture-2-jacket-NF0A2VD3?color=S6M&utm_source=Hong+Kong+Aichen+Technology+Development+Co.%2C+Limited&utm_medium=affiliate&utm_campaign=affiliate&utm_content=ecomm&irclickid=&irgwc=1&afsrc=1,,,,no_price_found
northface,SLUG:mens-apex-bionic-hoodie,A_2018_2020,201907,20190719211901,https://web.archive.org/web/20190719211901/https://www.thenorthface.com/shop/mens-apex-bionic-hoodie-c675-c1,MEN’S APEX BIONIC HOODIE | United States,,,no_price_found
northface,SLUG:mens-apex-bionic-hoodie,A_2018_2020,201908,20190820074113,https://web.archive.org/web/20190820074113/https://www.thenorthface.com/shop/mens-apex-bionic-2-hoodie-nf0a2tbb-c1,MEN’S APEX BIONIC 2 HOODIE | United States,118.30,,meta_product_price
northface,SLUG:mens-apex-bionic-hoodie,A_2018_2020,201910,20191015135832,https://web.archive.org/web/20191015135832/https://www.thenorthface.com/shop/mens-apex-bionic-2-hoodie-nf0a2tbb-c1,MEN’S APEX BIONIC 2 HOODIE | United States,118.30,,meta_product_price
northface,SLUG:mens-apex-bionic-hoodie,A_2018_2020,201911,20191121013928,https://web.archive.org/web/20191121013928/https://www.thenorthface.com/shop/mens-apex-bionic-2-hoodie-nf0a2tbb,MEN’S APEX BIONIC 2 HOODIE | The North Face,169.00,,meta_product_price
northface,SLUG:mens-apex-bionic-hoodie,B_2024_2026,202601,20260121125306,https://web.archive.org/web/20260121125306/https://www.thenorthface.com/en-us/p/mens/mens-jackets-and-vests/mens-softshells-299287/mens-apex-bionic-3-hoodie-NF0A84HS?color=4H0,Men’s Apex Bionic 3 Hoodie | The North Face,190,USD,jsonld_offer_price
northface,SLUG:mens-apex-bionic-hoodie,B_2024_2026,202602,20260210221851,https://web.archive.org/web/20260210221851/https://www.thenorthface.com/en-us/p/mens/mens-jackets-and-vests/mens-softshells-299287/mens-apex-bionic-3-hoodie-NF0A84HS,,,,no_price_found
northface,SLUG:mens-apex-bionic-hoodie,B_2024_2026,202603,20260310162625,https://web.archive.org/web/20260310162625/https://www.thenorthface.com/en-us/p/mens/mens-jackets-and-vests/mens-softshells-299287/mens-apex-bionic-3-hoodie-NF0A84HS,Men’s Apex Bionic 3 Hoodie | The North Face,133,USD,jsonld_offer_price
northface,SLUG:mens-apex-elevation-jacket,A_2018_2020,201908,20190824003106,https://web.archive.org/web/20190824003106/https://www.thenorthface.com/shop/mens-apex-elevation-jacket-nf0a35e5-c1?variationId=U6R,MEN'S APEX ELEVATION JACKET | United States,139.30,,meta_product_price
northface,SLUG:mens-apex-elevation-jacket,A_2018_2020,201909,20190923112234,https://web.archive.org/web/20190923112234/https://www.thenorthface.com/shop/mens-apex-elevation-jacket-nf0a35e5-c1?variationId=MYL,MEN'S APEX ELEVATION JACKET | United States,139.30,,meta_product_price
northface,SLUG:mens-apex-elevation-jacket,A_2018_2020,201910,20191021005042,https://web.archive.org/web/20191021005042/https://www.thenorthface.com/shop/mens-apex-elevation-jacket-nf0a3y4x?variationId=619,Men’s Apex Elevation Jacket | United States,199.00,,meta_product_price
northface,SLUG:mens-apex-elevation-jacket,A_2018_2020,201911,20191113132105,https://web.archive.org/web/20191113132105/https://www.thenorthface.com/shop/mens-apex-elevation-jacket-nf0a3y4x?variationId=V3T,Men’s Apex Elevation Jacket | United States,199.00,,meta_product_price
northface,SLUG:mens-apex-elevation-jacket,A_2018_2020,201912,20191209123503,https://web.archive.org/web/20191209123503/https://www.thenorthface.com/shop/mens-apex-elevation-jacket-nf0a3y4x,Men’s Apex Elevation Jacket | United States,199.00,,meta_product_price
northface,SLUG:mens-apex-elevation-jacket,B_2024_2026,202601,20260111232844,https://web.archive.org/web/20260111232844/https://www.thenorthface.com/en-ca/p/mens/mens-jackets-and-vests/mens-insulated-and-down-300771/mens-apex-elevation-jacket-NF0A84IF,,,,no_price_found
northface,SLUG:mens-apex-elevation-jacket,B_2024_2026,202602,20260210143656,https://web.archive.org/web/20260210143656/https://www.thenorthface.com/en-us/p/mens/mens-jackets-and-vests/mens-insulated-and-down-300771/mens-apex-elevation-jacket-NF0A84IF,,,,no_price_found
northface,SLUG:mens-apex-elevation-jacket,B_2024_2026,202603,20260314204242,https://web.archive.org/web/20260314204242/https://www.thenorthface.com/en-us/p/mens/mens-jackets-and-vests/mens-insulated-and-down-300771/mens-apex-elevation-jacket-NF0A84IF,Men’s Apex Elevation Jacket | The North Face,260,USD,jsonld_offer_price
northface,SLUG:mens-thermoball-jacket,A_2018_2020,201907,20190707232417,https://web.archive.org/web/20190707232417/https://www.thenorthface.com/shop/mens-thermoball-jacket-nf0a3ktv,MEN’S THERMOBALL™ JACKET | United States,,,no_price_found
northface,SLUG:mens-thermoball-jacket,A_2018_2020,201908,20190821031127,https://web.archive.org/web/20190821031127/https://www.thenorthface.com/shop/mens-jackets-vests-insulated/mens-thermoball-jacket-nf0a3ktv?variationId=BE5,MEN’S THERMOBALL™ JACKET | United States,,,no_price_found
northface,SLUG:mens-thermoball-jacket,A_2018_2020,201910,20191017110128,https://web.archive.org/web/20191017110128/https://www.thenorthface.com/shop/mens-thermoball-jacket-nf0a3ktv-c1?variationId=9XK,MEN’S THERMOBALL™ JACKET | United States,119.40,,meta_product_price
northface,SLUG:mens-thermoball-jacket,B_2024_2026,202601,20260110034854,https://web.archive.org/web/20260110034854/https://www.thenorthface.com/en-us/p/mens/mens-jackets-and-vests/mens-insulated-and-down-300771/mens-thermoball-jacket-NF0A8D1P,Men’s THERMOBALL™ Jacket | The North Face,200,USD,jsonld_offer_price
northface,SLUG:mens-thermoball-jacket,B_2024_2026,202602,20260208052718,https://web.archive.org/web/20260208052718/https://www.thenorthface.com/en-us/p/mens/mens-jackets-and-vests/mens-insulated-and-down-300771/mens-thermoball-jacket-NF0A8D1P?color=JK3,Men’s THERMOBALL™ Jacket | The North Face,220,USD,jsonld_offer_price
northface,SLUG:mens-thermoball-jacket,B_2024_2026,202603,20260314195944,https://web.archive.org/web/20260314195944/https://www.thenorthface.com/en-us/p/mens/mens-jackets-and-vests/mens-insulated-and-down-300771/mens-thermoball-jacket-NF0A8D1P?color=BRI,Men’s THERMOBALL™ Jacket | The North Face,220,USD,jsonld_offer_price
northface,SLUG:mens-thermoball-jacket,B_2024_2026,202604,20260415082505,https://web.archive.org/web/20260415082505/https://www.thenorthface.com/en-us/p/mens/mens-jackets-and-vests/mens-insulated-and-down-300771/mens-thermoball-jacket-NF0A8D1P,Men’s THERMOBALL™ Jacket | The North Face,220,USD,jsonld_offer_price
northface,SLUG:mens-apex-bionic-vest,A_2018_2020,201907,20190719213152,https://web.archive.org/web/20190719213152/https://www.thenorthface.com/shop/mens-jackets-vests-vests/mens-apex-bionic-2-vest-nf0a2tbc?variationId=DYY,MEN’S APEX BIONIC 2 VEST | United States,110.00,,meta_product_price
northface,SLUG:mens-apex-bionic-vest,A_2018_2020,201910,20191023104035,https://web.archive.org/web/20191023104035/https://www.thenorthface.com/shop/mens-apex-bionic-2-vest-nf0a2tbc,MEN’S APEX BIONIC 2 VEST | United States,110.00,,meta_product_price
northface,SLUG:mens-apex-bionic-vest,A_2018_2020,201912,20191206205512,https://web.archive.org/web/20191206205512/https://www.thenorthface.com/shop/mens-apex-bionic-2-vest-nf0a2tbc,MEN’S APEX BIONIC 2 VEST | United States,110.00,,meta_product_price
northface,SLUG:mens-apex-bionic-vest,B_2024_2026,202512,20251207123532,https://web.archive.org/web/20251207123532/https://www.thenorthface.com/en-us/p/mens/mens-jackets-and-vests/mens-vests-299291/mens-apex-bionic-3-vest-NF0A84IJ?color=4H0&storeFilter=TNFUS00020&size=S,Men’s Apex Bionic 3 Vest | The North Face,130,USD,jsonld_offer_price
northface,SLUG:mens-apex-bionic-vest,B_2024_2026,202601,20260109020755,https://web.archive.org/web/20260109020755/https://www.thenorthface.com/en-us/p/mens/mens-jackets-and-vests/mens-vests-299291/mens-apex-bionic-3-vest-NF0A84IJ?color=DYZ,,,,no_price_found
northface,SLUG:mens-apex-bionic-vest,B_2024_2026,202602,20260208085930,https://web.archive.org/web/20260208085930/https://www.thenorthface.com/en-us/p/mens/mens-jackets-and-vests/mens-vests-299291/mens-apex-bionic-3-vest-NF0A84IJ,,,,no_price_found
northface,SLUG:mens-thermoball-traction-mules-v,A_2018_2020,201908,20190826092456,https://web.archive.org/web/20190826092456/https://www.thenorthface.com/shop/shoes-mens-winter-boots/mens-thermoball-traction-mules-v-nf0a3uzn?variationId=LE6,Men’s ThermoBall™ Traction Mules V | United States,55.00,,meta_product_price
northface,SLUG:mens-thermoball-traction-mules-v,A_2018_2020,201910,20191022162945,https://web.archive.org/web/20191022162945/https://www.thenorthface.com/shop/mens-thermoball-traction-mules-v-nf0a3uzn?variationId=0HV,MEN’S THERMOBALL™ ECO TRACTION MULES V | United States,55.00,,meta_product_price
northface,SLUG:mens-thermoball-traction-mules-v,A_2018_2020,201912,20191206180747,https://web.archive.org/web/20191206180747/https://www.thenorthface.com/shop/mens-thermoball-traction-mules-v-nf0a3uzn,Men's ThermoBall™ Eco Traction Mules V | The North Face,55.00,,meta_product_price
northface,SLUG:mens-thermoball-traction-mules-v,B_2024_2026,202506,20250620164306,"https://web.archive.org/web/20250620164306/https://www.thenorthface.com/en-us/p/mens/mens-footwear/mens-slippers-695279/mens-thermoball-traction-mules-v-NF0A3UZN?color=411&utm_content=ecomm&utm_medium=cpc&utm_source=google&utm_campaign=US+%7C+all+%7C+Hybrid+%7C+SHOP+-+AUT+~+All+-+Low,Med,High+(FORMERLY+Med,High)+-+Footwear+-+General+-+PMax+Shopping&utm_term=&gad_source=1&gad_campaignid=20628013349&gbraid=0AAAAADl87iaEUDL-bIHPiOxB1Vn8chaxt&gclid=Cj0KCQjwjJrCBhCXARIsAI5x66UWhjwmWycgQvuzVY7OKwRVkercjUpk_kOLKv-vdlKCTcPmIYNIXIAaApEREALw_wcB&gclsrc=aw.ds",Men’s THERMOBALL™ Traction Mules V | The North Face,59,USD,jsonld_offer_price
northface,SLUG:mens-thermoball-traction-mules-v,B_2024_2026,202507,20250723050311,https://web.archive.org/web/20250723050311/https://www.thenorthface.com/en-us/p/mens/mens-footwear/mens-slippers-695279/mens-thermoball-traction-mules-v-NF0A3UZN,Men’s THERMOBALL™ Traction Mules V | The North Face,59,USD,jsonld_offer_price
northface,SLUG:mens-thermoball-traction-mules-v,B_2024_2026,202509,20250910015119,https://web.archive.org/web/20250910015119/https://www.thenorthface.com/en-us/p/mens/mens-footwear/mens-slippers-695279/mens-thermoball-traction-mules-v-NF0A3UZN?color=KY4,,,,no_price_found
northface,SLUG:mens-thermoball-traction-mules-v,B_2024_2026,202510,20251007200903,https://web.archive.org/web/20251007200903/https://www.thenorthface.com/en-us/p/mens/mens-footwear/mens-slippers-695279/mens-thermoball-traction-mules-v-NF0A3UZN,Men’s THERMOBALL™ Traction Mules V | The North Face,59,USD,jsonld_offer_price
northface,SLUG:mens-thermoball-traction-mules-v,B_2024_2026,202511,20251128093057,https://web.archive.org/web/20251128093057/https://www.thenorthface.com/en-ca/p/mens/mens-footwear/mens-slippers-695279/mens-thermoball-traction-mules-v-NF0A3UZN?size=140&color=411,,,,no_price_found
northface,SLUG:mens-thermoball-traction-mules-v,B_2024_2026,202512,20251208054629,https://web.archive.org/web/20251208054629/https://www.thenorthface.com/en-us/p/mens/mens-footwear/mens-slippers-695279/mens-thermoball-traction-mules-v-NF0A3UZN,,,,no_price_found
northface,SLUG:mens-thermoball-traction-mules-v,B_2024_2026,202601,20260124005526,https://web.archive.org/web/20260124005526/https://www.thenorthface.com/en-us/p/mens/mens-footwear/mens-slippers-695279/mens-thermoball-traction-mules-v-NF0A3UZN?color=411&gad_source=1&gbraid=0AAAAADl87ia0StKidP3vxfMB4v5IkwA8G,,,,no_price_found
northface,SLUG:mens-thermoball-traction-mules-v,B_2024_2026,202602,20260225095002,https://web.archive.org/web/20260225095002/https://www.thenorthface.com/en-us/p/mens/mens-footwear/mens-slippers-695279/mens-thermoball-traction-mules-v-NF0A3UZN?color=L1I&CJEVENT=a43ea753122e11f181a400580a18b8f8,Men’s THERMOBALL™ Traction Mules V | The North Face,70,USD,jsonld_offer_price
northface,SLUG:mens-thermoball-traction-mules-v,B_2024_2026,202603,20260309124452,https://web.archive.org/web/20260309124452/https://www.thenorthface.com/en-us/p/mens/mens-footwear/mens-slippers-695279/mens-thermoball-traction-mules-v-NF0A3UZN?color=L1I,Men’s THERMOBALL™ Traction Mules V | The North Face,70,USD,jsonld_offer_price
northface,SLUG:womens-oh-mega-fur-pom-beanie,A_2018_2020,201909,20190908141818,https://web.archive.org/web/20190908141818/https://www.thenorthface.com/shop/womens-accessories-caps/womens-oh-mega-fur-pom-beanie-nf0a3fjm?variationId=H2G,Women's Oh-Mega Fur Pom Beanie | United States,40.00,,meta_product_price
northface,SLUG:womens-oh-mega-fur-pom-beanie,A_2018_2020,201910,20191015163220,https://web.archive.org/web/20191015163220/https://www.thenorthface.com/shop/womens-oh-mega-fur-pom-beanie-nf0a3fjm,Women's Oh-Mega Fur Pom Beanie | United States,42.00,,meta_product_price
northface,SLUG:womens-oh-mega-fur-pom-beanie,A_2018_2020,201911,20191114043353,https://web.archive.org/web/20191114043353/https://www.thenorthface.com/shop/womens-accessories-hats-scarves/womens-oh-mega-fur-pom-beanie-nf0a3fjm?variationId=21L,Women's Oh-Mega Fur Pom Beanie | United States,42.00,,meta_product_price
northface,SLUG:womens-oh-mega-fur-pom-beanie,A_2018_2020,201912,20191206074248,https://web.archive.org/web/20191206074248/https://www.thenorthface.com/shop/womens-accessories/womens-oh-mega-fur-pom-beanie-nf0a3fjm?variationId=21L,Women's Oh-Mega Fur Pom Beanie | The North Face,42.00,,meta_product_price
northface,SLUG:womens-oh-mega-fur-pom-beanie,A_2018_2020,202001,20200102010315,https://web.archive.org/web/20200102010315/https://www.thenorthface.com/shop/womens-oh-mega-fur-pom-beanie-nf0a3fjm,Women's Oh-Mega Fur Pom Beanie | The North Face,42.00,,meta_product_price
northface,SLUG:womens-oh-mega-fur-pom-beanie,B_2024_2026,202512,20251214112617,https://web.archive.org/web/20251214112617/https://www.thenorthface.com/en-us/p/womens/womens-accessories/womens-beanies-213439/womens-oh-mega-fur-pom-beanie-NF0A8880?color=BOW,Women’s Oh Mega Fur Pom Beanie | The North Face,45,USD,jsonld_offer_price
northface,SLUG:womens-oh-mega-fur-pom-beanie,B_2024_2026,202601,20260105100530,https://web.archive.org/web/20260105100530/https://www.thenorthface.com/en-us/p/womens/womens-accessories/womens-beanies-213439/womens-oh-mega-fur-pom-beanie-NF0A8880?color=BOW,,,,no_price_found
northface,SLUG:womens-oh-mega-fur-pom-beanie,B_2024_2026,202602,20260201100152,https://web.archive.org/web/20260201100152/https://www.thenorthface.com/en-us/p/womens/womens-accessories/womens-beanies-213439/womens-oh-mega-fur-pom-beanie-NF0A8880,,,,no_price_found
northface,SLUG:womens-osito-etip-gloves,A_2018_2020,201908,20190819002944,https://web.archive.org/web/20190819002944/https://www.thenorthface.com/shop/womens-osito-etip-gloves-nf0a3kpf,Women's Osito Etip™ Gloves | United States,35.00,,meta_product_price
northface,SLUG:womens-osito-etip-gloves,A_2018_2020,201910,20191020172433,https://web.archive.org/web/20191020172433/https://www.thenorthface.com/shop/womens-osito-etip-gloves-nf0a3kpf,Women's Osito Etip™ Gloves | United States,35.00,,meta_product_price
northface,SLUG:womens-osito-etip-gloves,A_2018_2020,201912,20191206074216,https://web.archive.org/web/20191206074216/https://www.thenorthface.com/shop/womens-accessories/womens-osito-etip-gloves-nf0a3kpf?variationId=HBM,Women's Osito ETIP™ Gloves | The North Face,35.00,,meta_product_price
northface,SLUG:womens-osito-etip-gloves,B_2024_2026,202512,20251212024931,https://web.archive.org/web/20251212024931/https://www.thenorthface.com/en-us/p/womens/womens-accessories/womens-gloves-213446/womens-osito-etip-gloves-NF0A888Q?color=JK3,Women’s Osito Etip™ Gloves | The North Face,40,USD,jsonld_offer_price
northface,SLUG:womens-osito-etip-gloves,B_2024_2026,202601,20260116025116,https://web.archive.org/web/20260116025116/https://www.thenorthface.com/en-us/p/womens/womens-accessories/womens-gloves-213446/womens-osito-etip-gloves-NF0A888Q?color=BQ1,,,,no_price_found
northface,SLUG:womens-osito-etip-gloves,B_2024_2026,202602,20260208012412,https://web.archive.org/web/20260208012412/https://www.thenorthface.com/en-us/p/womens/womens-accessories/womens-gloves-213446/womens-osito-etip-gloves-NF0A888Q,,,,fetch_failed
northface,SLUG:womens-freedom-insulated-pants,A_2018_2020,201907,20190721084819,https://web.archive.org/web/20190721084819/https://www.thenorthface.com/shop/womens-pants-shorts-skiing-snowboarding/womens-freedom-insulated-pants-nf0a3lwb-c1?variationId=ZDE,Women's Freedom Insulated Pants | United States,112.00,,meta_product_price
northface,SLUG:womens-freedom-insulated-pants,A_2018_2020,201911,20191117053911,https://web.archive.org/web/20191117053911/https://www.thenorthface.com/shop/womens-pants-shorts-skiing-snowboarding/womens-freedom-insulated-pants-nf0a3lwb-c1?variationId=ZDE,Women's Freedom Insulated Pants | United States,112.00,,meta_product_price
northface,SLUG:womens-freedom-insulated-pants,A_2018_2020,201912,20191208110214,https://web.archive.org/web/20191208110214/https://www.thenorthface.com/shop/womens-freedom-insulated-pants-nf0a3m56,Women’s Freedom Insulated Pants | United States,160.00,,meta_product_price
northface,SLUG:womens-freedom-insulated-pants,B_2024_2026,202512,20251224050742,https://web.archive.org/web/20251224050742/https://www.thenorthface.com/en-ca/p/womens/womens-bottoms/womens-snow-bottoms-213401/womens-freedom-insulated-pants-NF0A5ACY?color=0VO,,,,no_price_found
northface,SLUG:womens-freedom-insulated-pants,B_2024_2026,202601,20260122080419,https://web.archive.org/web/20260122080419/https://www.thenorthface.com/en-us/p/womens/womens-bottoms/womens-snow-bottoms-213401/womens-freedom-insulated-pants-NF0A5ACY?color=0VO,Women’s Freedom Insulated Pants | The North Face,200,USD,jsonld_offer_price
northface,SLUG:womens-freedom-insulated-pants,B_2024_2026,202602,20260207195112,https://web.archive.org/web/20260207195112/https://www.thenorthface.com/en-ca/p/womens/womens-bottoms/womens-snow-bottoms-213401/womens-freedom-insulated-pants-NF0A5ACY?color=0VO,Women’s Freedom Insulated Pants | The North Face Canada,279.99,CAD,jsonld_offer_price
northface,SLUG:womens-freedom-insulated-pants,B_2024_2026,202604,20260424104415,https://web.archive.org/web/20260424104415/https://www.thenorthface.com/en-us/p/womens/womens-bottoms/womens-snow-bottoms-213401/womens-freedom-insulated-pants-NF0A5ACY?color=QLI,Women’s Freedom Insulated Pants | The North Face,140,USD,jsonld_offer_price
northface,SLUG:womens-snoga-pants,A_2018_2020,201908,20190826092950,https://web.archive.org/web/20190826092950/https://www.thenorthface.com/shop/womens-pants-shorts-skiing-snowboarding/womens-snoga-pants-nf0a3luv?variationId=FN4,Women's Snoga Pants | United States,199.00,,meta_product_price
northface,SLUG:womens-snoga-pants,A_2018_2020,201910,20191023183903,https://web.archive.org/web/20191023183903/https://www.thenorthface.com/shop/womens-snoga-pants-nf0a3luv,Women's Snoga Pants | United States,199.00,,meta_product_price
northface,SLUG:womens-snoga-pants,A_2018_2020,201912,20191206205707,https://web.archive.org/web/20191206205707/https://www.thenorthface.com/shop/womens-snoga-pants-nf0a3luv,Women's Snoga Pants | United States,199.00,,meta_product_price
northface,SLUG:womens-snoga-pants,B_2024_2026,202510,20251022181012,https://web.archive.org/web/20251022181012/https://www.thenorthface.com/en-us/p/womens/womens-bottoms/womens-snow-bottoms-213401/womens-snoga-pants-NF0A87X3?color=N3N,,,,no_price_found
northface,SLUG:womens-snoga-pants,B_2024_2026,202512,20251212230754,https://web.archive.org/web/20251212230754/https://www.thenorthface.com/en-ca/p/womens/womens-bottoms/womens-snow-bottoms-213401/womens-snoga-pants-NF0A87X3,,,,no_price_found
northface,SLUG:womens-snoga-pants,B_2024_2026,202602,20260208120227,https://web.archive.org/web/20260208120227/https://www.thenorthface.com/en-ca/p/womens/womens-bottoms/womens-snow-bottoms-213401/womens-snoga-pants-NF0A87X3?color=BQ1,Women’s Snoga Pants | The North Face Canada,299.99,CAD,jsonld_offer_price
northface,SLUG:womens-reign-on-jacket,A_2018_2020,201908,20190823153726,https://web.archive.org/web/20190823153726/https://www.thenorthface.com/shop/womens-reign-on-jacket-nf0a3xdc,Women’s Reign On Jacket | United States,179.00,,meta_product_price
northface,SLUG:womens-reign-on-jacket,A_2018_2020,201910,20191022165503,https://web.archive.org/web/20191022165503/https://www.thenorthface.com/shop/womens-reign-on-jacket-nf0a3xdc?variationId=JK3,Women’s Reign On Jacket | United States,179.00,,meta_product_price
northface,SLUG:womens-reign-on-jacket,A_2018_2020,201912,20191215095754,https://web.archive.org/web/20191215095754/https://www.thenorthface.com/shop/womens-reign-on-jacket-nf0a3xdc,Women's Reign On Jacket | Free Shipping | The North Face,179.00,,meta_product_price
northface,SLUG:womens-reign-on-jacket,B_2024_2026,202510,20251015133828,https://web.archive.org/web/20251015133828/https://www.thenorthface.com/en-us/p/sale/womens-sale-317775/womens-reign-on-jacket-NF0A8BCH,Women’s Reign On Jacket | The North Face,126,USD,jsonld_offer_price
northface,SLUG:womens-reign-on-jacket,B_2024_2026,202511,20251101125846,https://web.archive.org/web/20251101125846/https://www.thenorthface.com/en-us/p/sale/womens-sale-317775/womens-reign-on-jacket-NF0A8BCH?color=LFW,Women’s Reign On Jacket | The North Face,108,USD,jsonld_offer_price
northface,SLUG:womens-reign-on-jacket,B_2024_2026,202512,20251203044500,https://web.archive.org/web/20251203044500/https://www.thenorthface.com/en-us/p/sale/womens-sale-317775/womens-reign-on-jacket-NF0A8BCH?color=LFW&utm_source=Hong+Kong+Aichen+Technology+Development+Co.%2C+Limited&utm_medium=affiliate&utm_campaign=affiliate&utm_content=ecomm&irclickid=&irgwc=1&afsrc=1,Women’s Reign On Jacket | The North Face,108,USD,jsonld_offer_price
northface,SLUG:womens-thermoball-snow-triclimate-jacket,A_2018_2020,201907,20190722115555,https://web.archive.org/web/20190722115555/https://www.thenorthface.com/shop/womens-thermoball-snow-triclimate-jacket-nf0a3kqw?variationId=JK3,Women's ThermoBall™ Snow Triclimate® Jacket | United States,,,no_price_found
northface,SLUG:womens-thermoball-snow-triclimate-jacket,A_2018_2020,201909,20190922082453,https://web.archive.org/web/20190922082453/https://www.thenorthface.com/shop/womens-thermoball-snow-triclimate-jacket-nf0a3kqw-c1?variationId=4AY,Women's ThermoBall™ Snow Triclimate® Jacket | United States,244.30,,meta_product_price
northface,SLUG:womens-thermoball-snow-triclimate-jacket,A_2018_2020,201912,20191213233714,https://web.archive.org/web/20191213233714/https://www.thenorthface.com/shop/womens-thermoball-snow-triclimate-jacket-nf0a3kqw-c1,Women's Thermoball™ Snow Triclimate® Jacket (Past Season) | The North Face,244.30,,meta_product_price
northface,SLUG:womens-thermoball-snow-triclimate-jacket,B_2024_2026,202510,20251024013957,https://web.archive.org/web/20251024013957/https://www.thenorthface.com/en-us/p/womens/womens-jackets-and-vests/womens-ski-and-snowboarding-jackets-299283/womens-thermoball-snow-triclimate-jacket-NF0A8C83,,,,fetch_failed
northface,SLUG:womens-thermoball-snow-triclimate-jacket,B_2024_2026,202511,20251102220301,https://web.archive.org/web/20251102220301/https://www.thenorthface.com/en-us/p/womens/womens-jackets-and-vests/womens-ski-and-snowboarding-jackets-299283/womens-thermoball-snow-triclimate-jacket-NF0A8C83?color=DI8,Women’s THERMOBALL™ Snow Triclimate® Jacket | The North Face,400,USD,jsonld_offer_price
northface,SLUG:womens-thermoball-snow-triclimate-jacket,B_2024_2026,202512,20251206063300,https://web.archive.org/web/20251206063300/https://www.thenorthface.com/en-us/p/womens/womens-jackets-and-vests/womens-ski-and-snowboarding-jackets-299283/womens-thermoball-snow-triclimate-jacket-NF0A8C83?color=I0F&size=L,,,,no_price_found
northface,SLUG:womens-thermoball-snow-triclimate-jacket,B_2024_2026,202601,20260115104728,https://web.archive.org/web/20260115104728/https://www.thenorthface.com/en-us/p/womens/womens-jackets-and-vests/womens-ski-and-snowboarding-jackets-299283/womens-thermoball-snow-triclimate-jacket-NF0A8C83,Women’s THERMOBALL™ Snow Triclimate™ Jacket | The North Face,400,USD,jsonld_offer_price
northface,SLUG:womens-thermoball-snow-triclimate-jacket,B_2024_2026,202602,20260203193715,https://web.archive.org/web/20260203193715/https://www.thenorthface.com/en-us/p/womens/womens-jackets-and-vests/womens-ski-and-snowboarding-jackets-299283/womens-thermoball-snow-triclimate-jacket-NF0A8C83?color=DI8,,,,no_price_found
northface,SLUG:womens-thermoball-snow-triclimate-jacket,B_2024_2026,202605,20260514233612,https://web.archive.org/web/20260514233612/https://www.thenorthface.com/en-ca/p/womens/womens-jackets-and-vests/womens-ski-and-snowboarding-jackets-299283/womens-thermoball-snow-triclimate-jacket-NF0A8C83?fitType=Standard,Women’s THERMOBALL™ Snow Triclimate™ Jacket | The North Face Canada,540,CAD,jsonld_offer_price
